{
    "star": "MS10",
    "grain": "gra",
    "stream": {
        "L4": 0.64,
        "eta": 0.0066,
        "vinf": 60.0,
        "n": 100.0,
        "T": 8000.0,
        "kappa": 600.0,
        "cs": 10.19646997739904,
        "taustar": 0.011866666666666666,
        "Rstar": 0.02946666666666667,
        "Qp": 2.0,
        "a": 0.02,
        "rho_d": 2.2,
        "kappa_d": 340909.0909090908,
        "drag_constant": 2.625786042240586,
        "phi_norm": 1.0,
        "thetaB": 0.0,
        "b_hat": [
            1.0,
            0.0,
            0.0
        ],
        "Rstarstar": 0.3973535353535353,
        "Upstarstar": 0.19041917047184448,
        "R0": 0.0027685117802730016
    },
    "R sonic drift": 0.005970765237835921,
    "w sonic drift": 7.745966692414831,
    "R critical": 0.0133668783513723,
    "w critical": 43.32928075712418,
    "R equilib drift": 0.0133668783513723,
    "w equilib drift": 60.0,
    "Y0": 0.5,
    "Z0": 0.0,
    "t minima": [
        935.6636940288569,
        1329.5454154752808,
        1650.2554337281003,
        1970.9654519809199,
        2295.56758210574,
        2529.8727168001537,
        2740.825180262567,
        2980.579271577781,
        3643.7951345666215
    ],
    "R minima": [
        0.004581177138805378,
        0.012541899581677281,
        0.01255914922651223,
        0.012559543496607678,
        0.012559552652483544,
        0.012559552839228171,
        0.01255955285659317,
        0.012559552830578335,
        0.012559552866868412
    ],
    "X minima": [
        0.008745016564174445,
        0.030656350950967585,
        0.030701045127744294,
        0.030702066646459338,
        0.030702090368495732,
        0.03070209085233396,
        0.03070209089732508,
        0.030702090829923027,
        0.03070209092394729
    ],
    "Y minima": [
        0.007513164860259244,
        0.007513164860259244,
        0.007513164860259244,
        0.007513164860259244,
        0.007513164860259244,
        0.007513164860259244,
        0.007513164860259244,
        0.007513164860259244,
        0.007513164860259244
    ],
    "Z minima": [
        0.0,
        0.0,
        0.0,
        0.0,
        0.0,
        0.0,
        0.0,
        0.0,
        0.0
    ],
    "t maxima": [
        1172.3040958464712,
        1490.6788469760904,
        1810.61044285451,
        2132.0988834817294,
        2443.4678332417484,
        2618.612867481759,
        2825.6732190721714,
        3182.1906665473934,
        3655.471470182622
    ],
    "R maxima": [
        0.012663617434785524,
        0.012562195570247231,
        0.01255961437970227,
        0.012559554292644281,
        0.01255955287657877,
        0.012559552873316334,
        0.012559552895152207,
        0.012559552876848073,
        0.012559552866790434
    ],
    "X maxima": [
        0.03097164638083387,
        0.03070893788324953,
        0.03070225029804297,
        0.03070209461800198,
        0.030702090949105944,
        0.030702090940653265,
        0.030702090997228013,
        0.030702090949803678,
        0.03070209092374526
    ],
    "Y maxima": [
        0.007513164860259244,
        0.007513164860259244,
        0.007513164860259244,
        0.007513164860259244,
        0.007513164860259244,
        0.007513164860259244,
        0.007513164860259244,
        0.007513164860259244,
        0.007513164860259244
    ],
    "Z maxima": [
        0.0,
        0.0,
        0.0,
        0.0,
        0.0,
        0.0,
        0.0,
        0.0,
        0.0
    ],
    "X end": 0.030702090917096376,
    "Y end": 0.007513164860259244,
    "Z end": 0.0,
    "t end": 3892.1118720002364,
    "v max": 136.9846400327487
}