{
    "star": "MS10",
    "grain": "sil",
    "stream": {
        "L4": 0.64,
        "eta": 0.0066,
        "vinf": 100.0,
        "n": 50.11872336272776,
        "T": 8000.0,
        "kappa": 600.0,
        "cs": 10.19646997739904,
        "taustar": 0.005040573984815089,
        "Rstar": 0.024973663788930164,
        "Qp": 2.0,
        "a": 0.02,
        "rho_d": 3.5,
        "kappa_d": 214285.71428571426,
        "drag_constant": 0.06738661014464183,
        "phi_norm": 0.7,
        "Rstarstar": 0.08991542857142858,
        "Upstarstar": 7.4198716766843775,
        "R0": 0.002158594836296677
    },
    "R sonic drift": 0.0133668783513723,
    "w sonic drift": 7.745966692414831,
    "R critical": 0.028250750892455084,
    "w critical": 38.7741595142002,
    "R equilib drift": 0.020000000000000004,
    "w equilib drift": 100.0,
    "t min": [
        1240.084416254687,
        1997.1005354523209,
        2870.178518228597,
        3749.5301152523675,
        4878.7806798013235
    ],
    "R min": [
        0.009770382962772583,
        0.019895485271956826,
        0.01994319094608995,
        0.019943318976395116,
        0.019943319353499512
    ],
    "t max": [
        1550.62832150565,
        2433.1167256531676,
        3308.2859131786086,
        4321.474614148922
    ],
    "R max": [
        0.020894288995347298,
        0.019945799156705152,
        0.01994332598856472,
        0.01994331945728579
    ],
    "R end": 0.019943319401835493,
    "v end": 3.9376884005359716e-07,
    "t end": 5228.011872911835,
    "v max": 78.98968430322097
}