{
    "star": "MS20",
    "grain": "gra",
    "stream": {
        "L4": 5.45,
        "eta": 0.1199,
        "vinf": 40.0,
        "n": 31622.776601684312,
        "T": 9000.0,
        "kappa": 600.0,
        "cs": 10.814989597775858,
        "taustar": 0.9236943059555677,
        "Rstar": 0.007253214707293298,
        "Qp": 2.0,
        "a": 0.02,
        "rho_d": 2.2,
        "kappa_d": 340909.0909090908,
        "drag_constant": 40271.09350297549,
        "phi_norm": 1.5,
        "Rstarstar": 7.613355823863632,
        "Upstarstar": 1.2415853569088133e-05,
        "R0": 0.007090256726888344
    },
    "R sonic drift": 0.0005321450119597618,
    "w sonic drift": 9.672835454459698,
    "R critical": 0.0012619146889603862,
    "w critical": 48.41952977064848,
    "R equilib drift": 0.0011246826503806984,
    "w equilib drift": 40.0,
    "t min": [
        120.40372647985929,
        148.3973327227998,
        176.49500441645753,
        204.48861065939803,
        232.5862823530558,
        260.5798885959963,
        288.677560289654,
        316.6711665325945,
        344.7688382262523,
        372.76244446919276,
        400.8601161628505,
        428.853722405791,
        456.95139409944875,
        484.9450003423893,
        513.0426720360471
    ],
    "R min": [
        0.0005259322424653691,
        0.0005274979605914097,
        0.0005258926452938784,
        0.0005274577991270314,
        0.0005258530695207124,
        0.0005274176274654245,
        0.0005258134762018565,
        0.0005273774673897938,
        0.0005257739555731676,
        0.0005273373460529482,
        0.0005257344600920658,
        0.0005272972418813902,
        0.0005256949680221472,
        0.0005272571415812449,
        0.0005256554881174815
    ],
    "t max": [
        129.5614861429774,
        157.55509238591787,
        185.65276407957563,
        213.6463703225161,
        241.74404201617386,
        269.7376482591144,
        297.8353199527721,
        325.8289261957126,
        353.9265978893703,
        381.92020413231086,
        410.0178758259686,
        438.0114820689091,
        466.1091537625668,
        494.1027600055073
    ],
    "R max": [
        0.0012248669735387015,
        0.001224229340037165,
        0.001224879775033045,
        0.0012242479555631908,
        0.0012248923168970323,
        0.0012242664821760332,
        0.0012249046187139128,
        0.0012242849190077676,
        0.0012249166214490228,
        0.001224303242501166,
        0.001224928339702667,
        0.0012243214689002047,
        0.0012249397619993048,
        0.0012243395914557796
    ],
    "R end": 0.0011758792988503404,
    "v end": 33.69916409089078,
    "t end": 520.3272535862546,
    "v max": 271.0720330309849
}