{
    "star": "MS10",
    "grain": "sil",
    "stream": {
        "L4": 0.64,
        "eta": 0.0066,
        "vinf": 300.0,
        "n": 0.03162277660168389,
        "T": 8000.0,
        "kappa": 600.0,
        "cs": 10.19646997739904,
        "taustar": 4.2204497998257165e-05,
        "Rstar": 0.3314064876455119,
        "Qp": 2.0,
        "a": 0.02,
        "rho_d": 3.5,
        "kappa_d": 214285.71428571426,
        "drag_constant": 5.249145258072213e-07,
        "phi_norm": 0.7,
        "Rstarstar": 0.009990603174603173,
        "Upstarstar": 952536.0328542872,
        "R0": 0.026937580761248747
    },
    "R sonic drift": 0.5321450119597623,
    "w sonic drift": 7.745966692414831,
    "R critical": 1.1246826503806984,
    "w critical": 38.7741595142002,
    "R equilib drift": 0.3390062318042246,
    "w equilib drift": 300.0,
    "t min": [
        17413.618753353338
    ],
    "R min": [
        0.009781058649443786
    ],
    "t max": [],
    "R max": [],
    "R end": 7.0657590149984415,
    "v end": 23.50714464560138,
    "t end": 69376.96714483402,
    "v max": 288.88293020239286
}