{
    "star": "MS10",
    "grain": "sil",
    "stream": {
        "L4": 0.64,
        "eta": 0.0066,
        "vinf": 250.0,
        "n": 199.52623149688992,
        "T": 8000.0,
        "kappa": 600.0,
        "cs": 10.19646997739904,
        "taustar": 0.004022906927085624,
        "Rstar": 0.005006592587164599,
        "Qp": 2.0,
        "a": 0.002,
        "rho_d": 3.5,
        "kappa_d": 2142857.1428571427,
        "drag_constant": 0.6867735730655984,
        "phi_norm": 0.7,
        "Rstarstar": 0.1438646857142857,
        "Upstarstar": 0.7280419917267869,
        "R0": 0.000427369676464605
    },
    "R sonic drift": 0.00669930878315656,
    "w sonic drift": 7.745966692414831,
    "R critical": 0.014158915687682763,
    "w critical": 38.7741595142002,
    "R equilib drift": 0.005157461657342754,
    "w equilib drift": 250.0,
    "t min": [
        552.9697109908692
    ],
    "R min": [
        0.004905467352965718
    ],
    "t max": [
        614.597116233976
    ],
    "R max": [
        0.004905467352552232
    ],
    "R end": 0.0049054673518652055,
    "v end": -2.349691758724942e-08,
    "t end": 1048.085123182087,
    "v max": 3.976318861119571e-08
}