{
    "star": "MS20",
    "grain": "gra",
    "stream": {
        "L4": 5.45,
        "eta": 0.1199,
        "vinf": 200.0,
        "n": 7943.282347242919,
        "T": 9000.0,
        "kappa": 600.0,
        "cs": 10.814989597775858,
        "taustar": 0.09258875878382672,
        "Rstar": 0.002894413193568075,
        "Qp": 2.0,
        "a": 0.02,
        "rho_d": 2.2,
        "kappa_d": 340909.0909090908,
        "drag_constant": 16.185026136348394,
        "phi_norm": 1.5,
        "Rstarstar": 0.3045342329545454,
        "Upstarstar": 0.030892752089976425,
        "R0": 0.0012919294238547228
    },
    "R sonic drift": 0.001061768888461977,
    "w sonic drift": 9.672835454459698,
    "R critical": 0.0025178508235883354,
    "w critical": 48.41952977064848,
    "R equilib drift": 0.0014158915687682763,
    "w equilib drift": 200.0,
    "t min": [
        47.092269393727435,
        132.01615908523766,
        141.69208392539505
    ],
    "R min": [
        0.0010354914449588934,
        0.0013877387944441037,
        0.0013877387966831538
    ],
    "t max": [
        128.36173253616533,
        140.07250852296528,
        167.56376278985024
    ],
    "R max": [
        0.0013877387950820552,
        0.0013877387962771093,
        0.0013877387988029811
    ],
    "R end": 0.0013877387971168251,
    "v end": -6.744960743823527e-08,
    "t end": 207.637872106382,
    "v max": 122.70429249580337
}