{
    "star": "MS10",
    "grain": "gra",
    "stream": {
        "L4": 0.64,
        "eta": 0.0066,
        "vinf": 140.0,
        "n": 316.2277660168418,
        "T": 8000.0,
        "kappa": 600.0,
        "cs": 10.19646997739904,
        "taustar": 0.009043820999626575,
        "Rstar": 0.007101567592403792,
        "Qp": 2.0,
        "a": 0.2,
        "rho_d": 2.2,
        "kappa_d": 34090.90909090909,
        "drag_constant": 0.0028012520944711186,
        "phi_norm": 1.0,
        "Rstarstar": 0.00729833024118738,
        "Upstarstar": 178.49161130012507,
        "R0": 0.0006446646870289764
    },
    "R sonic drift": 0.0033576080362451217,
    "w sonic drift": 7.745966692414831,
    "R critical": 0.007516748085768888,
    "w critical": 43.32928075712418,
    "R equilib drift": 0.0047123100389357,
    "w equilib drift": 140.0,
    "t min": [
        227.5617820277323,
        412.35020354242016,
        603.1419037256055,
        796.1848334094774
    ],
    "R min": [
        0.0018789401614850616,
        0.004280237017826979,
        0.004587371878882071,
        0.004610278392177781
    ],
    "t max": [
        301.2895481752169,
        505.7762278209121,
        699.5695673383461,
        892.612497022218
    ],
    "R max": [
        0.006221532554828055,
        0.004706290718591266,
        0.004618629366926469,
        0.004612499779168102
    ],
    "R end": 0.004612162191705821,
    "v end": -0.00936392861970664,
    "t end": 938.0122919527302,
    "v max": 110.11336764591434
}