{
    "star": "MS20",
    "grain": "gra",
    "stream": {
        "L4": 5.45,
        "eta": 0.1199,
        "vinf": 40.0,
        "n": 0.01995262314968885,
        "T": 9000.0,
        "kappa": 600.0,
        "cs": 10.814989597775858,
        "taustar": 0.0007337164674745515,
        "Rstar": 9.131256312210787,
        "Qp": 2.0,
        "a": 0.02,
        "rho_d": 2.2,
        "kappa_d": 340909.0909090908,
        "drag_constant": 0.02540934221595064,
        "phi_norm": 1.5,
        "Rstarstar": 7.613355823863634,
        "Upstarstar": 19.677801800242058,
        "R0": 3.168546858145502
    },
    "R sonic drift": 0.669930878315656,
    "w sonic drift": 9.672835454459698,
    "R critical": 1.5886564694485645,
    "w critical": 48.41952977064848,
    "R equilib drift": 1.4158915687682763,
    "w equilib drift": 40.0,
    "t min": [
        156426.70463492651,
        314163.5156738307,
        471769.31607233704,
        629506.1271112412
    ],
    "R min": [
        0.5394274144115337,
        0.5393783686148289,
        0.539471089361829,
        0.5393982205226359
    ],
    "t max": [
        225993.35468613755,
        383730.1657250417,
        541466.9767639459
    ],
    "R max": [
        3.5859530463703635,
        3.585960676587637,
        3.585963843695143
    ],
    "R end": 2.266564034989862,
    "v end": 60.95414689638251,
    "t end": 655053.2019888046,
    "v max": 80.37365615466928
}