{
    "star": "MS40",
    "grain": "gra",
    "stream": {
        "L4": 22.2,
        "eta": 0.4468,
        "vinf": 500.0,
        "n": 0.00501187233627273,
        "T": 10000.0,
        "kappa": 600.0,
        "cs": 11.4,
        "taustar": 5.9374024799357566e-05,
        "Rstar": 2.9417025473720257,
        "Qp": 2.0,
        "a": 0.02,
        "rho_d": 2.2,
        "kappa_d": 340909.0909090908,
        "drag_constant": 1.1832249889485524e-06,
        "phi_norm": 1.5,
        "Rstarstar": 0.19847809090909083,
        "Upstarstar": 422573.90155723,
        "R0": 1.9664998331117451
    },
    "R sonic drift": 2.6670428643266484,
    "w sonic drift": 8.6559494714014,
    "R critical": 5.970765237835927,
    "w critical": 48.41952977064848,
    "R equilib drift": 2.239331962545009,
    "w equilib drift": 500.0,
    "t min": [
        52490.07552346563
    ],
    "R min": [
        0.17674044409332829
    ],
    "t max": [
        166983.53119627142
    ],
    "R max": [
        24.68428997363108
    ],
    "R end": 22.49555942132923,
    "v end": -98.88011443407663,
    "t end": 208625.101444617,
    "v max": 473.61010476177495
}