{
    "star": "MS20",
    "grain": "gra",
    "stream": {
        "L4": 5.45,
        "eta": 0.1199,
        "vinf": 170.0,
        "n": 0.10000000000000041,
        "T": 9000.0,
        "kappa": 600.0,
        "cs": 10.814989597775858,
        "taustar": 0.0003864909565766987,
        "Rstar": 0.9597134989151691,
        "Qp": 2.0,
        "a": 0.02,
        "rho_d": 2.2,
        "kappa_d": 340909.0909090908,
        "drag_constant": 0.0003903351864772037,
        "phi_norm": 1.5,
        "Rstarstar": 0.4215006684491978,
        "Upstarstar": 1280.9503660495673,
        "R0": 0.3326870344303407
    },
    "R sonic drift": 0.2992471312188869,
    "w sonic drift": 9.672835454459698,
    "R critical": 0.7096267784671515,
    "w critical": 48.41952977064848,
    "R equilib drift": 0.44774422771366806,
    "w equilib drift": 170.0,
    "t min": [
        16867.616880474263,
        36502.899877663076,
        54444.536445220605
    ],
    "R min": [
        0.14726151146561617,
        0.34968328147243655,
        0.4160319856079207
    ],
    "t max": [
        24798.839185089102,
        45039.97944165821,
        63436.00895375096
    ],
    "R max": [
        0.7681735733804957,
        0.47315760630733555,
        0.4384880824662434
    ],
    "R end": 0.43176977860050236,
    "v end": -1.3913944282638067,
    "t end": 68847.41583867047,
    "v max": 145.0806470929589
}