{
    "star": "MS10",
    "grain": "gra",
    "stream": {
        "L4": 0.64,
        "eta": 0.0066,
        "vinf": 70.0,
        "n": 1000.0000000000123,
        "T": 8000.0,
        "kappa": 600.0,
        "cs": 10.19646997739904,
        "taustar": 0.03216488134342713,
        "Rstar": 0.007987009861682371,
        "Qp": 2.0,
        "a": 0.02,
        "rho_d": 2.2,
        "kappa_d": 340909.0909090908,
        "drag_constant": 14.173339070153434,
        "phi_norm": 1.0,
        "Rstarstar": 0.2919332096474952,
        "Upstarstar": 0.035277502183865224,
        "R0": 0.0009534293839305355
    },
    "R sonic drift": 0.0018881217525718475,
    "w sonic drift": 7.745966692414831,
    "R critical": 0.004226978079673296,
    "w critical": 43.32928075712418,
    "R equilib drift": 0.003990524629937758,
    "w equilib drift": 70.0,
    "t min": [
        243.06420109894725,
        647.5382232401641,
        717.3769824100874,
        776.2440936137385,
        840.3860355704053,
        899.0421535439359,
        917.1875713343087,
        1017.4093556416003
    ],
    "R min": [
        0.0017386093675964493,
        0.0038679648356710933,
        0.0038679648464191173,
        0.003867964845512908,
        0.0038679648504904565,
        0.0038679648481937984,
        0.003867964848555838,
        0.0038679648434759052
    ],
    "t max": [
        627.4938663787058,
        685.7279978919953,
        745.0170955558877,
        811.4799630438812,
        869.9250877872912,
        910.435787970449,
        927.5262396102188
    ],
    "R max": [
        0.0038679648398085792,
        0.003867964850996323,
        0.003867964851738628,
        0.0038679648519837056,
        0.003867964848911708,
        0.0038679648488176314,
        0.003867964848457219
    ],
    "R end": 0.0038679648435959897,
    "v end": 9.329433825361614e-09,
    "t end": 1054.9661506030698,
    "v max": 139.6848557897852
}