{
    "star": "MS40",
    "grain": "gra",
    "stream": {
        "L4": 22.2,
        "eta": 0.4468,
        "vinf": 90.0,
        "n": 7.943282347242878,
        "T": 10000.0,
        "kappa": 600.0,
        "cs": 11.4,
        "taustar": 0.013131791676247494,
        "Rstar": 0.4105123730156075,
        "Qp": 2.0,
        "a": 0.02,
        "rho_d": 2.2,
        "kappa_d": 340909.0909090908,
        "drag_constant": 1.786394252147584,
        "phi_norm": 1.5,
        "Rstarstar": 6.1258670033669995,
        "Upstarstar": 0.2798934218462164,
        "R0": 0.2797940059099493
    },
    "R sonic drift": 0.0669930878315656,
    "w sonic drift": 8.6559494714014,
    "R critical": 0.14997884186649119,
    "w critical": 48.41952977064848,
    "R equilib drift": 0.1403358569034673,
    "w equilib drift": 90.0,
    "t min": [
        6701.922093236567,
        17037.205946837705,
        18271.61731414105,
        20053.3620235506,
        22318.390428649665,
        25346.19189562014,
        27780.078459454093
    ],
    "R min": [
        0.060870994131064095,
        0.1348441479815693,
        0.13484414806372494,
        0.13484414805442096,
        0.13484414797402935,
        0.13484414815884396,
        0.13484414826553315
    ],
    "t max": [
        16740.248495269447,
        17567.071203557538,
        19104.26271755793,
        21002.461329543265,
        23884.695418294006,
        26603.894043438642
    ],
    "R max": [
        0.13484414808124484,
        0.13484414821477747,
        0.13484414815056128,
        0.13484414812461748,
        0.13484414847247178,
        0.13484414885627408
    ],
    "R end": 0.1348441489745399,
    "v end": 3.1751887778427294e-07,
    "t end": 29113.475643946862,
    "v max": 178.0569181210346
}