{
    "star": "MS10",
    "grain": "sil",
    "stream": {
        "L4": 0.64,
        "eta": 0.0066,
        "vinf": 30.0,
        "n": 31.622776601684052,
        "T": 8000.0,
        "kappa": 600.0,
        "cs": 10.19646997739904,
        "taustar": 0.013346234117851007,
        "Rstar": 0.10479993323162676,
        "Qp": 2.0,
        "a": 0.02,
        "rho_d": 3.5,
        "kappa_d": 214285.71428571426,
        "drag_constant": 5.249145258072242,
        "phi_norm": 0.7,
        "Rstarstar": 0.9990603174603175,
        "Upstarstar": 0.0952536032854282,
        "R0": 0.010024721745003552
    },
    "R sonic drift": 0.016827902832903904,
    "w sonic drift": 7.745966692414831,
    "R critical": 0.03556558820077846,
    "w critical": 38.7741595142002,
    "R equilib drift": 0.030587750842292826,
    "w equilib drift": 30.0,
    "t min": [
        5217.075968643143,
        7191.579068634239,
        9166.082168625337,
        11140.585268616433,
        13115.08836860753,
        15089.591468598626,
        17064.094568589724,
        19038.59766858082,
        21013.10076857192
    ],
    "R min": [
        0.014874612980902964,
        0.014874703631647735,
        0.01487480078013125,
        0.014874904366971827,
        0.014875014374504766,
        0.014875130802862447,
        0.014875253550625306,
        0.014875382709297048,
        0.014875518259651064
    ],
    "t max": [
        5936.672653973231,
        7911.175753964329,
        9885.678853955425,
        11860.181953946523,
        13834.68505393762,
        15809.188153928715,
        17783.691253919813,
        19758.19435391091,
        21737.085238568656
    ],
    "R max": [
        0.047648686859140664,
        0.04764863358602842,
        0.04764857924026768,
        0.04764852428928706,
        0.047648468167078406,
        0.04764841108009309,
        0.047648353166270085,
        0.047648294386571345,
        0.047650167122018146
    ],
    "R end": 0.04294445286883929,
    "v end": -28.502532292133612,
    "t end": 21938.923333234412,
    "v max": 88.09767886674557
}