{
    "star": "MS40",
    "grain": "gra",
    "stream": {
        "L4": 22.2,
        "eta": 0.4468,
        "vinf": 300.0,
        "n": 0.010000000000000021,
        "T": 10000.0,
        "kappa": 600.0,
        "cs": 11.4,
        "taustar": 0.00013978006534075846,
        "Rstar": 3.470943195540175,
        "Qp": 2.0,
        "a": 0.02,
        "rho_d": 2.2,
        "kappa_d": 340909.0909090908,
        "drag_constant": 1.82163906680441e-05,
        "phi_norm": 1.5,
        "Rstarstar": 0.5513280303030301,
        "Upstarstar": 27447.808356301844,
        "R0": 2.3205712006139962
    },
    "R sonic drift": 1.8881217525718474,
    "w sonic drift": 8.6559494714014,
    "R critical": 4.226978079673296,
    "w critical": 48.41952977064848,
    "R equilib drift": 2.0000000000000004,
    "w equilib drift": 300.0,
    "t min": [
        61835.082640681256,
        193185.40149843408
    ],
    "R min": [
        0.37768829825000166,
        0.9454927326951456
    ],
    "t max": [
        117122.34203995278,
        233063.12199123012
    ],
    "R max": [
        7.718358262000141,
        3.2567219857755427
    ],
    "R end": 2.991884468431588,
    "v end": -37.44510793288644,
    "t end": 246158.76847404958,
    "v max": 264.0562229421939
}