{
    "star": "MS10",
    "grain": "gra",
    "stream": {
        "L4": 0.64,
        "eta": 0.0066,
        "vinf": 40.0,
        "n": 0.003981071705534978,
        "T": 8000.0,
        "kappa": 600.0,
        "cs": 10.19646997739904,
        "taustar": 0.00011231040731747447,
        "Rstar": 7.0052279106781175,
        "Qp": 2.0,
        "a": 0.2,
        "rho_d": 2.2,
        "kappa_d": 34090.90909090909,
        "drag_constant": 5.292055274511041e-06,
        "phi_norm": 1.0,
        "Rstarstar": 0.08940454545454544,
        "Upstarstar": 94481.25049037731,
        "R0": 0.5698947024221456
    },
    "R sonic drift": 0.9463025179229617,
    "w sonic drift": 7.745966692414831,
    "R critical": 2.11850745035458,
    "w critical": 43.32928075712418,
    "R equilib drift": 2.0000000000000004,
    "w equilib drift": 40.0,
    "t min": [
        234652.84445315908
    ],
    "R min": [
        0.08116275259729085
    ],
    "t max": [],
    "R max": [],
    "R end": 26.322150238259542,
    "v end": 35.24829730364619,
    "t end": 925287.2415345389,
    "v max": 39.73122220345048
}