{
    "star": "MS10",
    "grain": "gra",
    "stream": {
        "L4": 0.64,
        "eta": 0.0066,
        "vinf": 60.0,
        "n": 7943.282347242919,
        "T": 8000.0,
        "kappa": 600.0,
        "cs": 10.19646997739904,
        "taustar": 0.10576177799187184,
        "Rstar": 0.0033062143786764305,
        "Qp": 2.0,
        "a": 0.2,
        "rho_d": 2.2,
        "kappa_d": 34090.90909090909,
        "drag_constant": 2.085735991696651,
        "phi_norm": 1.0,
        "Rstarstar": 0.03973535353535353,
        "Upstarstar": 0.23972353259976728,
        "R0": 0.0007753310009732959
    },
    "R sonic drift": 0.0006699308783156552,
    "w sonic drift": 7.745966692414831,
    "R critical": 0.001499788418664912,
    "w critical": 43.32928075712418,
    "R equilib drift": 0.001499788418664912,
    "w equilib drift": 60.0,
    "t min": [
        101.40223566786683,
        142.0155341911727,
        178.43649222175017,
        214.85745025232765,
        251.45308913676885,
        285.1664939324593,
        306.2155368230329,
        376.26255922236896
    ],
    "R min": [
        0.000595884897011239,
        0.0014319905893316908,
        0.001436175257750086,
        0.0014363137510765218,
        0.0014363184583476515,
        0.0014363186194340156,
        0.00143631861568339,
        0.0014363186225280062
    ],
    "t max": [
        124.19808709707722,
        160.26968341992733,
        196.60330102357298,
        233.11159948108235,
        270.5806426348419,
        290.232238694506,
        325.1684094672422,
        395.0407510127147
    ],
    "R max": [
        0.00145635184416383,
        0.0014370917810480768,
        0.0014363450288013846,
        0.0014363195147657861,
        0.0014363186490389378,
        0.001436318624448903,
        0.001436318623500347,
        0.001436318622170802
    ],
    "R end": 0.001436318619935054,
    "v end": -4.89837515626847e-08,
    "t end": 436.70213465920256,
    "v max": 123.71483630468012
}