{
    "star": "MS10",
    "grain": "sil",
    "stream": {
        "L4": 0.64,
        "eta": 0.0066,
        "vinf": 300.0,
        "n": 0.001,
        "T": 8000.0,
        "kappa": 600.0,
        "cs": 10.19646997739904,
        "taustar": 7.5051389801329536e-06,
        "Rstar": 1.863635634392565,
        "Qp": 2.0,
        "a": 0.002,
        "rho_d": 3.5,
        "kappa_d": 2142857.1428571427,
        "drag_constant": 1.65992547845805e-06,
        "phi_norm": 0.7,
        "Rstarstar": 0.09990603174603174,
        "Upstarstar": 301218.34172005346,
        "R0": 0.151416462142228
    },
    "R sonic drift": 2.992471312188866,
    "w sonic drift": 7.745966692414831,
    "R critical": 6.32455532033676,
    "w critical": 38.7741595142002,
    "R equilib drift": 1.9063721364057433,
    "w equilib drift": 300.0,
    "t min": [
        98080.02860376985
    ],
    "R min": [
        0.09514990321309715
    ],
    "t max": [
        283628.40411670913
    ],
    "R max": [
        22.21315360970433
    ],
    "R end": 18.093878651516345,
    "v end": -70.30323391075059,
    "t end": 390135.35641913227,
    "v max": 281.8569504974069
}