{
    "star": "MS10",
    "grain": "sil",
    "stream": {
        "L4": 0.64,
        "eta": 0.0066,
        "vinf": 200.0,
        "n": 0.010000000000000021,
        "T": 8000.0,
        "kappa": 600.0,
        "cs": 10.19646997739904,
        "taustar": 3.560000000000004e-05,
        "Rstar": 0.883999999999999,
        "Qp": 2.0,
        "a": 0.02,
        "rho_d": 3.5,
        "kappa_d": 214285.71428571426,
        "drag_constant": 8.403372734693893e-07,
        "phi_norm": 0.7,
        "Rstarstar": 0.02247885714285714,
        "Upstarstar": 594999.1935210921,
        "R0": 0.07184797670098712
    },
    "R sonic drift": 0.9463025179229617,
    "w sonic drift": 7.745966692414831,
    "R critical": 2.0000000000000004,
    "w critical": 38.7741595142002,
    "R equilib drift": 0.8667337898085422,
    "w equilib drift": 200.0,
    "t min": [
        46486.43101469522
    ],
    "R min": [
        0.021976717882889917
    ],
    "t max": [],
    "R max": [],
    "R end": 17.412711502176823,
    "v end": 67.31320797758546,
    "t end": 185057.44830690773,
    "v max": 193.4375488344061
}