{
    "star": "MS40",
    "grain": "gra",
    "stream": {
        "L4": 22.2,
        "eta": 0.4468,
        "vinf": 140.0,
        "n": 1.0000000000000062,
        "T": 10000.0,
        "kappa": 600.0,
        "cs": 11.4,
        "taustar": 0.0029952871144448305,
        "Rstar": 0.7437735419014645,
        "Qp": 2.0,
        "a": 0.02,
        "rho_d": 2.2,
        "kappa_d": 340909.0909090908,
        "drag_constant": 0.03840919523405817,
        "phi_norm": 1.5,
        "Rstarstar": 2.5316083024118727,
        "Upstarstar": 13.017716121181328,
        "R0": 0.49938960376307223
    },
    "R sonic drift": 0.18881217525718474,
    "w sonic drift": 8.6559494714014,
    "R critical": 0.4226978079673296,
    "w critical": 48.41952977064848,
    "R equilib drift": 0.31494437522201985,
    "w equilib drift": 140.0,
    "t min": [
        12300.905316031789,
        18810.046465252726,
        26627.345641221473,
        33547.923589177604,
        37577.89428448133,
        46365.7623190049
    ],
    "R min": [
        0.1534068125400982,
        0.3027016273435161,
        0.3030414301561437,
        0.3030416831667583,
        0.30304168439936935,
        0.30304168311603646
    ],
    "t max": [
        14790.625431455032,
        22723.970883990114,
        30446.323106404583,
        35953.2464125526,
        39719.47557020556
    ],
    "R max": [
        0.31629383297686464,
        0.30305094502174507,
        0.30304169216597765,
        0.3030416847006412,
        0.3030416847676914
    ],
    "R end": 0.30304168418022037,
    "v end": 1.218937264255804e-07,
    "t end": 52748.30753015348,
    "v max": 141.59176616568158
}