{
    "star": "MS10",
    "grain": "sil",
    "stream": {
        "L4": 0.64,
        "eta": 0.0066,
        "vinf": 10.0,
        "n": 31.622776601684052,
        "T": 8000.0,
        "kappa": 600.0,
        "cs": 10.19646997739904,
        "taustar": 0.04003870235355302,
        "Rstar": 0.3143997996948803,
        "Qp": 2.0,
        "a": 0.02,
        "rho_d": 3.5,
        "kappa_d": 214285.71428571426,
        "drag_constant": 425.1807659038516,
        "phi_norm": 0.7,
        "Rstarstar": 8.991542857142859,
        "Upstarstar": 0.001175970410931212,
        "R0": 0.0409693268809958
    },
    "R sonic drift": 0.016827902832903904,
    "w sonic drift": 7.745966692414831,
    "R critical": 0.03556558820077846,
    "w critical": 38.7741595142002,
    "R equilib drift": 0.016827902832903904,
    "w equilib drift": 10.0,
    "t min": [
        17612.567651920588,
        18112.77510391833,
        18612.982555916074,
        19126.35336191376,
        19639.72416791145,
        20126.76826590925,
        20613.812363907055,
        21114.019815904798,
        21719.534099902066,
        22351.37509189922,
        23746.690615892927
    ],
    "R min": [
        0.01598986286901679,
        0.015999157558326538,
        0.0160002019634609,
        0.016000306151295624,
        0.016000316671102806,
        0.016000317708003038,
        0.01600031778883984,
        0.016000317790466574,
        0.01600031779754034,
        0.016000317813548687,
        0.01600031781650371
    ],
    "t max": [
        17862.67137791946,
        18362.8788299172,
        18876.249635914886,
        19376.457087912633,
        19889.82789391032,
        20350.545283908243,
        20877.079443905866,
        21377.28689590361,
        22048.617949900585,
        22851.582543896966,
        40569.45702781707
    ],
    "R max": [
        0.01600422651298601,
        0.016000689549835186,
        0.01600035499272247,
        0.01600032146885831,
        0.016000318171512744,
        0.016000317854843814,
        0.01600031785862321,
        0.016000317829767293,
        0.016000317829885802,
        0.016000317816446796,
        0.01600031781671354
    ],
    "R end": 0.016000317816708673,
    "v end": -3.259832620389144e-12,
    "t end": 65816.76999970323,
    "v max": 0.0910159687208917
}