{
    "star": "MS20",
    "grain": "gra",
    "stream": {
        "L4": 5.45,
        "eta": 0.1199,
        "vinf": 80.0,
        "n": 79.43282347242886,
        "T": 9000.0,
        "kappa": 600.0,
        "cs": 10.814989597775858,
        "taustar": 0.023147189695956624,
        "Rstar": 0.07236032983920203,
        "Qp": 2.0,
        "a": 0.02,
        "rho_d": 2.2,
        "kappa_d": 340909.0909090908,
        "drag_constant": 6.322275834511064,
        "phi_norm": 1.5,
        "Rstarstar": 1.9033389559659084,
        "Upstarstar": 0.07908544535034004,
        "R0": 0.026771556391430855
    },
    "R sonic drift": 0.01061768888461977,
    "w sonic drift": 9.672835454459698,
    "R critical": 0.025178508235883353,
    "w critical": 48.41952977064848,
    "R equilib drift": 0.0237167187750174,
    "w equilib drift": 80.0,
    "t min": [
        1189.7650071695693,
        3063.6968029296672,
        3234.9980474174326,
        3362.6953387628573,
        3367.886285565517,
        3512.1946066794526
    ],
    "R min": [
        0.010190769055740375,
        0.022828887995408637,
        0.02282888799146918,
        0.022828888021028528,
        0.022828888021037816,
        0.022828888032319708
    ],
    "t max": [
        3016.978281705731,
        3136.370058166901,
        3356.466202599666,
        3366.8480962049853,
        3431.215836557964,
        3952.3868955449825
    ],
    "R max": [
        0.02282888801904071,
        0.022828888009076852,
        0.02282888802120526,
        0.022828888021030808,
        0.022828888030624696,
        0.022828888063688203
    ],
    "R end": 0.022828888026986408,
    "v end": -3.131403174489354e-08,
    "t end": 5190.946802659551,
    "v max": 184.2368273321394
}