{
    "star": "MS10",
    "grain": "sil",
    "stream": {
        "L4": 0.64,
        "eta": 0.0066,
        "vinf": 50.0,
        "n": 39810.717055350346,
        "T": 8000.0,
        "kappa": 600.0,
        "cs": 10.19646997739904,
        "taustar": 0.28412535365157066,
        "Rstar": 0.0017721980581060213,
        "Qp": 2.0,
        "a": 0.002,
        "rho_d": 3.5,
        "kappa_d": 2142857.1428571427,
        "drag_constant": 85643.33932839513,
        "phi_norm": 0.7,
        "Rstarstar": 3.596617142857143,
        "Upstarstar": 5.8381656287685694e-06,
        "R0": 0.0008981025093697045
    },
    "R sonic drift": 0.00047427474113233113,
    "w sonic drift": 7.745966692414831,
    "R critical": 0.001002374467254545,
    "w critical": 38.7741595142002,
    "R equilib drift": 0.001002374467254545,
    "w equilib drift": 50.0,
    "t min": [
        85.7737485995156,
        133.92873375616406,
        137.4902734904,
        143.1293780696069,
        152.03322740519675,
        296.0529904083627
    ],
    "R min": [
        0.0004518578807733691,
        0.00098746723268459,
        0.0009874672336989373,
        0.0009874672329719335,
        0.0009874672331574882,
        0.0009874672336217416
    ],
    "t max": [
        133.63193877831105,
        137.41607474593675,
        137.56447223486325,
        147.35870650401208,
        182.38051389066553
    ],
    "R max": [
        0.0009874672329071225,
        0.0009874672337019214,
        0.0009874672336980294,
        0.0009874672331803597,
        0.0009874672344812722
    ],
    "R end": 0.000987467233583493,
    "v end": 1.5100046631038706e-10,
    "t end": 370.9937223162439,
    "v max": 125.55879406805066
}