{
    "star": "MS10",
    "grain": "gra",
    "stream": {
        "L4": 0.64,
        "eta": 0.0066,
        "vinf": 100.0,
        "n": 3.162277660168402,
        "T": 8000.0,
        "kappa": 600.0,
        "cs": 10.19646997739904,
        "taustar": 0.0012661349399477177,
        "Rstar": 0.09942194629365336,
        "Qp": 2.0,
        "a": 0.2,
        "rho_d": 2.2,
        "kappa_d": 34090.90909090909,
        "drag_constant": 0.000107612900461202,
        "phi_norm": 1.0,
        "Rstarstar": 0.014304727272727273,
        "Upstarstar": 4646.283092985366,
        "R0": 0.00820392621939947
    },
    "R sonic drift": 0.033576080362451216,
    "w sonic drift": 7.745966692414831,
    "R critical": 0.07516748085768887,
    "w critical": 43.32928075712418,
    "R equilib drift": 0.059515387585386,
    "w equilib drift": 100.0,
    "t min": [
        3301.428062756829
    ],
    "R min": [
        0.008699706710647976
    ],
    "t max": [
        9255.554887155979
    ],
    "R max": [
        0.26447402991705715
    ],
    "R end": 0.19785178693410613,
    "v end": -31.762837714564206,
    "t end": 13132.172087338222,
    "v max": 96.06539080944944
}