{
    "star": "MS40",
    "grain": "gra",
    "stream": {
        "L4": 22.2,
        "eta": 0.4468,
        "vinf": 250.0,
        "n": 316.2277660168418,
        "T": 10000.0,
        "kappa": 600.0,
        "cs": 11.4,
        "taustar": 0.029828161455524083,
        "Rstar": 0.023422257554885726,
        "Qp": 2.0,
        "a": 0.02,
        "rho_d": 2.2,
        "kappa_d": 340909.0909090908,
        "drag_constant": 1.194503195119348,
        "phi_norm": 1.5,
        "Rstarstar": 0.7939123636363635,
        "Upstarstar": 0.418584062431112,
        "R0": 0.01635540132685919
    },
    "R sonic drift": 0.01061768888461977,
    "w sonic drift": 8.6559494714014,
    "R critical": 0.02377004454874038,
    "w critical": 48.41952977064848,
    "R equilib drift": 0.012230268962180789,
    "w equilib drift": 250.0,
    "t min": [
        379.7281405081514,
        871.414621656064,
        976.728550388421,
        1078.0558319763354,
        1183.3697607086924,
        1378.051029595636
    ],
    "R min": [
        0.009684659068498011,
        0.012023495410450408,
        0.012023495424382302,
        0.012023495436752211,
        0.012023495422780818,
        0.012023495429825311
    ],
    "t max": [
        857.7935772458853,
        932.543211204183,
        1035.1993751735781,
        1132.2077890216797,
        1316.590219452147
    ],
    "R max": [
        0.012023495410923143,
        0.012023495443694524,
        0.012023495440378293,
        0.012023495427122128,
        0.012023495427220818
    ],
    "R end": 0.012023495424832548,
    "v end": 2.9064589222065404e-08,
    "t end": 1661.1029768510562,
    "v max": 99.36484774650215
}