{
    "star": "MS10",
    "grain": "gra",
    "stream": {
        "L4": 0.64,
        "eta": 0.0066,
        "vinf": 10.0,
        "n": 0.15848931924611206,
        "T": 8000.0,
        "kappa": 600.0,
        "cs": 10.19646997739904,
        "taustar": 0.002834523054340907,
        "Rstar": 4.441015210908928,
        "Qp": 2.0,
        "a": 0.02,
        "rho_d": 2.2,
        "kappa_d": 340909.0909090908,
        "drag_constant": 5.393421188475667,
        "phi_norm": 1.0,
        "Rstarstar": 14.30472727272727,
        "Upstarstar": 0.09270553560110778,
        "R0": 0.3735943727068447
    },
    "R sonic drift": 0.14997884186649119,
    "w sonic drift": 7.745966692414831,
    "R critical": 0.33576080362451216,
    "w critical": 43.32928075712418,
    "R equilib drift": 0.14997884186649119,
    "w equilib drift": 10.0,
    "t min": [
        154977.7596549391,
        165067.15203217205,
        175039.2258933907,
        185011.29975460932,
        194866.05509981365,
        204838.1289610323,
        214810.20282225093,
        224782.27668346954,
        234754.3505446882,
        244726.42440590682,
        254698.49826712548,
        264670.5721283441,
        274525.3274735484,
        284497.40133476706,
        294352.1566799714,
        304206.91202517564,
        313592.39330632257,
        318637.0894949391,
        326380.1115518853,
        334240.45212484594,
        343273.97785794985,
        353715.3257832259,
        364977.9033206022,
        374832.65866580646,
        386095.23620318284,
        400760.050704975,
        407916.4801818495,
        415776.82075481006,
        440179.07208579214,
        460709.8123883011,
        557497.5881001292
    ],
    "R min": [
        0.14129727205271167,
        0.14184220388276747,
        0.14210393817653785,
        0.14222195512727115,
        0.1422731357922975,
        0.1422947434454044,
        0.14230383405086955,
        0.14230764083989533,
        0.14230923283698046,
        0.14230989809215894,
        0.14231017535837215,
        0.14231029150204164,
        0.1423103397619261,
        0.14231035945941362,
        0.14231036639383732,
        0.14231036898598518,
        0.1423103705140903,
        0.14231037113145906,
        0.142310370858271,
        0.14231037047018852,
        0.14231037021456497,
        0.14231037033285074,
        0.14231037050509357,
        0.1423103702122252,
        0.1423103707278926,
        0.14231037093018212,
        0.14231037118750087,
        0.14231037125384013,
        0.1423103708651405,
        0.14231037108136757,
        0.14231037035801966
    ],
    "t max": [
        159905.13732754122,
        169994.5297047742,
        179966.60356599285,
        189938.67742721149,
        199910.75128843012,
        209882.82514964874,
        219854.8990108674,
        229826.97287208604,
        239681.72821729034,
        249653.80207850898,
        259625.87593972762,
        269597.9498009463,
        279452.70514615055,
        289424.7790073692,
        299162.2158365592,
        309134.2896977778,
        317463.9043347957,
        322391.2820073979,
        330134.3040643441,
        338815.87424940505,
        347732.08146649465,
        360519.7997120574,
        369670.64396117564,
        380346.62891848036,
        393486.30271208606,
        406860.6135377204,
        408268.4357298925,
        426570.1242281291,
        453084.10884736915,
        478424.908306466,
        560313.2324844731
    ],
    "R max": [
        0.1433104560141093,
        0.14267214656306473,
        0.14245424476460028,
        0.14236933782267533,
        0.1423348084543792,
        0.1423205416294767,
        0.14231460924011785,
        0.14231213781078741,
        0.14231110391650467,
        0.14231067488634072,
        0.14231049685831834,
        0.14231042195880167,
        0.14231039102560392,
        0.14231037858361836,
        0.1423103744420938,
        0.14231037243869019,
        0.14231037118717285,
        0.1423103713361257,
        0.14231037140135475,
        0.14231037206732877,
        0.14231037229943302,
        0.14231037189114726,
        0.14231037185536072,
        0.14231037166469512,
        0.14231037124820578,
        0.14231037121072918,
        0.14231037118894818,
        0.1423103714528737,
        0.14231037137609054,
        0.14231037113158296,
        0.14231037078064215
    ],
    "R end": 0.1423103705804477,
    "v end": -1.5704373582790067e-09,
    "t end": 586592.5800716847,
    "v max": 0.6263686970448211
}