{
    "star": "MS10",
    "grain": "sil",
    "stream": {
        "L4": 0.64,
        "eta": 0.0066,
        "vinf": 300.0,
        "n": 10.000000000000082,
        "T": 8000.0,
        "kappa": 600.0,
        "cs": 10.19646997739904,
        "taustar": 0.0007505138980132984,
        "Rstar": 0.018636356343925575,
        "Qp": 2.0,
        "a": 0.02,
        "rho_d": 3.5,
        "kappa_d": 214285.71428571426,
        "drag_constant": 0.00016599254784580627,
        "phi_norm": 0.7,
        "Rstarstar": 0.009990603174603176,
        "Upstarstar": 3012.1834172005088,
        "R0": 0.0015280753275887145
    },
    "R sonic drift": 0.029924713121888692,
    "w sonic drift": 7.745966692414831,
    "R critical": 0.0632455532033676,
    "w critical": 38.7741595142002,
    "R equilib drift": 0.019063721364057436,
    "w equilib drift": 300.0,
    "t min": [
        979.2397446120231,
        1580.8284642103258,
        2157.448520997804,
        2740.310743487988,
        3325.513778116687
    ],
    "R min": [
        0.0064557719057387695,
        0.015572857380370429,
        0.018338068904733905,
        0.018876925833807304,
        0.018972552017165082
    ],
    "t max": [
        1221.1236655918854,
        1856.2640258422332,
        2446.9289554608004,
        3032.9122608023376,
        3618.115295431037
    ],
    "R max": [
        0.03179511470196543,
        0.02068184675367135,
        0.019274064732047944,
        0.01904130808419964,
        0.01900118641813177
    ],
    "R end": 0.018989259107018992,
    "v end": -0.004085517877177154,
    "t end": 3901.3535641913268,
    "v max": 193.25908224404438
}