{
    "star": "MS20",
    "grain": "gra",
    "stream": {
        "L4": 5.45,
        "eta": 0.1199,
        "vinf": 50.0,
        "n": 1.995262314968893,
        "T": 9000.0,
        "kappa": 600.0,
        "cs": 10.814989597775858,
        "taustar": 0.005869731739796425,
        "Rstar": 0.7305005049768616,
        "Qp": 2.0,
        "a": 0.02,
        "rho_d": 2.2,
        "kappa_d": 340909.0909090908,
        "drag_constant": 1.040766657165343,
        "phi_norm": 1.5,
        "Rstarstar": 4.8725477272727264,
        "Upstarstar": 0.48041508301371993,
        "R0": 0.2572625180586289
    },
    "R sonic drift": 0.0669930878315656,
    "w sonic drift": 9.672835454459698,
    "R critical": 0.15886564694485644,
    "w critical": 48.41952977064848,
    "R equilib drift": 0.15886564694485644,
    "w equilib drift": 50.0,
    "t min": [
        12168.268280144031,
        16643.591756131544,
        21118.915232119056,
        25604.719559338388,
        30080.0430353259,
        34555.36651131341,
        39030.689987300924,
        43506.01346328844,
        47991.81779050777
    ],
    "R min": [
        0.06229929583494828,
        0.062316797431381,
        0.06233934316234814,
        0.06227941589507425,
        0.06228616659342303,
        0.06229812253142775,
        0.06231521765425053,
        0.06233736186655061,
        0.06227910354184485
    ],
    "t max": [
        13960.493840785399,
        18435.81731677291,
        22911.140792760423,
        27386.464268747935,
        31861.787744735448,
        36337.11122072296,
        40822.91554794229,
        45298.239023929804,
        49773.562499917316
    ],
    "R max": [
        0.17923361082539707,
        0.1792334639711422,
        0.1792330728660398,
        0.1792324292590947,
        0.17923153506776998,
        0.17923039485435516,
        0.17923348753693075,
        0.1792331147833862,
        0.17923249105797973
    ],
    "R end": 0.06410603983908207,
    "v end": -38.33404682643437,
    "t end": 52404.256159104356,
    "v max": 144.00879005163497
}