{
    "star": "MS10",
    "grain": "gra",
    "stream": {
        "L4": 0.64,
        "eta": 0.0066,
        "vinf": 90.0,
        "n": 0.1995262314968889,
        "T": 8000.0,
        "kappa": 600.0,
        "cs": 10.19646997739904,
        "taustar": 0.00035337635290165167,
        "Rstar": 0.4397843303320905,
        "Qp": 2.0,
        "a": 0.2,
        "rho_d": 2.2,
        "kappa_d": 34090.90909090909,
        "drag_constant": 1.0348902592106568e-05,
        "phi_norm": 1.0,
        "Rstarstar": 0.01766015712682379,
        "Upstarstar": 48314.301497181514,
        "R0": 0.035883990771250374
    },
    "R sonic drift": 0.133668783513723,
    "w sonic drift": 7.745966692414831,
    "R critical": 0.2992471312188869,
    "w critical": 43.32928075712418,
    "R equilib drift": 0.2495563648216045,
    "w equilib drift": 90.0,
    "t min": [
        14696.522264963269
    ],
    "R min": [
        0.014838515059492392
    ],
    "t max": [],
    "R max": [],
    "R end": 2.8426485660073744,
    "v end": 45.05806866783216,
    "t end": 58089.02081013149,
    "v max": 87.80235531309192
}