{
    "star": "MS10",
    "grain": "gra",
    "stream": {
        "L4": 0.64,
        "eta": 0.0066,
        "vinf": 170.0,
        "n": 63.09573444801995,
        "T": 8000.0,
        "kappa": 600.0,
        "cs": 10.19646997739904,
        "taustar": 0.0033268335477864186,
        "Rstar": 0.013092824282659274,
        "Qp": 2.0,
        "a": 0.2,
        "rho_d": 2.2,
        "kappa_d": 34090.90909090909,
        "drag_constant": 0.0002570802132334789,
        "phi_norm": 1.0,
        "Rstarstar": 0.004949732620320855,
        "Upstarstar": 1944.918256100489,
        "R0": 0.0011081024363275246
    },
    "R sonic drift": 0.007516748085768888,
    "w sonic drift": 7.745966692414831,
    "R critical": 0.016827902832903904,
    "w critical": 43.32928075712418,
    "R equilib drift": 0.009141736273891338,
    "w equilib drift": 170.0,
    "t min": [
        430.6128553272387,
        996.8082321711663,
        1488.6407464485426
    ],
    "R min": [
        0.0025040130005990254,
        0.006656000216159444,
        0.008431173030475258
    ],
    "t max": [
        657.1601808206856,
        1227.1601692377856
    ],
    "R max": [
        0.01881146944656177,
        0.010490264572066916
    ],
    "R end": 0.009326062473556333,
    "v end": 0.15145101026143595,
    "t end": 1729.368896896541,
    "v max": 138.61473776992955
}