{
    "star": "MS10",
    "grain": "gra",
    "stream": {
        "L4": 0.64,
        "eta": 0.0066,
        "vinf": 80.0,
        "n": 0.002511886431509546,
        "T": 8000.0,
        "kappa": 600.0,
        "cs": 10.19646997739904,
        "taustar": 4.460566379282693e-05,
        "Rstar": 4.409529716081254,
        "Qp": 2.0,
        "a": 0.02,
        "rho_d": 2.2,
        "kappa_d": 340909.0909090908,
        "drag_constant": 2.0869132142798964e-05,
        "phi_norm": 1.0,
        "thetaB": 0.0,
        "b_hat": [
            1.0,
            0.0,
            0.0
        ],
        "Rstarstar": 0.22351136363636356,
        "Upstarstar": 23958.830514786318,
        "R0": 0.35842863088102955
    },
    "R sonic drift": 1.0023744672545452,
    "w sonic drift": 9.672835454459698,
    "R critical": 2.2440369086039262,
    "w critical": 43.32928075712418,
    "R equilib drift": 2.1137547857688483,
    "w equilib drift": 80.0,
    "t min": [
        124082.4270137369
    ],
    "R min": [
        0.1693490117508638
    ],
    "t max": [],
    "R max": [],
    "R end": 20.33331025760749,
    "v end": 34.73973179170552,
    "t end": 490056.97872723895,
    "v max": 79.06196619983342
}