{
    "star": "MS10",
    "grain": "sil",
    "stream": {
        "L4": 0.64,
        "eta": 0.0066,
        "vinf": 170.0,
        "n": 3.162277660168402,
        "T": 8000.0,
        "kappa": 600.0,
        "cs": 10.19646997739904,
        "taustar": 0.0007447852587927751,
        "Rstar": 0.05848349781979609,
        "Qp": 2.0,
        "a": 0.02,
        "rho_d": 3.5,
        "kappa_d": 214285.71428571426,
        "drag_constant": 0.0005090704923358809,
        "phi_norm": 0.7,
        "Rstarstar": 0.0311126050420168,
        "Upstarstar": 982.1822469138589,
        "R0": 0.004794976443200197
    },
    "R sonic drift": 0.05321450119597623,
    "w sonic drift": 7.745966692414831,
    "R critical": 0.11246826503806984,
    "w critical": 38.7741595142002,
    "R equilib drift": 0.054453862244830245,
    "w equilib drift": 170.0,
    "t min": [
        3058.299951666977,
        5950.095182186353,
        8702.32027880259,
        11488.825759184512
    ],
    "R min": [
        0.016477759964090136,
        0.04344822827818135,
        0.05128828864306648,
        0.05266781592436916
    ],
    "t max": [
        4199.3470112961295,
        7264.992759484324,
        10085.778623631928
    ],
    "R max": [
        0.09066470492850073,
        0.05736194180316601,
        0.05359743353367334
    ],
    "R end": 0.05290324501678807,
    "v end": 0.37749278662636243,
    "t end": 12242.994202029531,
    "v max": 123.42195210511902
}