{
    "star": "MS10",
    "grain": "sil",
    "stream": {
        "L4": 0.64,
        "eta": 0.0066,
        "vinf": 200.0,
        "n": 31622.776601684312,
        "T": 8000.0,
        "kappa": 600.0,
        "cs": 10.19646997739904,
        "taustar": 0.06330674699738618,
        "Rstar": 0.0004971097314682645,
        "Qp": 2.0,
        "a": 0.02,
        "rho_d": 3.5,
        "kappa_d": 214285.71428571426,
        "drag_constant": 2.657379786899094,
        "phi_norm": 0.7,
        "Rstarstar": 0.022478857142857144,
        "Upstarstar": 0.1881552657489924,
        "R0": 8.214245419980047e-05
    },
    "R sonic drift": 0.0005321450119597618,
    "w sonic drift": 7.745966692414831,
    "R critical": 0.0011246826503806984,
    "w critical": 38.7741595142002,
    "R equilib drift": 0.0004874002279481889,
    "w equilib drift": 200.0,
    "t min": [
        50.471743597866705,
        54.90493179842159,
        85.81237066144512
    ],
    "R min": [
        0.0004651666263832415,
        0.00046516662593905854,
        0.0004651666257299071
    ],
    "t max": [
        52.78199660378967,
        60.04576506385379,
        93.67971873566928
    ],
    "R max": [
        0.0004651666263321279,
        0.0004651666261156587,
        0.00046516662533442637
    ],
    "R end": 0.0004651666249596278,
    "v end": -9.352896507818806e-08,
    "t end": 104.06545071725093,
    "v max": 1.295790766355641e-06
}