{
    "star": "MS10",
    "grain": "gra",
    "stream": {
        "L4": 0.64,
        "eta": 0.0066,
        "vinf": 500.0,
        "n": 1.995262314968893,
        "T": 8000.0,
        "kappa": 600.0,
        "cs": 10.19646997739904,
        "taustar": 0.00020114534635428088,
        "Rstar": 0.025032962935823033,
        "Qp": 2.0,
        "a": 0.02,
        "rho_d": 2.2,
        "kappa_d": 340909.0909090908,
        "drag_constant": 1.086386398508981e-05,
        "phi_norm": 1.0,
        "Rstarstar": 0.005721890909090907,
        "Upstarstar": 46024.14027699802,
        "R0": 0.0020387289374955
    },
    "R sonic drift": 0.04226978079673296,
    "w sonic drift": 7.745966692414831,
    "R critical": 0.09463025179229617,
    "w critical": 43.32928075712418,
    "R equilib drift": 0.02661451025455654,
    "w equilib drift": 500.0,
    "t min": [
        831.9116336891043,
        1749.79187817279,
        2470.6056148350503,
        3162.983580234488
    ],
    "R min": [
        0.004637679591884336,
        0.01277795276165071,
        0.018702620384457875,
        0.022103519812316532
    ],
    "t max": [
        1208.1896301669265,
        2077.7951932044243,
        2801.2541178911333
    ],
    "R max": [
        0.08233011185314557,
        0.040700680759385606,
        0.031102932124563585
    ],
    "R end": 0.024613839368029956,
    "v end": 25.937853948394395,
    "t end": 3306.485030560828,
    "v max": 409.8172588574867
}