{
    "star": "MS10",
    "grain": "gra",
    "stream": {
        "L4": 0.64,
        "eta": 0.0066,
        "vinf": 50.0,
        "n": 0.015848931924611172,
        "T": 8000.0,
        "kappa": 600.0,
        "cs": 10.19646997739904,
        "taustar": 0.00017927097863948963,
        "Rstar": 2.8087446379850562,
        "Qp": 2.0,
        "a": 0.02,
        "rho_d": 2.2,
        "kappa_d": 340909.0909090908,
        "drag_constant": 0.0008629473901561048,
        "phi_norm": 1.0,
        "Rstarstar": 0.5721890909090909,
        "Upstarstar": 579.4095975069248,
        "R0": 0.22868756767011114
    },
    "R sonic drift": 0.4742747411323311,
    "w sonic drift": 7.745966692414831,
    "R critical": 1.0617688884619771,
    "w critical": 43.32928075712418,
    "R equilib drift": 1.0617688884619771,
    "w equilib drift": 50.0,
    "t min": [
        92525.83434567122
    ],
    "R min": [
        0.21234267326062892
    ],
    "t max": [
        268376.85872357077
    ],
    "R max": [
        4.921185235625602
    ],
    "R end": 3.5054477088361224,
    "v end": -32.70068754248058,
    "t end": 370993.7223162438,
    "v max": 57.96924693552516
}