{
    "star": "MS10",
    "grain": "gra",
    "stream": {
        "L4": 0.64,
        "eta": 0.0066,
        "vinf": 30.0,
        "n": 1.995262314968893,
        "T": 8000.0,
        "kappa": 600.0,
        "cs": 10.19646997739904,
        "taustar": 0.0033524224392380148,
        "Rstar": 0.41721604893038383,
        "Qp": 2.0,
        "a": 0.02,
        "rho_d": 2.2,
        "kappa_d": 340909.0909090908,
        "drag_constant": 0.8382611099606334,
        "phi_norm": 1.0,
        "Rstarstar": 1.5894141414141407,
        "Upstarstar": 0.5964728579898942,
        "R0": 0.035321909638242485
    },
    "R sonic drift": 0.04226978079673296,
    "w sonic drift": 7.745966692414831,
    "R critical": 0.09463025179229617,
    "w critical": 43.32928075712418,
    "R equilib drift": 0.07683295631115106,
    "w equilib drift": 30.0,
    "t min": [
        13115.72395455795,
        20323.861321180557,
        27531.99868780316,
        34751.157671194305,
        41959.295037816904,
        49167.43240443951
    ],
    "R min": [
        0.036450984998519155,
        0.03645616416494412,
        0.03646252329216288,
        0.03644274443853553,
        0.03644428469370699,
        0.03644706415853667
    ],
    "t max": [
        15694.782278395398,
        22913.94126178654,
        30122.078628409145,
        37330.21599503175,
        44538.35336165435,
        51746.490728276956
    ],
    "R max": [
        0.16106772763868354,
        0.16107093348908397,
        0.16107069403824703,
        0.16107024669284686,
        0.16106960478809945,
        0.16106875781441007
    ],
    "R end": 0.067540341707119,
    "v end": -27.157333312096366,
    "t end": 55108.08384268046,
    "v max": 88.34432008740383
}