{
    "star": "MS20",
    "grain": "gra",
    "stream": {
        "L4": 5.45,
        "eta": 0.1199,
        "vinf": 140.0,
        "n": 0.025118864315095874,
        "T": 9000.0,
        "kappa": 600.0,
        "cs": 10.814989597775858,
        "taustar": 0.00023521240478048373,
        "Rstar": 2.3252116441707287,
        "Qp": 2.0,
        "a": 0.02,
        "rho_d": 2.2,
        "kappa_d": 340909.0909090908,
        "drag_constant": 0.0002131676242407968,
        "phi_norm": 1.5,
        "Rstarstar": 0.621498434601113,
        "Upstarstar": 2345.571949684037,
        "R0": 0.8056883156458423
    },
    "R sonic drift": 0.5970765237835921,
    "w sonic drift": 9.672835454459698,
    "R critical": 1.4158915687682763,
    "w critical": 48.41952977064848,
    "R equilib drift": 0.995941561960281,
    "w equilib drift": 140.0,
    "t min": [
        41200.78424503107,
        114795.0595847384
    ],
    "R min": [
        0.2569386654623985,
        0.6606320454165845
    ],
    "t max": [
        71325.73013431291,
        142751.54314533438
    ],
    "R max": [
        2.263501614091311,
        1.190029414149761
    ],
    "R end": 0.9202625321694712,
    "v end": -10.307718462462944,
    "t end": 166804.79451429588,
    "v max": 129.79402269032468
}