{
    "star": "MS10",
    "grain": "sil",
    "stream": {
        "L4": 0.64,
        "eta": 0.0066,
        "vinf": 250.0,
        "n": 10000.000000000144,
        "T": 8000.0,
        "kappa": 600.0,
        "cs": 10.19646997739904,
        "taustar": 0.028480000000000203,
        "Rstar": 0.000707199999999995,
        "Qp": 2.0,
        "a": 0.002,
        "rho_d": 3.5,
        "kappa_d": 2142857.1428571427,
        "drag_constant": 34.420214721306614,
        "phi_norm": 0.7,
        "Rstarstar": 0.1438646857142857,
        "Upstarstar": 0.014526347498073359,
        "R0": 8.09352083767979e-05
    },
    "R sonic drift": 0.0009463025179229607,
    "w sonic drift": 7.745966692414831,
    "R critical": 0.0020000000000000005,
    "w critical": 38.7741595142002,
    "R equilib drift": 0.0007285108225948934,
    "w equilib drift": 250.0,
    "t min": [
        72.42408296939132,
        73.72688740547196,
        77.07272607086085,
        84.06049531892967,
        90.90021860835297
    ],
    "R min": [
        0.0006929156846922095,
        0.0006929156827461256,
        0.0006929156806993808,
        0.0006929156802597265,
        0.0006929156791027265
    ],
    "t max": [
        72.48330135284952,
        73.9933701310339,
        80.8330934204572,
        84.44541481140803
    ],
    "R max": [
        0.0006929156845832014,
        0.000692915682570582,
        0.0006929156825852795,
        0.000692915680066636
    ],
    "R end": 0.000692915680669188,
    "v end": 9.668776325701466e-09,
    "t end": 148.045958645526,
    "v max": 1.36836710078318e-06
}