{
    "star": "MS10",
    "grain": "gra",
    "stream": {
        "L4": 0.64,
        "eta": 0.0066,
        "vinf": 40.0,
        "n": 100000.00000000163,
        "T": 8000.0,
        "kappa": 600.0,
        "cs": 10.19646997739904,
        "taustar": 0.5628854235099762,
        "Rstar": 0.0013977267257944122,
        "Qp": 2.0,
        "a": 0.02,
        "rho_d": 2.2,
        "kappa_d": 340909.0909090908,
        "drag_constant": 13293.041838843188,
        "phi_norm": 1.0,
        "Rstarstar": 0.8940454545454543,
        "Upstarstar": 3.7613663303079773e-05,
        "R0": 0.0010675701467086625
    },
    "R sonic drift": 0.00020000000000000004,
    "w sonic drift": 6.557178316607908,
    "R critical": 0.0004226978079673296,
    "w critical": 43.32928075712418,
    "R equilib drift": 0.0003990524629937758,
    "w equilib drift": 40.0,
    "t min": [
        45.604229226709265,
        56.12527353372881,
        66.60720615187468,
        77.12825045889421,
        87.61018307704008,
        98.13122738405963,
        108.6131600022055,
        119.13420430922505,
        129.61613692737092,
        140.13718123439045,
        150.61911385253632,
        161.14015815955588,
        171.62209077770177,
        182.14313508472128,
        192.62506770286717
    ],
    "R min": [
        0.0001795246575976086,
        0.0001788827683064785,
        0.00017944844051556808,
        0.00017880808058179124,
        0.0001793723561390701,
        0.00017873373118850144,
        0.00017929640270824716,
        0.00017865982984059786,
        0.00017922060050018786,
        0.00017858660605772226,
        0.0001791449503914347,
        0.00017851458831939876,
        0.0001790694720731359,
        0.0001784459630065207,
        0.0001789941828913504
    ],
    "t max": [
        49.7500682473192,
        60.27111255433874,
        70.7530451724846,
        81.27408947950416,
        91.75602209765002,
        102.27706640466955,
        112.75899902281544,
        123.28004332983498,
        133.76197594798086,
        144.2830202550004,
        154.76495287314626,
        165.2859971801658,
        175.76792979831168,
        186.24986241645755
    ],
    "R max": [
        0.0004142271865804676,
        0.00041433656215244483,
        0.0004142430283601229,
        0.0004143447635930779,
        0.00041425819566295765,
        0.0004143516191159283,
        0.00041427264736077326,
        0.0004143569644551914,
        0.00041428633194285903,
        0.0004143605979591101,
        0.0004142991946118021,
        0.0004143622656910165,
        0.00041431116631560836,
        0.000414202515878506
    ],
    "R end": 0.0003896043329155666,
    "v end": 29.006186789227264,
    "t end": 195.55844436839305,
    "v max": 189.09170851576803
}