{
    "star": "MS10",
    "grain": "gra",
    "stream": {
        "L4": 0.64,
        "eta": 0.0066,
        "vinf": 100.0,
        "n": 1995.2623149689073,
        "T": 8000.0,
        "kappa": 600.0,
        "cs": 10.19646997739904,
        "taustar": 0.031803871761148794,
        "Rstar": 0.003958058972988798,
        "Qp": 2.0,
        "a": 0.2,
        "rho_d": 2.2,
        "kappa_d": 34090.90909090909,
        "drag_constant": 0.06789914990681181,
        "phi_norm": 1.0,
        "Rstarstar": 0.014304727272727273,
        "Upstarstar": 7.363862444319628,
        "R0": 0.00047055029015407424
    },
    "R sonic drift": 0.00133668783513723,
    "w sonic drift": 7.745966692414831,
    "R critical": 0.002992471312188866,
    "w critical": 43.32928075712418,
    "R equilib drift": 0.002369350255601276,
    "w equilib drift": 100.0,
    "t min": [
        122.75371877596989,
        195.63220428436088,
        280.74423757536556,
        366.27451181620313,
        427.23313025435516,
        505.96698906040734
    ],
    "R min": [
        0.001049894112980673,
        0.0022775457056540445,
        0.0022853258752574377,
        0.0022853511869425406,
        0.002285351272136046,
        0.0022853512707609078
    ],
    "t max": [
        151.9260250268179,
        238.18822092986318,
        323.1956939834096,
        409.45788988645495,
        468.9526650001916
    ],
    "R max": [
        0.002426043498649341,
        0.002285796736726263,
        0.002285352736776329,
        0.002285351281308866,
        0.002285351276849644
    ],
    "R end": 0.0022853512718964747,
    "v end": 4.228204479421441e-07,
    "t end": 522.8011872911835,
    "v max": 103.49989945550948
}