{
    "star": "MS10",
    "grain": "gra",
    "stream": {
        "L4": 0.64,
        "eta": 0.0066,
        "vinf": 80.0,
        "n": 0.009999999999999816,
        "T": 8000.0,
        "kappa": 600.0,
        "cs": 10.19646997739904,
        "taustar": 8.899999999999918e-05,
        "Rstar": 2.21000000000002,
        "Qp": 2.0,
        "a": 0.02,
        "rho_d": 2.2,
        "kappa_d": 340909.0909090908,
        "drag_constant": 8.308151149276702e-05,
        "phi_norm": 1.0,
        "thetaB": 0.0,
        "b_hat": [
            1.0,
            0.0,
            0.0
        ],
        "Rstarstar": 0.22351136363636354,
        "Upstarstar": 6018.186128492974,
        "R0": 0.17973804505504382
    },
    "R sonic drift": 0.5321450119597623,
    "w sonic drift": 7.745966692414831,
    "R critical": 1.191324287058022,
    "w critical": 51.18469398657408,
    "R equilib drift": 1.059386913645896,
    "w equilib drift": 80.0,
    "t min": [
        65561.23395186814
    ],
    "R min": [
        0.13673063220155737
    ],
    "t max": [],
    "R max": [],
    "R end": 6.792663818329158,
    "v end": 0.37574975894771057,
    "t end": 260163.62679312757,
    "v max": 80.08646780314814
}