{
    "star": "MS10",
    "grain": "gra",
    "stream": {
        "L4": 0.64,
        "eta": 0.0066,
        "vinf": 90.0,
        "n": 0.06309573444801955,
        "T": 8000.0,
        "kappa": 600.0,
        "cs": 10.19646997739904,
        "taustar": 0.00019871812658164715,
        "Rstar": 0.7820594194873132,
        "Qp": 2.0,
        "a": 0.2,
        "rho_d": 2.2,
        "kappa_d": 34090.90909090909,
        "drag_constant": 3.272610347427721e-06,
        "phi_norm": 1.0,
        "Rstarstar": 0.017660157126823794,
        "Upstarstar": 152783.23629117687,
        "R0": 0.06369040451692022
    },
    "R sonic drift": 0.23770044548740382,
    "w sonic drift": 7.745966692414831,
    "R critical": 0.5321450119597623,
    "w critical": 43.32928075712418,
    "R equilib drift": 0.4437809452064211,
    "w equilib drift": 90.0,
    "t min": [
        26093.203539100385
    ],
    "R min": [
        0.016102250276793687
    ],
    "t max": [],
    "R max": [],
    "R end": 5.835007241876577,
    "v end": 62.154374872957504,
    "t end": 103298.50965597935,
    "v max": 88.06186822835497
}