{
    "star": "MS10",
    "grain": "gra",
    "stream": {
        "L4": 0.64,
        "eta": 0.0066,
        "vinf": 140.0,
        "n": 100.00000000000102,
        "T": 8000.0,
        "kappa": 600.0,
        "cs": 10.19646997739904,
        "taustar": 0.0050857142857143114,
        "Rstar": 0.01262857142857136,
        "Qp": 2.0,
        "a": 0.2,
        "rho_d": 2.2,
        "kappa_d": 34090.90909090909,
        "drag_constant": 0.0008858336918845884,
        "phi_norm": 1.0,
        "Rstarstar": 0.007298330241187381,
        "Upstarstar": 564.4400349418443,
        "R0": 0.001092153607848151
    },
    "R sonic drift": 0.005970765237835921,
    "w sonic drift": 7.745966692414831,
    "R critical": 0.0133668783513723,
    "w critical": 43.32928075712418,
    "R equilib drift": 0.00837980391595907,
    "w equilib drift": 140.0,
    "t min": [
        410.6734040941964,
        870.0538081865673,
        1304.0798835127653
    ],
    "R min": [
        0.0026886750376084447,
        0.006816069457738014,
        0.007975751792762267
    ],
    "t max": [
        593.1578492928362,
        1077.5589725623513,
        1522.2605547374642
    ],
    "R max": [
        0.013859746146725424,
        0.008827340209108806,
        0.008290398734247771
    ],
    "R end": 0.008192103185961766,
    "v end": -0.6346595947088736,
    "t end": 1668.047945142959,
    "v max": 115.96234882754399
}