{
    "star": "MS40",
    "grain": "gra",
    "stream": {
        "L4": 22.2,
        "eta": 0.4468,
        "vinf": 500.0,
        "n": 12.589254117941765,
        "T": 10000.0,
        "kappa": 600.0,
        "cs": 11.4,
        "taustar": 0.0029757503238507167,
        "Rstar": 0.05869468234619342,
        "Qp": 2.0,
        "a": 0.02,
        "rho_d": 2.2,
        "kappa_d": 340909.0909090908,
        "drag_constant": 0.0029721267951629588,
        "phi_norm": 1.5,
        "Rstarstar": 0.19847809090909085,
        "Upstarstar": 168.2297002986999,
        "R0": 0.039408044589882944
    },
    "R sonic drift": 0.05321450119597623,
    "w sonic drift": 8.6559494714014,
    "R critical": 0.1191324287058022,
    "w critical": 48.41952977064848,
    "R equilib drift": 0.04468054675571361,
    "w equilib drift": 500.0,
    "t min": [
        1004.0234685200378,
        1279.5887820193186,
        1558.4841899415512,
        1839.877168680998,
        2120.4376238147065,
        2401.8306025541533,
        2684.056104899338,
        2945.468517101073,
        3216.8712125716634,
        3799.637736588269
    ],
    "R min": [
        0.03392047518544196,
        0.041806432353977,
        0.042786978926656484,
        0.04288636639307607,
        0.04289609625719802,
        0.04289704458697699,
        0.04289713744008334,
        0.042897146006548335,
        0.042897146373460864,
        0.04289714668232755
    ],
    "t max": [
        1129.734532986477,
        1417.7877005718278,
        1699.1806793112746,
        1979.7411344449831,
        2261.13411318443,
        2542.527091923877,
        2818.9249290288953,
        3065.351916327346,
        3423.3370667946897,
        4148.465127392495
    ],
    "R max": [
        0.04717252033587554,
        0.04325622144527358,
        0.04293173173214442,
        0.04290051338555701,
        0.042897473828688235,
        0.042897178601745606,
        0.04289714922000188,
        0.04289714705547129,
        0.042897146798208545,
        0.042897146662866745
    ],
    "R end": 0.042897146661432496,
    "v end": -7.144829516227966e-09,
    "t end": 4162.618028690041,
    "v max": 169.82051124867266
}