{
    "star": "MS10",
    "grain": "gra",
    "stream": {
        "L4": 0.64,
        "eta": 0.0066,
        "vinf": 60.0,
        "n": 63.09573444801995,
        "T": 8000.0,
        "kappa": 600.0,
        "cs": 10.19646997739904,
        "taustar": 0.009426028385394853,
        "Rstar": 0.03709633546753461,
        "Qp": 2.0,
        "a": 0.02,
        "rho_d": 2.2,
        "kappa_d": 340909.0909090908,
        "drag_constant": 1.6567589883852925,
        "phi_norm": 1.0,
        "Rstarstar": 0.3973535353535352,
        "Upstarstar": 0.3017940469949157,
        "R0": 0.003383274330658777
    },
    "R sonic drift": 0.007516748085768888,
    "w sonic drift": 7.745966692414831,
    "R critical": 0.016827902832903904,
    "w critical": 43.32928075712418,
    "R equilib drift": 0.016827902832903904,
    "w equilib drift": 60.0,
    "t min": [
        1138.731772976476,
        1591.4805501839903,
        2018.749958977229,
        2444.059416353985,
        2870.348849438982,
        3307.4180153146344,
        3663.1491974062533,
        3986.541181125907,
        4314.833043386766,
        4842.059974420626
    ],
    "R min": [
        0.006650208444684567,
        0.016032869670326362,
        0.016112314722938028,
        0.016115611626211362,
        0.016115753610900466,
        0.01611575971583093,
        0.016115759988278206,
        0.016115759980115295,
        0.016115759995861647,
        0.016115759958106355
    ],
    "t max": [
        1384.7056757450605,
        1806.0952302888509,
        2231.404687665607,
        2656.714145042363,
        3091.8233595015327,
        3528.892525377185,
        3770.9465253128046,
        4159.016905776389,
        4502.008403660869
    ],
    "R max": [
        0.016440308466724056,
        0.01613219234470362,
        0.016116474109343356,
        0.016115790776237142,
        0.016115761293550933,
        0.016115760046345396,
        0.016115760025155784,
        0.016115759999906568,
        0.016115760033496105
    ],
    "R end": 0.01611575995556085,
    "v end": 3.0134453152386383e-07,
    "t end": 4899.878541206866,
    "v max": 121.48063977617612
}