{
    "star": "MS40",
    "grain": "gra",
    "stream": {
        "L4": 22.2,
        "eta": 0.4468,
        "vinf": 80.0,
        "n": 3.162277660168402,
        "T": 10000.0,
        "kappa": 600.0,
        "cs": 11.4,
        "taustar": 0.00932130045485125,
        "Rstar": 0.7319455485901807,
        "Qp": 2.0,
        "a": 0.02,
        "rho_d": 2.2,
        "kappa_d": 340909.0909090908,
        "drag_constant": 1.1391670180505193,
        "phi_norm": 1.5,
        "Rstarstar": 7.75305042613636,
        "Upstarstar": 0.43891720184776806,
        "R0": 0.4960818288821864
    },
    "R sonic drift": 0.1061768888461977,
    "w sonic drift": 8.6559494714014,
    "R critical": 0.23770044548740382,
    "w critical": 48.41952977064848,
    "R equilib drift": 0.22440369086039286,
    "w equilib drift": 80.0,
    "t min": [
        11991.087114143564,
        18562.825766310558,
        23784.918249786067,
        27262.852607567966,
        30429.330157190292,
        32983.27598409879,
        39150.12078565834,
        45503.83967211363
    ],
    "R min": [
        0.09546285944314892,
        0.2229476205386013,
        0.22294962424083886,
        0.22294962488303183,
        0.2229496248397968,
        0.22294962517026273,
        0.22294962495693693,
        0.22294962457204054
    ],
    "t max": [
        15780.478280085037,
        21345.173252536075,
        25975.497800508398,
        28446.388478574347,
        32246.161538121134,
        34665.142748160484,
        41880.55880385726,
        51463.04660156679
    ],
    "R max": [
        0.2230960219417938,
        0.2229496525629684,
        0.22294962523491177,
        0.222949625220298,
        0.2229496251858214,
        0.22294962530531814,
        0.2229496255866568,
        0.22294962467542923
    ],
    "R end": 0.2229496246026661,
    "v end": -5.329094054742083e-09,
    "t end": 51909.46802659552,
    "v max": 170.0449481472933
}