{
    "star": "MS10",
    "grain": "sil",
    "stream": {
        "L4": 0.64,
        "eta": 0.0066,
        "vinf": 200.0,
        "n": 2.5118864315095975,
        "T": 8000.0,
        "kappa": 600.0,
        "cs": 10.19646997739904,
        "taustar": 0.0005642219765161584,
        "Rstar": 0.0557766292520489,
        "Qp": 2.0,
        "a": 0.002,
        "rho_d": 3.5,
        "kappa_d": 2142857.1428571427,
        "drag_constant": 0.021108317951195242,
        "phi_norm": 0.7,
        "Rstarstar": 0.22478857142857145,
        "Upstarstar": 23.687344541429358,
        "R0": 0.004562892999700868
    },
    "R sonic drift": 0.05970765237835921,
    "w sonic drift": 7.745966692414831,
    "R critical": 0.12619146889603874,
    "w critical": 38.7741595142002,
    "R equilib drift": 0.05468720503888519,
    "w equilib drift": 200.0,
    "t min": [
        2804.6558149633706,
        3997.977314918643,
        5287.044766925122,
        6258.51589017638,
        7124.899992883634,
        8411.63217776691,
        8722.22270515253,
        8834.315527066137,
        8941.737814733344,
        9095.865444864554,
        9212.62880102456,
        9401.78543800377,
        9497.531390054977,
        10214.45839687742
    ],
    "R min": [
        0.03873987667367413,
        0.0521827303580476,
        0.05219254883349886,
        0.05219255376340754,
        0.05219255378264482,
        0.05219255378948647,
        0.052192553852192194,
        0.05219255386334785,
        0.05219255386828572,
        0.05219255385632453,
        0.05219255386854729,
        0.052192553846393104,
        0.052192553853261076,
        0.0521925537703511
    ],
    "t max": [
        3344.102520422603,
        4647.181575168282,
        5898.884753203558,
        6590.1238216708,
        7762.427917517272,
        8642.823622963724,
        8815.633390080537,
        8902.038273638942,
        8976.766821581345,
        9179.935061299757,
        9264.004677734963,
        9471.843451699775,
        9555.913068134982
    ],
    "R max": [
        0.05265185410157924,
        0.05219276673809119,
        0.05219255402645796,
        0.05219255387602732,
        0.05219255391674426,
        0.05219255385546738,
        0.05219255386207757,
        0.05219255386787835,
        0.052192553865451734,
        0.052192553867379476,
        0.052192553863292204,
        0.05219255385238384,
        0.0521925538496694
    ],
    "R end": 0.05219255384038571,
    "v end": 8.461225581037747e-08,
    "t end": 11676.33561600071,
    "v max": 55.75070768017895
}