{
    "star": "MS10",
    "grain": "sil",
    "stream": {
        "L4": 0.64,
        "eta": 0.0066,
        "vinf": 500.0,
        "n": 1258.9254117941816,
        "T": 8000.0,
        "kappa": 600.0,
        "cs": 10.19646997739904,
        "taustar": 0.005052542662686144,
        "Rstar": 0.000996580204495105,
        "Qp": 2.0,
        "a": 0.02,
        "rho_d": 3.5,
        "kappa_d": 214285.71428571426,
        "drag_constant": 0.002708280187004028,
        "phi_norm": 0.7,
        "Rstarstar": 0.0035966171428571427,
        "Upstarstar": 184.619007442178,
        "R0": 8.615191415287857e-05
    },
    "R sonic drift": 0.0026670428643266486,
    "w sonic drift": 7.745966692414831,
    "R critical": 0.0056367658625289105,
    "w critical": 38.7741595142002,
    "R equilib drift": 0.0011888265043843958,
    "w equilib drift": 500.0,
    "t min": [
        52.57352556404348,
        63.046505656563255,
        73.76983587081656,
        83.45004057784679,
        91.54469451389794,
        98.67967298330385,
        110.86337890766946
    ],
    "R min": [
        0.001065202689351078,
        0.0011502083365903396,
        0.0011506942033522318,
        0.0011506967656298023,
        0.001150696794657653,
        0.001150696786533642,
        0.0011506967861685655
    ],
    "t max": [
        57.66397803929213,
        68.38730825354544,
        79.15236348808769,
        87.53909256616129,
        94.63234601527826,
        104.06220060057495,
        121.83705924365631
    ],
    "R max": [
        0.001157432670911689,
        0.0011507324266354672,
        0.0011506969804772713,
        0.0011506968001593519,
        0.0011506967952959026,
        0.0011506967995531007,
        0.0011506967990405784
    ],
    "R end": 0.0011506967896937202,
    "v end": -2.0433133742700972e-08,
    "t end": 208.625101444617,
    "v max": 32.7541170312871
}