{
    "star": "MS10",
    "grain": "gra",
    "stream": {
        "L4": 0.64,
        "eta": 0.0066,
        "vinf": 140.0,
        "n": 794.3282347242919,
        "T": 8000.0,
        "kappa": 600.0,
        "cs": 10.19646997739904,
        "taustar": 0.01433349033614503,
        "Rstar": 0.004480786229749695,
        "Qp": 2.0,
        "a": 0.02,
        "rho_d": 2.2,
        "kappa_d": 340909.0909090908,
        "drag_constant": 0.7036427127339799,
        "phi_norm": 1.0,
        "Rstarstar": 0.0729833024118738,
        "Upstarstar": 0.7105879034222738,
        "R0": 0.00043376392259937037
    },
    "R sonic drift": 0.00211850745035458,
    "w sonic drift": 7.745966692414831,
    "R critical": 0.004742747411323311,
    "w critical": 43.32928075712418,
    "R equilib drift": 0.0029732666285342247,
    "w equilib drift": 140.0,
    "t min": [
        136.47962875555532,
        390.6181915813812,
        394.05089690133883,
        396.29991073165587,
        399.3775086047213,
        400.4428309453978,
        403.4020596694992,
        413.46343733144386,
        417.13288094932955,
        430.0351181864115
    ],
    "R min": [
        0.0018607396988411578,
        0.00290999585621748,
        0.0029099958561627517,
        0.0029099958561926366,
        0.002909995856201223,
        0.0029099958562054298,
        0.0029099958562491673,
        0.0029099958534492204,
        0.0029099958539519585,
        0.002909995854681673
    ],
    "t max": [
        372.15260434298864,
        391.8018830710218,
        395.58969583787155,
        398.1938171150807,
        399.73261605161343,
        402.33673732882266,
        404.5857511591397,
        416.8961426514014,
        421.03906286514336
    ],
    "R max": [
        0.0029099958612235316,
        0.0029099958562179094,
        0.0029099958561873405,
        0.0029099958562493642,
        0.002909995856198687,
        0.0029099958562525115,
        0.002909995856275816,
        0.002909995853928548,
        0.0029099958546962394
    ],
    "R end": 0.002909995856537856,
    "v end": 1.5054071042233132e-08,
    "t end": 591.8457448202746,
    "v max": 95.38937444520218
}