{
    "star": "MS10",
    "grain": "sil",
    "stream": {
        "L4": 0.64,
        "eta": 0.0066,
        "vinf": 80.0,
        "n": 0.001,
        "T": 8000.0,
        "kappa": 600.0,
        "cs": 10.19646997739904,
        "taustar": 2.8144271175498577e-05,
        "Rstar": 6.988633628972119,
        "Qp": 2.0,
        "a": 0.02,
        "rho_d": 3.5,
        "kappa_d": 214285.71428571426,
        "drag_constant": 3.282567474489795e-06,
        "phi_norm": 0.7,
        "Rstarstar": 0.14049285714285714,
        "Upstarstar": 152319.79354139985,
        "R0": 0.5679560035956595
    },
    "R sonic drift": 2.992471312188866,
    "w sonic drift": 7.745966692414831,
    "R critical": 6.32455532033676,
    "w critical": 38.7741595142002,
    "R equilib drift": 5.309511965911202,
    "w equilib drift": 80.0,
    "t min": [
        368970.5133333945
    ],
    "R min": [
        0.13332916632773495
    ],
    "t max": [],
    "R max": [],
    "R end": 74.60522580034932,
    "v end": 56.36774744734416,
    "t end": 1463007.5865717465,
    "v max": 78.23889753739644
}