{
    "star": "MS10",
    "grain": "sil",
    "stream": {
        "L4": 0.64,
        "eta": 0.0066,
        "vinf": 70.0,
        "n": 199.52623149688992,
        "T": 8000.0,
        "kappa": 600.0,
        "cs": 10.19646997739904,
        "taustar": 0.014367524739591513,
        "Rstar": 0.01788068781130214,
        "Qp": 2.0,
        "a": 0.002,
        "rho_d": 3.5,
        "kappa_d": 2142857.1428571427,
        "drag_constant": 111.73299749219044,
        "phi_norm": 0.7,
        "Rstarstar": 1.835008746355685,
        "Upstarstar": 0.0044749537846682005,
        "R0": 0.0017316577372073507
    },
    "R sonic drift": 0.00669930878315656,
    "w sonic drift": 7.745966692414831,
    "R critical": 0.014158915687682763,
    "w critical": 38.7741595142002,
    "R equilib drift": 0.012895509493543473,
    "w equilib drift": 70.0,
    "t min": [
        862.4243299326887,
        2691.3328698854307,
        2909.9334812919806,
        3163.7198075482142,
        3223.6103860157623,
        3303.714034716107,
        3352.3751297209897,
        3389.058109032363,
        3402.5334891875614,
        3406.276650341783,
        3410.768443726849,
        3606.1614559772243
    ],
    "R min": [
        0.0062333850066892335,
        0.012504170794340292,
        0.01250417080501402,
        0.012504170813094267,
        0.012504170812115486,
        0.012504170811006531,
        0.012504170803391649,
        0.012504170807626449,
        0.01250417080783938,
        0.012504170807824925,
        0.01250417080787733,
        0.012504170791893702
    ],
    "t max": [
        2621.7100724169063,
        2782.666002048441,
        3022.2283159186322,
        3218.3699603998516,
        3228.1021794008284,
        3323.17847271806,
        3374.085464415476,
        3398.79032803334,
        3403.2821214184055,
        3409.2711792651608,
        3476.648080041152
    ],
    "R max": [
        0.012504170803297972,
        0.012504170810733538,
        0.012504170813303097,
        0.012504170812177832,
        0.012504170811986164,
        0.012504170811736168,
        0.012504170807663905,
        0.012504170807894607,
        0.012504170807840666,
        0.012504170807864805,
        0.01250417081028797
    ],
    "R end": 0.012504170800723344,
    "v end": 1.4849143019922954e-07,
    "t end": 3743.1611542217393,
    "v max": 103.40430671111183
}