{
    "star": "MS40",
    "grain": "gra",
    "stream": {
        "L4": 22.2,
        "eta": 0.4468,
        "vinf": 20.0,
        "n": 2511.886431509613,
        "T": 10000.0,
        "kappa": 600.0,
        "cs": 11.4,
        "taustar": 1.0508397639656173,
        "Rstar": 0.10388163233188398,
        "Qp": 2.0,
        "a": 0.02,
        "rho_d": 2.2,
        "kappa_d": 340909.0909090908,
        "drag_constant": 231647.36678507476,
        "phi_norm": 1.5,
        "Rstarstar": 124.04880681818179,
        "Upstarstar": 2.158453199530241e-06,
        "R0": 0.12117420275831299
    },
    "R sonic drift": 0.0037672981789796047,
    "w sonic drift": 8.6559494714014,
    "R critical": 0.008433930068571646,
    "w critical": 48.41952977064848,
    "R equilib drift": 0.0044980487941156,
    "w equilib drift": 20.0,
    "t min": [
        1769.6181851902218,
        2109.9860459553684,
        2451.8273606632215,
        2792.1952214283683,
        3134.0365361362215,
        3474.4043969013683,
        3816.2457116092214,
        4156.613572374368,
        4498.454887082221,
        4838.822747847368,
        5179.190608612515,
        5521.031923320368,
        5861.3997840855145,
        6203.241098793367,
        6543.608959558514,
        6885.450274266367,
        7225.8181350315135
    ],
    "R min": [
        0.003571910986320336,
        0.003578042847899805,
        0.0035705290556722093,
        0.003576605067513094,
        0.00356916794698524,
        0.003575177695699752,
        0.003567838439421207,
        0.0035737620494963084,
        0.0035665909247364546,
        0.003572359278196516,
        0.0035785076156884536,
        0.003570971827073494,
        0.003577066773489384,
        0.0035696034268519667,
        0.0035756361191736485,
        0.003568261716330069,
        0.0035742163825916045
    ],
    "t max": [
        1813.8218034714098,
        2154.1896642365564,
        2496.0309789444095,
        2836.3988397095563,
        3178.2401544174095,
        3518.6080151825563,
        3860.4493298904085,
        4200.817190655556,
        4542.658505363409,
        4883.026366128555,
        5223.394226893702,
        5565.235541601555,
        5905.603402366702,
        6247.444717074556,
        6587.8125778397025,
        6929.653892547554,
        7270.0217533127025
    ],
    "R max": [
        0.008379015095182926,
        0.008353474578254605,
        0.008384354617027122,
        0.008359655584279268,
        0.008389338267305643,
        0.0083656926128461,
        0.008393775950323784,
        0.008371563089405327,
        0.008397090819209503,
        0.008377237801765696,
        0.008351457521149274,
        0.008382669406639282,
        0.008357680878013102,
        0.0083877812065403,
        0.008363765634380512,
        0.008392426978302258,
        0.008369693208318296
    ],
    "R end": 0.006644233288415231,
    "v end": -17.342394491601524,
    "t end": 7367.269713531315,
    "v max": 296.5784844855734
}