{
    "star": "MS40",
    "grain": "gra",
    "stream": {
        "L4": 22.2,
        "eta": 0.4468,
        "vinf": 170.0,
        "n": 12589.254117941868,
        "T": 10000.0,
        "kappa": 600.0,
        "cs": 11.4,
        "taustar": 0.2767690815103524,
        "Rstar": 0.005459084786883707,
        "Qp": 2.0,
        "a": 0.02,
        "rho_d": 2.2,
        "kappa_d": 340909.0909090908,
        "drag_constant": 222.40864536785537,
        "phi_norm": 1.5,
        "Rstarstar": 1.7169385026737967,
        "Upstarstar": 0.0022481140477836154,
        "R0": 0.005020390768321515
    },
    "R sonic drift": 0.0016827902832903898,
    "w sonic drift": 8.6559494714014,
    "R critical": 0.0037672981789796047,
    "w critical": 48.41952977064848,
    "R equilib drift": 0.0024323646794014477,
    "w equilib drift": 170.0,
    "t min": [
        88.19447179960231,
        372.9100756689067
    ],
    "R min": [
        0.001588064925499569,
        0.0024055973816406013
    ],
    "t max": [
        274.0300576811173
    ],
    "R max": [
        0.002405597383271124
    ],
    "R end": 0.0024055973819588085,
    "v end": 1.5446689639116395e-08,
    "t end": 387.15747058648947,
    "v max": 167.83811633993872
}