{
    "star": "MS10",
    "grain": "sil",
    "stream": {
        "L4": 0.64,
        "eta": 0.0066,
        "vinf": 40.0,
        "n": 0.0019952623149688807,
        "T": 8000.0,
        "kappa": 600.0,
        "cs": 10.19646997739904,
        "taustar": 7.950967940287145e-05,
        "Rstar": 9.895147432472058,
        "Qp": 2.0,
        "a": 0.002,
        "rho_d": 3.5,
        "kappa_d": 2142857.1428571427,
        "drag_constant": 0.010479333085107293,
        "phi_norm": 0.7,
        "Rstarstar": 5.619714285714284,
        "Upstarstar": 47.71295996980714,
        "R0": 0.8046727175149541
    },
    "R sonic drift": 2.11850745035458,
    "w sonic drift": 7.745966692414831,
    "R critical": 4.477442277136685,
    "w critical": 38.7741595142002,
    "R equilib drift": 4.477442277136685,
    "w equilib drift": 40.0,
    "t min": [
        511236.35437575344,
        1436764.7301256992
    ],
    "R min": [
        1.2413209197263535,
        1.24130757608274
    ],
    "t max": [
        974829.1262934747,
        1900357.5020434204
    ],
    "R max": [
        13.382960110878999,
        13.382959483455986
    ],
    "R end": 11.715307975705572,
    "v end": -22.315910201460397,
    "t end": 2071460.1068709618,
    "v max": 52.36660460794977
}