{
    "star": "MS10",
    "grain": "sil",
    "stream": {
        "L4": 0.64,
        "eta": 0.0066,
        "vinf": 30.0,
        "n": 19952.623149689072,
        "T": 8000.0,
        "kappa": 600.0,
        "cs": 10.19646997739904,
        "taustar": 0.33524224392380264,
        "Rstar": 0.004172160489303823,
        "Qp": 2.0,
        "a": 0.002,
        "rho_d": 3.5,
        "kappa_d": 2142857.1428571427,
        "drag_constant": 331198.67528240784,
        "phi_norm": 0.7,
        "Rstarstar": 9.990603174603171,
        "Upstarstar": 1.5096678740446592e-06,
        "R0": 0.0023739991154353123
    },
    "R sonic drift": 0.0006699308783156552,
    "w sonic drift": 7.745966692414831,
    "R critical": 0.0014158915687682763,
    "w critical": 38.7741595142002,
    "R equilib drift": 0.0012177202941420539,
    "w equilib drift": 30.0,
    "t min": [
        205.25000328982517,
        247.69745077869962,
        290.1448982675741,
        332.5923457564486,
        375.03979324532304,
        417.4872407341976,
        459.93468822307204,
        502.3821357119465,
        544.8295832008209,
        587.2770306896955,
        629.7244781785699,
        672.1719256674445,
        714.6193731563189,
        757.2415014990571,
        799.6889489879316,
        842.136396476806
    ],
    "R min": [
        0.0006363383401863823,
        0.0006365494066996139,
        0.0006367614319639438,
        0.0006369742620728873,
        0.0006371877820253005,
        0.0006374019135320569,
        0.0006376166115935823,
        0.0006378318296297687,
        0.0006380475311264764,
        0.0006382636766992086,
        0.0006384802776486524,
        0.0006386972443941055,
        0.0006389146239754984,
        0.0006355486511123444,
        0.0006357482667740835,
        0.0006359542057307208
    ],
    "t max": [
        218.70042903732858,
        261.14787652620305,
        303.59532401507755,
        346.042771503952,
        388.66489984669016,
        431.11234733556466,
        473.5597948244391,
        516.0072423133137,
        558.4546898021881,
        600.9021372910626,
        643.3495847799371,
        685.7970322688116,
        728.244479757686,
        770.6919272465605,
        813.1393747354349,
        855.5868222243095
    ],
    "R max": [
        0.0014058554677633679,
        0.001405695788660887,
        0.001405533559556772,
        0.0014053689730478712,
        0.0014074595002546454,
        0.0014073988202216578,
        0.0014073149681690664,
        0.001407215409956803,
        0.00140710424248841,
        0.0014069840206169923,
        0.0014068564086222668,
        0.0014067226937709975,
        0.00140658368982509,
        0.0014064401453237497,
        0.001406292547250013,
        0.0014061413643279336
    ],
    "R end": 0.0009142816950751296,
    "v end": -26.149276744236513,
    "t end": 873.4042693184049,
    "v max": 147.55617855806142
}