{
    "star": "MS10",
    "grain": "gra",
    "stream": {
        "L4": 0.64,
        "eta": 0.0066,
        "vinf": 30.0,
        "n": 25.118864315096026,
        "T": 8000.0,
        "kappa": 600.0,
        "cs": 10.19646997739904,
        "taustar": 0.011894843678087318,
        "Rstar": 0.11758745909549878,
        "Qp": 2.0,
        "a": 0.2,
        "rho_d": 2.2,
        "kappa_d": 34090.90909090909,
        "drag_constant": 0.1055308213048229,
        "phi_norm": 1.0,
        "Rstarstar": 0.15894141414141416,
        "Upstarstar": 4.737952323480582,
        "R0": 0.011051597557169864
    },
    "R sonic drift": 0.011913242870580215,
    "w sonic drift": 7.745966692414831,
    "R critical": 0.026670428643266485,
    "w critical": 43.32928075712418,
    "R equilib drift": 0.02165446926259356,
    "w equilib drift": 30.0,
    "t min": [
        3743.1079573333154,
        7287.411840584198,
        10831.715723835081,
        14376.019607085962
    ],
    "R min": [
        0.009432831762605365,
        0.00943159152052278,
        0.009430759750921187,
        0.009430338921562018
    ],
    "t max": [
        5227.9258856364895,
        8772.229768887371,
        12316.533652138256
    ],
    "R max": [
        0.06388120473237441,
        0.06388133284688802,
        0.06388140690431086
    ],
    "R end": 0.06068077698248942,
    "v end": 17.95828714983935,
    "t end": 15531.568287690106,
    "v max": 65.97427262073887
}