{
    "star": "MS10",
    "grain": "sil",
    "stream": {
        "L4": 0.64,
        "eta": 0.0066,
        "vinf": 200.0,
        "n": 10.000000000000082,
        "T": 8000.0,
        "kappa": 600.0,
        "cs": 10.19646997739904,
        "taustar": 0.0011257708470199478,
        "Rstar": 0.027954534515888363,
        "Qp": 2.0,
        "a": 0.02,
        "rho_d": 3.5,
        "kappa_d": 214285.71428571426,
        "drag_constant": 0.0008403372734693946,
        "phi_norm": 0.7,
        "Rstarstar": 0.022478857142857148,
        "Upstarstar": 594.9991935210883,
        "R0": 0.0023027225979024664
    },
    "R sonic drift": 0.029924713121888692,
    "w sonic drift": 7.745966692414831,
    "R critical": 0.0632455532033676,
    "w critical": 38.7741595142002,
    "R equilib drift": 0.027408529008246276,
    "w equilib drift": 200.0,
    "t min": [
        1454.8147440869461,
        2411.0365026702407,
        3385.9847583616533,
        4370.296262607126,
        5356.948578991112
    ],
    "R min": [
        0.010594697971573348,
        0.02370524221436933,
        0.025901403322427928,
        0.02613267174750878,
        0.026155709506166202
    ],
    "t max": [
        1841.0487469418877,
        2886.2213667887445,
        3876.3849013805034,
        4863.0372177644895,
        5849.689534148477
    ],
    "R max": [
        0.03648771570514465,
        0.026996496383174518,
        0.02623972247418754,
        0.02616629300355307,
        0.026159037516767993
    ],
    "R end": 0.02615903745338672,
    "v end": -6.380757816161919e-05,
    "t end": 5852.0303462869915,
    "v max": 123.26881863125251
}