{
    "star": "MS10",
    "grain": "gra",
    "stream": {
        "L4": 0.64,
        "eta": 0.0066,
        "vinf": 30.0,
        "n": 100.00000000000102,
        "T": 8000.0,
        "kappa": 600.0,
        "cs": 10.19646997739904,
        "taustar": 0.023733333333333453,
        "Rstar": 0.05893333333333302,
        "Qp": 2.0,
        "a": 0.02,
        "rho_d": 2.2,
        "kappa_d": 340909.0909090908,
        "drag_constant": 42.0125766758498,
        "phi_norm": 1.0,
        "Rstarstar": 1.5894141414141405,
        "Upstarstar": 0.011901198154490158,
        "R0": 0.006381978771619933
    },
    "R sonic drift": 0.005970765237835921,
    "w sonic drift": 7.745966692414831,
    "R critical": 0.0133668783513723,
    "w critical": 43.32928075712418,
    "R equilib drift": 0.010852943545386065,
    "w equilib drift": 30.0,
    "t min": [
        1832.4062693377118,
        2322.8123652097415,
        2813.2184610817712,
        3305.1814017026013,
        3795.5874975746315,
        4285.993593446661,
        4777.956534067491,
        5268.362629939521,
        5758.768725811551,
        6250.731666432381,
        6741.13776230441,
        7231.543858176441,
        7723.506798797272
    ],
    "R min": [
        0.005511488173558499,
        0.005516135479848452,
        0.005523107859342332,
        0.005511646774681547,
        0.005516438460481477,
        0.005523498140753596,
        0.005511813824276831,
        0.0055167471028270635,
        0.0055238915653710715,
        0.005511989478417612,
        0.00551706113328383,
        0.005524288610741007,
        0.005512173901814526
    ],
    "t max": [
        1978.7496757249207,
        2469.1557715969507,
        2959.5618674689804,
        3451.52480808981,
        3941.93090396184,
        4432.33699983387,
        4924.2999404547,
        5414.70603632673,
        5905.112132198759,
        6397.07507281959,
        6887.48116869162,
        7379.44410931245
    ],
    "R max": [
        0.014758378538723037,
        0.0147575828163143,
        0.01475624862762331,
        0.014758352461390128,
        0.0147575283873713,
        0.014756168887467757,
        0.01475832468862194,
        0.014757472771173445,
        0.014756087698337318,
        0.014758295575573203,
        0.014757415711104211,
        0.014758592784296521
    ],
    "R end": 0.011752823379802076,
    "v end": 67.48836007015201,
    "t end": 7784.223744000474,
    "v max": 139.29438871691053
}