{
    "star": "MS10",
    "grain": "sil",
    "stream": {
        "L4": 0.64,
        "eta": 0.0066,
        "vinf": 100.0,
        "n": 0.31622776601683955,
        "T": 8000.0,
        "kappa": 600.0,
        "cs": 10.19646997739904,
        "taustar": 0.0004003870235355296,
        "Rstar": 0.31439979969488074,
        "Qp": 2.0,
        "a": 0.02,
        "rho_d": 3.5,
        "kappa_d": 214285.71428571426,
        "drag_constant": 0.0004251807659038502,
        "phi_norm": 0.7,
        "Rstarstar": 0.08991542857142858,
        "Upstarstar": 1175.970410931216,
        "R0": 0.02566814813320088
    },
    "R sonic drift": 0.16827902832903915,
    "w sonic drift": 7.745966692414831,
    "R critical": 0.3556558820077846,
    "w critical": 38.7741595142002,
    "R equilib drift": 0.2517850823588335,
    "w equilib drift": 100.0,
    "t min": [
        16506.845915925584,
        53364.23711575942
    ],
    "R min": [
        0.049751996631407246,
        0.1520982683047
    ],
    "t max": [
        31262.965749859057
    ],
    "R max": [
        0.688362472501612
    ],
    "R end": 0.3325920717682244,
    "v end": 2.0371203004770537,
    "t end": 65816.76999970328,
    "v max": 90.23702444411114
}