{
    "star": "MS40",
    "grain": "gra",
    "stream": {
        "L4": 22.2,
        "eta": 0.4468,
        "vinf": 170.0,
        "n": 0.001584893192461114,
        "T": 10000.0,
        "kappa": 600.0,
        "cs": 11.4,
        "taustar": 9.820137584575108e-05,
        "Rstar": 15.385791383678605,
        "Qp": 2.0,
        "a": 0.02,
        "rho_d": 2.2,
        "kappa_d": 340909.0909090908,
        "drag_constant": 2.7999589545630583e-05,
        "phi_norm": 1.5,
        "Rstarstar": 1.7169385026737962,
        "Upstarstar": 17857.404630348465,
        "R0": 10.285850817782968
    },
    "R sonic drift": 4.742747411323311,
    "w sonic drift": 8.6559494714014,
    "R critical": 10.617688884619781,
    "w critical": 48.41952977064848,
    "R equilib drift": 6.855335095035575,
    "w equilib drift": 170.0,
    "t min": [
        274098.8913112955
    ],
    "R min": [
        1.1051038991634197
    ],
    "t max": [
        686556.6178864136
    ],
    "R max": [
        31.346328926677437
    ],
    "R end": 13.814926395881768,
    "v end": -76.39967740418771,
    "t end": 1091158.0068124821,
    "v max": 158.00399491656208
}