{
    "star": "MS10",
    "grain": "sil",
    "stream": {
        "L4": 0.64,
        "eta": 0.0066,
        "vinf": 20.0,
        "n": 0.006309573444801942,
        "T": 8000.0,
        "kappa": 600.0,
        "cs": 10.19646997739904,
        "taustar": 0.0002827808515618444,
        "Rstar": 11.12890064026043,
        "Qp": 2.0,
        "a": 0.002,
        "rho_d": 3.5,
        "kappa_d": 2142857.1428571427,
        "drag_constant": 0.5302169745359716,
        "phi_norm": 0.7,
        "Rstarstar": 22.47885714285714,
        "Upstarstar": 0.9430101713314318,
        "R0": 0.9072686063030387
    },
    "R sonic drift": 1.191324287058022,
    "w sonic drift": 7.745966692414831,
    "R critical": 2.5178508235883377,
    "w critical": 38.7741595142002,
    "R equilib drift": 1.5886564694485645,
    "w equilib drift": 20.0,
    "t min": [
        573580.8168643959,
        1065154.953169788,
        1556263.1424265492,
        2047371.3316833107
    ],
    "R min": [
        0.9891538801339256,
        0.988918895741727,
        0.9889220536992378,
        0.988927528941712
    ],
    "t max": [
        753902.3246844781,
        1245010.5139412393,
        1736118.7031980008,
        2227226.892454762
    ],
    "R max": [
        6.409175815473625,
        6.40916855071284,
        6.409161285707995,
        6.40915405276019
    ],
    "R end": 4.618034537040571,
    "v end": -19.153060442000687,
    "t end": 2329735.243153517,
    "v max": 50.42075187329527
}