{
    "star": "MS40",
    "grain": "gra",
    "stream": {
        "L4": 22.2,
        "eta": 0.4468,
        "vinf": 120.0,
        "n": 1.995262314968893,
        "T": 10000.0,
        "kappa": 600.0,
        "cs": 11.4,
        "taustar": 0.00493611475709109,
        "Rstar": 0.6143099007798674,
        "Qp": 2.0,
        "a": 0.02,
        "rho_d": 2.2,
        "kappa_d": 340909.0909090908,
        "drag_constant": 0.1419784289636693,
        "phi_norm": 1.5,
        "Rstarstar": 3.445800189393938,
        "Upstarstar": 3.5216617316419545,
        "R0": 0.4136571500198351
    },
    "R sonic drift": 0.133668783513723,
    "w sonic drift": 8.6559494714014,
    "R critical": 0.2992471312188869,
    "w critical": 48.41952977064848,
    "R equilib drift": 0.23770044548740382,
    "w equilib drift": 120.0,
    "t min": [
        10090.062914719842,
        17635.826717955923,
        24118.561440366597,
        28658.21841667837,
        34391.604770638354
    ],
    "R min": [
        0.11472360937366304,
        0.2340895754422531,
        0.23408973673667574,
        0.23408973708801367,
        0.2340897372049319
    ],
    "t max": [
        12782.489029269436,
        22123.20357553858,
        26157.486070802213,
        33110.74186177495
    ],
    "R max": [
        0.23462525343429133,
        0.2340897375562118,
        0.23408973728023644,
        0.23408973719504936
    ],
    "R end": 0.23408973727131085,
    "v end": 6.894447158765305e-09,
    "t end": 43566.765607598616,
    "v max": 150.6648463848604
}