{
    "star": "MS10",
    "grain": "gra",
    "stream": {
        "L4": 0.64,
        "eta": 0.0066,
        "vinf": 300.0,
        "n": 1258.9254117941816,
        "T": 8000.0,
        "kappa": 600.0,
        "cs": 10.19646997739904,
        "taustar": 0.00842090443781024,
        "Rstar": 0.0016609670074918417,
        "Qp": 2.0,
        "a": 0.2,
        "rho_d": 2.2,
        "kappa_d": 34090.90909090909,
        "drag_constant": 0.0005289070039217833,
        "phi_norm": 1.0,
        "Rstarstar": 0.001589414141414141,
        "Upstarstar": 945.3457721160028,
        "R0": 0.00014963570407934754
    },
    "R sonic drift": 0.0016827902832903898,
    "w sonic drift": 7.745966692414831,
    "R critical": 0.0037672981789796047,
    "w critical": 43.32928075712418,
    "R equilib drift": 0.0014158915687682763,
    "w equilib drift": 300.0,
    "t min": [
        54.27689632642192,
        83.32403081962428,
        112.59055454615897,
        142.12034535269248,
        171.69401400589246,
        201.26768265909243
    ],
    "R min": [
        0.0006681698087234271,
        0.001250024641746944,
        0.00135535871911307,
        0.0013680730786666967,
        0.0013695204967506547,
        0.0013696841236141577
    ],
    "t max": [
        66.38718200636731,
        97.58433098622663,
        127.28963317942602,
        156.90717967929245,
        186.48084833249246,
        216.05451698569243
    ],
    "R max": [
        0.0018483211126759116,
        0.0014137467698220358,
        0.0013745772692840836,
        0.0013702541660816877,
        0.0013697669994680059,
        0.0013697119933962457
    ],
    "R end": 0.00136971040759568,
    "v end": -0.0008247998514882473,
    "t end": 219.38923333234408,
    "v max": 170.24649161857363
}