{
    "star": "MS40",
    "grain": "gra",
    "stream": {
        "L4": 22.2,
        "eta": 0.4468,
        "vinf": 20.0,
        "n": 1.5848931924611238,
        "T": 10000.0,
        "kappa": 600.0,
        "cs": 11.4,
        "taustar": 0.02639590144795955,
        "Rstar": 4.135602272012516,
        "Qp": 2.0,
        "a": 0.02,
        "rho_d": 2.2,
        "kappa_d": 340909.0909090908,
        "drag_constant": 146.15960740253917,
        "phi_norm": 1.5,
        "Rstarstar": 124.04880681818176,
        "Upstarstar": 0.003420917782181412,
        "R0": 2.87362699127745
    },
    "R sonic drift": 0.14997884186649119,
    "w sonic drift": 8.6559494714014,
    "R critical": 0.33576080362451216,
    "w critical": 48.41952977064848,
    "R equilib drift": 0.17907054784369322,
    "w equilib drift": 20.0,
    "t min": [
        70625.74664063084,
        88810.11662285306,
        106994.48660507529,
        125178.85658729752,
        143363.22656951976,
        161488.9372937348,
        179673.30727595702,
        197857.67725817923,
        216042.04724040144,
        234226.4172226237,
        252410.78720484595,
        270536.497929061,
        288720.8679112832
    ],
    "R min": [
        0.14058196031784218,
        0.14052292877565523,
        0.1404726131379683,
        0.14043561416488592,
        0.1404201842539437,
        0.14064767590523192,
        0.14058252194263465,
        0.1405234321208334,
        0.14047302377752624,
        0.14043587024479331,
        0.1404201925932995,
        0.14064829031314374,
        0.14058309275158512
    ],
    "t max": [
        73382.73176696776,
        91567.10174918998,
        109751.47173141221,
        127877.18245562726,
        146061.5524378495,
        164245.9224200717,
        182430.29240229394,
        200614.66238451615,
        218799.0323667384,
        236924.74309095347,
        255109.1130731757,
        273293.4830553979,
        291477.85303762014
    ],
    "R max": [
        0.3983217113396145,
        0.39838638657576053,
        0.3984231527337645,
        0.3980023582570212,
        0.3981262821429861,
        0.39823332454797283,
        0.39832101725834923,
        0.3983859150002719,
        0.39842296410908085,
        0.39800115800687214,
        0.39812522807578626,
        0.39823243336345365,
        0.39832031237803706
    ],
    "R end": 0.3648338841771381,
    "v end": -18.39994191646382,
    "t end": 293296.29003584234,
    "v max": 182.01064708038382
}