{
    "star": "MS10",
    "grain": "sil",
    "stream": {
        "L4": 0.64,
        "eta": 0.0066,
        "vinf": 120.0,
        "n": 6.309573444801981,
        "T": 8000.0,
        "kappa": 600.0,
        "cs": 10.19646997739904,
        "taustar": 0.0014903859493623566,
        "Rstar": 0.05865445646154838,
        "Qp": 2.0,
        "a": 0.02,
        "rho_d": 3.5,
        "kappa_d": 214285.71428571426,
        "drag_constant": 0.004091180359073879,
        "phi_norm": 0.7,
        "Rstarstar": 0.062441269841269846,
        "Upstarstar": 122.21411820455282,
        "R0": 0.004853319158332395
    },
    "R sonic drift": 0.03767298178979601,
    "w sonic drift": 7.745966692414831,
    "R critical": 0.07962143411069948,
    "w critical": 38.7741595142002,
    "R equilib drift": 0.05023772863019165,
    "w equilib drift": 120.0,
    "t min": [
        3005.846043120773,
        5513.173502292594,
        8131.010007167385,
        10775.859834325123
    ],
    "R min": [
        0.01904114400027865,
        0.045632325963046276,
        0.04889157305289241,
        0.04912852507745135
    ],
    "t max": [
        4000.4274544474993,
        6795.078432447041,
        9452.207042460666,
        12099.512626189582
    ],
    "R max": [
        0.06591688365718675,
        0.050127970271027264,
        0.04921364976611666,
        0.049150938496422505
    ],
    "R end": 0.049150503477738625,
    "v end": -0.004405748605598659,
    "t end": 12278.78285588551,
    "v max": 89.79385483630327
}