{
    "star": "MS10",
    "grain": "sil",
    "stream": {
        "L4": 0.64,
        "eta": 0.0066,
        "vinf": 20.0,
        "n": 3162.277660168418,
        "T": 8000.0,
        "kappa": 600.0,
        "cs": 10.19646997739904,
        "taustar": 0.2001935117677655,
        "Rstar": 0.01571998998474398,
        "Qp": 2.0,
        "a": 0.002,
        "rho_d": 3.5,
        "kappa_d": 2142857.1428571427,
        "drag_constant": 265737.9786899082,
        "phi_norm": 0.7,
        "Rstarstar": 22.47885714285714,
        "Upstarstar": 1.8815526574899321e-06,
        "R0": 0.006097202046264598
    },
    "R sonic drift": 0.0016827902832903898,
    "w sonic drift": 7.745966692414831,
    "R critical": 0.003556558820077846,
    "w critical": 38.7741595142002,
    "R equilib drift": 0.002244036908603926,
    "w equilib drift": 20.0,
    "t min": [
        790.4594076964354,
        939.2053078957647,
        1088.6093757950912,
        1237.3552759944203,
        1386.1011761937493,
        1535.5052440930758,
        1684.251144292405,
        1833.6552121917314,
        1982.4011123910605,
        2131.8051802903865,
        2280.551080489716,
        2429.2969806890455,
        2578.7010485883716,
        2727.446948787701,
        2876.851016687027,
        3025.596916886356,
        3174.3428170856855
    ],
    "R min": [
        0.0015977417511783725,
        0.0016005365362622556,
        0.0015966644803562162,
        0.0015993954777040397,
        0.0016022489628900285,
        0.0015982719316770054,
        0.0016010884649140407,
        0.0015971744682684497,
        0.0015999405952328819,
        0.0015961386447893523,
        0.0015988080063852978,
        0.0016016434187470596,
        0.001597696409982239,
        0.0016004891769489282,
        0.0015966213971939625,
        0.0015993487161483837,
        0.001602200841884232
    ],
    "t max": [
        819.418786496305,
        968.164686695634,
        1117.5687545949604,
        1266.3146547942897,
        1415.0605549936188,
        1564.4646228929453,
        1713.2105230922743,
        1862.6145909916006,
        2011.36049119093,
        2160.106391390259,
        2309.510459289585,
        2458.2563594889148,
        2607.660427388241,
        2756.40632758757,
        2905.810395486896,
        3054.5562956862254,
        3203.302195885555
    ],
    "R max": [
        0.003567343043321932,
        0.0035618621582801904,
        0.003568660314591099,
        0.0035642739742035023,
        0.0035579956680427565,
        0.003566438741275074,
        0.0035606428934624613,
        0.0035681662379903017,
        0.0035631426027219896,
        0.003556684153098859,
        0.003565439392313907,
        0.0035593898022701345,
        0.0035674152965093435,
        0.003561965399565274,
        0.0035686817266570767,
        0.003564368961355702,
        0.0035581073987204217
    ],
    "R end": 0.002055270485824928,
    "v end": -15.306120023620382,
    "t end": 3290.83849998516,
    "v max": 154.26171306259354
}