{
    "star": "MS10",
    "grain": "sil",
    "stream": {
        "L4": 0.64,
        "eta": 0.0066,
        "vinf": 80.0,
        "n": 1258.9254117941816,
        "T": 8000.0,
        "kappa": 600.0,
        "cs": 10.19646997739904,
        "taustar": 0.0315783916417884,
        "Rstar": 0.006228626278094407,
        "Qp": 2.0,
        "a": 0.02,
        "rho_d": 3.5,
        "kappa_d": 214285.71428571426,
        "drag_constant": 4.132507609564253,
        "phi_norm": 0.7,
        "Rstarstar": 0.14049285714285714,
        "Upstarstar": 0.12099191271730576,
        "R0": 0.0007385884082805395
    },
    "R sonic drift": 0.0026670428643266486,
    "w sonic drift": 7.745966692414831,
    "R critical": 0.0056367658625289105,
    "w critical": 38.7741595142002,
    "R equilib drift": 0.0047321075206507085,
    "w equilib drift": 80.0,
    "t min": [
        301.7240529642774,
        872.8352681689164,
        919.2543532403438,
        964.1087500509365,
        1000.096580050133,
        1278.8718718555024
    ],
    "R min": [
        0.0023738499376281374,
        0.004616981369226952,
        0.004616981378114828,
        0.004616981381102256,
        0.004616981384365309,
        0.004616981391591961
    ],
    "t max": [
        865.272608241549,
        901.5212196175513,
        942.4638957760574,
        986.7967298330386,
        1190.4669851183457
    ],
    "R max": [
        0.004616981369546111,
        0.0046169813804323,
        0.0046169813908421686,
        0.0046169813835408025,
        0.004616981393352715
    ],
    "R end": 0.004616981391891912,
    "v end": 1.459419378208984e-08,
    "t end": 1303.9068840288564,
    "v max": 89.30069849689986
}