{
    "star": "MS40",
    "grain": "gra",
    "stream": {
        "L4": 22.2,
        "eta": 0.4468,
        "vinf": 500.0,
        "n": 0.025118864315095874,
        "T": 10000.0,
        "kappa": 600.0,
        "cs": 11.4,
        "taustar": 0.0001329218844002027,
        "Rstar": 1.3140102608997746,
        "Qp": 2.0,
        "a": 0.02,
        "rho_d": 2.2,
        "kappa_d": 340909.0909090908,
        "drag_constant": 5.930172589697857e-06,
        "phi_norm": 1.5,
        "Rstarstar": 0.19847809090909088,
        "Upstarstar": 84314.5781066509,
        "R0": 0.8784998535351092
    },
    "R sonic drift": 1.191324287058022,
    "w sonic drift": 8.6559494714014,
    "R critical": 2.6670428643266484,
    "w critical": 48.41952977064848,
    "R equilib drift": 1.0002728450480713,
    "w equilib drift": 500.0,
    "t min": [
        23446.45548709699,
        74011.02920450091
    ],
    "R min": [
        0.15541021044541398,
        0.3600219044957839
    ],
    "t max": [
        45215.501599123454,
        89666.85003849254
    ],
    "R max": [
        5.042422001185074,
        2.3062871813619124
    ],
    "R end": 2.2042919675312316,
    "v end": -55.50336169481999,
    "t end": 93189.40972614067,
    "v max": 449.1708251242298
}