{
    "star": "MS20",
    "grain": "gra",
    "stream": {
        "L4": 5.45,
        "eta": 0.1199,
        "vinf": 120.0,
        "n": 0.12589254117941726,
        "T": 9000.0,
        "kappa": 600.0,
        "cs": 10.814989597775858,
        "taustar": 0.0006143374797414891,
        "Rstar": 1.2117395380176652,
        "Qp": 2.0,
        "a": 0.02,
        "rho_d": 2.2,
        "kappa_d": 340909.0909090908,
        "drag_constant": 0.0019792853196993463,
        "phi_norm": 1.5,
        "Rstarstar": 0.845928424873737,
        "Upstarstar": 252.61643433800137,
        "R0": 0.42032887157006993
    },
    "R sonic drift": 0.26670428643266486,
    "w sonic drift": 9.672835454459698,
    "R critical": 0.632455532033676,
    "w critical": 48.41952977064848,
    "R equilib drift": 0.4929423480396159,
    "w equilib drift": 120.0,
    "t min": [
        20897.280994702473,
        42350.89559325726,
        63526.34338988589,
        84997.34341356106
    ],
    "R min": [
        0.1718292257841863,
        0.4138829195654578,
        0.4659306793867093,
        0.4720088771344822
    ],
    "t max": [
        29468.295579052156,
        52590.91098916388,
        74235.7652640429
    ],
    "R max": [
        0.7185562888071279,
        0.49431441076863913,
        0.47500858313584743
    ],
    "R end": 0.47212017900921943,
    "v end": 0.10348125751377453,
    "t end": 86927.12560192376,
    "v max": 119.73066227944503
}