{
    "star": "MS10",
    "grain": "sil",
    "stream": {
        "L4": 0.64,
        "eta": 0.0066,
        "vinf": 300.0,
        "n": 0.25118864315095923,
        "T": 8000.0,
        "kappa": 600.0,
        "cs": 10.19646997739904,
        "taustar": 0.00011894843678087292,
        "Rstar": 0.11758745909549902,
        "Qp": 2.0,
        "a": 0.002,
        "rho_d": 3.5,
        "kappa_d": 2142857.1428571427,
        "drag_constant": 0.0004169544286655843,
        "phi_norm": 0.7,
        "Rstarstar": 0.09990603174603174,
        "Upstarstar": 1199.1718174098633,
        "R0": 0.009566847284259489
    },
    "R sonic drift": 0.18881217525718474,
    "w sonic drift": 7.745966692414831,
    "R critical": 0.3990524629937762,
    "w critical": 38.7741595142002,
    "R equilib drift": 0.12028395007776013,
    "w equilib drift": 300.0,
    "t min": [
        6153.969211851239,
        9053.719504475544,
        12022.394252272581,
        15020.608052286505,
        18018.82185230043,
        21021.958827683837,
        24015.249452328277
    ],
    "R min": [
        0.05427841919274092,
        0.10948243458941667,
        0.11869125650513658,
        0.11971532350959303,
        0.11982348701229191,
        0.11983484634400583,
        0.11983603707473654
    ],
    "t max": [
        7350.30082663512,
        10506.056238472438,
        13519.039564594803,
        16522.17653997821,
        19520.390339992133,
        22518.604140006057
    ],
    "R max": [
        0.16117812888180635,
        0.1234623344455999,
        0.12021021329117317,
        0.11987537049452231,
        0.11984028683546354,
        0.11983660820358558
    ],
    "R end": 0.11983612075457808,
    "v end": 0.0002020798128803291,
    "t end": 24615.876847404958,
    "v max": 159.347235105123
}