{
    "star": "MS10",
    "grain": "sil",
    "stream": {
        "L4": 0.64,
        "eta": 0.0066,
        "vinf": 170.0,
        "n": 316.2277660168418,
        "T": 8000.0,
        "kappa": 600.0,
        "cs": 10.19646997739904,
        "taustar": 0.007447852587927769,
        "Rstar": 0.005848349781979594,
        "Qp": 2.0,
        "a": 0.02,
        "rho_d": 3.5,
        "kappa_d": 214285.71428571426,
        "drag_constant": 0.050907049233588346,
        "phi_norm": 0.7,
        "Rstarstar": 0.031112605042016798,
        "Upstarstar": 9.821822469138542,
        "R0": 0.0005206407610094116
    },
    "R sonic drift": 0.0053214501195976175,
    "w sonic drift": 7.745966692414831,
    "R critical": 0.011246826503806984,
    "w critical": 38.7741595142002,
    "R equilib drift": 0.005445386224483021,
    "w equilib drift": 170.0,
    "t min": [
        290.6486823561808,
        460.5814418803506,
        645.4506543309964,
        756.6170416854244,
        884.6787610386531,
        1101.134898530535
    ],
    "R min": [
        0.0038163959085042733,
        0.00529295226608862,
        0.005292964431298871,
        0.0052929644147340325,
        0.005292964441950094,
        0.005292964433301
    ],
    "t max": [
        366.0655266406827,
        594.5197984505535,
        683.6487962413285,
        853.0918359974171,
        967.931121612454,
        1107.0115357475092
    ],
    "R max": [
        0.005299362441177243,
        0.005292964435642664,
        0.005292964433848187,
        0.005292964438325714,
        0.005292964440286733,
        0.0052929644328382165
    ],
    "R end": 0.005292964421332915,
    "v end": -4.832798867771513e-08,
    "t end": 1224.2994202029522,
    "v max": 56.072976240816025
}