{
    "star": "MS10",
    "grain": "gra",
    "stream": {
        "L4": 0.64,
        "eta": 0.0066,
        "vinf": 80.0,
        "n": 0.25118864315095923,
        "T": 8000.0,
        "kappa": 600.0,
        "cs": 10.19646997739904,
        "taustar": 0.0004460566379282734,
        "Rstar": 0.4409529716081213,
        "Qp": 2.0,
        "a": 0.2,
        "rho_d": 2.2,
        "kappa_d": 34090.90909090909,
        "drag_constant": 2.086913214279936e-05,
        "phi_norm": 1.0,
        "Rstarstar": 0.02235113636363636,
        "Upstarstar": 23958.83051478587,
        "R0": 0.03602041152043034
    },
    "R sonic drift": 0.1191324287058022,
    "w sonic drift": 7.745966692414831,
    "R critical": 0.26670428643266486,
    "w critical": 43.32928075712418,
    "R equilib drift": 0.237167187750174,
    "w equilib drift": 80.0,
    "t min": [
        14747.224089161762
    ],
    "R min": [
        0.017533569795010296
    ],
    "t max": [],
    "R max": [],
    "R end": 2.416270600600592,
    "v end": 35.032803432022384,
    "t end": 58243.38107883793,
    "v max": 78.6550667251175
}