{
    "star": "MS40",
    "grain": "gra",
    "stream": {
        "L4": 22.2,
        "eta": 0.4468,
        "vinf": 60.0,
        "n": 50118.723362727964,
        "T": 10000.0,
        "kappa": 600.0,
        "cs": 11.4,
        "taustar": 1.5646429351441082,
        "Rstar": 0.007752066873679093,
        "Qp": 2.0,
        "a": 0.02,
        "rho_d": 2.2,
        "kappa_d": 340909.0909090908,
        "drag_constant": 57061.39028494249,
        "phi_norm": 1.5,
        "Rstarstar": 13.783200757575754,
        "Upstarstar": 8.762492422690609e-06,
        "R0": 0.009246993852560517
    },
    "R sonic drift": 0.0008433930068571646,
    "w sonic drift": 8.6559494714014,
    "R critical": 0.0018881217525718475,
    "w critical": 48.41952977064848,
    "R equilib drift": 0.0018881217525718475,
    "w equilib drift": 60.0,
    "t min": [
        126.66825554854542,
        167.02177098805598,
        207.485241510508,
        247.94871203296,
        288.412182555412,
        328.76569799492256,
        369.2291685173746,
        409.6926390398266,
        450.1561095622786,
        490.61958008473056,
        530.9730955242412
    ],
    "R min": [
        0.0007984562808199927,
        0.0008027417055774707,
        0.0008015004653849028,
        0.0008002645573180197,
        0.0007990363914630183,
        0.0008033353208065328,
        0.0008020920048738414,
        0.0008008534673880466,
        0.0007996210379922337,
        0.0007984010233694788,
        0.0008026847840089007
    ],
    "t max": [
        148.32940688801023,
        188.79287741046224,
        229.25634793291422,
        269.71981845536624,
        310.0733338948768,
        350.53680441732877,
        391.0002749397808,
        431.4637454622328,
        471.8172609017434,
        512.2807314241954
    ],
    "R max": [
        0.001853437317818505,
        0.0018534468934808836,
        0.001853453526682268,
        0.001853456987038574,
        0.0018534317679541254,
        0.0018534426829741315,
        0.0018534507414676331,
        0.00185345574817015,
        0.0018534256099477157,
        0.0018534378204771598
    ],
    "R end": 0.0018409479379686317,
    "v end": 7.333006364932155,
    "t end": 549.7754147072284,
    "v max": 275.85210954000803
}