{
    "star": "MS20",
    "grain": "gra",
    "stream": {
        "L4": 5.45,
        "eta": 0.1199,
        "vinf": 250.0,
        "n": 0.03981071705534985,
        "T": 9000.0,
        "kappa": 600.0,
        "cs": 10.814989597775858,
        "taustar": 0.00016582432918652547,
        "Rstar": 1.034309505977708,
        "Qp": 2.0,
        "a": 0.02,
        "rho_d": 2.2,
        "kappa_d": 340909.0909090908,
        "drag_constant": 3.3225639835490174e-05,
        "phi_norm": 1.5,
        "Rstarstar": 0.19490190909090904,
        "Upstarstar": 15048.619153028982,
        "R0": 0.3583175470791505
    },
    "R sonic drift": 0.4742747411323311,
    "w sonic drift": 9.672835454459698,
    "R critical": 1.1246826503806984,
    "w critical": 48.41952977064848,
    "R equilib drift": 0.5636765862528911,
    "w equilib drift": 250.0,
    "t min": [
        18594.20536249015,
        54358.000193776075
    ],
    "R min": [
        0.12133051729304209,
        0.3043465964646758
    ],
    "t max": [
        33493.31325071051,
        66066.56207007673
    ],
    "R max": [
        1.772118356284738,
        0.8003781435496192
    ],
    "R end": 0.5843140724635878,
    "v end": -39.45765597744063,
    "t end": 74198.74446324879,
    "v max": 216.5619063722363
}