{
    "star": "MS40",
    "grain": "gra",
    "stream": {
        "L4": 22.2,
        "eta": 0.4468,
        "vinf": 10.0,
        "n": 25118.86431509618,
        "T": 10000.0,
        "kappa": 600.0,
        "cs": 11.4,
        "taustar": 6.646094220010175,
        "Rstar": 0.06570051304498832,
        "Qp": 2.0,
        "a": 0.02,
        "rho_d": 2.2,
        "kappa_d": 340909.0909090908,
        "drag_constant": 37063578.68561204,
        "phi_norm": 1.5,
        "Rstarstar": 496.1952272727271,
        "Upstarstar": 1.349033249706398e-08,
        "R0": 0.07902654475305684
    },
    "R sonic drift": 0.001191324287058021,
    "w sonic drift": 8.6559494714014,
    "R critical": 0.0026670428643266486,
    "w critical": 48.41952977064848,
    "R equilib drift": 0.001191324287058021,
    "w equilib drift": 10.0,
    "t min": [
        1577.6967066635602,
        1618.7000469430623,
        1623.3595174293694,
        1628.018987915676,
        1638.2698229855516,
        1642.9292934718587,
        1644.7930816663813,
        1649.4525521526884,
        1654.1120226389955,
        1656.9077049307796,
        1659.703387222564,
        1662.499069514348,
        1664.362857708871,
        1669.0223281951778,
        1672.7499045842235,
        1675.545586876008,
        1678.341269167792,
        1682.0688455568377,
        1683.9326337513605,
        1686.7283160431448,
        1690.4558924321902,
        1692.319680626713,
        1696.047257015759,
        1698.842939307543,
        1700.7067275020656,
        1704.4343038911113,
        1707.2299861828958,
        1710.9575625719413,
        1713.7532448637255,
        1728.6635504199078,
        1836.7632657022311,
        1853.5373594529365,
        1862.8563004255502,
        1867.5157709118573,
        1870.3114532036416,
        1874.9709236899487,
        1881.4941823707786,
        1885.2217587598243,
        1888.9493351488697,
        1890.8131233433924,
        1895.4725938296995,
        1897.3363820242225,
        1899.2001702187451,
        1901.0639584132682,
        1905.723428899575,
        1918.7699462612345,
        1939.2716164009855,
        1941.1354045955086,
        1943.9310868872926,
        1947.6586632763383,
        1952.3181337626454,
        1956.0457101516909,
        1960.705180637998,
        1966.2965452215665,
        1970.9560157078736,
        1973.7516979996578,
        1975.6154861941804,
        1978.411168485965,
        1984.9344271667946,
        1986.7982153613175,
        1989.5938976531015,
        1991.4576858476244,
        1997.0490504311929,
        2047.3713316833089,
        2069.7367900175823,
        2083.715201476504,
        2088.3746719628107,
        2106.0806598107774,
        2214.1803750931003,
        2257.047503567125,
        2260.775079956171,
        2265.4345504424778,
        2271.0259150260463,
        2274.7534914150915,
        2276.617279609615,
        2279.412961901399,
        2284.0724323877057,
        2287.8000087767514,
        2290.595691068536,
        2297.1189497493656,
        2302.710314332934,
        2304.574102527457,
        2310.1654671110255,
        2314.8249375973323,
        2317.6206198891164,
        2320.416302180901,
        2323.211984472685,
        2326.0076667644694,
        2327.8714549589918,
        2329.7352431535146,
        2333.4628195425603,
        2336.2585018343443,
        2339.054184126129,
        2342.7817605151745,
        2344.6455487096973,
        2346.50933690422,
        2350.236913293266,
        2365.147218849448,
        2388.4445712809834,
        2407.082453226212,
        2412.67381780978,
        2414.5376060043027,
        2418.2651823933484,
        2420.128970587871,
        2423.856546976917,
        2426.652229268701,
        2429.447911560485,
        2433.1754879495306,
        2437.834958435838,
        2442.494428922145,
        2446.2220053111905,
        2451.813369894759,
        2455.5409462838047,
        2458.3366285755887,
        2467.655569548203,
        2470.451251839987,
        2476.9745105208167,
        2478.8382987153395,
        2482.565875104385,
        2487.2253455906925,
        2490.0210278824766,
        2494.6804983687834,
        2519.8416389948416,
        2594.393166775754,
        2625.1456719853804,
        2901.918218872018,
        4158.111461980393
    ],