{
    "star": "MS10",
    "grain": "gra",
    "stream": {
        "L4": 0.64,
        "eta": 0.0066,
        "vinf": 120.0,
        "n": 1.995262314968893,
        "T": 8000.0,
        "kappa": 600.0,
        "cs": 10.19646997739904,
        "taustar": 0.0008381056098095037,
        "Rstar": 0.10430401223259596,
        "Qp": 2.0,
        "a": 0.2,
        "rho_d": 2.2,
        "kappa_d": 34090.90909090909,
        "drag_constant": 3.274457460783726e-05,
        "phi_norm": 1.0,
        "Rstarstar": 0.009933838383838382,
        "Upstarstar": 15269.705164541287,
        "R0": 0.008561560618525609
    },
    "R sonic drift": 0.04226978079673296,
    "w sonic drift": 7.745966692414831,
    "R critical": 0.09463025179229617,
    "w critical": 43.32928075712418,
    "R equilib drift": 0.06573491859317404,
    "w equilib drift": 120.0,
    "t min": [
        3477.320090473138
    ],
    "R min": [
        0.007289235988620925
    ],
    "t max": [
        12308.390526262683
    ],
    "R max": [
        0.43340088395429055
    ],
    "R end": 0.42565634767919414,
    "v end": -10.120004116313938,
    "t end": 13777.020960670117,
    "v max": 113.40679569174212
}