{
    "star": "MS10",
    "grain": "sil",
    "stream": {
        "L4": 0.64,
        "eta": 0.0066,
        "vinf": 10.0,
        "n": 63.09573444801995,
        "T": 8000.0,
        "kappa": 600.0,
        "cs": 10.19646997739904,
        "taustar": 0.05655617031236912,
        "Rstar": 0.22257801280520767,
        "Qp": 2.0,
        "a": 0.002,
        "rho_d": 3.5,
        "kappa_d": 2142857.1428571427,
        "drag_constant": 84834.71592575616,
        "phi_norm": 0.7,
        "Rstarstar": 89.91542857142856,
        "Upstarstar": 5.893813570821401e-06,
        "R0": 0.03444873269818213
    },
    "R sonic drift": 0.011913242870580215,
    "w sonic drift": 7.745966692414831,
    "R critical": 0.025178508235883353,
    "w critical": 38.7741595142002,
    "R equilib drift": 0.011913242870580215,
    "w equilib drift": 10.0,
    "t min": [
        12878.776424152637,
        12944.009010960934,
        13018.560538741847,
        13055.836302632304,
        13587.015938071305
    ],
    "R min": [
        0.011327357549705777,
        0.011327357546591883,
        0.011327357546244917,
        0.011327357551530323,
        0.01132735754523085
    ],
    "t max": [
        12906.733247070479,
        12990.603715824005,
        13046.51736165969,
        13065.155243604919,
        19392.716164009867
    ],
    "R max": [
        0.011327357549172402,
        0.011327357546884782,
        0.011327357549869386,
        0.011327357552868551,
        0.011327357547439163
    ],
    "R end": 0.011327357547301478,
    "v end": -3.044736323966227e-11,
    "t end": 46594.70486307032,
    "v max": 4.3514303529663635e-07
}