{
    "star": "MS10",
    "grain": "sil",
    "stream": {
        "L4": 0.64,
        "eta": 0.0066,
        "vinf": 60.0,
        "n": 0.003981071705534978,
        "T": 8000.0,
        "kappa": 600.0,
        "cs": 10.19646997739904,
        "taustar": 7.487360487831631e-05,
        "Rstar": 4.670151940452078,
        "Qp": 2.0,
        "a": 0.02,
        "rho_d": 3.5,
        "kappa_d": 214285.71428571426,
        "drag_constant": 4.130176472241219e-05,
        "phi_norm": 0.7,
        "Rstarstar": 0.24976507936507933,
        "Upstarstar": 12106.020247814678,
        "R0": 0.37975476731018987
    },
    "R sonic drift": 1.4997884186649117,
    "w sonic drift": 7.745966692414831,
    "R critical": 3.1697863849222285,
    "w critical": 38.7741595142002,
    "R equilib drift": 3.017672870056147,
    "w equilib drift": 60.0,
    "t min": [
        248128.66137032254
    ],
    "R min": [
        0.20271418237512126
    ],
    "t max": [],
    "R max": [],
    "R end": 31.682678125222523,
    "v end": 28.515549206870702,
    "t end": 977654.3001194743,
    "v max": 59.02246890043323
}