{
    "star": "MS10",
    "grain": "sil",
    "stream": {
        "L4": 0.64,
        "eta": 0.0066,
        "vinf": 100.0,
        "n": 19952.623149689072,
        "T": 8000.0,
        "kappa": 600.0,
        "cs": 10.19646997739904,
        "taustar": 0.1005726731771408,
        "Rstar": 0.0012516481467911471,
        "Qp": 2.0,
        "a": 0.002,
        "rho_d": 3.5,
        "kappa_d": 2142857.1428571427,
        "drag_constant": 2682.7092697875037,
        "phi_norm": 0.7,
        "Rstarstar": 0.8991542857142857,
        "Upstarstar": 0.00018637874988205663,
        "R0": 0.00028270413045775224
    },
    "R sonic drift": 0.0006699308783156552,
    "w sonic drift": 7.745966692414831,
    "R critical": 0.0014158915687682763,
    "w critical": 38.7741595142002,
    "R equilib drift": 0.001002374467254545,
    "w equilib drift": 100.0,
    "t min": [
        59.95046904601532
    ],
    "R min": [
        0.000633971211113212
    ],
    "t max": [],
    "R max": [],
    "R end": 0.0009995337068260158,
    "v end": 2.6004035450324737e-09,
    "t end": 262.02128079552153,
    "v max": 79.58131986803636
}