{
    "star": "MS20",
    "grain": "gra",
    "stream": {
        "L4": 5.45,
        "eta": 0.1199,
        "vinf": 20.0,
        "n": 630.9573444802007,
        "T": 9000.0,
        "kappa": 600.0,
        "cs": 10.814989597775858,
        "taustar": 0.2609505773832988,
        "Rstar": 0.10269765550522662,
        "Qp": 2.0,
        "a": 0.02,
        "rho_d": 2.2,
        "kappa_d": 340909.0909090908,
        "drag_constant": 12856.223239851959,
        "phi_norm": 1.5,
        "Rstarstar": 30.453423295454538,
        "Upstarstar": 3.889167064632875e-05,
        "R0": 0.06507079358538619
    },
    "R sonic drift": 0.0037672981789796047,
    "w sonic drift": 9.672835454459698,
    "R critical": 0.008933671843019271,
    "w critical": 48.41952977064848,
    "R equilib drift": 0.00476457494119616,
    "w equilib drift": 20.0,
    "t min": [
        1759.3040075912782,
        2127.667493267844,
        2494.5575250017037,
        2862.9210106782693,
        3229.811042412129,
        3598.1745280886944,
        3965.064559822554,
        4333.42804549912,
        4700.31807723298,
        5067.208108966839,
        5435.571594643405,
        5802.461626377264,
        6170.825112053831,
        6537.715143787689,
        6906.078629464256,
        7272.968661198115
    ],
    "R min": [
        0.003719337362266828,
        0.003711991292149712,
        0.003718276764386518,
        0.0037110579401692283,
        0.0037172246339205297,
        0.0037102030395289114,
        0.0037161818616580303,
        0.0037096036804382193,
        0.003715150288440362,
        0.0037216620712176313,
        0.0037141321775745837,
        0.0037205864061177767,
        0.0037131311144477,
        0.003719517063060989,
        0.003712153258794819,
        0.00371845517458681
    ],
    "t max": [
        1812.3483495287037,
        2180.7118352052694,
        2547.601866939129,
        2914.4918986729886,
        3282.8553843495547,
        3649.745416083414,
        4018.1089017599797,
        4384.998933493839,
        4753.362419170405,
        5120.252450904264,
        5488.615936580831,
        5855.505968314689,
        6223.869453991256,
        6590.759485725115,
        6959.122971401682,
        7326.01300313554
    ],
    "R max": [
        0.00890513668328112,
        0.008920355449182927,
        0.008907893022535496,
        0.0088891943463447,
        0.008910509417154268,
        0.008892465305977261,
        0.008912963827443708,
        0.008895655228538059,
        0.008915224037202357,
        0.008898756616205037,
        0.008917244128537151,
        0.00890176098470536,
        0.008918950548440085,
        0.008904659176325123,
        0.008920206131446886,
        0.008907437173267073
    ],
    "R end": 0.008168495353334358,
    "v end": -18.063515068576308,
    "t end": 7367.269713531316,
    "v max": 252.64448709604065
}