{
    "star": "MS10",
    "grain": "gra",
    "stream": {
        "L4": 0.64,
        "eta": 0.0066,
        "vinf": 10.0,
        "n": 0.25118864315095923,
        "T": 8000.0,
        "kappa": 600.0,
        "cs": 10.19646997739904,
        "taustar": 0.0035684531034261874,
        "Rstar": 3.5276237728649704,
        "Qp": 2.0,
        "a": 0.02,
        "rho_d": 2.2,
        "kappa_d": 340909.0909090908,
        "drag_constant": 8.547996525690614,
        "phi_norm": 1.0,
        "Rstarstar": 14.304727272727268,
        "Upstarstar": 0.05849323856148896,
        "R0": 0.29944602233472906
    },
    "R sonic drift": 0.1191324287058022,
    "w sonic drift": 7.745966692414831,
    "R critical": 0.26670428643266486,
    "w critical": 43.32928075712418,
    "R equilib drift": 0.1191324287058022,
    "w equilib drift": 10.0,
    "t min": [
        123103.21024823184,
        130278.79479714468,
        137361.1899363314,
        144350.39566579193,
        151432.79080497863,
        158515.18594416534,
        165597.581083352,
        172679.9762225387,
        179762.3713617254,
        186751.57709118596,
        193833.97223037266,
        200823.17795983318,
        207719.1942795676,
        214615.21059930202,
        222256.74219684556,
        228314.0538290447,
        234744.1231001484,
        242106.08646851353,
        252822.86858701968,
        260464.40018456322,
        270994.80348361714,
        308363.75678379956
    ],
    "R min": [
        0.11242926754331695,
        0.11278484318642931,
        0.11294003200514978,
        0.11300256303467858,
        0.11302656796600856,
        0.11303566880604643,
        0.11303909334351693,
        0.11304037824836632,
        0.11304085953987865,
        0.11304103997769548,
        0.11304110594487896,
        0.1130411307580534,
        0.1130411402973597,
        0.11304114390217218,
        0.11304114537218328,
        0.11304114552500423,
        0.1130411457549699,
        0.11304114558092686,
        0.11304114554969508,
        0.11304114563982734,
        0.1130411458577424,
        0.11304114587906626
    ],
    "t max": [
        126644.40781782521,
        133726.80295701188,
        140809.19809619858,
        147891.59323538528,
        154973.98837457196,
        162056.38351375866,
        169138.77865294536,
        176221.17379213203,
        183303.56893131876,
        190292.77466077928,
        197375.16979996598,
        204271.1861197004,
        211167.2024394348,
        218435.9763980738,
        225238.80330808208,
        231762.06198891188,
        238378.51007946787,
        246392.799315916,
        257202.77084414833,
        265962.57535840553,
        307245.48386708583
    ],
    "R max": [
        0.11359673726560483,
        0.11322306597398772,
        0.11310652921574918,
        0.11306528898031398,
        0.1130501415277819,
        0.11304450746376866,
        0.11304240267748143,
        0.11304161483759669,
        0.11304132040387578,
        0.11304121073256404,
        0.11304117077740783,
        0.11304115513249473,
        0.11304114924968853,
        0.11304114680137095,
        0.11304114634019576,
        0.1130411460604867,
        0.1130411462203241,
        0.11304114602248584,
        0.11304114602988853,
        0.11304114592535677,
        0.11304114587894418
    ],
    "R end": 0.1130411458814539,
    "v end": 4.369883467424337e-11,
    "t end": 465947.0486307034,
    "v max": 0.5139946102166153
}