{
    "star": "MS40",
    "grain": "gra",
    "stream": {
        "L4": 22.2,
        "eta": 0.4468,
        "vinf": 140.0,
        "n": 19952.623149689072,
        "T": 10000.0,
        "kappa": 600.0,
        "cs": 11.4,
        "taustar": 0.4230955506078092,
        "Rstar": 0.005265513435255987,
        "Qp": 2.0,
        "a": 0.02,
        "rho_d": 2.2,
        "kappa_d": 340909.0909090908,
        "drag_constant": 766.3641979879916,
        "phi_norm": 1.5,
        "Rstarstar": 2.5316083024118727,
        "Upstarstar": 0.0006524313130919965,
        "R0": 0.005322192370600367
    },
    "R sonic drift": 0.00133668783513723,
    "w sonic drift": 8.6559494714014,
    "R critical": 0.002992471312188866,
    "w critical": 48.41952977064848,
    "R equilib drift": 0.002229635427539249,
    "w equilib drift": 140.0,
    "t min": [
        85.14190764456414,
        251.3179993192617,
        275.29216805075737,
        287.7647106618471,
        297.47387556868335,
        309.72236052807676,
        321.1493007645841,
        332.35218334939515,
        338.9245411324843,
        339.22328466807926,
        340.49294469435785,
        341.015745881649,
        342.13603414013016,
        342.2854059079276,
        347.8868472003332,
        358.7163003656505,
        359.31378743684047,
        359.53784508853664,
        359.83658862413165,
        360.2847039275241,
        361.47967806990397,
        362.7493380961825,
        363.1227675156762,
        363.4215110512712,
        364.39242754195476,
        365.96083110382835,
        366.48363229111953
    ],
    "R min": [
        0.0012665994106369172,
        0.0021453708248721334,
        0.0021453708274161726,
        0.002145370827740389,
        0.0021453708272325,
        0.0021453708282091373,
        0.002145370828065175,
        0.0021453708279179284,
        0.0021453708273828464,
        0.0021453708273566113,
        0.002145370827443584,
        0.002145370827349976,
        0.0021453708272957854,
        0.002145370827307482,
        0.002145370827284906,
        0.002145370828741123,
        0.0021453708284497816,
        0.0021453708284457375,
        0.0021453708284368263,
        0.0021453708284574764,
        0.0021453708285319407,
        0.0021453708284075263,
        0.0021453708284788742,
        0.0021453708284158504,
        0.002145370828130228,
        0.0021453708277306264,
        0.002145370827699235
    ],
    "t max": [
        248.85336515060328,
        262.5208819040728,
        283.7316729313151,
        291.79774839237905,
        304.5690345390637,
        315.17443005268484,
        326.75074205698957,
        338.1029964095981,
        339.0739129002818,
        339.82077173926916,
        340.56763057825657,
        341.6879188367377,
        342.2107200240289,
        342.65883532742134,
        351.6211413952702,
        358.79098624954923,
        359.3884733207392,
        359.61253097243537,
        359.9112745080304,
        361.2556204182077,
        362.1518510249926,
        363.04808163177745,
        363.197453399575,
        363.57088281906863,
        365.3633440326384,
        366.2595746394233,
        369.47106764706916
    ],
    "R max": [
        0.0021453708240955363,
        0.002145370828151266,
        0.002145370827451538,
        0.0021453708276706,
        0.0021453708277097035,
        0.0021453708283515074,
        0.0021453708279167037,
        0.0021453708280659866,
        0.0021453708273538688,
        0.0021453708274596565,
        0.0021453708274480595,
        0.00214537082745243,
        0.0021453708273042166,
        0.0021453708272821336,
        0.002145370827423034,
        0.0021453708287474645,
        0.0021453708284502517,
        0.0021453708284437795,
        0.0021453708284571308,
        0.0021453708285291808,
        0.002145370828619618,
        0.0021453708284808366,
        0.0021453708284781643,
        0.0021453708284135944,
        0.0021453708279145895,
        0.0021453708277487673,
        0.0021453708291977918
    ],
    "R end": 0.002145370827824316,
    "v end": -4.0170921718313385e-07,
    "t end": 373.4294194937024,
    "v max": 197.7879908931141
}