{
    "star": "MS10",
    "grain": "gra",
    "stream": {
        "L4": 0.64,
        "eta": 0.0066,
        "vinf": 200.0,
        "n": 0.10000000000000041,
        "T": 8000.0,
        "kappa": 600.0,
        "cs": 10.19646997739904,
        "taustar": 0.00011257708470199454,
        "Rstar": 0.2795453451588842,
        "Qp": 2.0,
        "a": 0.02,
        "rho_d": 2.2,
        "kappa_d": 340909.0909090908,
        "drag_constant": 2.1268866942148834e-05,
        "phi_norm": 1.0,
        "Rstarstar": 0.03576181818181817,
        "Upstarstar": 23508.539564425155,
        "R0": 0.02274186311510131
    },
    "R sonic drift": 0.18881217525718474,
    "w sonic drift": 7.745966692414831,
    "R critical": 0.4226978079673296,
    "w critical": 43.32928075712418,
    "R equilib drift": 0.2055349718960453,
    "w equilib drift": 200.0,
    "t min": [
        9304.801448319075
    ],
    "R min": [
        0.02745444204167569
    ],
    "t max": [
        21127.807098127676
    ],
    "R max": [
        0.9997459836345538
    ],
    "R end": 0.12964939765486638,
    "v end": -64.64057749743924,
    "t end": 36923.81527110744,
    "v max": 179.16991685897457
}