{
    "star": "MS40",
    "grain": "gra",
    "stream": {
        "L4": 22.2,
        "eta": 0.4468,
        "vinf": 120.0,
        "n": 10000.000000000144,
        "T": 10000.0,
        "kappa": 600.0,
        "cs": 11.4,
        "taustar": 0.3494501633518983,
        "Rstar": 0.008677357988850384,
        "Qp": 2.0,
        "a": 0.02,
        "rho_d": 2.2,
        "kappa_d": 340909.0909090908,
        "drag_constant": 711.5777604704815,
        "phi_norm": 1.5,
        "Rstarstar": 3.4458001893939385,
        "Upstarstar": 0.0007026638939213184,
        "R0": 0.00840736748121486
    },
    "R sonic drift": 0.0018881217525718475,
    "w sonic drift": 8.6559494714014,
    "R critical": 0.004226978079673296,
    "w critical": 48.41952977064848,
    "R equilib drift": 0.0033576080362451217,
    "w equilib drift": 120.0,
    "t min": [
        140.55665679868233,
        434.2240675882235,
        461.30153212036896,
        486.40972650472196,
        503.88699906637953,
        505.2408722929868,
        506.8409042880681,
        510.65636519941586,
        511.148682736364,
        513.7333498053415,
        513.9795085738156,
        515.8256993373708,
        517.4257313324522,
        522.7181448546443,
        587.5809803475564
    ],
    "R min": [
        0.0017816401199700269,
        0.0033066054243052,
        0.003306605425399394,
        0.0033066054255047714,
        0.003306605426697853,
        0.0033066054270536028,
        0.0033066054270759664,
        0.003306605426765132,
        0.0033066054267027363,
        0.003306605425821382,
        0.0033066054258206116,
        0.0033066054256868905,
        0.0033066054255067724,
        0.0033066054239764635,
        0.003306605419394961
    ],
    "t max": [
        426.4700663812909,
        448.5012761597184,
        472.7479148544123,
        497.48687108605424,
        505.1177929087497,
        505.61011044569784,
        507.3332218250162,
        510.77944458365283,
        511.27176212060095,
        513.8564291895785,
        515.2103024161858,
        516.194937490082,
        519.0257633275336,
        529.6105903719176
    ],
    "R max": [
        0.0033066054232623802,
        0.003306605426034697,
        0.0033066054271417957,
        0.003306605427407269,
        0.0033066054270571386,
        0.003306605427173466,
        0.0033066054272347595,
        0.003306605426763218,
        0.0033066054267169255,
        0.0033066054258177953,
        0.003306605425859615,
        0.0033066054257206126,
        0.003306605425586622,
        0.003306605424864653
    ],
    "R end": 0.003306605422391397,
    "v end": 4.141911632378356e-08,
    "t end": 615.3969211851239,
    "v max": 213.84027383364634
}