{
    "star": "MS40",
    "grain": "gra",
    "stream": {
        "L4": 22.2,
        "eta": 0.4468,
        "vinf": 50.0,
        "n": 0.012589254117941701,
        "T": 10000.0,
        "kappa": 600.0,
        "cs": 11.4,
        "taustar": 0.0009410148771351918,
        "Rstar": 18.560888275404725,
        "Qp": 2.0,
        "a": 0.02,
        "rho_d": 2.2,
        "kappa_d": 340909.0909090908,
        "drag_constant": 0.029721267951629434,
        "phi_norm": 1.5,
        "Rstarstar": 19.847809090909085,
        "Upstarstar": 16.822970029870078,
        "R0": 12.42414044015313
    },
    "R sonic drift": 1.6827902832903914,
    "w sonic drift": 8.6559494714014,
    "R critical": 3.7672981789796047,
    "w critical": 48.41952977064848,
    "R equilib drift": 3.7672981789796047,
    "w equilib drift": 50.0,
    "t min": [
        313024.5581185887,
        568656.8927974362,
        824552.4945562825,
        1080184.82923513
    ],
    "R min": [
        1.3144233320312557,
        1.314672956616575,
        1.3144046197247414,
        1.314630905340405
    ],
    "t max": [
        427809.0049980712,
        683441.3396769187,
        939336.9414357649,
        1194969.2761146124
    ],
    "R max": [
        7.193022621819005,
        7.193003907481826,
        7.193023865293821,
        7.1930068878157645
    ],
    "R end": 2.07855932480885,
    "v end": -45.25694899019841,
    "t end": 1316335.3999940653,
    "v max": 96.49382738796162
}