{
    "star": "MS10",
    "grain": "gra",
    "stream": {
        "L4": 0.64,
        "eta": 0.0066,
        "vinf": 90.0,
        "n": 398.1071705535018,
        "T": 8000.0,
        "kappa": 600.0,
        "cs": 10.19646997739904,
        "taustar": 0.01578474186953167,
        "Rstar": 0.00984554476725569,
        "Qp": 2.0,
        "a": 0.02,
        "rho_d": 2.2,
        "kappa_d": 340909.0909090908,
        "drag_constant": 2.064877534331412,
        "phi_norm": 1.0,
        "Rstarstar": 0.17660157126823783,
        "Upstarstar": 0.24214511112006235,
        "R0": 0.000969935699044366
    },
    "R sonic drift": 0.002992471312188866,
    "w sonic drift": 7.745966692414831,
    "R critical": 0.00669930878315656,
    "w critical": 43.32928075712418,
    "R equilib drift": 0.005586871091903985,
    "w equilib drift": 90.0,
    "t min": [
        299.88404396750633,
        849.1946258056446,
        877.2843714678221,
        894.450327150264,
        952.4504501379083,
        989.3832638789196
    ],
    "R min": [
        0.0026795664592557146,
        0.005439570848116962,
        0.005439570838666705,
        0.005439570850487822,
        0.005439570849918816,
        0.005439570849098976
    ],
    "t max": [
        845.8134527166789,
        856.4771524588018,
        894.1902369126512,
        916.8180875849608,
        963.8944205928696
    ],
    "R max": [
        0.005439570848147382,
        0.005439570847763756,
        0.005439570850487601,
        0.005439570858858586,
        0.00543957084929223
    ],
    "R end": 0.005439570859074712,
    "v end": 2.3836500529467325e-08,
    "t end": 1300.4511880637742,
    "v max": 121.55561164713761
}