{
    "star": "MS40",
    "grain": "gra",
    "stream": {
        "L4": 22.2,
        "eta": 0.4468,
        "vinf": 80.0,
        "n": 1584.8931924611336,
        "T": 10000.0,
        "kappa": 600.0,
        "cs": 11.4,
        "taustar": 0.2086779236722223,
        "Rstar": 0.03269480669031683,
        "Qp": 2.0,
        "a": 0.02,
        "rho_d": 2.2,
        "kappa_d": 340909.0909090908,
        "drag_constant": 570.935966416172,
        "phi_norm": 1.5,
        "Rstarstar": 7.75305042613636,
        "Upstarstar": 0.000875754952238436,
        "R0": 0.028317439722811966
    },
    "R sonic drift": 0.004742747411323311,
    "w sonic drift": 8.6559494714014,
    "R critical": 0.01061768888461977,
    "w critical": 48.41952977064848,
    "R equilib drift": 0.010023744672545451,
    "w equilib drift": 80.0,
    "t min": [
        531.9122493709148,
        1304.0429339415973,
        1309.607839776341,
        1320.7376514458283,
        1328.1575258921532,
        1341.606048326117,
        1367.575608888254,
        1369.4305774998354,
        1371.7492882643119,
        1377.3141940990556,
        1388.4440057685429,
        1390.7627165330193,
        1393.5451694503913,
        1394.472653756182,
        1399.1100752851348,
        1403.2837546611925,
        1405.1387232727739,
        1411.6311134133082,
        1420.4422143183187,
        1422.2971829299001,
        1438.9919004341311,
        1449.1942277978278,
        1455.686617938362,
        1462.6427502317915,
        1468.2076560665353,
        1474.2363040541743,
        1480.2649520418133,
        1485.3661157236616,
        1490.46727940551,
        1491.3947637113004,
        1598.0554588772206,
        1877.2282349201942
    ],
    "R min": [
        0.0044804020528653905,
        0.009958793933466745,
        0.009958793934603047,
        0.00995879393613917,
        0.009958793937067034,
        0.009958793943908672,
        0.009958793941113998,
        0.00995879394107784,
        0.009958793941162352,
        0.009958793941072195,
        0.009958793939358748,
        0.00995879393941436,
        0.009958793939141357,
        0.00995879393913025,
        0.009958793938803143,
        0.009958793938695202,
        0.009958793938663675,
        0.009958793939225519,
        0.009958793940343791,
        0.009958793940363109,
        0.009958793941924537,
        0.009958793940944701,
        0.009958793940436462,
        0.009958793939346278,
        0.0099587939395671,
        0.009958793940111194,
        0.009958793939592854,
        0.009958793939091805,
        0.00995879393900509,
        0.009958793938969266,
        0.0099587939419881,
        0.009958793930496364
    ],
    "t max": [
        1303.579191788702,
        1307.7528711647599,
        1316.1002299168752,
        1325.8388151276768,
        1338.8235954087452,
        1345.7797277021748,
        1368.0393510411495,
        1371.2855461114166,
        1372.6767725701025,
        1380.5603891693227,
        1390.298974380124,
        1391.2264586859146,
        1394.0089116032864,
        1396.7913645206584,
        1400.965043896716,
        1404.211238966983,
        1410.7036291075176,
        1419.9784721654237,
        1421.8334407770049,
        1428.325830917539,
        1439.9193847399217,
        1450.5854542565137,
        1456.6141022441527,
        1467.74391391364,
        1473.3088197483837,
        1475.1637883599647,
        1481.656178500499,
        1488.6123107939288,
        1490.9310215584053,
        1543.3338848355747,
        1688.9489208447005
    ],
    "R max": [
        0.009958793933441326,
        0.009958793934307342,
        0.00995879393677237,
        0.009958793936704399,
        0.009958793944888654,
        0.009958793944429967,
        0.009958793941118847,
        0.00995879394116446,
        0.009958793941186839,
        0.00995879394171494,
        0.009958793939418462,
        0.009958793939424941,
        0.009958793939140578,
        0.009958793939383807,
        0.009958793938826293,
        0.009958793938709135,
        0.009958793939238026,
        0.009958793940344905,
        0.009958793940410392,
        0.009958793943268762,
        0.009958793941999248,
        0.009958793941066113,
        0.009958793940465602,
        0.009958793939568202,
        0.009958793940122787,
        0.00995879394016453,
        0.009958793939626297,
        0.009958793939295335,
        0.009958793939006647,
        0.009958793950800291,
        0.009958793943915254
    ],
    "R end": 0.009958793941342128,
    "v end": 4.089666697802647e-08,
    "t end": 2318.710764476524,
    "v max": 240.16418282163164
}