{
    "star": "MS10",
    "grain": "gra",
    "stream": {
        "L4": 0.64,
        "eta": 0.0066,
        "vinf": 250.0,
        "n": 0.006309573444801942,
        "T": 8000.0,
        "kappa": 600.0,
        "cs": 10.19646997739904,
        "taustar": 2.2622468124947553e-05,
        "Rstar": 0.8903120512208343,
        "Qp": 2.0,
        "a": 0.2,
        "rho_d": 2.2,
        "kappa_d": 34090.90909090909,
        "drag_constant": 5.4967287013051445e-09,
        "phi_norm": 1.0,
        "Rstarstar": 0.002288756363636363,
        "Upstarstar": 90963194.14150456,
        "R0": 0.07234943678537348
    },
    "R sonic drift": 0.7516748085768887,
    "w sonic drift": 7.745966692414831,
    "R critical": 1.6827902832903914,
    "w critical": 43.32928075712418,
    "R equilib drift": 0.7096267784671515,
    "w equilib drift": 250.0,
    "t min": [
        29422.79066423899
    ],
    "R min": [
        0.002815482944634283
    ],
    "t max": [],
    "R max": [],
    "R end": 21.565580562042207,
    "v end": 229.98212351001987,
    "t end": 117597.08498896478,
    "v max": 248.83564606465794
}