{
    "star": "MS10",
    "grain": "gra",
    "stream": {
        "L4": 0.64,
        "eta": 0.0066,
        "vinf": 50.0,
        "n": 398.1071705535018,
        "T": 8000.0,
        "kappa": 600.0,
        "cs": 10.19646997739904,
        "taustar": 0.02841253536515701,
        "Rstar": 0.017721980581060247,
        "Qp": 2.0,
        "a": 0.2,
        "rho_d": 2.2,
        "kappa_d": 34090.90909090909,
        "drag_constant": 0.21676258404397447,
        "phi_norm": 1.0,
        "Rstarstar": 0.05721890909090909,
        "Upstarstar": 2.306671154550204,
        "R0": 0.0020266070787604436
    },
    "R sonic drift": 0.002992471312188866,
    "w sonic drift": 7.745966692414831,
    "R critical": 0.00669930878315656,
    "w critical": 43.32928075712418,
    "R equilib drift": 0.00669930878315656,
    "w equilib drift": 50.0,
    "t min": [
        551.9635022617884,
        853.4601057024939,
        1154.9567091431993,
        1456.9214750116078,
        1758.4180784523135,
        2059.914681893019
    ],
    "R min": [
        0.002462940929804365,
        0.0024631063619572112,
        0.002463486232946832,
        0.002462935126059052,
        0.002463072645409495,
        0.002463424709320647
    ],
    "t max": [
        687.2624438679436,
        989.2272097363519,
        1290.7238131770573,
        1592.220416617763,
        1894.1851824861715,
        2195.681785926877
    ],
    "R max": [
        0.008912914917004968,
        0.008912962558777309,
        0.008912947410696861,
        0.008912919677789458,
        0.008912963736389761,
        0.008912950218935059
    ],
    "R end": 0.0032545794268014545,
    "v end": -44.34384384816919,
    "t end": 2340.8121385147942,
    "v max": 95.89089566281429
}