{
    "star": "MS10",
    "grain": "sil",
    "stream": {
        "L4": 0.64,
        "eta": 0.0066,
        "vinf": 10.0,
        "n": 10000.000000000144,
        "T": 8000.0,
        "kappa": 600.0,
        "cs": 10.19646997739904,
        "taustar": 0.7120000000000051,
        "Rstar": 0.017679999999999873,
        "Qp": 2.0,
        "a": 0.002,
        "rho_d": 3.5,
        "kappa_d": 2142857.1428571427,
        "drag_constant": 13445396.375510395,
        "phi_norm": 0.7,
        "Rstarstar": 89.91542857142856,
        "Upstarstar": 3.718744959506779e-08,
        "R0": 0.01483203270166609
    },
    "R sonic drift": 0.0009463025179229607,
    "w sonic drift": 7.745966692414831,
    "R critical": 0.0020000000000000005,
    "w critical": 38.7741595142002,
    "R equilib drift": 0.0009463025179229607,
    "w equilib drift": 10.0,
    "t min": [
        1032.6205615525444,
        1037.0619403119101,
        1049.6458467967798,
        1051.8665361764627,
        1054.0872255561455,
        1062.2297532816494,
        1067.4113618342428,
        1071.112510800381,
        1074.813659766519,
        1079.9952683191127,
        1082.2159576987954,
        1084.4366470784782,
        1088.878025837844,
        1093.31940459721,
        1098.5010131498034,
        1107.383770668535,
        1109.6044600482178,
        1111.0849196346733,
        1115.5262983940388,
        1119.227447360177,
        1126.6297452924532,
        1129.5906644653637,
        1137.7331921908678,
        1139.9538815705507,
        1189.5492777168017,
        1208.7952523407205,
        1276.1561635244348,
        1413.8389050647738,
        3458.353593959489
    ],
    "R min": [
        0.0008997639925871423,
        0.0008997639926254974,
        0.0008997639921817362,
        0.0008997639923174886,
        0.0008997639921411159,
        0.0008997639920971343,
        0.0008997639924207842,
        0.0008997639923160799,
        0.0008997639929570944,
        0.0008997639923811959,
        0.0008997639924038914,
        0.00089976399223816,
        0.0008997639923873665,
        0.0008997639922035339,
        0.0008997639924815884,
        0.000899763991195373,
        0.0008997639912798281,
        0.0008997639915427274,
        0.0008997639922371035,
        0.0008997639923695221,
        0.0008997639928624655,
        0.0008997639928153935,
        0.0008997639923941134,
        0.0008997639924828068,
        0.000899763992542507,
        0.0008997639926697046,
        0.000899763992083573,
        0.0008997639920995964,
        0.0008997639921286579
    ],
    "t max": [
        1034.1010211389996,
        1043.7240084509588,
        1051.126306383235,
        1052.6067659696903,
        1057.048144729056,
        1066.6711320410152,
        1068.1515916274705,
        1073.333200180064,
        1075.553889559747,
        1081.4757279055677,
        1082.9561874920232,
        1088.1377960446166,
        1091.0987152175271,
        1097.7607833565758,
        1099.9814727362586,
        1108.8642302549902,
        1110.3446898414454,
        1114.7860686008112,
        1117.006757980494,
        1124.4090559127703,
        1128.1102048789087,
        1131.8113538450466,
        1138.4734219840955,
        1171.0435328861113,
        1195.471116062623,
        1218.4182396526796,
        1326.4917894639136,
        1660.3354262095747
    ],
    "R max": [
        0.0008997639926325566,
        0.0008997639935141808,
        0.0008997639922097881,
        0.0008997639920630228,
        0.0008997639924293109,
        0.0008997639924136813,
        0.0008997639925241926,
        0.0008997639929820127,
        0.0008997639931734666,
        0.0008997639925884988,
        0.0008997639924637641,
        0.0008997639924269117,
        0.0008997639925266295,
        0.0008997639926284145,
        0.0008997639927516438,
        0.0008997639914740804,
        0.0008997639915260868,
        0.0008997639922035181,
        0.0008997639923219966,
        0.0008997639931671021,
        0.0008997639928857788,
        0.0008997639933333464,
        0.0008997639924062972,
        0.000899763993159075,
        0.0008997639928492615,
        0.0008997639925706647,
        0.0008997639926449285,
        0.0008997639924653317
    ],
    "R end": 0.000899763992253158,
    "v end": 2.121671735272583e-10,
    "t end": 3701.148966138151,
    "v max": 1.6225849312582256e-06
}