{
    "star": "MS10",
    "grain": "sil",
    "stream": {
        "L4": 0.64,
        "eta": 0.0066,
        "vinf": 140.0,
        "n": 15.848931924611271,
        "T": 8000.0,
        "kappa": 600.0,
        "cs": 10.19646997739904,
        "taustar": 0.002024659324529223,
        "Rstar": 0.03172153722077799,
        "Qp": 2.0,
        "a": 0.002,
        "rho_d": 3.5,
        "kappa_d": 2142857.1428571427,
        "drag_constant": 0.5547042166151508,
        "phi_norm": 0.7,
        "Rstarstar": 0.45875218658892114,
        "Upstarstar": 0.901381285779726,
        "R0": 0.002642084255332071
    },
    "R sonic drift": 0.02377004454874038,
    "w sonic drift": 7.745966692414831,
    "R critical": 0.05023772863019165,
    "w critical": 38.7741595142002,
    "R equilib drift": 0.028069446987657138,
    "w equilib drift": 140.0,
    "t min": [
        1541.9516105647544,
        4070.6991269431287,
        4257.964568019469,
        4708.198500820029,
        4984.448229500021,
        6222.25951377767
    ],
    "R min": [
        0.020017984910436704,
        0.02754408020513552,
        0.027544080151146413,
        0.027544080192217556,
        0.027544080221031973,
        0.02754408024808011
    ],
    "t max": [
        3973.7460971660166,
        4158.355290851203,
        4457.183122356,
        4928.6670342857915,
        6198.353287257286,
        6260.7751009493995
    ],
    "R max": [
        0.027544080239500904,
        0.02754408021057491,
        0.02754408018112038,
        0.027544080232557073,
        0.027544080248809766,
        0.02754408024503762
    ],
    "R end": 0.027544080229135036,
    "v end": -1.582536986099396e-07,
    "t end": 6640.618477884386,
    "v max": 54.1364941141549
}