{
    "star": "MS10",
    "grain": "gra",
    "stream": {
        "L4": 0.64,
        "eta": 0.0066,
        "vinf": 100.0,
        "n": 50118.723362727964,
        "T": 8000.0,
        "kappa": 600.0,
        "cs": 10.19646997739904,
        "taustar": 0.15939694506606694,
        "Rstar": 0.0007897365909228971,
        "Qp": 2.0,
        "a": 0.02,
        "rho_d": 2.2,
        "kappa_d": 340909.0909090908,
        "drag_constant": 170.55495336195565,
        "phi_norm": 1.0,
        "Rstarstar": 0.1430472727272727,
        "Upstarstar": 0.002931606442053246,
        "R0": 0.000255343248074076
    },
    "R sonic drift": 0.00026670428643266484,
    "w sonic drift": 7.745966692414831,
    "R critical": 0.0005970765237835921,
    "w critical": 43.32928075712418,
    "R equilib drift": 0.0004727475275963107,
    "w equilib drift": 100.0,
    "t min": [
        23.866711605264182
    ],
    "R min": [
        0.00025058097828821273
    ],
    "t max": [
        78.06751296057567
    ],
    "R max": [
        0.00045598752943227215
    ],
    "R end": 0.00045598752804906187,
    "v end": -1.4646191425660777e-07,
    "t end": 104.3125507223085,
    "v max": 132.80653464751006
}