{
    "star": "MS20",
    "grain": "gra",
    "stream": {
        "L4": 5.45,
        "eta": 0.1199,
        "vinf": 300.0,
        "n": 3.981071705535002,
        "T": 9000.0,
        "kappa": 600.0,
        "cs": 10.814989597775858,
        "taustar": 0.0013818694098877151,
        "Rstar": 0.08619245883147549,
        "Qp": 2.0,
        "a": 0.02,
        "rho_d": 2.2,
        "kappa_d": 340909.0909090908,
        "drag_constant": 0.0016023167358936307,
        "phi_norm": 1.5,
        "Rstarstar": 0.13534854797979792,
        "Upstarstar": 312.0481667572076,
        "R0": 0.02996478713821843
    },
    "R sonic drift": 0.047427474113233115,
    "w sonic drift": 9.672835454459698,
    "R critical": 0.11246826503806984,
    "w critical": 48.41952977064848,
    "R equilib drift": 0.050723321166369593,
    "w equilib drift": 300.0,
    "t min": [
        1488.9214722291922,
        2183.9163787016223,
        2901.1709085130274,
        3624.608667029703,
        4346.809779805324,
        5066.5376010988375,
        5736.799592750184
    ],
    "R min": [
        0.02984318821924368,
        0.047147216947283056,
        0.04886262429385809,
        0.04896846600460749,
        0.048974741016979066,
        0.04897511106176063,
        0.04897513333048487
    ],
    "t max": [
        1783.243158600079,
        2537.5970606431083,
        3262.271464900838,
        3985.7092234175143,
        4705.437044711027,
        5423.928220263486,
        6000.205135594718
    ],
    "R max": [
        0.058596285134103546,
        0.04944404478411935,
        0.04900258101189878,
        0.048976757039470485,
        0.04897523277057363,
        0.04897513994586513,
        0.04897513523683193
    ],
    "R end": 0.04897513458599052,
    "v end": -7.161374449519055e-06,
    "t end": 6183.228705270732,
    "v max": 165.3047421228265
}