{
    "star": "MS10",
    "grain": "sil",
    "stream": {
        "L4": 0.64,
        "eta": 0.0066,
        "vinf": 250.0,
        "n": 0.0019952623149688807,
        "T": 8000.0,
        "kappa": 600.0,
        "cs": 10.19646997739904,
        "taustar": 1.2721548704459431e-05,
        "Rstar": 1.5832235891955293,
        "Qp": 2.0,
        "a": 0.002,
        "rho_d": 3.5,
        "kappa_d": 2142857.1428571427,
        "drag_constant": 6.867735730655916e-06,
        "phi_norm": 0.7,
        "Rstarstar": 0.14386468571428568,
        "Upstarstar": 72804.19917267938,
        "R0": 0.12864183502938875
    },
    "R sonic drift": 2.11850745035458,
    "w sonic drift": 7.745966692414831,
    "R critical": 4.477442277136685,
    "w critical": 38.7741595142002,
    "R equilib drift": 1.6309325782189985,
    "w equilib drift": 250.0,
    "t min": [
        83454.9847856173
    ],
    "R min": [
        0.13019017569003594
    ],
    "t max": [
        188983.44847005155
    ],
    "R max": [
        10.66505435249492
    ],
    "R end": 1.4583151635022942,
    "v end": -97.77962640233491,
    "t end": 331433.6170993538,
    "v max": 226.82408807280316
}