{
    "star": "MS10",
    "grain": "sil",
    "stream": {
        "L4": 0.64,
        "eta": 0.0066,
        "vinf": 80.0,
        "n": 398.1071705535018,
        "T": 8000.0,
        "kappa": 600.0,
        "cs": 10.19646997739904,
        "taustar": 0.01775783460322313,
        "Rstar": 0.011076237863162653,
        "Qp": 2.0,
        "a": 0.02,
        "rho_d": 3.5,
        "kappa_d": 214285.71428571426,
        "drag_constant": 1.3068136494200862,
        "phi_norm": 0.7,
        "Rstarstar": 0.14049285714285714,
        "Upstarstar": 0.38261002264697835,
        "R0": 0.0011173466196213904
    },
    "R sonic drift": 0.004742747411323311,
    "w sonic drift": 7.745966692414831,
    "R critical": 0.010023744672545451,
    "w critical": 38.7741595142002,
    "R equilib drift": 0.008415009370063491,
    "w equilib drift": 80.0,
    "t min": [
        539.3321238172397,
        1546.580079905842,
        1722.8020980060578,
        1870.2721026267648,
        1987.598867309277,
        2185.1530244426767
    ],
    "R min": [
        0.004084848714621959,
        0.008210282922662192,
        0.008210282913502422,
        0.008210282954778063,
        0.008210282928261169,
        0.008210282930033593
    ],
    "t max": [
        1474.7000462070696,
        1635.6185732617405,
        1845.2300263704183,
        1905.0527640939129,
        2095.6507889338827,
        2281.6113922449003
    ],
    "R max": [
        0.008210282912986177,
        0.008210282931918113,
        0.008210282956724983,
        0.008210282943981411,
        0.00821028294678595,
        0.008210282934650636
    ],
    "R end": 0.008210282934452712,
    "v end": -2.0034591085111136e-07,
    "t end": 2318.7107644765247,
    "v max": 86.3944294117457
}