{
    "star": "MS10",
    "grain": "gra",
    "stream": {
        "L4": 0.64,
        "eta": 0.0066,
        "vinf": 200.0,
        "n": 15848.931924611368,
        "T": 8000.0,
        "kappa": 600.0,
        "cs": 10.19646997739904,
        "taustar": 0.044817744659872684,
        "Rstar": 0.0007021861594962597,
        "Qp": 2.0,
        "a": 0.02,
        "rho_d": 2.2,
        "kappa_d": 340909.0909090908,
        "drag_constant": 3.370888242797327,
        "phi_norm": 1.0,
        "Rstarstar": 0.03576181818181817,
        "Upstarstar": 0.14832885696177092,
        "R0": 9.633555050892479e-05
    },
    "R sonic drift": 0.00047427474113233113,
    "w sonic drift": 7.745966692414831,
    "R critical": 0.001061768888461977,
    "w critical": 43.32928075712418,
    "R equilib drift": 0.0005162805071063787,
    "w equilib drift": 200.0,
    "t min": [
        21.220840916489156,
        59.748538979031096
    ],
    "R min": [
        0.00043230544906810406,
        0.0005086401899683372
    ],
    "t max": [
        53.59004318858144,
        71.34209280141371
    ],
    "R max": [
        0.000508640191934551,
        0.0005086401925357734
    ],
    "R end": 0.0005086401919867148,
    "v end": -7.297496032062032e-08,
    "t end": 92.748430579061,
    "v max": 47.584399870858164
}