{
    "star": "MS10",
    "grain": "gra",
    "stream": {
        "L4": 0.64,
        "eta": 0.0066,
        "vinf": 10.0,
        "n": 79.43282347242886,
        "T": 8000.0,
        "kappa": 600.0,
        "cs": 10.19646997739904,
        "taustar": 0.06345706679512297,
        "Rstar": 0.19837286272058624,
        "Qp": 2.0,
        "a": 0.2,
        "rho_d": 2.2,
        "kappa_d": 34090.90909090909,
        "drag_constant": 27.03113845238849,
        "phi_norm": 1.0,
        "Rstarstar": 1.4304727272727271,
        "Upstarstar": 0.018497186157389527,
        "R0": 0.03282589618256395
    },
    "R sonic drift": 0.00669930878315656,
    "w sonic drift": 7.745966692414831,
    "R critical": 0.01499788418664912,
    "w critical": 43.32928075712418,
    "R equilib drift": 0.00669930878315656,
    "w equilib drift": 10.0,
    "t min": [
        6927.842664233597,
        7231.787349956402,
        7530.491610063297,
        7829.195870170192,
        8133.140555892998,
        8431.844815999893,
        8735.789501722698,
        9034.493761829592,
        9338.438447552397,
        9637.142707659294,
        9951.568244613918,
        10218.829951025351,
        10512.293785516336,
        10816.238471239141,
        11214.510818048333,
        11780.476784566661,
        12503.6555195623,
        21878.776946426075
    ],
    "R min": [
        0.006340050022859797,
        0.006351711224621793,
        0.0063553697754356216,
        0.006356394737816902,
        0.0063566698885967644,
        0.0063567440120427905,
        0.006356763656059555,
        0.0063567689320274045,
        0.006356770303810561,
        0.006356770660330653,
        0.006356770751887638,
        0.00635677076512191,
        0.006356770770909411,
        0.006356770772101613,
        0.006356770774163278,
        0.0063567707773548995,
        0.006356770777351117,
        0.0063567707775228684
    ],
    "t max": [
        7074.57458147909,
        7378.519267201895,
        7682.4639529247,
        7981.168213031595,
        8285.1128987544,
        8583.817158861295,
        8882.521418968188,
        9186.466104690995,
        9490.410790413802,
        9789.115050520695,
        10082.578885011679,
        10349.840591423113,
        10669.50655399365,
        11010.134219027828,
        11397.9257146052,
        12278.317218078153,
        18640.193915793425
    ],
    "R max": [
        0.0063685308551068055,
        0.006359612257269771,
        0.006357512422215981,
        0.006356966658400987,
        0.006356822955334634,
        0.006356784600237096,
        0.006356774407909784,
        0.006356771715725472,
        0.006356771015762584,
        0.00635677083489402,
        0.006356770792502533,
        0.006356770788953724,
        0.006356770780788583,
        0.0063567707840288205,
        0.0063567707802516405,
        0.006356770777309847,
        0.0063567707774591625
    ],
    "R end": 0.006356770777592073,
    "v end": 2.2535273197088343e-11,
    "t end": 26202.12807955218,
    "v max": 0.29805308440582673
}