{
    "star": "MS10",
    "grain": "gra",
    "stream": {
        "L4": 0.64,
        "eta": 0.0066,
        "vinf": 30.0,
        "n": 25118.86431509618,
        "T": 8000.0,
        "kappa": 600.0,
        "cs": 10.19646997739904,
        "taustar": 0.3761479843441071,
        "Rstar": 0.0037184419501365773,
        "Qp": 2.0,
        "a": 0.02,
        "rho_d": 2.2,
        "kappa_d": 340909.0909090908,
        "drag_constant": 10553.08213048235,
        "phi_norm": 1.0,
        "Rstarstar": 1.589414141414141,
        "Upstarstar": 4.737952323480556e-05,
        "R0": 0.0022807774311344882
    },
    "R sonic drift": 0.0003767298178979601,
    "w sonic drift": 7.745966692414831,
    "R critical": 0.0008433930068571646,
    "w critical": 43.32928075712418,
    "R equilib drift": 0.0006847744439190242,
    "w equilib drift": 30.0,
    "t min": [
        115.12586805678254,
        139.87989429424772,
        164.63392053171293,
        189.28971650633105,
        214.04374274379623,
        238.7977689812614,
        263.45356495587953,
        288.2075911933447,
        312.9616174308099,
        337.7156436682751,
        362.37143964289317,
        387.1254658803584,
        411.87949211782353,
        436.5352880924417,
        461.28931432990686,
        486.04334056737207
    ],
    "R min": [
        0.00035708602186581423,
        0.0003564931468641466,
        0.0003559237567498077,
        0.0003573041626874167,
        0.00035670710452143415,
        0.0003561252792187377,
        0.00035752332110195416,
        0.00035692284672542574,
        0.0003563338908653397,
        0.0003557867601273799,
        0.0003571400331954639,
        0.0003565460312605751,
        0.0003559726441267799,
        0.00035735842598373066,
        0.0003567604721419587,
        0.00035617656968683166
    ],
    "t max": [
        122.10021671892551,
        146.75601269354362,
        171.5100389310088,
        196.26406516847402,
        220.9198611430921,
        245.6738873805573,
        270.4279136180225,
        295.0837095926406,
        319.83773583010577,
        344.591762067571,
        369.34578830503614,
        394.00158427965425,
        418.75561051711946,
        443.5096367545847,
        468.16543272920273
    ],
    "R max": [
        0.0008357461009657861,
        0.0008351742432045298,
        0.0008355020387327111,
        0.0008357163889631139,
        0.0008350363097588842,
        0.0008353929762646158,
        0.0008356564639242457,
        0.0008348903506869568,
        0.0008352719871750275,
        0.0008355747681299788,
        0.0008357422528035426,
        0.0008351408231035228,
        0.0008354762125190963,
        0.0008357039247588543,
        0.0008350008059644491
    ],
    "R end": 0.000783837067902384,
    "v end": 38.040730275555745,
    "t end": 491.15131423542044,
    "v max": 191.91983689078458
}