{
    "star": "MS40",
    "grain": "gra",
    "stream": {
        "L4": 22.2,
        "eta": 0.4468,
        "vinf": 200.0,
        "n": 7.943282347242878,
        "T": 10000.0,
        "kappa": 600.0,
        "cs": 11.4,
        "taustar": 0.005909306254311374,
        "Rstar": 0.1847305678570234,
        "Qp": 2.0,
        "a": 0.02,
        "rho_d": 2.2,
        "kappa_d": 340909.0909090908,
        "drag_constant": 0.0732533293021269,
        "phi_norm": 1.5,
        "Rstarstar": 1.2404880681818178,
        "Upstarstar": 6.825628333393478,
        "R0": 0.1245717158995469
    },
    "R sonic drift": 0.0669930878315656,
    "w sonic drift": 8.6559494714014,
    "R critical": 0.14997884186649119,
    "w critical": 48.41952977064848,
    "R equilib drift": 0.08933671843019271,
    "w equilib drift": 200.0,
    "t min": [
        3034.2064316121423,
        7161.04160414161,
        9975.150159885514
    ],
    "R min": [
        0.0565627635701359,
        0.08675679047817009,
        0.08675679059745785
    ],
    "t max": [
        6445.723507569835,
        7829.195870170191
    ],
    "R max": [
        0.08675679049466742,
        0.08675679060868265
    ],
    "R end": 0.08675679096037636,
    "v end": 7.354380300966199e-08,
    "t end": 13101.064039776089,
    "v max": 133.2400857242727
}