{
    "star": "MS10",
    "grain": "gra",
    "stream": {
        "L4": 0.64,
        "eta": 0.0066,
        "vinf": 200.0,
        "n": 100000.00000000163,
        "T": 8000.0,
        "kappa": 600.0,
        "cs": 10.19646997739904,
        "taustar": 0.11257708470199523,
        "Rstar": 0.00027954534515888245,
        "Qp": 2.0,
        "a": 0.02,
        "rho_d": 2.2,
        "kappa_d": 340909.0909090908,
        "drag_constant": 21.268866942149092,
        "phi_norm": 1.0,
        "Rstarstar": 0.03576181818181818,
        "Upstarstar": 0.02350853956442486,
        "R0": 6.8734017030199e-05
    },
    "R sonic drift": 0.00020000000000000004,
    "w sonic drift": 6.557178316607908,
    "R critical": 0.0004226978079673296,
    "w critical": 43.32928075712418,
    "R equilib drift": 0.0002055349718960452,
    "w equilib drift": 200.0,
    "t min": [
        8.964399089847138
    ],
    "R min": [
        0.00017578317355740073
    ],
    "t max": [
        37.6410893720283
    ],
    "R max": [
        0.00020249330754604797
    ],
    "R end": 0.00020249330747882462,
    "v end": -2.1781437454639874e-08,
    "t end": 39.11168887367861,
    "v max": 43.222043798920886
}