{
    "star": "MS40",
    "grain": "gra",
    "stream": {
        "L4": 22.2,
        "eta": 0.4468,
        "vinf": 500.0,
        "n": 0.501187233627275,
        "T": 10000.0,
        "kappa": 600.0,
        "cs": 11.4,
        "taustar": 0.0005937402479935768,
        "Rstar": 0.29417025473720204,
        "Qp": 2.0,
        "a": 0.02,
        "rho_d": 2.2,
        "kappa_d": 340909.0909090908,
        "drag_constant": 0.00011832249889485567,
        "phi_norm": 1.5,
        "Rstarstar": 0.19847809090909085,
        "Upstarstar": 4225.739015572283,
        "R0": 0.19680718602558606
    },
    "R sonic drift": 0.26670428643266486,
    "w sonic drift": 8.6559494714014,
    "R critical": 0.5970765237835921,
    "w critical": 48.41952977064848,
    "R equilib drift": 0.22393319625450112,
    "w equilib drift": 500.0,
    "t min": [
        5182.247519884288,
        8524.421645027052,
        11532.79560785843,
        14516.134558516454,
        17503.64601120337,
        20495.32996591918
    ],
    "R min": [
        0.09357851174887276,
        0.1617587696251913,
        0.19302502769623708,
        0.20642608485422922,
        0.21174313732387431,
        0.21377470387511077
    ],
    "t max": [
        6625.933221881038,
        9951.417338908232,
        12993.17131797075,
        15997.372778773235,
        18993.229235517934
    ],
    "R max": [
        0.39259173835826583,
        0.26015730797888503,
        0.23022057928546358,
        0.22048360943906387,
        0.21701628073710844
    ],
    "R end": 0.21410316407775157,
    "v end": 1.5960101899185295,
    "t end": 20862.510144461703,
    "v max": 352.43920122415324
}