{
    "star": "MS10",
    "grain": "gra",
    "stream": {
        "L4": 0.64,
        "eta": 0.0066,
        "vinf": 120.0,
        "n": 1000.0000000000123,
        "T": 8000.0,
        "kappa": 600.0,
        "cs": 10.19646997739904,
        "taustar": 0.018762847450332496,
        "Rstar": 0.004659089085981383,
        "Qp": 2.0,
        "a": 0.2,
        "rho_d": 2.2,
        "kappa_d": 34090.90909090909,
        "drag_constant": 0.016411162764003867,
        "phi_norm": 1.0,
        "Rstarstar": 0.009933838383838382,
        "Upstarstar": 30.467067275494735,
        "R0": 0.00047568274839659383
    },
    "R sonic drift": 0.0018881217525718475,
    "w sonic drift": 7.745966692414831,
    "R critical": 0.004226978079673296,
    "w critical": 43.32928075712418,
    "R equilib drift": 0.0029362709566950096,
    "w equilib drift": 120.0,
    "t min": [
        146.21830847358544,
        240.1278786464354,
        345.23767278485457,
        450.7167050759848,
        555.949578598641
    ],
    "R min": [
        0.0013269948793185472,
        0.0028301501372082027,
        0.0028754606282981733,
        0.002876201203359366,
        0.002876213190617253
    ],
    "t max": [
        183.75752066587802,
        292.4366169471709,
        398.0387286225382,
        503.5177609136685,
        607.8890787466654
    ],
    "R max": [
        0.0032795536197852294,
        0.0028821472041176753,
        0.0028763090537239156,
        0.0028762149327681047,
        0.0028762134107745167
    ],
    "R end": 0.002876213404852721,
    "v end": -9.143901326468188e-07,
    "t end": 615.396921185124,
    "v max": 102.18998272879234
}