{
    "star": "MS20",
    "grain": "gra",
    "stream": {
        "L4": 5.45,
        "eta": 0.1199,
        "vinf": 300.0,
        "n": 25.118864315096026,
        "T": 9000.0,
        "kappa": 600.0,
        "cs": 10.814989597775858,
        "taustar": 0.003471099020815105,
        "Rstar": 0.03431383590844748,
        "Qp": 2.0,
        "a": 0.02,
        "rho_d": 2.2,
        "kappa_d": 340909.0909090908,
        "drag_constant": 0.010109935126956177,
        "phi_norm": 1.5,
        "Rstarstar": 0.13534854797979795,
        "Upstarstar": 49.456301521346774,
        "R0": 0.012001265395933658
    },
    "R sonic drift": 0.018881217525718474,
    "w sonic drift": 9.672835454459698,
    "R critical": 0.044774422771366805,
    "w critical": 48.41952977064848,
    "R equilib drift": 0.0201933178706197,
    "w equilib drift": 300.0,
    "t min": [
        579.4577409879128,
        777.8617083779967,
        995.4660597090566,
        1213.5627285770645,
        1376.0275157699373,
        1479.414198529038,
        1591.1702794162566,
        1698.9878200078904,
        1803.8514553778355,
        2460.1107321296518
    ],
    "R min": [
        0.014662198578844418,
        0.01945277136176516,
        0.019497146030955998,
        0.01949735119641744,
        0.0194973522444422,
        0.01949735220893864,
        0.01949735225381645,
        0.01949735223710445,
        0.019497352233345942,
        0.01949735220288051
    ],
    "t max": [
        665.120992416882,
        886.6638840435267,
        1104.2682353745865,
        1324.826491927335,
        1420.3360940952664,
        1534.061445130277,
        1673.3873080865892,
        1709.8188058207484,
        2068.718290255913
    ],
    "R max": [
        0.020221493968807642,
        0.01950039476016856,
        0.019497366348468152,
        0.019497352313331787,
        0.019497352283159266,
        0.01949735225683413,
        0.019497352232113217,
        0.01949735223876268,
        0.01949735226052322
    ],
    "R end": 0.019497352202510816,
    "v end": 3.770054169464996e-08,
    "t end": 2461.587684740496,
    "v max": 117.12143626725873
}