{
    "star": "MS10",
    "grain": "gra",
    "stream": {
        "L4": 0.64,
        "eta": 0.0066,
        "vinf": 170.0,
        "n": 0.012589254117941701,
        "T": 8000.0,
        "kappa": 600.0,
        "cs": 10.19646997739904,
        "taustar": 4.699277290958817e-05,
        "Rstar": 0.9269009756590944,
        "Qp": 2.0,
        "a": 0.02,
        "rho_d": 2.2,
        "kappa_d": 340909.0909090908,
        "drag_constant": 5.1294246138892065e-06,
        "phi_norm": 1.0,
        "Rstarstar": 0.04949732620320855,
        "Upstarstar": 97476.82004061904,
        "R0": 0.07534536131366423
    },
    "R sonic drift": 0.5321450119597623,
    "w sonic drift": 7.745966692414831,
    "R critical": 1.191324287058022,
    "w critical": 43.32928075712418,
    "R equilib drift": 0.647185365705293,
    "w equilib drift": 170.0,
    "t min": [
        30876.831377518476
    ],
    "R min": [
        0.04337478519277357
    ],
    "t max": [],
    "R max": [],
    "R end": 7.688259575967803,
    "v end": 24.80475718190294,
    "t end": 122429.9420202953,
    "v max": 160.9552184622777
}