{
    "star": "MS10",
    "grain": "gra",
    "stream": {
        "L4": 0.64,
        "eta": 0.0066,
        "vinf": 100.0,
        "n": 31.622776601684052,
        "T": 8000.0,
        "kappa": 600.0,
        "cs": 10.19646997739904,
        "taustar": 0.004003870235355303,
        "Rstar": 0.03143997996948803,
        "Qp": 2.0,
        "a": 0.02,
        "rho_d": 2.2,
        "kappa_d": 340909.0909090908,
        "drag_constant": 0.10761290046120207,
        "phi_norm": 1.0,
        "Rstarstar": 0.14304727272727275,
        "Upstarstar": 4.646283092985362,
        "R0": 0.002683132635101738
    },
    "R sonic drift": 0.01061768888461977,
    "w sonic drift": 7.745966692414831,
    "R critical": 0.02377004454874038,
    "w critical": 43.32928075712418,
    "R equilib drift": 0.018820418059752864,
    "w equilib drift": 100.0,
    "t min": [
        970.9146899694425,
        1546.4868714483339,
        2225.877988980416,
        2874.538701440754,
        4061.3967784008337
    ],
    "R min": [
        0.00857625403067011,
        0.018138939015583597,
        0.01815318020513825,
        0.01815319044828687,
        0.01815319041359152
    ],
    "t max": [
        1202.638555240165,
        1887.0129817028003,
        2559.7596873274783,
        3144.4679351790505
    ],
    "R max": [
        0.018696645075577206,
        0.01815356894128506,
        0.018153190744713714,
        0.018153190481839814
    ],
    "R end": 0.018153190415752696,
    "v end": 1.177973177926358e-08,
    "t end": 4152.757442127641,
    "v max": 105.17704019046157
}