{
    "star": "MS40",
    "grain": "gra",
    "stream": {
        "L4": 22.2,
        "eta": 0.4468,
        "vinf": 140.0,
        "n": 19.952623149688993,
        "T": 10000.0,
        "kappa": 600.0,
        "cs": 11.4,
        "taustar": 0.013379456078037123,
        "Rstar": 0.16651015505626499,
        "Qp": 2.0,
        "a": 0.02,
        "rho_d": 2.2,
        "kappa_d": 340909.0909090908,
        "drag_constant": 0.7663641979879884,
        "phi_norm": 1.5,
        "Rstarstar": 2.5316083024118723,
        "Upstarstar": 0.652431313091999,
        "R0": 0.11353005614225478
    },
    "R sonic drift": 0.04226978079673296,
    "w sonic drift": 8.6559494714014,
    "R critical": 0.09463025179229617,
    "w critical": 48.41952977064848,
    "R equilib drift": 0.07050726302827348,
    "w equilib drift": 140.0,
    "t min": [
        2711.317725059879,
        7968.628923651596,
        8422.089727842795,
        8877.912307055823,
        9352.629086443485,
        9735.23663997981,
        10219.400519454788,
        10972.806751418291
    ],
    "R min": [
        0.038059315068154555,
        0.06784258244803598,
        0.06784258247450362,
        0.06784258243654005,
        0.06784258236859875,
        0.06784258227143959,
        0.0678425824100034,
        0.0678425824022707
    ],
    "t max": [
        7697.0247961412415,
        8256.765476314753,
        8646.458354916565,
        9097.557384085936,
        9685.639364521396,
        10051.714492904917,
        10729.543924169888,
        11329.434779714495
    ],
    "R max": [
        0.06784258249200943,
        0.06784258245468622,
        0.06784258246897414,
        0.06784258249186735,
        0.06784258228157433,
        0.06784258244967045,
        0.06784258235683535,
        0.06784258245179181
    ],
    "R end": 0.0678425824396047,
    "v end": -4.44284181412466e-08,
    "t end": 11808.875109145816,
    "v max": 161.68679484846325
}