{
    "star": "MS10",
    "grain": "sil",
    "stream": {
        "L4": 0.64,
        "eta": 0.0066,
        "vinf": 140.0,
        "n": 0.1995262314968889,
        "T": 8000.0,
        "kappa": 600.0,
        "cs": 10.19646997739904,
        "taustar": 0.0002271705125796332,
        "Rstar": 0.28271849807062965,
        "Qp": 2.0,
        "a": 0.02,
        "rho_d": 3.5,
        "kappa_d": 214285.71428571426,
        "drag_constant": 6.983312343261868e-05,
        "phi_norm": 0.7,
        "Rstarstar": 0.045875218658892124,
        "Upstarstar": 7159.926055469155,
        "R0": 0.023032473270042705
    },
    "R sonic drift": 0.21185074503545798,
    "w sonic drift": 7.745966692414831,
    "R critical": 0.44774422771366806,
    "w critical": 38.7741595142002,
    "R equilib drift": 0.2501692096064487,
    "w equilib drift": 140.0,
    "t min": [
        14938.18659926373,
        57042.09288577807
    ],
    "R min": [
        0.03416482384189719,
        0.11728181553669884
    ],
    "t max": [
        31841.30107133077
    ],
    "R max": [
        0.9961030539419092
    ],
    "R end": 0.16175801845981427,
    "v end": 33.74007717598474,
    "t end": 59184.57448202746,
    "v max": 124.18786520436967
}