{
    "star": "MS20",
    "grain": "gra",
    "stream": {
        "L4": 5.45,
        "eta": 0.1199,
        "vinf": 20.0,
        "n": 15.848931924611271,
        "T": 9000.0,
        "kappa": 600.0,
        "cs": 10.814989597775858,
        "taustar": 0.04135787936635865,
        "Rstar": 0.6479784000191959,
        "Qp": 2.0,
        "a": 0.02,
        "rho_d": 2.2,
        "kappa_d": 340909.0909090908,
        "drag_constant": 322.93372716642153,
        "phi_norm": 1.5,
        "Rstarstar": 30.453423295454535,
        "Upstarstar": 0.0015483052959108497,
        "R0": 0.2522893581848874
    },
    "R sonic drift": 0.02377004454874038,
    "w sonic drift": 9.672835454459698,
    "R critical": 0.056367658625289106,
    "w critical": 48.41952977064848,
    "R equilib drift": 0.03006243552474004,
    "w equilib drift": 20.0,
    "t min": [
        11119.051579369616,
        13824.439547259715,
        16520.530649280776,
        19216.621751301835,
        21912.712853322897,
        24618.100821212993,
        27314.191923234055,
        30010.283025255114,
        32715.670993145213,
        35411.762095166276,
        38107.85319718734,
        40813.24116507743,
        43509.3322670985,
        46205.423369119555
    ],
    "R min": [
        0.023284964058387543,
        0.023248991200982567,
        0.02326048284289006,
        0.02328105807082999,
        0.02330490706271319,
        0.023257568078092913,
        0.023277240566462114,
        0.023300687517268978,
        0.02325493243614175,
        0.02327352448693587,
        0.02329652073767558,
        0.023252645933841284,
        0.02326992454982428,
        0.02329241163536294
    ],
    "t max": [
        11537.410543476331,
        14233.501645497394,
        16938.88961338749,
        19634.98071540855,
        22331.071817429613,
        25036.459785319712,
        27732.550887340774,
        30428.641989361833,
        33134.02995725193,
        35830.12105927299,
        38526.212161294054,
        41231.60012918415,
        43927.691231205215
    ],
    "R max": [
        0.061438263224095534,
        0.06139883248576275,
        0.06146959624908649,
        0.06144396354263821,
        0.061406232889227766,
        0.06147237341210348,
        0.06144931785158905,
        0.06141337628072876,
        0.061474565849209524,
        0.061454304448334954,
        0.06142024754405524,
        0.06147610800416904,
        0.06145889975090962
    ],
    "R end": 0.0556836481681629,
    "v end": 59.299277885650724,
    "t end": 46484.3293451907,
    "v max": 191.59832741584225
}