{
    "star": "MS20",
    "grain": "gra",
    "stream": {
        "L4": 5.45,
        "eta": 0.1199,
        "vinf": 250.0,
        "n": 0.39810717055349937,
        "T": 9000.0,
        "kappa": 600.0,
        "cs": 10.814989597775858,
        "taustar": 0.0005243825716989575,
        "Rstar": 0.3270773844453096,
        "Qp": 2.0,
        "a": 0.02,
        "rho_d": 2.2,
        "kappa_d": 340909.0909090908,
        "drag_constant": 0.0003322563983549025,
        "phi_norm": 1.5,
        "Rstarstar": 0.1949019090909091,
        "Upstarstar": 1504.861915302894,
        "R0": 0.11342732249593043
    },
    "R sonic drift": 0.14997884186649119,
    "w sonic drift": 9.672835454459698,
    "R critical": 0.3556558820077846,
    "w critical": 48.41952977064848,
    "R equilib drift": 0.1782501876267492,
    "w equilib drift": 250.0,
    "t min": [
        5757.992765983656,
        10502.353553603441,
        14974.535384069966,
        19493.644620942225
    ],
    "R min": [
        0.07138154566594067,
        0.1461268829004686,
        0.16717486509053933,
        0.1708932432514234
    ],
    "t max": [
        7705.4801318216505,
        12646.936026345522,
        17217.665410264086,
        21755.54560969864
    ],
    "R max": [
        0.2748803395720952,
        0.1835541272490383,
        0.17340801863902466,
        0.17188506336174122
    ],
    "R end": 0.1715310569476129,
    "v end": -0.14555423495027922,
    "t end": 23463.703202867386,
    "v max": 184.16173435570403
}