{
    "star": "MS10",
    "grain": "sil",
    "stream": {
        "L4": 0.64,
        "eta": 0.0066,
        "vinf": 300.0,
        "n": 0.0501187233627274,
        "T": 8000.0,
        "kappa": 600.0,
        "cs": 10.19646997739904,
        "taustar": 5.313231502202202e-05,
        "Rstar": 0.2632455303076338,
        "Qp": 2.0,
        "a": 0.002,
        "rho_d": 3.5,
        "kappa_d": 2142857.1428571427,
        "drag_constant": 8.319334585758189e-05,
        "phi_norm": 0.7,
        "Rstarstar": 0.09990603174603173,
        "Upstarstar": 6010.096058114389,
        "R0": 0.021400159338415378
    },
    "R sonic drift": 0.4226978079673296,
    "w sonic drift": 7.745966692414831,
    "R critical": 0.8933671843019271,
    "w critical": 38.7741595142002,
    "R equilib drift": 0.2692822216695803,
    "w equilib drift": 300.0,
    "t min": [
        13865.193894818405,
        24600.24862737256,
        34189.05521599896,
        43855.01312200511,
        53554.035878316885
    ],
    "R min": [
        0.07161937723258331,
        0.1950188579527849,
        0.24871573227500124,
        0.26356127147881625,
        0.26717041315717893
    ],
    "t max": [
        18130.559584241873,
        29086.04665216675,
        38950.39366000656,
        48682.48126662392
    ],
    "R max": [
        0.5537272363777016,
        0.31479719125230093,
        0.27836602625653284,
        0.2705938018215681
    ],
    "R end": 0.26763596519695754,
    "v end": 0.49587263905293116,
    "t end": 55108.08384268047,
    "v max": 215.1970616199783
}