{
    "star": "MS10",
    "grain": "gra",
    "stream": {
        "L4": 0.64,
        "eta": 0.0066,
        "vinf": 50.0,
        "n": 1.0000000000000062,
        "T": 8000.0,
        "kappa": 600.0,
        "cs": 10.19646997739904,
        "taustar": 0.0014240000000000045,
        "Rstar": 0.3535999999999989,
        "Qp": 2.0,
        "a": 0.2,
        "rho_d": 2.2,
        "kappa_d": 34090.90909090909,
        "drag_constant": 0.0005444829937190116,
        "phi_norm": 1.0,
        "Rstarstar": 0.057218909090909084,
        "Upstarstar": 918.3023267353553,
        "R0": 0.029234478507638266
    },
    "R sonic drift": 0.05970765237835921,
    "w sonic drift": 7.745966692414831,
    "R critical": 0.133668783513723,
    "w critical": 43.32928075712418,
    "R equilib drift": 0.133668783513723,
    "w equilib drift": 50.0,
    "t min": [
        11695.017752986312
    ],
    "R min": [
        0.024228137738642908
    ],
    "t max": [
        40390.78016286966
    ],
    "R max": [
        0.7472675311370175
    ],
    "R end": 0.7200970064099572,
    "v end": -8.449238160680446,
    "t end": 46705.342464002846,
    "v max": 56.386597027676444
}