{
    "star": "MS40",
    "grain": "gra",
    "stream": {
        "L4": 22.2,
        "eta": 0.4468,
        "vinf": 500.0,
        "n": 0.39810717055349937,
        "T": 10000.0,
        "kappa": 600.0,
        "cs": 11.4,
        "taustar": 0.0005291715530320381,
        "Rstar": 0.3300644545218503,
        "Qp": 2.0,
        "a": 0.02,
        "rho_d": 2.2,
        "kappa_d": 340909.0909090908,
        "drag_constant": 9.398690167531645e-05,
        "phi_norm": 1.5,
        "Rstarstar": 0.19847809090909088,
        "Upstarstar": 5319.890230314015,
        "R0": 0.22079998095853776
    },
    "R sonic drift": 0.2992471312188869,
    "w sonic drift": 8.6559494714014,
    "R critical": 0.669930878315656,
    "w critical": 48.41952977064848,
    "R equilib drift": 0.25125717872837344,
    "w equilib drift": 500.0,
    "t min": [
        5823.940600624812,
        9873.54560025541,
        13459.669796460073,
        17003.659374171475,
        20547.648951882875
    ],
    "R min": [
        0.09878259088197563,
        0.17509252499924183,
        0.21224267594372384,
        0.22921141995670807,
        0.23638818866126218
    ],
    "t max": [
        7570.1864559568485,
        11563.611964263091,
        15191.870778961023,
        18759.268478057573,
        22317.302928600064
    ],
    "R max": [
        0.4675775989945214,
        0.3010083949069474,
        0.2623323175787709,
        0.24923545389945131,
        0.24434022158846766
    ],
    "R end": 0.24078084852884019,
    "v end": -3.869113989254171,
    "t end": 23408.121385147955,
    "v max": 362.6621359966779
}