{
    "star": "MS40",
    "grain": "gra",
    "stream": {
        "L4": 22.2,
        "eta": 0.4468,
        "vinf": 90.0,
        "n": 25.118864315096026,
        "T": 10000.0,
        "kappa": 600.0,
        "cs": 11.4,
        "taustar": 0.023351994754791446,
        "Rstar": 0.23084807184863151,
        "Qp": 2.0,
        "a": 0.02,
        "rho_d": 2.2,
        "kappa_d": 340909.0909090908,
        "drag_constant": 5.6490746358195105,
        "phi_norm": 1.5,
        "Rstarstar": 6.125867003367,
        "Upstarstar": 0.08851007151323734,
        "R0": 0.15970176447812304
    },
    "R sonic drift": 0.03767298178979601,
    "w sonic drift": 8.6559494714014,
    "R critical": 0.08433930068571646,
    "w critical": 48.41952977064848,
    "R equilib drift": 0.078916651742819,
    "w equilib drift": 90.0,
    "t min": [
        3762.219067043321,
        10029.309836687287,
        10759.488123850611,
        11407.807858641367,
        11643.56048947437,
        12665.155223084043
    ],
    "R min": [
        0.03470448094207806,
        0.07582843680364638,
        0.07582843681956469,
        0.07582843693354749,
        0.0758284369252062,
        0.07582843690312495
    ],
    "t max": [
        9773.91115328487,
        10402.584835506206,
        11132.763122669532,
        11509.312463583354,
        11862.941409832856,
        15477.815082605552
    ],
    "R max": [
        0.07582843681524574,
        0.07582843693298591,
        0.0758284369773313,
        0.07582843694903221,
        0.07582843699356447,
        0.07582843709846859
    ],
    "R end": 0.07582843692308938,
    "v end": -7.305278174004878e-08,
    "t end": 16371.710474514019,
    "v max": 192.5885692776658
}