{
    "star": "MS40",
    "grain": "gra",
    "stream": {
        "L4": 22.2,
        "eta": 0.4468,
        "vinf": 140.0,
        "n": 0.0019952623149688807,
        "T": 10000.0,
        "kappa": 600.0,
        "cs": 11.4,
        "taustar": 0.00013379456078037059,
        "Rstar": 16.651015505626578,
        "Qp": 2.0,
        "a": 0.02,
        "rho_d": 2.2,
        "kappa_d": 340909.0909090908,
        "drag_constant": 7.66364197987981e-05,
        "phi_norm": 1.5,
        "Rstarstar": 2.5316083024118723,
        "Upstarstar": 6524.313130920054,
        "R0": 11.132282762469076
    },
    "R sonic drift": 4.226978079673296,
    "w sonic drift": 8.6559494714014,
    "R critical": 9.463025179229607,
    "w critical": 48.41952977064848,
    "R equilib drift": 7.050726302827341,
    "w equilib drift": 140.0,
    "t min": [
        294985.7002264625,
        1126330.507910328
    ],
    "R min": [
        1.3419632644121884,
        3.540520178912126
    ],
    "t max": [
        644056.0484528128
    ],
    "R max": [
        23.635644949727673
    ],
    "R end": 5.041249563095918,
    "v end": 42.627840505775815,
    "t end": 1180887.5109145816,
    "v max": 132.7907408307146
}