{
    "star": "MS10",
    "grain": "sil",
    "stream": {
        "L4": 0.64,
        "eta": 0.0066,
        "vinf": 170.0,
        "n": 3.981071705535002,
        "T": 8000.0,
        "kappa": 600.0,
        "cs": 10.19646997739904,
        "taustar": 0.0008356628048575573,
        "Rstar": 0.05212347229723613,
        "Qp": 2.0,
        "a": 0.02,
        "rho_d": 3.5,
        "kappa_d": 214285.71428571426,
        "drag_constant": 0.0006408817791962083,
        "phi_norm": 0.7,
        "Rstarstar": 0.0311126050420168,
        "Upstarstar": 780.1750903686142,
        "R0": 0.004278309553604616
    },
    "R sonic drift": 0.047427474113233115,
    "w sonic drift": 7.745966692414831,
    "R critical": 0.10023744672545451,
    "w critical": 38.7741595142002,
    "R equilib drift": 0.04853205581071069,
    "w equilib drift": 170.0,
    "t min": [
        2721.348068990331,
        5117.531051950542,
        7446.062238488379,
        9805.145849216966
    ],
    "R min": [
        0.015659640015678218,
        0.03993872573512508,
        0.04607636718852233,
        0.047018945875878834
    ],
    "t max": [
        3668.4732189035653,
        6234.876850926524,
        8617.965937804984
    ],
    "R max": [
        0.07621577938585997,
        0.050275257190893145,
        0.04759112922190941
    ],
    "R end": 0.0472301325251097,
    "v end": 0.034959183108000474,
    "t end": 10911.580068124822,
    "v max": 120.33234203809153
}