{
    "star": "MS40",
    "grain": "gra",
    "stream": {
        "L4": 22.2,
        "eta": 0.4468,
        "vinf": 70.0,
        "n": 3.981071705535002,
        "T": 10000.0,
        "kappa": 600.0,
        "cs": 11.4,
        "taustar": 0.011952767003927302,
        "Rstar": 0.7455396078215056,
        "Qp": 2.0,
        "a": 0.02,
        "rho_d": 2.2,
        "kappa_d": 340909.0909090908,
        "drag_constant": 2.4465561660588464,
        "phi_norm": 1.5,
        "Rstarstar": 10.126433209647491,
        "Upstarstar": 0.20436890308774286,
        "R0": 0.5072593506484755
    },
    "R sonic drift": 0.09463025179229617,
    "w sonic drift": 8.6559494714014,
    "R critical": 0.21185074503545798,
    "w critical": 48.41952977064848,
    "R equilib drift": 0.21185074503545798,
    "w equilib drift": 70.0,
    "t min": [
        12213.791588255912,
        16708.043904280814,
        20165.974509787033,
        23623.90511529325,
        27726.893112040692,
        29672.63999709618,
        31354.019098856083,
        33310.340695243394,
        35636.77718824452,
        40839.53516350158
    ],
    "R min": [
        0.0860753549668144,
        0.20516650584511936,
        0.2053050845412131,
        0.20530756568035993,
        0.20530761110091603,
        0.20530761143815415,
        0.20530761166791428,
        0.20530761120064325,
        0.2053076112543174,
        0.20530761154987742
    ],
    "t max": [
        15005.515379857261,
        18431.72185136801,
        21889.65245687423,
        25389.881907707742,
        28837.237801882136,
        30444.59392431928,
        32274.01898472471,
        34346.66240576207,
        37297.00686734078
    ],
    "R max": [
        0.20626669040087894,
        0.20532635281306094,
        0.20530795205135294,
        0.20530761850162202,
        0.20530761207723675,
        0.20530761181912052,
        0.20530761185282626,
        0.20530761227612168,
        0.20530761169198988
    ],
    "R end": 0.20530761165000425,
    "v end": 1.7050551786238495e-08,
    "t end": 52873.556659116504,
    "v max": 177.75224020320573
}