{
    "star": "MS10",
    "grain": "sil",
    "stream": {
        "L4": 0.64,
        "eta": 0.0066,
        "vinf": 30.0,
        "n": 0.0019952623149688807,
        "T": 8000.0,
        "kappa": 600.0,
        "cs": 10.19646997739904,
        "taustar": 0.00010601290587049526,
        "Rstar": 13.193529909962743,
        "Qp": 2.0,
        "a": 0.002,
        "rho_d": 3.5,
        "kappa_d": 2142857.1428571427,
        "drag_constant": 0.033119867528240345,
        "phi_norm": 0.7,
        "Rstarstar": 9.990603174603171,
        "Upstarstar": 15.096678740446796,
        "R0": 1.0732470217679462
    },
    "R sonic drift": 2.11850745035458,
    "w sonic drift": 7.745966692414831,
    "R critical": 4.477442277136685,
    "w critical": 38.7741595142002,
    "R equilib drift": 3.850769682499087,
    "w equilib drift": 30.0,
    "t min": [
        680543.6937773399,
        1707987.9067853368,
        2735984.509155166
    ],
    "R min": [
        1.4339528295139632,
        1.4340510010587928,
        1.4339561808915489
    ],
    "t max": [
        1178246.508788203,
        2206243.111158032
    ],
    "R max": [
        13.989962923998306,
        13.989967965631093
    ],
    "R end": 1.9744524191274362,
    "v end": 36.262692890181775,
    "t end": 2761946.809161282,
    "v max": 47.27744440992504
}