{
    "star": "MS10",
    "grain": "gra",
    "stream": {
        "L4": 0.64,
        "eta": 0.0066,
        "vinf": 250.0,
        "n": 15.848931924611271,
        "T": 8000.0,
        "kappa": 600.0,
        "cs": 10.19646997739904,
        "taustar": 0.0011338092217363651,
        "Rstar": 0.017764060843635673,
        "Qp": 2.0,
        "a": 0.2,
        "rho_d": 2.2,
        "kappa_d": 34090.90909090909,
        "drag_constant": 1.3807158242497771e-05,
        "phi_norm": 1.0,
        "Rstarstar": 0.0022887563636363635,
        "Upstarstar": 36213.099844182565,
        "R0": 0.001463438813471543
    },
    "R sonic drift": 0.01499788418664912,
    "w sonic drift": 7.745966692414831,
    "R critical": 0.033576080362451216,
    "w critical": 43.32928075712418,
    "R equilib drift": 0.014158915687682763,
    "w equilib drift": 250.0,
    "t min": [
        591.2853207122583,
        2187.2864125712986
    ],
    "R min": [
        0.0018334348665605133,
        0.005700191754308145
    ],
    "t max": [
        1246.8611882003734
    ],
    "R max": [
        0.0696418831484913
    ],
    "R end": 0.015981506446365954,
    "v end": 71.26792224901729,
    "t end": 2346.370320286739,
    "v max": 222.30829418549942
}