{
    "star": "MS10",
    "grain": "gra",
    "stream": {
        "L4": 0.64,
        "eta": 0.0066,
        "vinf": 200.0,
        "n": 5011.872336272797,
        "T": 8000.0,
        "kappa": 600.0,
        "cs": 10.19646997739904,
        "taustar": 0.025202869924075496,
        "Rstar": 0.0012486831894465058,
        "Qp": 2.0,
        "a": 0.2,
        "rho_d": 2.2,
        "kappa_d": 34090.90909090909,
        "drag_constant": 0.010659684585122238,
        "phi_norm": 1.0,
        "Rstarstar": 0.0035761818181818186,
        "Upstarstar": 46.9057030728519,
        "R0": 0.00013757022154447046
    },
    "R sonic drift": 0.0008433930068571646,
    "w sonic drift": 7.745966692414831,
    "R critical": 0.0018881217525718475,
    "w critical": 43.32928075712418,
    "R equilib drift": 0.0009180909955917271,
    "w equilib drift": 200.0,
    "t min": [
        39.352924184743415,
        57.06668804661032,
        76.79262992630568,
        96.58454485576591,
        112.02223850074489,
        133.03465485085516
    ],
    "R min": [
        0.0005695315608744423,
        0.00090117508672535,
        0.0009044852219077425,
        0.0009045042651171272,
        0.0009045043822448601,
        0.0009045043785822141
    ],
    "t max": [
        46.8738518579383,
        66.89667246157556,
        86.65560086615336,
        107.79996331579336,
        117.56397468099375,
        156.98287191550202
    ],
    "R max": [
        0.0009515379243005473,
        0.0009047574823895729,
        0.0009045058369236523,
        0.000904504388084135,
        0.0009045043841232638,
        0.0009045043817860355
    ],
    "R end": 0.0009045043810351315,
    "v end": -1.7170987961295304e-07,
    "t end": 164.93262441216856,
    "v max": 96.7954688707898
}