{
    "star": "MS10",
    "grain": "sil",
    "stream": {
        "L4": 0.64,
        "eta": 0.0066,
        "vinf": 120.0,
        "n": 0.006309573444801942,
        "T": 8000.0,
        "kappa": 600.0,
        "cs": 10.19646997739904,
        "taustar": 4.713014192697407e-05,
        "Rstar": 1.8548167733767382,
        "Qp": 2.0,
        "a": 0.02,
        "rho_d": 3.5,
        "kappa_d": 214285.71428571426,
        "drag_constant": 4.091180359073854e-06,
        "phi_norm": 0.7,
        "Rstarstar": 0.06244126984126983,
        "Upstarstar": 122214.1182045536,
        "R0": 0.15077346980402098
    },
    "R sonic drift": 1.191324287058022,
    "w sonic drift": 7.745966692414831,
    "R critical": 2.5178508235883377,
    "w critical": 38.7741595142002,
    "R equilib drift": 1.5886564694485645,
    "w equilib drift": 120.0,
    "t min": [
        97848.8802124477
    ],
    "R min": [
        0.05869218323730669
    ],
    "t max": [],
    "R max": [],
    "R end": 23.41540995930851,
    "v end": 49.09236512535453,
    "t end": 388289.2071922528,
    "v max": 115.59833505894782
}