{
    "star": "MS20",
    "grain": "gra",
    "stream": {
        "L4": 5.45,
        "eta": 0.1199,
        "vinf": 140.0,
        "n": 0.001584893192461114,
        "T": 9000.0,
        "kappa": 600.0,
        "cs": 10.814989597775858,
        "taustar": 5.908268480908355e-05,
        "Rstar": 9.256834285988552,
        "Qp": 2.0,
        "a": 0.02,
        "rho_d": 2.2,
        "kappa_d": 340909.0909090908,
        "drag_constant": 1.3449967812012454e-05,
        "phi_norm": 1.5,
        "Rstarstar": 0.621498434601113,
        "Upstarstar": 37174.8101548198,
        "R0": 3.2058720267912184
    },
    "R sonic drift": 2.3770044548740383,
    "w sonic drift": 9.672835454459698,
    "R critical": 5.636765862528911,
    "w critical": 48.41952977064848,
    "R equilib drift": 3.964914772686378,
    "w equilib drift": 140.0,
    "t min": [
        167476.39801224423
    ],
    "R min": [
        0.4485812164619655
    ],
    "t max": [],
    "R max": [],
    "R end": 30.087867139151868,
    "v end": 4.345491389046363,
    "t end": 664061.8477884387,
    "v max": 133.80530501079798
}