{
    "star": "MS10",
    "grain": "sil",
    "stream": {
        "L4": 0.64,
        "eta": 0.0066,
        "vinf": 140.0,
        "n": 100000.00000000163,
        "T": 8000.0,
        "kappa": 600.0,
        "cs": 10.19646997739904,
        "taustar": 0.16082440671713605,
        "Rstar": 0.00039935049308411773,
        "Qp": 2.0,
        "a": 0.02,
        "rho_d": 3.5,
        "kappa_d": 214285.71428571426,
        "drag_constant": 34.99946994874641,
        "phi_norm": 0.7,
        "Rstarstar": 0.04587521865889212,
        "Upstarstar": 0.014285930636441221,
        "R0": 0.00013004615284596398
    },
    "R sonic drift": 0.0002992471312188866,
    "w sonic drift": 7.745966692414831,
    "R critical": 0.000632455532033676,
    "w critical": 38.7741595142002,
    "R equilib drift": 0.00035337340107770813,
    "w equilib drift": 140.0,
    "t min": [
        19.1277791890066,
        65.52601979171055
    ],
    "R min": [
        0.00027714406303967775,
        0.0003467594252100047
    ],
    "t max": [
        57.9685406016485
    ],
    "R max": [
        0.0003467594251576935
    ],
    "R end": 0.0003467594255206195,
    "v end": 2.6917892691303622e-08,
    "t end": 83.6004335183855,
    "v max": 43.33549379454002
}