{
    "star": "MS40",
    "grain": "gra",
    "stream": {
        "L4": 22.2,
        "eta": 0.4468,
        "vinf": 120.0,
        "n": 6309.57344480202,
        "T": 10000.0,
        "kappa": 600.0,
        "cs": 11.4,
        "taustar": 0.2775781313794251,
        "Rstar": 0.010924146479398879,
        "Qp": 2.0,
        "a": 0.02,
        "rho_d": 2.2,
        "kappa_d": 340909.0909090908,
        "drag_constant": 448.9752141376178,
        "phi_norm": 1.5,
        "Rstarstar": 3.4458001893939376,
        "Upstarstar": 0.001113647222064117,
        "R0": 0.010052758048309423
    },
    "R sonic drift": 0.002377004454874038,
    "w sonic drift": 8.6559494714014,
    "R critical": 0.0053214501195976175,
    "w critical": 48.41952977064848,
    "R equilib drift": 0.004226978079673296,
    "w equilib drift": 120.0,
    "t min": [
        176.9503470406926,
        625.6790729862669
    ],
    "R min": [
        0.0022428153348560648,
        0.004162769594195936
    ],
    "t max": [
        581.8288556373036
    ],
    "R max": [
        0.004162769599615948
    ],
    "R end": 0.004162769604393275,
    "v end": 2.903608514145885e-08,
    "t end": 774.738822419845,
    "v max": 212.5573289375345
}