{
    "star": "MS10",
    "grain": "gra",
    "stream": {
        "L4": 0.64,
        "eta": 0.0066,
        "vinf": 70.0,
        "n": 1995.2623149689073,
        "T": 8000.0,
        "kappa": 600.0,
        "cs": 10.19646997739904,
        "taustar": 0.04543410251592685,
        "Rstar": 0.005654369961412568,
        "Qp": 2.0,
        "a": 0.2,
        "rho_d": 2.2,
        "kappa_d": 34090.90909090909,
        "drag_constant": 0.28279529323953273,
        "phi_norm": 1.0,
        "Rstarstar": 0.029193320964749536,
        "Upstarstar": 1.768063372881143,
        "R0": 0.000780834527829332
    },
    "R sonic drift": 0.00133668783513723,
    "w sonic drift": 7.745966692414831,
    "R critical": 0.002992471312188866,
    "w critical": 43.32928075712418,
    "R equilib drift": 0.0028250750892455114,
    "w equilib drift": 70.0,
    "t min": [
        174.4662247874578,
        262.8943113235665,
        362.5252804444863,
        462.0068777976087,
        562.8328210609083,
        619.5940928239511,
        673.5173009988417
    ],
    "R min": [
        0.0011212162230671845,
        0.0027097623883810865,
        0.0027378104641381015,
        0.0027383005014225584,
        0.0027383092331857823,
        0.002738309411817477,
        0.002738309386637885
    ],
    "t max": [
        213.60162795039778,
        312.7844817679252,
        412.2660791210475,
        511.8970482419673,
        607.3456078645577,
        638.2655637986362,
        721.1668949262382
    ],
    "R max": [
        0.0029183811826909694,
        0.0027420361977908377,
        0.002738376013743357,
        0.0027383106002208273,
        0.002738309423164229,
        0.002738309418467315,
        0.0027383094146352627
    ],
    "R end": 0.0027383094070009095,
    "v end": -7.734264996034051e-07,
    "t end": 746.8588389874049,
    "v max": 108.24362290903852
}