{
    "star": "MS20",
    "grain": "gra",
    "stream": {
        "L4": 5.45,
        "eta": 0.1199,
        "vinf": 170.0,
        "n": 794.3282347242919,
        "T": 9000.0,
        "kappa": 600.0,
        "cs": 10.814989597775858,
        "taustar": 0.034446042762919286,
        "Rstar": 0.010768162566255221,
        "Qp": 2.0,
        "a": 0.02,
        "rho_d": 2.2,
        "kappa_d": 340909.0909090908,
        "drag_constant": 3.10054259625213,
        "phi_norm": 1.5,
        "Rstarstar": 0.42150066844919765,
        "Upstarstar": 0.1612620967066827,
        "R0": 0.004112657840039465
    },
    "R sonic drift": 0.0033576080362451217,
    "w sonic drift": 9.672835454459698,
    "R critical": 0.007962143411069949,
    "w critical": 48.41952977064848,
    "R equilib drift": 0.005023772863019165,
    "w equilib drift": 170.0,
    "t min": [
        175.81660982812815,
        530.694248470668,
        543.5174282735983,
        559.4305309206081,
        659.6985272109905
    ],
    "R min": [
        0.003223061896320607,
        0.00484437130032916,
        0.004844371302827863,
        0.004844371303372963,
        0.0048443713178755905
    ],
    "t max": [
        503.65742358497164,
        542.2814591359664,
        554.6411505122848,
        627.099841205951,
        697.0865936243534
    ],
    "R max": [
        0.004844371310118276,
        0.004844371303069342,
        0.004844371304933268,
        0.004844371316625205,
        0.00484437131400058
    ],
    "R end": 0.004844371299213064,
    "v end": -1.9911774415035464e-07,
    "t end": 772.4807110198954,
    "v max": 141.9709657447942
}