{
    "star": "MS10",
    "grain": "gra",
    "stream": {
        "L4": 0.64,
        "eta": 0.0066,
        "vinf": 500.0,
        "n": 0.001584893192461114,
        "T": 8000.0,
        "kappa": 600.0,
        "cs": 10.19646997739904,
        "taustar": 5.669046108681802e-06,
        "Rstar": 0.8882030421817874,
        "Qp": 2.0,
        "a": 0.02,
        "rho_d": 2.2,
        "kappa_d": 340909.0909090908,
        "drag_constant": 8.629473901561032e-09,
        "phi_norm": 1.0,
        "Rstarstar": 0.005721890909090907,
        "Upstarstar": 57940959.75069261,
        "R0": 0.07216299169522196
    },
    "R sonic drift": 1.4997884186649117,
    "w sonic drift": 7.745966692414831,
    "R critical": 3.357608036245125,
    "w critical": 43.32928075712418,
    "R equilib drift": 0.9443184586210962,
    "w equilib drift": 500.0,
    "t min": [
        29353.092706787094
    ],
    "R min": [
        0.007786153079889918
    ],
    "t max": [],
    "R max": [],
    "R end": 37.5603729365574,
    "v end": 344.90699372430237,
    "t end": 117318.51601433693,
    "v max": 495.77696154040035
}