{
    "star": "MS10",
    "grain": "gra",
    "stream": {
        "L4": 0.64,
        "eta": 0.0066,
        "vinf": 40.0,
        "n": 0.0012589254117941675,
        "T": 8000.0,
        "kappa": 600.0,
        "cs": 10.19646997739904,
        "taustar": 6.315678328357644e-05,
        "Rstar": 12.457252556188884,
        "Qp": 2.0,
        "a": 0.02,
        "rho_d": 2.2,
        "kappa_d": 340909.0909090908,
        "drag_constant": 0.00016734948170962478,
        "phi_norm": 1.0,
        "Rstarstar": 0.8940454545454543,
        "Upstarstar": 2987.7594773049327,
        "R0": 1.0128190435978741
    },
    "R sonic drift": 1.6827902832903914,
    "w sonic drift": 7.745966692414831,
    "R critical": 3.7672981789796047,
    "w critical": 43.32928075712418,
    "R equilib drift": 3.556558820077846,
    "w equilib drift": 40.0,
    "t min": [
        417278.32179811876
    ],
    "R min": [
        0.5126382895713955
    ],
    "t max": [],
    "R max": [],
    "R end": 37.82983670264472,
    "v end": 19.39021680947286,
    "t end": 1645419.2499925818,
    "v max": 43.192510953794454
}