{
    "star": "MS10",
    "grain": "sil",
    "stream": {
        "L4": 0.64,
        "eta": 0.0066,
        "vinf": 40.0,
        "n": 1.0000000000000062,
        "T": 8000.0,
        "kappa": 600.0,
        "cs": 10.19646997739904,
        "taustar": 0.0017800000000000055,
        "Rstar": 0.4419999999999986,
        "Qp": 2.0,
        "a": 0.002,
        "rho_d": 3.5,
        "kappa_d": 2142857.1428571427,
        "drag_constant": 5.252107959183703,
        "phi_norm": 0.7,
        "Rstarstar": 5.619714285714285,
        "Upstarstar": 0.09519987096337433,
        "R0": 0.036703508955548435
    },
    "R sonic drift": 0.09463025179229617,
    "w sonic drift": 7.745966692414831,
    "R critical": 0.20000000000000004,
    "w critical": 38.7741595142002,
    "R equilib drift": 0.20000000000000004,
    "w equilib drift": 40.0,
    "t min": [
        21744.250176061658,
        29331.605556644878,
        36918.9609372281,
        44506.31631781132,
        52093.67169839453,
        59681.02707897775,
        67268.38245956096,
        74855.73784014418,
        82443.0932207274,
        90030.44860131062
    ],
    "R min": [
        0.08384495522038483,
        0.08384467397576992,
        0.08384439304382989,
        0.08384410985504366,
        0.08384382713420795,
        0.08384354482750475,
        0.08384326731135705,
        0.08384299282007025,
        0.08384271824653386,
        0.0838424448444961
    ],
    "t max": [
        25112.29573524738,
        32699.6511158306,
        40287.00649641382,
        47874.361876997034,
        55461.71725758025,
        63049.07263816347,
        70636.4280187467,
        78223.7833993299,
        85811.13877991312
    ],
    "R max": [
        0.22397800697540732,
        0.22397802940437253,
        0.22397803045371834,
        0.2239780478166172,
        0.22397805680090765,
        0.22397807084485222,
        0.22397809648095945,
        0.22397810768941417,
        0.2239781220352065
    ],
    "R end": 0.2163150646067467,
    "v end": 16.60162810831864,
    "t end": 92528.72415345388,
    "v max": 95.52481561456261
}