{
    "star": "MS10",
    "grain": "gra",
    "stream": {
        "L4": 0.64,
        "eta": 0.0066,
        "vinf": 100.0,
        "n": 7.943282347242878,
        "T": 8000.0,
        "kappa": 600.0,
        "cs": 10.19646997739904,
        "taustar": 0.002006688647060299,
        "Rstar": 0.0627310072164959,
        "Qp": 2.0,
        "a": 0.02,
        "rho_d": 2.2,
        "kappa_d": 340909.0909090908,
        "drag_constant": 0.02703113845238844,
        "phi_norm": 1.0,
        "Rstarstar": 0.14304727272727266,
        "Upstarstar": 18.49718615738957,
        "R0": 0.005223705606438085
    },
    "R sonic drift": 0.021185074503545776,
    "w sonic drift": 7.745966692414831,
    "R critical": 0.047427474113233115,
    "w critical": 43.32928075712418,
    "R equilib drift": 0.037551670906584594,
    "w equilib drift": 100.0,
    "t min": [
        1962.0870132281723,
        3279.5356411981024,
        4759.386741546716,
        6245.866514237316,
        7745.603631611891
    ],
    "R min": [
        0.015524146857449862,
        0.035515253754627676,
        0.036207087811350167,
        0.03622012872767747,
        0.036220372010351186
    ],
    "t max": [
        2485.7521282451507,
        4015.318271158667,
        5501.798043849268,
        6989.934984625364
    ],
    "R max": [
        0.04178106438686645,
        0.03631782580292162,
        0.03622219271165618,
        0.036220410758219926
    ],
    "R end": 0.03622037689739922,
    "v end": 5.02933410579576e-06,
    "t end": 8285.840427483836,
    "v max": 100.62772737584089
}