{
    "star": "MS10",
    "grain": "sil",
    "stream": {
        "L4": 0.64,
        "eta": 0.0066,
        "vinf": 500.0,
        "n": 199.52623149688992,
        "T": 8000.0,
        "kappa": 600.0,
        "cs": 10.19646997739904,
        "taustar": 0.002011453463542812,
        "Rstar": 0.0025032962935822994,
        "Qp": 2.0,
        "a": 0.002,
        "rho_d": 3.5,
        "kappa_d": 2142857.1428571427,
        "drag_constant": 0.0429233483165999,
        "phi_norm": 0.7,
        "Rstarstar": 0.035966171428571427,
        "Upstarstar": 11.64867186762859,
        "R0": 0.00020846547726140034
    },
    "R sonic drift": 0.00669930878315656,
    "w sonic drift": 7.745966692414831,
    "R critical": 0.014158915687682763,
    "w critical": 38.7741595142002,
    "R equilib drift": 0.0029861971657821275,
    "w equilib drift": 500.0,
    "t min": [
        202.90927984805208,
        213.91417364146398,
        216.11515240014634,
        224.0805993363302,
        227.95851429210393,
        247.76732312024538,
        255.2087274948382,
        261.9164722832036,
        291.6820897815748
    ],
    "R min": [
        0.0028904196564927117,
        0.0028904196561989485,
        0.002890419655114023,
        0.0028904196498895154,
        0.002890419649153962,
        0.0028904196574441377,
        0.0028904196532821627,
        0.002890419656406005,
        0.002890419649523751
    ],
    "t max": [
        208.98817356250817,
        214.01898215378216,
        218.84017372041978,
        225.02387594719409,
        245.98557841083584,
        248.29136568183642,
        260.23953608611225,
        270.19634475634206,
        371.44136765573165
    ],
    "R max": [
        0.002890419665921023,
        0.002890419656183852,
        0.002890419656800035,
        0.0028904196492314225,
        0.0028904196576576124,
        0.0028904196574813315,
        0.0028904196552399872,
        0.0028904196590773144,
        0.002890419657725572
    ],
    "R end": 0.002890419661755623,
    "v end": -4.215125800613701e-09,
    "t end": 524.0425615910435,
    "v max": 6.121018360620194e-06
}