{
    "star": "MS10",
    "grain": "gra",
    "stream": {
        "L4": 0.64,
        "eta": 0.0066,
        "vinf": 170.0,
        "n": 2511.886431509613,
        "T": 8000.0,
        "kappa": 600.0,
        "cs": 10.19646997739904,
        "taustar": 0.020990900608389422,
        "Rstar": 0.0020750728075676216,
        "Qp": 2.0,
        "a": 0.2,
        "rho_d": 2.2,
        "kappa_d": 34090.90909090909,
        "drag_constant": 0.010234547629567041,
        "phi_norm": 1.0,
        "Rstarstar": 0.0049497326203208555,
        "Upstarstar": 48.854137778940775,
        "R0": 0.00021755402719897773
    },
    "R sonic drift": 0.001191324287058021,
    "w sonic drift": 7.745966692414831,
    "R critical": 0.0026670428643266486,
    "w critical": 43.32928075712418,
    "R equilib drift": 0.0014488675587765202,
    "w equilib drift": 170.0,
    "t min": [
        65.39703870781513,
        99.27413000825918,
        136.98843229742667,
        174.81236918627195,
        211.92368117721148,
        228.31405382904447
    ],
    "R min": [
        0.0008004505217410007,
        0.0014196955254792121,
        0.001430861411205086,
        0.0014309753247873731,
        0.0014309764609442852,
        0.0014309764645130583
    ],
    "t max": [
        79.43026746657513,
        118.07646385300403,
        155.90040074184932,
        193.06653003262772,
        226.77916943355507
    ],
    "R max": [
        0.0015538512891076777,
        0.0014321213170748709,
        0.0014309880534780655,
        0.0014309765893021397,
        0.0014309764638658162
    ],
    "R end": 0.00143097647443984,
    "v end": 6.349551304302667e-08,
    "t end": 274.08649919453114,
    "v max": 102.48833668586369
}