{
    "star": "MS20",
    "grain": "gra",
    "stream": {
        "L4": 5.45,
        "eta": 0.1199,
        "vinf": 10.0,
        "n": 0.03981071705534985,
        "T": 9000.0,
        "kappa": 600.0,
        "cs": 10.814989597775858,
        "taustar": 0.004145608229663137,
        "Rstar": 25.857737649442704,
        "Qp": 2.0,
        "a": 0.02,
        "rho_d": 2.2,
        "kappa_d": 340909.0909090908,
        "drag_constant": 12.97876556073835,
        "phi_norm": 1.5,
        "Rstarstar": 121.81369318181815,
        "Upstarstar": 0.03852446503175419,
        "R0": 9.061330335863477
    },
    "R sonic drift": 0.4742747411323311,
    "w sonic drift": 9.672835454459698,
    "R critical": 1.1246826503806984,
    "w critical": 48.41952977064848,
    "R equilib drift": 0.4742747411323311,
    "w equilib drift": 10.0,
    "t min": [
        500470.531404613,
        526811.0856890663,
        553893.6274181522,
        578008.219368708,
        589138.0310381952,
        592105.9808167253,
        621785.4786020247,
        688935.3423412648,
        737535.5199646928,
        884078.0402796092,
        1455408.372646625
    ],
    "R min": [
        0.47015306073754104,
        0.4702641480186683,
        0.4702646389508931,
        0.4702646411263272,
        0.47026464119151634,
        0.47026464118253464,
        0.4702646413674934,
        0.470264641036744,
        0.47026464104873045,
        0.47026464130874857,
        0.4702646412976364
    ],
    "t max": [
        513826.3054079978,
        540166.8596924511,
        573927.2884232294,
        582460.1440365029,
        589509.0247605115,
        607316.7234316913,
        644045.1019409994,
        707485.0284570771,
        795039.5469237106,
        987214.295083525,
        1782995.829451868
    ],
    "R max": [
        0.4702722065720166,
        0.4702646740079944,
        0.47026464125090006,
        0.470264641213533,
        0.470264641191626,
        0.4702646427660091,
        0.4702646419828513,
        0.4702646409601334,
        0.4702646411869388,
        0.4702646412825945,
        0.47026464125729817
    ],
    "R end": 0.4702646412423617,
    "v end": -7.075726084966337e-11,
    "t end": 1854968.6115812196,
    "v max": 0.016392729050886682
}