{
    "star": "MS10",
    "grain": "sil",
    "stream": {
        "L4": 0.64,
        "eta": 0.0066,
        "vinf": 200.0,
        "n": 0.6309573444801969,
        "T": 8000.0,
        "kappa": 600.0,
        "cs": 10.19646997739904,
        "taustar": 0.00028278085156184507,
        "Rstar": 0.11128900640260407,
        "Qp": 2.0,
        "a": 0.002,
        "rho_d": 3.5,
        "kappa_d": 2142857.1428571427,
        "drag_constant": 0.005302169745359739,
        "phi_norm": 0.7,
        "Rstarstar": 0.22478857142857145,
        "Upstarstar": 94.3010171331428,
        "R0": 0.009072686063030369
    },
    "R sonic drift": 0.1191324287058022,
    "w sonic drift": 7.745966692414831,
    "R critical": 0.2517850823588335,
    "w critical": 38.7741595142002,
    "R equilib drift": 0.1091153193250638,
    "w equilib drift": 200.0,
    "t min": [
        5684.553993294582,
        8228.624878818222,
        11001.009818170907,
        13778.0542280099,
        16457.249757636444
    ],
    "R min": [
        0.06293653934133402,
        0.10312976470491898,
        0.10412116870551456,
        0.10413756290234734,
        0.10413782828401116
    ],
    "t max": [
        6779.529557576735,
        9607.828142765105,
        12389.532023090404,
        15133.960139525248,
        18185.913308056355
    ],
    "R max": [
        0.11261718962902985,
        0.10426812091659486,
        0.1041399713157395,
        0.10413787247027637,
        0.10413783658920642
    ],
    "R end": 0.1041378357737597,
    "v end": -8.970875230057234e-08,
    "t end": 23297.352431535168,
    "v max": 84.09132823238687
}