{
    "star": "MS40",
    "grain": "gra",
    "stream": {
        "L4": 22.2,
        "eta": 0.4468,
        "vinf": 70.0,
        "n": 25.118864315096026,
        "T": 10000.0,
        "kappa": 600.0,
        "cs": 11.4,
        "taustar": 0.030023993256160432,
        "Rstar": 0.2968046638053834,
        "Qp": 2.0,
        "a": 0.02,
        "rho_d": 2.2,
        "kappa_d": 340909.0909090908,
        "drag_constant": 15.436725816581353,
        "phi_norm": 1.5,
        "Rstarstar": 10.126433209647491,
        "Upstarstar": 0.03239028832545083,
        "R0": 0.20731225398897116
    },
    "R sonic drift": 0.03767298178979601,
    "w sonic drift": 8.6559494714014,
    "R critical": 0.08433930068571646,
    "w critical": 48.41952977064848,
    "R equilib drift": 0.08433930068571646,
    "w equilib drift": 70.0,
    "t min": [
        4849.768405707466,
        7198.874977222018,
        8188.194053039079,
        8327.119710494242,
        8583.921683365903,
        8912.291419169014,
        9354.327601980893,
        9434.315101727803,
        13593.665088567192
    ],
    "R min": [
        0.03493941681754127,
        0.08173441575560288,
        0.08173443239760926,
        0.08173443237787814,
        0.08173443233617003,
        0.08173443235898264,
        0.08173443237090854,
        0.08173443237177624,
        0.08173443234869758
    ],
    "t max": [
        6500.036821538478,
        7885.083527682363,
        8200.823658262276,
        8394.477605017957,
        8735.476946044262,
        9265.920365418515,
        9396.426286058213,
        10196.301283527326
    ],
    "R max": [
        0.0817372382003697,
        0.0817344324472072,
        0.08173443239817743,
        0.08173443237972271,
        0.08173443237262736,
        0.08173443237137899,
        0.08173443237186594,
        0.081734432416108
    ],
    "R end": 0.0817344328378969,
    "v end": 6.583860489353083e-08,
    "t end": 21049.342038660874,
    "v max": 204.94883049168317
}