{
    "star": "MS10",
    "grain": "gra",
    "stream": {
        "L4": 0.64,
        "eta": 0.0066,
        "vinf": 140.0,
        "n": 316.2277660168418,
        "T": 8000.0,
        "kappa": 600.0,
        "cs": 10.19646997739904,
        "taustar": 0.009043820999626575,
        "Rstar": 0.007101567592403792,
        "Qp": 2.0,
        "a": 0.02,
        "rho_d": 2.2,
        "kappa_d": 340909.0909090908,
        "drag_constant": 0.2801252094471117,
        "phi_norm": 1.0,
        "Rstarstar": 0.0729833024118738,
        "Upstarstar": 1.7849161130012514,
        "R0": 0.0006446646870289764
    },
    "R sonic drift": 0.0033576080362451217,
    "w sonic drift": 7.745966692414831,
    "R critical": 0.007516748085768888,
    "w critical": 43.32928075712418,
    "R equilib drift": 0.0047123100389357,
    "w equilib drift": 140.0,
    "t min": [
        217.24364681625224,
        598.4518422658417,
        654.5449773246149,
        660.735858451503,
        842.147435715161
    ],
    "R min": [
        0.002858997937467039,
        0.0046120326257045145,
        0.004612032624098856,
        0.00461203262397869,
        0.004612032623583843
    ],
    "t max": [
        563.3701825468097,
        631.6574774009684,
        656.2333994501298,
        720.205837761306
    ],
    "R max": [
        0.004612032611002372,
        0.004612032626295471,
        0.004612032624058029,
        0.004612032644436088
    ],
    "R end": 0.004612032632946874,
    "v end": 1.356765709917879e-07,
    "t end": 938.01229195273,
    "v max": 95.80916087040205
}