{
    "star": "MS40",
    "grain": "gra",
    "stream": {
        "L4": 22.2,
        "eta": 0.4468,
        "vinf": 30.0,
        "n": 0.15848931924611206,
        "T": 10000.0,
        "kappa": 600.0,
        "cs": 11.4,
        "taustar": 0.005564744631259239,
        "Rstar": 8.718615117417858,
        "Qp": 2.0,
        "a": 0.02,
        "rho_d": 2.2,
        "kappa_d": 340909.0909090908,
        "drag_constant": 2.887103356099533,
        "phi_norm": 1.5,
        "Rstarstar": 55.132803030303016,
        "Upstarstar": 0.17318396272293424,
        "R0": 5.876328404010041
    },
    "R sonic drift": 0.4742747411323311,
    "w sonic drift": 8.6559494714014,
    "R critical": 1.0617688884619771,
    "w critical": 48.41952977064848,
    "R equilib drift": 0.7683295631115106,
    "w equilib drift": 30.0,
    "t min": [
        146418.85574081092,
        203180.8952551962,
        259819.2701954761,
        316581.3097098614,
        373343.34922424675,
        430105.388738632,
        486867.42825301737,
        543629.4677674026,
        600267.8427076825
    ],
    "R min": [
        0.42924111749492544,
        0.42919771617068964,
        0.42971113007747724,
        0.4295530920433939,
        0.4294204743977972,
        0.4293155398111097,
        0.4292405042747478,
        0.4291974431884187,
        0.4297094207850366
    ],
    "t max": [
        161753.26292988233,
        218515.30244426764,
        275277.34195865295,
        331915.7168989328,
        388677.75641331816,
        445439.79592770344,
        502201.8354420887,
        558963.874956474,
        615725.9144708593
    ],
    "R max": [
        1.5541837554076443,
        1.5542008429805934,
        1.5542089809953912,
        1.5540810245233034,
        1.5541237422252594,
        1.5541581845393035,
        1.5541840219654253,
        1.554201034004481,
        1.55420899283732
    ],
    "R end": 1.4898613638177962,
    "v end": -28.916441614999727,
    "t end": 618322.8705270732,
    "v max": 134.46475491349847
}