{
    "star": "MS10",
    "grain": "gra",
    "stream": {
        "L4": 0.64,
        "eta": 0.0066,
        "vinf": 50.0,
        "n": 125.89254117941816,
        "T": 8000.0,
        "kappa": 600.0,
        "cs": 10.19646997739904,
        "taustar": 0.015977542789260054,
        "Rstar": 0.031514633172409066,
        "Qp": 2.0,
        "a": 0.02,
        "rho_d": 2.2,
        "kappa_d": 340909.0909090908,
        "drag_constant": 6.854634770826311,
        "phi_norm": 1.0,
        "Rstarstar": 0.5721890909090909,
        "Upstarstar": 0.07294334661388914,
        "R0": 0.0031118852146162254
    },
    "R sonic drift": 0.0053214501195976175,
    "w sonic drift": 7.745966692414831,
    "R critical": 0.011913242870580215,
    "w critical": 43.32928075712418,
    "R equilib drift": 0.011913242870580215,
    "w equilib drift": 50.0,
    "t min": [
        967.3924298675644,
        1315.3872970660516,
        1663.3821642645385,
        2011.3770314630253,
        2360.2044222672503,
        2708.199289465738,
        3056.1941566642245,
        3404.1890238627116,
        3752.1838910611987,
        4100.178758259685
    ],
    "R min": [
        0.0048258700516102876,
        0.004827184829458207,
        0.004828885871263766,
        0.004830964376319568,
        0.004824332545933497,
        0.004824692225775098,
        0.004825453014422766,
        0.004826609850380599,
        0.0048281568274369914,
        0.004830084776401317
    ],
    "t max": [
        1130.5670565922137,
        1479.394447396439,
        1827.389314594926,
        2175.384181793413,
        2523.3790489918997,
        2871.373916190387,
        3219.3687833888744,
        3567.363650587361,
        3916.191041391586
    ],
    "R max": [
        0.01202355058738082,
        0.012023628012247605,
        0.012023624736078186,
        0.012023616558198976,
        0.012023603272466927,
        0.01202358487112516,
        0.012023561467933,
        0.01202353299913849,
        0.01202362666891222
    ],
    "R end": 0.01021025852535471,
    "v end": 44.029984379918226,
    "t end": 4162.618028690036,
    "v max": 132.77512579520663
}