{
    "star": "MS10",
    "grain": "sil",
    "stream": {
        "L4": 0.64,
        "eta": 0.0066,
        "vinf": 250.0,
        "n": 0.1995262314968889,
        "T": 8000.0,
        "kappa": 600.0,
        "cs": 10.19646997739904,
        "taustar": 0.00012721548704459462,
        "Rstar": 0.1583223589195526,
        "Qp": 2.0,
        "a": 0.02,
        "rho_d": 3.5,
        "kappa_d": 214285.71428571426,
        "drag_constant": 6.86773573065595e-06,
        "phi_norm": 0.7,
        "Rstarstar": 0.014386468571428572,
        "Upstarstar": 72804.19917267903,
        "R0": 0.012882325858481631
    },
    "R sonic drift": 0.21185074503545798,
    "w sonic drift": 7.745966692414831,
    "R critical": 0.44774422771366806,
    "w critical": 38.7741595142002,
    "R equilib drift": 0.16309325782189985,
    "w equilib drift": 250.0,
    "t min": [
        8345.498478561729
    ],
    "R min": [
        0.013019017569003487
    ],
    "t max": [
        18898.344847005155
    ],
    "R max": [
        1.0665054352494872
    ],
    "R end": 0.14583151635021452,
    "v end": -97.77962640233315,
    "t end": 33143.36170993538,
    "v max": 226.82408807280322
}