{
    "star": "MS10",
    "grain": "gra",
    "stream": {
        "L4": 0.64,
        "eta": 0.0066,
        "vinf": 120.0,
        "n": 39810.717055350346,
        "T": 8000.0,
        "kappa": 600.0,
        "cs": 10.19646997739904,
        "taustar": 0.11838556402148777,
        "Rstar": 0.0007384158575441755,
        "Qp": 2.0,
        "a": 0.2,
        "rho_d": 2.2,
        "kappa_d": 34090.90909090909,
        "drag_constant": 0.6533401573470513,
        "phi_norm": 1.0,
        "Rstarstar": 0.009933838383838383,
        "Upstarstar": 0.7652981289720454,
        "R0": 0.00018871981569486875
    },
    "R sonic drift": 0.0002992471312188866,
    "w sonic drift": 7.745966692414831,
    "R critical": 0.0006699308783156552,
    "w critical": 43.32928075712418,
    "R equilib drift": 0.00046536758504872025,
    "w equilib drift": 120.0,
    "t min": [
        22.510810065383932,
        62.28510965231447,
        69.11247838964928,
        73.24791316769208,
        79.72416008424968,
        95.07598635934254
    ],
    "R min": [
        0.0002616989683465154,
        0.00045584909920245824,
        0.0004558491008599799,
        0.00045584909959020645,
        0.0004558490997688832,
        0.00045584909968256904
    ],
    "t max": [
        60.68555469099603,
        68.58579565848345,
        69.67817465645702,
        75.6277388418488,
        89.04839510266694
    ],
    "R max": [
        0.00045584909991497574,
        0.0004558491006570325,
        0.00045584910095149714,
        0.0004558490993850212,
        0.00045584909953437844
    ],
    "R end": 0.0004558490996251268,
    "v end": 7.713262029490497e-08,
    "t end": 97.53383910478307,
    "v max": 105.55118669711732
}