{
    "star": "MS40",
    "grain": "gra",
    "stream": {
        "L4": 22.2,
        "eta": 0.4468,
        "vinf": 170.0,
        "n": 398.1071705535018,
        "T": 10000.0,
        "kappa": 600.0,
        "cs": 11.4,
        "taustar": 0.04921727589852429,
        "Rstar": 0.030698689733826643,
        "Qp": 2.0,
        "a": 0.02,
        "rho_d": 2.2,
        "kappa_d": 340909.0909090908,
        "drag_constant": 7.033178906750774,
        "phi_norm": 1.5,
        "Rstarstar": 1.716938502673796,
        "Upstarstar": 0.07109160830816871,
        "R0": 0.02203051823327108
    },
    "R sonic drift": 0.009463025179229607,
    "w sonic drift": 8.6559494714014,
    "R critical": 0.021185074503545776,
    "w critical": 48.41952977064848,
    "R equilib drift": 0.013678191771608086,
    "w equilib drift": 170.0,
    "t min": [
        497.2602493329139,
        1348.0890822545546
    ],
    "R min": [
        0.008777941450451578,
        0.013527667954233743
    ],
    "t max": [
        1313.2547390438426,
        1560.143146549764
    ],
    "R max": [
        0.01352766810373015,
        0.013527668188722527
    ],
    "R end": 0.013527668218630239,
    "v end": -5.325839594493026e-07,
    "t end": 2177.1464506695006,
    "v max": 158.69978245851271
}