{
    "star": "MS10",
    "grain": "gra",
    "stream": {
        "L4": 0.64,
        "eta": 0.0066,
        "vinf": 100.0,
        "n": 12.589254117941765,
        "T": 8000.0,
        "kappa": 600.0,
        "cs": 10.19646997739904,
        "taustar": 0.0025262713313430668,
        "Rstar": 0.04982901022475536,
        "Qp": 2.0,
        "a": 0.02,
        "rho_d": 2.2,
        "kappa_d": 340909.0909090908,
        "drag_constant": 0.04284146731766426,
        "phi_norm": 1.0,
        "Rstarstar": 0.1430472727272727,
        "Upstarstar": 11.67093545822231,
        "R0": 0.004175938801866875
    },
    "R sonic drift": 0.016827902832903904,
    "w sonic drift": 7.745966692414831,
    "R critical": 0.03767298178979601,
    "w critical": 43.32928075712418,
    "R equilib drift": 0.029828352462174523,
    "w equilib drift": 100.0,
    "t min": [
        1551.9594365930025,
        2518.149620188646,
        3627.820362383643,
        4738.807439978634,
        5894.549921173422
    ],
    "R min": [
        0.012798058553971588,
        0.028504914605213046,
        0.028768484547728967,
        0.02877084651486741,
        0.028770867778258453
    ],
    "t max": [
        1937.6457087912636,
        3071.0104881861535,
        4183.313901181138,
        5296.933649576117,
        6380.277683771232
    ],
    "R max": [
        0.03172299617366658,
        0.028796112216782382,
        0.028771093553742997,
        0.028770870056061975,
        0.028770867909972
    ],
    "R end": 0.02877086785712698,
    "v end": -1.270146478642292e-07,
    "t end": 6581.676999970325,
    "v max": 101.97829793958991
}