{
    "star": "MS40",
    "grain": "gra",
    "stream": {
        "L4": 22.2,
        "eta": 0.4468,
        "vinf": 20.0,
        "n": 15.848931924611271,
        "T": 10000.0,
        "kappa": 600.0,
        "cs": 11.4,
        "taustar": 0.08347116946888875,
        "Rstar": 1.3077922676126759,
        "Qp": 2.0,
        "a": 0.02,
        "rho_d": 2.2,
        "kappa_d": 340909.0909090908,
        "drag_constant": 1461.5960740253943,
        "phi_norm": 1.5,
        "Rstarstar": 124.04880681818175,
        "Upstarstar": 0.0003420917782181404,
        "R0": 0.9827617119662024
    },
    "R sonic drift": 0.047427474113233115,
    "w sonic drift": 8.6559494714014,
    "R critical": 0.1061768888461977,
    "w critical": 48.41952977064848,
    "R equilib drift": 0.056627079304022394,
    "w equilib drift": 20.0,
    "t min": [
        22296.722711206257,
        27101.091415201616,
        31905.460119196978,
        36709.828823192336,
        41495.647841071885,
        46300.016545067236,
        51104.385249062594,
        55908.75395305796,
        60713.12265705331,
        65498.94167493286,
        70303.31037892822,
        75107.67908292358,
        79912.04778691893,
        84697.86680479848,
        89502.23550879385
    ],
    "R min": [
        0.044789060733748665,
        0.04475442351390322,
        0.04472206662225021,
        0.04469478854490659,
        0.044804595606673,
        0.04476928047654394,
        0.04473576450634385,
        0.04470563508026898,
        0.04468610552769944,
        0.04478446953132693,
        0.044750061567047,
        0.04471812690662441,
        0.044692061390455326,
        0.044799931804075405,
        0.044764806810029464
    ],
    "t max": [
        22983.06109749131,
        27768.880115370855,
        32573.248819366214,
        37377.61752336158,
        42181.98622735693,
        46986.35493135229,
        51772.173949231845,
        56576.542653227196,
        61380.911357222554,
        66185.28006121791,
        70971.09907909746,
        75775.46778309283,
        80579.83648708818,
        85384.20519108354,
        90188.5738950789
    ],
    "R max": [
        0.11243516896377681,
        0.11217176735196566,
        0.11226598193267112,
        0.11234795441677024,
        0.1124135864213563,
        0.11245410592537634,
        0.11222633482698025,
        0.11231400276387114,
        0.11238742814828442,
        0.11244055280418014,
        0.11218460514477009,
        0.11227738757530104,
        0.1123575226123514,
        0.11242055667252661,
        0.11245652762780055
    ],
    "R end": 0.06675886187858358,
    "v end": -16.117596336955724,
    "t end": 92748.43057906097,
    "v max": 227.66673448117973
}