{
    "star": "MS10",
    "grain": "sil",
    "stream": {
        "L4": 0.64,
        "eta": 0.0066,
        "vinf": 30.0,
        "n": 2.5118864315095975,
        "T": 8000.0,
        "kappa": 600.0,
        "cs": 10.19646997739904,
        "taustar": 0.0037614798434410556,
        "Rstar": 0.3718441950136593,
        "Qp": 2.0,
        "a": 0.02,
        "rho_d": 3.5,
        "kappa_d": 214285.71428571426,
        "drag_constant": 0.416954428665585,
        "phi_norm": 0.7,
        "Rstarstar": 0.9990603174603173,
        "Upstarstar": 1.1991718174098611,
        "R0": 0.03163934403563306
    },
    "R sonic drift": 0.05970765237835921,
    "w sonic drift": 7.745966692414831,
    "R critical": 0.12619146889603874,
    "w critical": 38.7741595142002,
    "R equilib drift": 0.10852943545386065,
    "w equilib drift": 30.0,
    "t min": [
        18759.97922304114,
        31806.338217985933,
        44852.697212930725,
        57899.05620787551,
        70945.4152028203
    ],
    "R min": [
        0.048383955627751045,
        0.04838389696252763,
        0.048383838942466485,
        0.04838378417311711,
        0.048383729725246946
    ],
    "t max": [
        24240.07273881747,
        37286.43173376226,
        50332.790728707056,
        63379.14972365185,
        76425.50871859664
    ],
    "R max": [
        0.24257337528758638,
        0.24257337828638273,
        0.24257339536150194,
        0.24257340478348396,
        0.24257342068226392
    ],
    "R end": 0.2164265488900573,
    "v end": -29.064578114194116,
    "t end": 77842.23744000473,
    "v max": 65.11428837368862
}