{
    "star": "MS10",
    "grain": "gra",
    "stream": {
        "L4": 0.64,
        "eta": 0.0066,
        "vinf": 30.0,
        "n": 39810.717055350346,
        "T": 8000.0,
        "kappa": 600.0,
        "cs": 10.19646997739904,
        "taustar": 0.4735422560859511,
        "Rstar": 0.002953663430176702,
        "Qp": 2.0,
        "a": 0.02,
        "rho_d": 2.2,
        "kappa_d": 340909.0909090908,
        "drag_constant": 16725.50802808451,
        "phi_norm": 1.0,
        "Rstarstar": 1.589414141414141,
        "Upstarstar": 2.989445816297053e-05,
        "R0": 0.002071688929555947
    },
    "R sonic drift": 0.0002992471312188866,
    "w sonic drift": 7.745966692414831,
    "R critical": 0.0006699308783156552,
    "w critical": 43.32928075712418,
    "R equilib drift": 0.0005439356752225001,
    "w equilib drift": 30.0,
    "t min": [
        91.44772754464462,
        110.95449536560123,
        130.46126318655786,
        149.96803100751447,
        169.47479882847108,
        188.9815666494277,
        208.48833447038433,
        227.99510229134097,
        247.50187011229755,
        267.0086379332542,
        286.5934328254946,
        306.10020064645124,
        325.60696846740785,
        345.11373628836446,
        364.6205041093211,
        384.1272719302777
    ],
    "R min": [
        0.00028364842377474994,
        0.0002837089497212387,
        0.00028376961204338143,
        0.00028383038066513553,
        0.00028389126883951395,
        0.0002839522603508575,
        0.00028401334643286336,
        0.0002840745317635976,
        0.000284135806016423,
        0.00028419717271527896,
        0.000282739241592493,
        0.00028276360636043875,
        0.000282809101406352,
        0.00028286140076333184,
        0.0002829164438510206,
        0.0002829729253509523
    ],
    "t max": [
        96.90962253451247,
        116.41639035546909,
        135.92315817642572,
        155.42992599738233,
        174.93669381833894,
        194.44346163929555,
        213.95022946025216,
        233.4569972812088,
        252.96376510216544,
        272.470532923122,
        291.97730074407866,
        311.4840685650353,
        330.9908363859919,
        350.4976042069485,
        370.0043720279051,
        389.5111398488617
    ],
    "R max": [
        0.000662172318041077,
        0.0006621560873572014,
        0.0006621369596612102,
        0.0006621152932119535,
        0.000662091358591763,
        0.0006620653904690131,
        0.0006620375762348463,
        0.0006620080730521373,
        0.0006619770182368311,
        0.0006619445305555929,
        0.0006619107146994154,
        0.0006618756487144821,
        0.0006618394182878739,
        0.0006618021084788381,
        0.00066176375611879,
        0.0006617244281151914
    ],
    "R end": 0.0006459929013705367,
    "v end": -28.195506146326352,
    "t end": 390.13535641913234,
    "v max": 194.32185175388554
}