{
    "star": "MS20",
    "grain": "gra",
    "stream": {
        "L4": 5.45,
        "eta": 0.1199,
        "vinf": 80.0,
        "n": 6.309573444801981,
        "T": 9000.0,
        "kappa": 600.0,
        "cs": 10.814989597775858,
        "taustar": 0.006523764434582456,
        "Rstar": 0.2567441387630671,
        "Qp": 2.0,
        "a": 0.02,
        "rho_d": 2.2,
        "kappa_d": 340909.0909090908,
        "drag_constant": 0.5021962203067153,
        "phi_norm": 1.5,
        "Rstarstar": 1.9033389559659089,
        "Upstarstar": 0.9956267685460203,
        "R0": 0.09058850618941149
    },
    "R sonic drift": 0.03767298178979601,
    "w sonic drift": 9.672835454459698,
    "R critical": 0.08933671843019271,
    "w critical": 48.41952977064848,
    "R equilib drift": 0.08415009370063492,
    "w equilib drift": 80.0,
    "t min": [
        4247.230989850798,
        6435.310094769596,
        8663.909183112817,
        10597.817482914785,
        11264.555391989366,
        17147.320258244115
    ],
    "R min": [
        0.03472105893572147,
        0.08098894040653883,
        0.08099994410064038,
        0.08099995132248057,
        0.08099995138627758,
        0.0809999512906633
    ],
    "t max": [
        5322.852368026369,
        7551.451456369588,
        9743.214196145153,
        10969.864603448115,
        11500.30802282237
    ],
    "R max": [
        0.08142304944128095,
        0.08100022875363593,
        0.08099995157668828,
        0.08099995139879682,
        0.08099995137189873
    ],
    "R end": 0.08099995133286801,
    "v end": 2.5253179928149086e-08,
    "t end": 18418.174283828263,
    "v max": 151.77595225911136
}