{
    "star": "MS10",
    "grain": "sil",
    "stream": {
        "L4": 0.64,
        "eta": 0.0066,
        "vinf": 30.0,
        "n": 0.001584893192461114,
        "T": 8000.0,
        "kappa": 600.0,
        "cs": 10.19646997739904,
        "taustar": 9.448410181136336e-05,
        "Rstar": 14.803384036363122,
        "Qp": 2.0,
        "a": 0.02,
        "rho_d": 3.5,
        "kappa_d": 214285.71428571426,
        "drag_constant": 0.000263080459080092,
        "phi_norm": 0.7,
        "Rstarstar": 0.9990603174603172,
        "Upstarstar": 1900.5592500041232,
        "R0": 1.204032091327907
    },
    "R sonic drift": 2.3770044548740383,
    "w sonic drift": 7.745966692414831,
    "R critical": 5.023772863019165,
    "w critical": 38.7741595142002,
    "R equilib drift": 4.320634647030491,
    "w equilib drift": 30.0,
    "t min": [
        792092.9720420497
    ],
    "R min": [
        0.6429952333219882
    ],
    "t max": [],
    "R max": [],
    "R end": 56.76280463363575,
    "v end": 17.745879253294834,
    "t end": 3098955.2896793806,
    "v max": 31.395496942300877
}