{
    "star": "MS20",
    "grain": "gra",
    "stream": {
        "L4": 5.45,
        "eta": 0.1199,
        "vinf": 50.0,
        "n": 0.501187233627275,
        "T": 9000.0,
        "kappa": 600.0,
        "cs": 10.814989597775858,
        "taustar": 0.002941834612802764,
        "Rstar": 1.4575401286460694,
        "Qp": 2.0,
        "a": 0.02,
        "rho_d": 2.2,
        "kappa_d": 340909.0909090908,
        "drag_constant": 0.2614287644501205,
        "phi_norm": 1.5,
        "Rstarstar": 4.8725477272727264,
        "Upstarstar": 1.9125668938981581,
        "R0": 0.5089979064826227
    },
    "R sonic drift": 0.133668783513723,
    "w sonic drift": 9.672835454459698,
    "R critical": 0.31697863849222285,
    "w critical": 48.41952977064848,
    "R equilib drift": 0.31697863849222285,
    "w equilib drift": 50.0,
    "t min": [
        24404.359422752434,
        36052.369875599994,
        47700.38032844756,
        59327.47873380348,
        70975.48918665104,
        82623.4996394986,
        94250.59804485452
    ],
    "R min": [
        0.12005706281887198,
        0.12001274842334678,
        0.11998991704949723,
        0.12003738844568577,
        0.12000136143852709,
        0.11998689915665355,
        0.1200209249783829
    ],
    "t max": [
        29193.21829833967,
        40841.228751187235,
        52489.239204034806,
        64116.33760939071,
        75764.34806223828,
        87391.44646759419,
        99039.45692044176
    ],
    "R max": [
        0.4145011601856717,
        0.4145035949537313,
        0.4145045265119133,
        0.41450226434879445,
        0.41450413909280615,
        0.41450041995268744,
        0.41450317940714365
    ],
    "R end": 0.17571438896614136,
    "v end": -45.556812468750486,
    "t end": 104560.23745823665,
    "v max": 122.87026968776632
}