{
    "star": "MS10",
    "grain": "gra",
    "stream": {
        "L4": 0.64,
        "eta": 0.0066,
        "vinf": 90.0,
        "n": 0.03162277660168389,
        "T": 8000.0,
        "kappa": 600.0,
        "cs": 10.19646997739904,
        "taustar": 0.00014068165999419054,
        "Rstar": 1.1046882921517063,
        "Qp": 2.0,
        "a": 0.2,
        "rho_d": 2.2,
        "kappa_d": 34090.90909090909,
        "drag_constant": 1.640190526767284e-06,
        "phi_norm": 1.0,
        "Rstarstar": 0.01766015712682379,
        "Upstarstar": 304842.63373077125,
        "R0": 0.08990084326497264
    },
    "R sonic drift": 0.33576080362451216,
    "w sonic drift": 7.745966692414831,
    "R critical": 0.7516748085768887,
    "w critical": 43.32928075712418,
    "R equilib drift": 0.626857246692243,
    "w equilib drift": 90.0,
    "t min": [
        36799.264449185546
    ],
    "R min": [
        0.016636792317126257
    ],
    "t max": [],
    "R max": [],
    "R end": 8.703348947484889,
    "v end": 69.3570533967975,
    "t end": 145913.0231926469,
    "v max": 88.28478621306368
}