{
    "star": "MS10",
    "grain": "gra",
    "stream": {
        "L4": 0.64,
        "eta": 0.0066,
        "vinf": 90.0,
        "n": 630.9573444802007,
        "T": 8000.0,
        "kappa": 600.0,
        "cs": 10.19646997739904,
        "taustar": 0.019871812658164793,
        "Rstar": 0.007820594194873099,
        "Qp": 2.0,
        "a": 0.2,
        "rho_d": 2.2,
        "kappa_d": 34090.90909090909,
        "drag_constant": 0.03272610347427747,
        "phi_norm": 1.0,
        "Rstarstar": 0.017660157126823787,
        "Upstarstar": 15.278323629117574,
        "R0": 0.0008090935170626424
    },
    "R sonic drift": 0.002377004454874038,
    "w sonic drift": 7.745966692414831,
    "R critical": 0.0053214501195976175,
    "w critical": 43.32928075712418,
    "R equilib drift": 0.004437809452064211,
    "w equilib drift": 90.0,
    "t min": [
        244.4042738460471,
        413.1940386239173,
        602.0237142750475,
        791.6797780034256,
        981.3358417318036
    ],
    "R min": [
        0.0017649931862909593,
        0.004199842350617478,
        0.0043175561395340945,
        0.0043207183299549465,
        0.004320802457238444
    ],
    "t max": [
        312.1680961803695,
        506.98908539154655,
        696.8517461392366,
        886.7144068869266
    ],
    "R max": [
        0.005092912936917327,
        0.004340758598919013,
        0.004321334801119439,
        0.004320818684481485
    ],
    "R end": 0.004320804353534424,
    "v end": 3.810802898472952e-05,
    "t end": 1032.9850965597932,
    "v max": 99.37248740389379
}