{
    "star": "MS10",
    "grain": "gra",
    "stream": {
        "L4": 0.64,
        "eta": 0.0066,
        "vinf": 40.0,
        "n": 0.002511886431509582,
        "T": 8000.0,
        "kappa": 600.0,
        "cs": 10.19646997739904,
        "taustar": 8.92113275856545e-05,
        "Rstar": 8.819059432162444,
        "Qp": 2.0,
        "a": 0.02,
        "rho_d": 2.2,
        "kappa_d": 340909.0909090908,
        "drag_constant": 0.0003339061142847882,
        "phi_norm": 1.0,
        "Rstarstar": 0.8940454545454541,
        "Upstarstar": 1497.426907174124,
        "R0": 0.7172509614566167
    },
    "R sonic drift": 1.191324287058022,
    "w sonic drift": 7.745966692414831,
    "R critical": 2.6670428643266484,
    "w critical": 43.32928075712418,
    "R equilib drift": 2.5178508235883377,
    "w equilib drift": 40.0,
    "t min": [
        294245.56121028925
    ],
    "R min": [
        0.4351972768943872
    ],
    "t max": [],
    "R max": [],
    "R end": 23.6381082579073,
    "v end": 11.753439450327875,
    "t end": 1164867.6215767586,
    "v max": 44.84532188186084
}