{
    "star": "MS10",
    "grain": "gra",
    "stream": {
        "L4": 0.64,
        "eta": 0.0066,
        "vinf": 20.0,
        "n": 12589.254117941868,
        "T": 8000.0,
        "kappa": 600.0,
        "cs": 10.19646997739904,
        "taustar": 0.3994385697315021,
        "Rstar": 0.00787865829310225,
        "Qp": 2.0,
        "a": 0.2,
        "rho_d": 2.2,
        "kappa_d": 34090.90909090909,
        "drag_constant": 267.75917073540387,
        "phi_norm": 1.0,
        "Rstarstar": 0.35761818181818184,
        "Upstarstar": 0.001867349673315553,
        "R0": 0.0050153813805330575
    },
    "R sonic drift": 0.0005321450119597618,
    "w sonic drift": 7.745966692414831,
    "R critical": 0.001191324287058021,
    "w critical": 43.32928075712418,
    "R equilib drift": 0.0006730140988608326,
    "w equilib drift": 20.0,
    "t min": [
        249.5489508199677,
        311.36382854601476,
        372.97057537062733,
        434.7854530966743,
        496.6003308227214,
        558.2070776473339,
        620.0219553733809,
        681.6287021979934,
        743.4435799240406,
        805.2584576500876,
        866.8652044747001,
        928.6800822007473,
        990.2868290253597
    ],
    "R min": [
        0.000498066424290474,
        0.0004975443479548954,
        0.0004984128082528385,
        0.0004978021691055647,
        0.0004974010274104245,
        0.0004981172821406612,
        0.0004975786998470057,
        0.0004984682751965354,
        0.0004978473486705331,
        0.0004974199328054763,
        0.0004981689611200284,
        0.0004976151051584608,
        0.0004985242197627864
    ],
    "t max": [
        261.20428130029984,
        323.01915902634687,
        384.6259058509594,
        446.4407835770064,
        508.2556613030535,
        569.862408127666,
        631.6772858537131,
        693.2840326783256,
        755.0989104043726,
        816.9137881304198,
        878.5205349550323,
        940.3354126810792,
        1001.9421595056918
    ],
    "R max": [
        0.0013433016630185484,
        0.0013438012942926735,
        0.0013429215109418806,
        0.0013435667620665512,
        0.0013439210222819542,
        0.0013432480471195086,
        0.0013437715374666908,
        0.0013428575054932603,
        0.0013435231290971337,
        0.0013439054647784983,
        0.0013431927609980638,
        0.0013437394954654883,
        0.001342792176070986
    ],
    "R end": 0.0006559505720791478,
    "v end": -15.491927174140294,
    "t end": 1040.654507172509,
    "v max": 146.84705711770164
}