{
    "star": "MS10",
    "grain": "sil",
    "stream": {
        "L4": 0.64,
        "eta": 0.0066,
        "vinf": 120.0,
        "n": 31.622776601684052,
        "T": 8000.0,
        "kappa": 600.0,
        "cs": 10.19646997739904,
        "taustar": 0.0033365585294627517,
        "Rstar": 0.02619998330790669,
        "Qp": 2.0,
        "a": 0.02,
        "rho_d": 3.5,
        "kappa_d": 214285.71428571426,
        "drag_constant": 0.020504473664344696,
        "phi_norm": 0.7,
        "Rstarstar": 0.062441269841269846,
        "Upstarstar": 24.38492244106962,
        "R0": 0.0022176831632580245
    },
    "R sonic drift": 0.016827902832903904,
    "w sonic drift": 7.745966692414831,
    "R critical": 0.03556558820077846,
    "w critical": 38.7741595142002,
    "R equilib drift": 0.022440369086039285,
    "w equilib drift": 120.0,
    "t min": [
        1316.3353999940646,
        2111.621370823812,
        3006.729442819776,
        3902.9344609824016,
        4711.383785812089
    ],
    "R min": [
        0.010898577841156786,
        0.02175065146977539,
        0.021950631249492265,
        0.021952805397256046,
        0.021952828869045784
    ],
    "t max": [
        1642.1284114925957,
        2558.0784606551324,
        3454.283478817758,
        4340.615981480428,
        5121.641652143573
    ],
    "R max": [
        0.024048038300644982,
        0.021973999242843264,
        0.021953058039882515,
        0.02195283172424174,
        0.02195282945265217
    ],
    "R end": 0.021952829333667285,
    "v end": -7.365518736789212e-07,
    "t end": 5484.730833308603,
    "v max": 80.46982356463155
}