{
    "star": "MS10",
    "grain": "sil",
    "stream": {
        "L4": 0.64,
        "eta": 0.0066,
        "vinf": 50.0,
        "n": 12.589254117941765,
        "T": 8000.0,
        "kappa": 600.0,
        "cs": 10.19646997739904,
        "taustar": 0.0050525426626861335,
        "Rstar": 0.09965802044951072,
        "Qp": 2.0,
        "a": 0.02,
        "rho_d": 3.5,
        "kappa_d": 214285.71428571426,
        "drag_constant": 0.2708280187004018,
        "phi_norm": 0.7,
        "Rstarstar": 0.3596617142857143,
        "Upstarstar": 1.8461900744217874,
        "R0": 0.008615191415287875
    },
    "R sonic drift": 0.026670428643266485,
    "w sonic drift": 7.745966692414831,
    "R critical": 0.056367658625289106,
    "w critical": 38.7741595142002,
    "R equilib drift": 0.056367658625289106,
    "w equilib drift": 50.0,
    "t min": [
        4948.587406266316,
        7769.198777797538,
        10589.810149328761,
        13406.24901883109,
        16226.860390362313,
        19043.29925986464
    ],
    "R min": [
        0.02118167376232994,
        0.021177560003158014,
        0.02117568758587618,
        0.021179385571967427,
        0.021176365150607983,
        0.021181799935949333
    ],
    "t max": [
        6258.753043338511,
        9079.364414869733,
        11895.803284372063,
        14716.414655903285,
        17532.853525405615,
        20353.464896936835
    ],
    "R max": [
        0.07081135258566046,
        0.07081145889157123,
        0.07081125240360149,
        0.07081141895010742,
        0.07081112485142406,
        0.07081134744327298
    ],
    "R end": 0.06536704922129612,
    "v end": -24.017203448831953,
    "t end": 20862.5101444617,
    "v max": 78.31190777187072
}