{
    "star": "MS40",
    "grain": "gra",
    "stream": {
        "L4": 22.2,
        "eta": 0.4468,
        "vinf": 80.0,
        "n": 50118.723362727964,
        "T": 10000.0,
        "kappa": 600.0,
        "cs": 11.4,
        "taustar": 1.1734822013580812,
        "Rstar": 0.00581405015525932,
        "Qp": 2.0,
        "a": 0.02,
        "rho_d": 2.2,
        "kappa_d": 340909.0909090908,
        "drag_constant": 18054.580519845083,
        "phi_norm": 1.5,
        "Rstarstar": 7.753050426136361,
        "Upstarstar": 2.7693803212454265e-05,
        "R0": 0.006838732179457533
    },
    "R sonic drift": 0.0008433930068571646,
    "w sonic drift": 8.6559494714014,
    "R critical": 0.0018881217525718475,
    "w critical": 48.41952977064848,
    "R equilib drift": 0.001782501876267492,
    "w equilib drift": 80.0,
    "t min": [
        94.50639378817259,
        230.90567417703596,
        234.5341919141037,
        235.60625397278278,
        236.10105184601926,
        237.25558021690446,
        239.89450220749913,
        240.0594348319113,
        240.96656426617824,
        243.11068838353643,
        243.60548625677296,
        244.92494725207027,
        247.64633555487106,
        248.6359313013441,
        248.88333023796235,
        250.0378586088475,
        250.94498804311445,
        264.55192955711834,
        273.12842602655115,
        278.901067880977,
        280.0555962518622,
        280.7153267495109,
        281.4575235593656,
        281.86985512039604,
        282.52958561804473,
        283.2717824278995,
        286.8178338527611
    ],
    "R min": [
        0.0008025845048494828,
        0.0017709518192115749,
        0.0017709518213203334,
        0.0017709518214239354,
        0.0017709518214665456,
        0.001770951821693597,
        0.0017709518210866657,
        0.0017709518210811779,
        0.0017709518211526977,
        0.001770951821677517,
        0.0017709518216252474,
        0.001770951821615514,
        0.0017709518222226571,
        0.0017709518225392518,
        0.0017709518224324741,
        0.0017709518223403954,
        0.0017709518221979696,
        0.0017709518202137509,
        0.0017709518192171383,
        0.0017709518204449802,
        0.0017709518208081493,
        0.001770951820793166,
        0.0017709518207273576,
        0.0017709518207151428,
        0.0017709518207233473,
        0.001770951820655354,
        0.001770951820420339
    ],
    "t max": [
        230.57580892821161,
        233.62706247983675,
        235.02898978734018,
        236.0185855338132,
        237.0906475924923,
        237.91531071455316,
        239.97696851970525,
        240.63669901735392,
        242.86328944691817,
        243.19315469574255,
        243.93535150559728,
        246.32687455957372,
        247.9762008036954,
        248.71839761355017,
        249.13072917458058,
        250.12032492105362,
        251.52225222855702,
        267.19085154771307,
        278.4887363199466,
        279.89066362745007,
        280.46792781289264,
        281.0451919983352,
        281.7049224959839,
        282.36465299363255,
        283.02438349128124,
        284.42631079878464,
        328.7107204534519
    ],
    "R max": [
        0.0017709518192055237,
        0.0017709518214711504,
        0.0017709518216688844,
        0.0017709518214796833,
        0.001770951821692403,
        0.0017709518217710605,
        0.0017709518210892096,
        0.0017709518211446805,
        0.0017709518216878072,
        0.0017709518216919961,
        0.0017709518217074523,
        0.001770951822531478,
        0.0017709518226431324,
        0.001770951822546345,
        0.0017709518225600236,
        0.0017709518223478543,
        0.0017709518222300295,
        0.0017709518203098539,
        0.0017709518205867951,
        0.0017709518208146552,
        0.0017709518208124562,
        0.0017709518208546223,
        0.0017709518207361006,
        0.001770951820754727,
        0.0017709518207676654,
        0.0017709518207779096,
        0.0017709518245169454
    ],
    "R end": 0.0017709518183184178,
    "v end": -4.306572701376007e-08,
    "t end": 412.33156103042137,
    "v max": 249.1098332997643
}