{
    "star": "MS20",
    "grain": "gra",
    "stream": {
        "L4": 5.45,
        "eta": 0.1199,
        "vinf": 90.0,
        "n": 0.07943282347242846,
        "T": 9000.0,
        "kappa": 600.0,
        "cs": 10.814989597775858,
        "taustar": 0.0006506474744106947,
        "Rstar": 2.0339862625148846,
        "Qp": 2.0,
        "a": 0.02,
        "rho_d": 2.2,
        "kappa_d": 340909.0909090908,
        "drag_constant": 0.0039469656787314705,
        "phi_norm": 1.5,
        "Rstarstar": 1.503872755331088,
        "Upstarstar": 126.67959153896082,
        "R0": 0.7056242200529694
    },
    "R sonic drift": 0.33576080362451216,
    "w sonic drift": 9.672835454459698,
    "R critical": 0.7962143411069947,
    "w critical": 48.41952977064848,
    "R equilib drift": 0.7096267784671515,
    "w equilib drift": 90.0,
    "t min": [
        34873.2125430426,
        71760.02480614375,
        108500.92404605223,
        145854.65798336983
    ],
    "R min": [
        0.23386236003141256,
        0.5377228434132203,
        0.6632103452669329,
        0.6848433392338921
    ],
    "t max": [
        50281.62779218612,
        89182.03977534578,
        127031.87799151838
    ],
    "R max": [
        1.0948120208816265,
        0.7575690786145013,
        0.6989723515455235
    ],
    "R end": 0.6848433821581544,
    "v end": 0.004189999249341396,
    "t end": 145913.02319264688,
    "v max": 107.28124589163875
}