{
    "star": "MS40",
    "grain": "gra",
    "stream": {
        "L4": 22.2,
        "eta": 0.4468,
        "vinf": 120.0,
        "n": 2511.886431509613,
        "T": 10000.0,
        "kappa": 600.0,
        "cs": 11.4,
        "taustar": 0.1751399606609362,
        "Rstar": 0.01731360538864733,
        "Qp": 2.0,
        "a": 0.02,
        "rho_d": 2.2,
        "kappa_d": 340909.0909090908,
        "drag_constant": 178.74025214897742,
        "phi_norm": 1.5,
        "Rstarstar": 3.445800189393938,
        "Upstarstar": 0.0027973553465911924,
        "R0": 0.014495731407479501
    },
    "R sonic drift": 0.0037672981789796047,
    "w sonic drift": 8.6559494714014,
    "R critical": 0.008433930068571646,
    "w critical": 48.41952977064848,
    "R equilib drift": 0.00669930878315656,
    "w equilib drift": 120.0,
    "t min": [
        280.44740042842534,
        841.5877769423937,
        842.3245039137469,
        855.3400137409856,
        857.0590433408095,
        860.005951226222,
        861.4794051689283,
        864.4263130543409,
        864.9174643685762,
        865.8997669970471,
        893.4042405942306,
        998.7561974977284
    ],
    "R min": [
        0.0035545242399631924,
        0.0065975451888032315,
        0.0065975451888280814,
        0.006597545194042674,
        0.006597545194270629,
        0.00659754519453402,
        0.0065975451943828855,
        0.006597545194627031,
        0.006597545194600685,
        0.006597545194536137,
        0.006597545190526195,
        0.006597545196197985
    ],
    "t max": [
        840.8510499710407,
        842.0789282566292,
        854.8488624267502,
        856.5678920265741,
        859.0236485977512,
        860.2515268833398,
        864.1807373972231,
        864.6718887114586,
        865.1630400256939,
        867.8643722539888,
        937.8534345325363
    ],
    "R max": [
        0.006597545188828646,
        0.00659754518888905,
        0.006597545194123016,
        0.006597545194322403,
        0.006597545194659186,
        0.00659754519455352,
        0.006597545194637523,
        0.0065975451946180385,
        0.006597545194622074,
        0.006597545194630976,
        0.006597545200319399
    ],
    "R end": 0.006597545203887945,
    "v end": 3.082094271553739e-08,
    "t end": 1227.8782855885524,
    "v max": 208.2599424368749
}