{
    "star": "MS40",
    "grain": "gra",
    "stream": {
        "L4": 22.2,
        "eta": 0.4468,
        "vinf": 30.0,
        "n": 158.48931924611304,
        "T": 10000.0,
        "kappa": 600.0,
        "cs": 11.4,
        "taustar": 0.1759726763197307,
        "Rstar": 0.2757068181341672,
        "Qp": 2.0,
        "a": 0.02,
        "rho_d": 2.2,
        "kappa_d": 340909.0909090908,
        "drag_constant": 2887.1033560995497,
        "phi_norm": 1.5,
        "Rstarstar": 55.132803030303016,
        "Upstarstar": 0.0001731839627229332,
        "R0": 0.23103694084170087
    },
    "R sonic drift": 0.01499788418664912,
    "w sonic drift": 8.6559494714014,
    "R critical": 0.033576080362451216,
    "w critical": 48.41952977064848,
    "R equilib drift": 0.02429671413074461,
    "w equilib drift": 30.0,
    "t min": [
        4594.97521056153,
        5549.165807478136,
        6507.267021595222,
        7461.4576185118285,
        8415.648215428437,
        9369.838812345042,
        10324.02940926165,
        11282.130623378735,
        12236.321220295342,
        13190.51181721195,
        14144.702414128556,
        15098.89301104516,
        16056.994225162247,
        17011.184822078856,
        17965.375418995463,
        18919.56601591207
    ],
    "R min": [
        0.014187062997233048,
        0.014203007607456922,
        0.014146767984438478,
        0.014160653913423223,
        0.014175979657354761,
        0.014191736696014761,
        0.014207746276382412,
        0.014150490268464056,
        0.014165102759354441,
        0.01418058999458408,
        0.014196433424734891,
        0.014212502955192259,
        0.014154617400937484,
        0.014169617028446112,
        0.014185232001976932,
        0.014201149066551153
    ],
    "t max": [
        4806.148539387336,
        5764.24975350442,
        6718.440350421028,
        7672.630947337636,
        8626.821544254242,
        9584.922758371325,
        10539.113355287933,
        11493.303952204542,
        12447.494549121147,
        13401.685146037755,
        14359.78636015484,
        15313.976957071447,
        16268.167553988054,
        17222.35815090466,
        18176.54874782127,
        19134.64996193835
    ],
    "R max": [
        0.033864187961189555,
        0.03391115198959337,
        0.03390207933591593,
        0.033889861807814385,
        0.03387542342923755,
        0.03391459771607502,
        0.03390889198575082,
        0.03389875260128212,
        0.03388581024985619,
        0.03387082512456863,
        0.033913553855108976,
        0.033906262333057866,
        0.03389518495665685,
        0.033881581010878396,
        0.033866086065685766,
        0.03391192566059413
    ],
    "R end": 0.022182946073048476,
    "v end": -26.43764516506773,
    "t end": 19553.08600238949,
    "v max": 258.5441340941806
}