{
    "star": "MS10",
    "grain": "gra",
    "stream": {
        "L4": 0.64,
        "eta": 0.0066,
        "vinf": 90.0,
        "n": 0.0031622776601683824,
        "T": 8000.0,
        "kappa": 600.0,
        "cs": 10.19646997739904,
        "taustar": 4.4487447059503196e-05,
        "Rstar": 3.493331107720904,
        "Qp": 2.0,
        "a": 0.02,
        "rho_d": 2.2,
        "kappa_d": 340909.0909090908,
        "drag_constant": 1.640190526767281e-05,
        "phi_norm": 1.0,
        "Rstarstar": 0.1766015712682379,
        "Upstarstar": 30484.263373077185,
        "R0": 0.2839550121634326
    },
    "R sonic drift": 1.0617688884619771,
    "w sonic drift": 7.745966692414831,
    "R critical": 2.3770044548740383,
    "w critical": 43.32928075712418,
    "R equilib drift": 1.9822966673295388,
    "w equilib drift": 90.0,
    "t min": [
        116738.6258731437
    ],
    "R min": [
        0.14184780221220825
    ],
    "t max": [],
    "R max": [],
    "R end": 20.71288537364956,
    "v end": 36.045774534776825,
    "t end": 461417.4935697379,
    "v max": 87.7539315083353
}