{
    "star": "MS10",
    "grain": "sil",
    "stream": {
        "L4": 0.64,
        "eta": 0.0066,
        "vinf": 100.0,
        "n": 0.25118864315095923,
        "T": 8000.0,
        "kappa": 600.0,
        "cs": 10.19646997739904,
        "taustar": 0.00035684531034261874,
        "Rstar": 0.35276237728649706,
        "Qp": 2.0,
        "a": 0.002,
        "rho_d": 3.5,
        "kappa_d": 2142857.1428571427,
        "drag_constant": 0.033773308721912323,
        "phi_norm": 0.7,
        "Rstarstar": 0.8991542857142857,
        "Upstarstar": 14.804590338393378,
        "R0": 0.02878470539006791
    },
    "R sonic drift": 0.18881217525718474,
    "w sonic drift": 7.745966692414831,
    "R critical": 0.3990524629937762,
    "w critical": 38.7741595142002,
    "R equilib drift": 0.2825075089245511,
    "w equilib drift": 100.0,
    "t min": [
        17649.58369958936,
        29155.04453806644,
        42196.53609182159,
        55252.79717168518,
        67408.11715893375
    ],
    "R min": [
        0.12904500917199968,
        0.2786443946069454,
        0.28167052744720567,
        0.2817064410613308,
        0.28170686547168683
    ],
    "t max": [
        22301.984423748894,
        35668.40555188979,
        48724.66663175338,
        61603.69339831566,
        72355.90840526215
    ],
    "R max": [
        0.31174391472517754,
        0.2820418683094765,
        0.28171083021430104,
        0.28170692316746776,
        0.2817068756634561
    ],
    "R end": 0.2817068765439599,
    "v end": -1.5933581362710944e-06,
    "t end": 73847.63054221489,
    "v max": 80.08815671866284
}