{
    "star": "MS20",
    "grain": "gra",
    "stream": {
        "L4": 5.45,
        "eta": 0.1199,
        "vinf": 40.0,
        "n": 0.002511886431509582,
        "T": 9000.0,
        "kappa": 600.0,
        "cs": 10.814989597775858,
        "taustar": 0.0002603324265611318,
        "Rstar": 25.735376931335715,
        "Qp": 2.0,
        "a": 0.02,
        "rho_d": 2.2,
        "kappa_d": 340909.0909090908,
        "drag_constant": 0.0031988466612634507,
        "phi_norm": 1.5,
        "Rstarstar": 7.613355823863634,
        "Upstarstar": 156.30633567240596,
        "R0": 8.917982390348417
    },
    "R sonic drift": 1.8881217525718474,
    "w sonic drift": 9.672835454459698,
    "R critical": 4.477442277136685,
    "w critical": 48.41952977064848,
    "R equilib drift": 3.990524629937758,
    "w equilib drift": 40.0,
    "t min": [
        450470.54630751093,
        1325564.9682327572
    ],
    "R min": [
        1.2738706379352862,
        1.273853949744374
    ],
    "t max": [
        882848.4231321791,
        1757942.8450574258
    ],
    "R max": [
        15.414752417388605,
        15.4147523749394
    ],
    "R end": 14.612965610131655,
    "v end": -21.074119442844385,
    "t end": 1846190.7635553721,
    "v max": 61.637661078870245
}