{
    "star": "MS20",
    "grain": "gra",
    "stream": {
        "L4": 5.45,
        "eta": 0.1199,
        "vinf": 120.0,
        "n": 5011.872336272797,
        "T": 9000.0,
        "kappa": 600.0,
        "cs": 10.814989597775858,
        "taustar": 0.12257644220011574,
        "Rstar": 0.006073083869358594,
        "Qp": 2.0,
        "a": 0.02,
        "rho_d": 2.2,
        "kappa_d": 340909.0909090908,
        "drag_constant": 78.79676783435897,
        "phi_norm": 1.5,
        "Rstarstar": 0.8459284248737371,
        "Upstarstar": 0.006345437937899496,
        "R0": 0.0029192798843806684
    },
    "R sonic drift": 0.00133668783513723,
    "w sonic drift": 9.672835454459698,
    "R critical": 0.0031697863849222286,
    "w critical": 48.41952977064848,
    "R equilib drift": 0.002470564117517071,
    "w equilib drift": 120.0,
    "t min": [
        99.07082499167926
    ],
    "R min": [
        0.001312478093019294
    ],
    "t max": [
        300.78494975486086
    ],
    "R max": [
        0.002369348792100681
    ],
    "R end": 0.0023693487920656902,
    "v end": -7.91323094927493e-09,
    "t end": 435.6676560759862,
    "v max": 189.50180982608347
}