{
    "star": "MS10",
    "grain": "gra",
    "stream": {
        "L4": 0.64,
        "eta": 0.0066,
        "vinf": 20.0,
        "n": 630.9573444802007,
        "T": 8000.0,
        "kappa": 600.0,
        "cs": 10.19646997739904,
        "taustar": 0.08942315696174158,
        "Rstar": 0.03519267387692895,
        "Qp": 2.0,
        "a": 0.02,
        "rho_d": 2.2,
        "kappa_d": 340909.0909090908,
        "drag_constant": 1341.9747805920902,
        "phi_norm": 1.0,
        "Rstarstar": 3.576181818181817,
        "Upstarstar": 0.0003725852432035988,
        "R0": 0.007298736723634752
    },
    "R sonic drift": 0.002377004454874038,
    "w sonic drift": 7.745966692414831,
    "R critical": 0.0053214501195976175,
    "w critical": 43.32928075712418,
    "R equilib drift": 0.003006243552474001,
    "w equilib drift": 20.0,
    "t min": [
        1113.764531110769,
        1359.2017900533758,
        1605.5687355828866,
        1851.0059945254936,
        2097.372940055004,
        2343.739885584515,
        2589.1771445271215,
        2835.5440900566327,
        3080.9813489992393,
        3327.34829452875,
        3572.7855534713567,
        3819.1524990008675,
        4065.519444530378,
        4310.956703472985,
        4557.323649002496
    ],
    "R min": [
        0.0022353252290362577,
        0.002239621508850602,
        0.0022363233554425267,
        0.0022410203995828345,
        0.002237521717974401,
        0.0022349274409858002,
        0.002238825747389133,
        0.002235703794628032,
        0.002240195820709097,
        0.0022368031660191445,
        0.002241612288380821,
        0.0022380523067757267,
        0.0022351892065006116,
        0.002239387028580141,
        0.0022361342609426784
    ],
    "t max": [
        1158.3894872821522,
        1403.8267462247588,
        1650.1936917542696,
        1895.6309506968767,
        2141.997896226387,
        2387.4351551689942,
        2633.802100698505,
        2880.1690462280153,
        3125.606305170623,
        3371.9732507001336,
        3617.41050964274,
        3863.777455172251,
        4110.144400701762,
        4355.581659644368,
        4601.948605173879
    ],
    "R max": [
        0.005613858089786564,
        0.005609560452653198,
        0.005613191001094524,
        0.005607640712288417,
        0.005612056745879563,
        0.005605501217354179,
        0.005610568107725548,
        0.0056136486147008065,
        0.005608793578489915,
        0.005612769722239732,
        0.00560677881954598,
        0.005611478175978417,
        0.005613912344611231,
        0.005609864297509682,
        0.005613342375918176
    ],
    "R end": 0.004755153466052786,
    "v end": -17.975892102189267,
    "t end": 4648.43293451907,
    "v max": 167.7179561620646
}