{
    "star": "MS10",
    "grain": "sil",
    "stream": {
        "L4": 0.64,
        "eta": 0.0066,
        "vinf": 170.0,
        "n": 39810.717055350346,
        "T": 8000.0,
        "kappa": 600.0,
        "cs": 10.19646997739904,
        "taustar": 0.08356628048575608,
        "Rstar": 0.0005212347229723591,
        "Qp": 2.0,
        "a": 0.02,
        "rho_d": 3.5,
        "kappa_d": 214285.71428571426,
        "drag_constant": 6.408817791962138,
        "phi_norm": 0.7,
        "Rstarstar": 0.031112605042016805,
        "Upstarstar": 0.07801750903686076,
        "R0": 0.00010308576373117415
    },
    "R sonic drift": 0.00047427474113233113,
    "w sonic drift": 7.745966692414831,
    "R critical": 0.001002374467254545,
    "w critical": 38.7741595142002,
    "R equilib drift": 0.0004853205581071067,
    "w equilib drift": 170.0,
    "t min": [
        25.052987836414587,
        63.22169491471521,
        72.75841589425632,
        79.3053639351312,
        95.32356347513844
    ],
    "R min": [
        0.00042958544721070034,
        0.00047173595041471387,
        0.00047173595172338894,
        0.0004717359505288206,
        0.0004717359514940502
    ],
    "t max": [
        61.86865898626774,
        69.96505139681635,
        75.00620138829002,
        88.68932279371855,
        97.0694162860384
    ],
    "R max": [
        0.00047173595020021146,
        0.00047173595188861067,
        0.0004717359513962989,
        0.0004717359522709342,
        0.0004717359517250112
    ],
    "R end": 0.0004717359502458544,
    "v end": -6.749453779330537e-08,
    "t end": 109.11580068124822,
    "v max": 19.518057282459168
}