{
    "star": "MS10",
    "grain": "sil",
    "stream": {
        "L4": 0.64,
        "eta": 0.0066,
        "vinf": 100.0,
        "n": 0.25118864315095923,
        "T": 8000.0,
        "kappa": 600.0,
        "cs": 10.19646997739904,
        "taustar": 0.00035684531034261874,
        "Rstar": 0.35276237728649706,
        "Qp": 2.0,
        "a": 0.02,
        "rho_d": 3.5,
        "kappa_d": 214285.71428571426,
        "drag_constant": 0.0003377330872191232,
        "phi_norm": 0.7,
        "Rstarstar": 0.08991542857142858,
        "Upstarstar": 1480.4590338393377,
        "R0": 0.02878470539006791
    },
    "R sonic drift": 0.18881217525718474,
    "w sonic drift": 7.745966692414831,
    "R critical": 0.3990524629937762,
    "w critical": 38.7741595142002,
    "R equilib drift": 0.2825075089245511,
    "w equilib drift": 100.0,
    "t min": [
        18550.524792204378,
        64144.051888967835
    ],
    "R min": [
        0.0521586390431334,
        0.16135850272019225
    ],
    "t max": [
        36864.737166673665
    ],
    "R max": [
        0.8396263011308586
    ],
    "R end": 0.34641730017568545,
    "v end": 14.922701369512396,
    "t end": 73847.63054221489,
    "v max": 90.73043657678647
}