{
    "star": "MS40",
    "grain": "gra",
    "stream": {
        "L4": 22.2,
        "eta": 0.4468,
        "vinf": 10.0,
        "n": 0.6309573444801969,
        "T": 10000.0,
        "kappa": 600.0,
        "cs": 11.4,
        "taustar": 0.03330937576553088,
        "Rstar": 13.108975775278708,
        "Qp": 2.0,
        "a": 0.02,
        "rho_d": 2.2,
        "kappa_d": 340909.0909090908,
        "drag_constant": 930.9950040357568,
        "phi_norm": 1.5,
        "Rstarstar": 496.1952272727271,
        "Upstarstar": 0.0005370598100232086,
        "R0": 9.19942636577472
    },
    "R sonic drift": 0.23770044548740382,
    "w sonic drift": 8.6559494714014,
    "R critical": 0.5321450119597623,
    "w critical": 48.41952977064848,
    "R equilib drift": 0.23770044548740382,
    "w equilib drift": 10.0,
    "t min": [
        301218.45415683574,
        301776.2661089781,
        302334.07806112035,
        302705.9526958819,
        311816.88124753925,
        421333.9611848086,
        661750.9125581349
    ],
    "R min": [
        0.22756256703284392,
        0.22756256704509525,
        0.22756256704823136,
        0.2275625670487914,
        0.22756256686381043,
        0.22756256689096072,
        0.2275625669963781
    ],
    "t max": [
        301590.3287915973,
        302148.1407437396,
        302520.01537850115,
        302891.89001326263,
        336360.60714179993,
        491060.4552025946,
        807897.6440194143
    ],
    "R max": [
        0.2275625670438595,
        0.22756256704499708,
        0.22756256704937305,
        0.22756256704807848,
        0.22756256748253398,
        0.22756256702257632,
        0.227562567004217
    ],
    "R end": 0.22756256700646343,
    "v end": -1.4636789640377282e-11,
    "t end": 929686.5869038141,
    "v max": 5.727858149957742e-08
}