{
    "star": "MS10",
    "grain": "gra",
    "stream": {
        "L4": 0.64,
        "eta": 0.0066,
        "vinf": 170.0,
        "n": 158.48931924611304,
        "T": 8000.0,
        "kappa": 600.0,
        "cs": 10.19646997739904,
        "taustar": 0.005272675842337952,
        "Rstar": 0.008261013641132482,
        "Qp": 2.0,
        "a": 0.2,
        "rho_d": 2.2,
        "kappa_d": 34090.90909090909,
        "drag_constant": 0.0006457562994307662,
        "phi_norm": 1.0,
        "Rstarstar": 0.004949732620320854,
        "Upstarstar": 774.2859038940072,
        "R0": 0.000716076384722834
    },
    "R sonic drift": 0.004742747411323311,
    "w sonic drift": 7.745966692414831,
    "R critical": 0.01061768888461977,
    "w critical": 43.32928075712418,
    "R equilib drift": 0.005768045643312735,
    "w equilib drift": 170.0,
    "t min": [
        269.29779608132054,
        530.7392545135913,
        780.6144380736496,
        1033.7630956541454
    ],
    "R min": [
        0.0019925769738012213,
        0.00481616701207483,
        0.005558950422680544,
        0.005676848209834002
    ],
    "t max": [
        373.8307331339563,
        650.5484036616018,
        906.53407205981
    ],
    "R max": [
        0.009289237819414315,
        0.006083434654314336,
        0.005750089041458406
    ],
    "R end": 0.005690982466345457,
    "v end": 0.3381804842698048,
    "t end": 1091.158006812482,
    "v max": 130.12555537015362
}