{
    "star": "MS20",
    "grain": "gra",
    "stream": {
        "L4": 5.45,
        "eta": 0.1199,
        "vinf": 100.0,
        "n": 0.003981071705534978,
        "T": 9000.0,
        "kappa": 600.0,
        "cs": 10.814989597775858,
        "taustar": 0.0001310956429247391,
        "Rstar": 8.176934611132756,
        "Qp": 2.0,
        "a": 0.02,
        "rho_d": 2.2,
        "kappa_d": 340909.0909090908,
        "drag_constant": 0.00012978765560738327,
        "phi_norm": 1.5,
        "Rstarstar": 1.2181369318181818,
        "Upstarstar": 3852.446503175424,
        "R0": 2.8324648692199483
    },
    "R sonic drift": 1.4997884186649117,
    "w sonic drift": 9.672835454459698,
    "R critical": 3.556558820077846,
    "w critical": 48.41952977064848,
    "R equilib drift": 2.992471312188866,
    "w equilib drift": 100.0,
    "t min": [
        146061.55243784946
    ],
    "R min": [
        0.5715749134681443
    ],
    "t max": [
        357352.1997796703
    ],
    "R max": [
        10.67454111433794
    ],
    "R end": 3.181694303816534,
    "v end": -57.43423180233399,
    "t end": 586592.5800716847,
    "v max": 101.03753071956632
}