{
    "star": "MS10",
    "grain": "gra",
    "stream": {
        "L4": 0.64,
        "eta": 0.0066,
        "vinf": 80.0,
        "n": 3.981071705535002,
        "T": 8000.0,
        "kappa": 600.0,
        "cs": 10.19646997739904,
        "taustar": 0.0017757834603223093,
        "Rstar": 0.11076237863162677,
        "Qp": 2.0,
        "a": 0.2,
        "rho_d": 2.2,
        "kappa_d": 34090.90909090909,
        "drag_constant": 0.00033075345465694196,
        "phi_norm": 1.0,
        "Rstarstar": 0.02235113636363636,
        "Upstarstar": 1511.7000078460278,
        "R0": 0.009197187950619627
    },
    "R sonic drift": 0.029924713121888692,
    "w sonic drift": 7.745966692414831,
    "R critical": 0.0669930878315656,
    "w critical": 43.32928075712418,
    "R equilib drift": 0.05957370409089471,
    "w equilib drift": 80.0,
    "t min": [
        3657.5189664293694
    ],
    "R min": [
        0.010680613002876375
    ],
    "t max": [
        9064.79500639855
    ],
    "R max": [
        0.21340965740131393
    ],
    "R end": 0.07985016615997144,
    "v end": -45.36229668540181,
    "t end": 14630.075865717477,
    "v max": 81.04321512650613
}