{
    "star": "MS20",
    "grain": "gra",
    "stream": {
        "L4": 5.45,
        "eta": 0.1199,
        "vinf": 250.0,
        "n": 25118.86431509618,
        "T": 9000.0,
        "kappa": 600.0,
        "cs": 10.814989597775858,
        "taustar": 0.1317189466770717,
        "Rstar": 0.0013021185207356002,
        "Qp": 2.0,
        "a": 0.02,
        "rho_d": 2.2,
        "kappa_d": 340909.0909090908,
        "drag_constant": 20.963961479256454,
        "phi_norm": 1.5,
        "Rstarstar": 0.19490190909090904,
        "Upstarstar": 0.02385045405157528,
        "R0": 0.0006396018707231694
    },
    "R sonic drift": 0.0005970765237835921,
    "w sonic drift": 9.672835454459698,
    "R critical": 0.0014158915687682763,
    "w critical": 48.41952977064848,
    "R equilib drift": 0.0007096267784671508,
    "w equilib drift": 250.0,
    "t min": [
        21.166861204686093,
        49.2087488200734,
        53.30013681992005
    ],
    "R min": [
        0.0005826398523838367,
        0.0006831612886510608,
        0.0006831612902569823
    ],
    "t max": [
        48.92851676528939,
        51.50665166930235,
        56.68160361431386
    ],
    "R max": [
        0.000683161288876331,
        0.0006831612903255183,
        0.0006831612915518172
    ],
    "R end": 0.0006831612908682391,
    "v end": -2.682921231885855e-07,
    "t end": 93.41068492800571,
    "v max": 78.91660309380786
}