{
    "star": "MS10",
    "grain": "gra",
    "stream": {
        "L4": 0.64,
        "eta": 0.0066,
        "vinf": 60.0,
        "n": 0.31622776601683955,
        "T": 8000.0,
        "kappa": 600.0,
        "cs": 10.19646997739904,
        "taustar": 0.0006673117058925492,
        "Rstar": 0.5239996661581345,
        "Qp": 2.0,
        "a": 0.2,
        "rho_d": 2.2,
        "kappa_d": 34090.90909090909,
        "drag_constant": 8.303464541759393e-05,
        "phi_norm": 1.0,
        "Rstarstar": 0.039735353535353526,
        "Upstarstar": 6021.582888509049,
        "R0": 0.04292102204289202
    },
    "R sonic drift": 0.1061768888461977,
    "w sonic drift": 7.745966692414831,
    "R critical": 0.23770044548740382,
    "w critical": 43.32928075712418,
    "R equilib drift": 0.23770044548740382,
    "w equilib drift": 60.0,
    "t min": [
        17510.793880971552
    ],
    "R min": [
        0.025685245598796383
    ],
    "t max": [],
    "R max": [],
    "R end": 2.035692118986205,
    "v end": 20.428017088709485,
    "t end": 69212.62403546069,
    "v max": 61.45381721966573
}