{
    "star": "MS40",
    "grain": "gra",
    "stream": {
        "L4": 22.2,
        "eta": 0.4468,
        "vinf": 140.0,
        "n": 316.2277660168418,
        "T": 10000.0,
        "kappa": 600.0,
        "cs": 11.4,
        "taustar": 0.05326457402772157,
        "Rstar": 0.04182545991943879,
        "Qp": 2.0,
        "a": 0.02,
        "rho_d": 2.2,
        "kappa_d": 340909.0909090908,
        "drag_constant": 12.146054003370871,
        "phi_norm": 1.5,
        "Rstarstar": 2.531608302411873,
        "Upstarstar": 0.04116563287642522,
        "R0": 0.030183881570662048
    },
    "R sonic drift": 0.01061768888461977,
    "w sonic drift": 8.6559494714014,
    "R critical": 0.02377004454874038,
    "w critical": 48.41952977064848,
    "R equilib drift": 0.017710623732359716,
    "w equilib drift": 140.0,
    "t min": [
        678.0859651931277,
        1939.9309765367693,
        2005.1885934844893,
        2245.4552740647314
    ],
    "R min": [
        0.009875287496139114,
        0.017041286194398066,
        0.017041286209850792,
        0.017041286220629014
    ],
    "t max": [
        1935.1849680314804,
        1985.6113084001734,
        2069.259708305887,
        2473.263682318591
    ],
    "R max": [
        0.01704128619492152,
        0.017041286211270122,
        0.017041286227156227,
        0.01704128621068739
    ],
    "R end": 0.017041286202710247,
    "v end": -1.9491832416893006e-08,
    "t end": 2966.2553158054575,
    "v max": 180.82717327602242
}