{
    "star": "MS10",
    "grain": "gra",
    "stream": {
        "L4": 0.64,
        "eta": 0.0066,
        "vinf": 200.0,
        "n": 6.309573444801981,
        "T": 8000.0,
        "kappa": 600.0,
        "cs": 10.19646997739904,
        "taustar": 0.0008942315696174141,
        "Rstar": 0.03519267387692903,
        "Qp": 2.0,
        "a": 0.2,
        "rho_d": 2.2,
        "kappa_d": 34090.90909090909,
        "drag_constant": 1.3419747805920853e-05,
        "phi_norm": 1.0,
        "Rstarstar": 0.003576181818181819,
        "Upstarstar": 37258.52432036002,
        "R0": 0.0028907076002229327
    },
    "R sonic drift": 0.02377004454874038,
    "w sonic drift": 7.745966692414831,
    "R critical": 0.05321450119597623,
    "w critical": 43.32928075712418,
    "R equilib drift": 0.025875319913233136,
    "w equilib drift": 200.0,
    "t min": [
        1172.3347860857095
    ],
    "R min": [
        0.0028822889505353442
    ],
    "t max": [
        3092.1375880420856
    ],
    "R max": [
        0.15842973052371395
    ],
    "R end": 0.0995235612804567,
    "v end": -68.12256591303819,
    "t end": 4648.432934519071,
    "v max": 182.3014568473289
}