{
    "star": "MS10",
    "grain": "sil",
    "stream": {
        "L4": 0.64,
        "eta": 0.0066,
        "vinf": 80.0,
        "n": 158.48931924611304,
        "T": 8000.0,
        "kappa": 600.0,
        "cs": 10.19646997739904,
        "taustar": 0.011204436164968148,
        "Rstar": 0.017554653987406525,
        "Qp": 2.0,
        "a": 0.002,
        "rho_d": 3.5,
        "kappa_d": 2142857.1428571427,
        "drag_constant": 52.02518844113201,
        "phi_norm": 0.7,
        "Rstarstar": 1.404928571428571,
        "Upstarstar": 0.009610729244465191,
        "R0": 0.0016361031142112107
    },
    "R sonic drift": 0.007516748085768888,
    "w sonic drift": 7.745966692414831,
    "R critical": 0.015886564694485638,
    "w critical": 38.7741595142002,
    "R equilib drift": 0.013336891065110117,
    "w equilib drift": 80.0,
    "t min": [
        845.2290483581845,
        2619.4750681291907,
        2650.344302938794,
        2674.598701717768,
        2701.793027621466,
        2756.9166612100435,
        2808.3653858927155,
        3316.2377966888075
    ],
    "R min": [
        0.006970414640686707,
        0.013012421490776731,
        0.013012421499915059,
        0.013012421506459105,
        0.01301242151332177,
        0.013012421519262985,
        0.013012421519779185,
        0.013012421475093619
    ],
    "t max": [
        2590.07579688195,
        2637.849612658717,
        2662.8389932188716,
        2689.298337341389,
        2755.4466976476815,
        2776.761169301931,
        2897.29818141562
    ],
    "R max": [
        0.013012421497855232,
        0.013012421502342863,
        0.013012421506511846,
        0.013012421514022375,
        0.013012421519277747,
        0.013012421521903112,
        0.013012421535940996
    ],
    "R end": 0.013012421538705968,
    "v end": 1.2911388341152884e-07,
    "t end": 3674.9089059051503,
    "v max": 94.67566984556771
}