{
    "star": "MS20",
    "grain": "gra",
    "stream": {
        "L4": 5.45,
        "eta": 0.1199,
        "vinf": 500.0,
        "n": 0.0012589254117941675,
        "T": 9000.0,
        "kappa": 600.0,
        "cs": 10.814989597775858,
        "taustar": 1.4744099513795709e-05,
        "Rstar": 2.908174891242403,
        "Qp": 2.0,
        "a": 0.02,
        "rho_d": 2.2,
        "kappa_d": 340909.0909090908,
        "drag_constant": 6.566793662285677e-08,
        "phi_norm": 1.5,
        "Rstarstar": 0.048725477272727254,
        "Upstarstar": 7614065.946240911,
        "R0": 1.007044366524199
    },
    "R sonic drift": 2.6670428643266484,
    "w sonic drift": 9.672835454459698,
    "R critical": 6.32455532033676,
    "w critical": 48.41952977064848,
    "R equilib drift": 2.2440369086039262,
    "w equilib drift": 500.0,
    "t min": [
        52323.175442309956
    ],
    "R min": [
        0.04921597383250565
    ],
    "t max": [],
    "R max": [],
    "R end": 60.97371944468575,
    "v end": 282.0643805099214,
    "t end": 208625.101444617,
    "v max": 491.6149301730634
}