{
    "star": "MS10",
    "grain": "sil",
    "stream": {
        "L4": 0.64,
        "eta": 0.0066,
        "vinf": 100.0,
        "n": 0.03981071705534985,
        "T": 8000.0,
        "kappa": 600.0,
        "cs": 10.19646997739904,
        "taustar": 0.00014206267682578447,
        "Rstar": 0.886099029053016,
        "Qp": 2.0,
        "a": 0.02,
        "rho_d": 3.5,
        "kappa_d": 214285.71428571426,
        "drag_constant": 5.3527087080246305e-05,
        "phi_norm": 0.7,
        "Rstarstar": 0.08991542857142858,
        "Upstarstar": 9341.065006029825,
        "R0": 0.07211301562792222
    },
    "R sonic drift": 0.4742747411323311,
    "w sonic drift": 7.745966692414831,
    "R critical": 1.0023744672545452,
    "w critical": 38.7741595142002,
    "R equilib drift": 0.7096267784671515,
    "w equilib drift": 100.0,
    "t min": [
        46930.70587300486
    ],
    "R min": [
        0.06969261763760128
    ],
    "t max": [
        164609.91459171742
    ],
    "R max": [
        4.758507648095579
    ],
    "R end": 4.66454923581796,
    "v end": -8.592985507641085,
    "t end": 185496.86115812196,
    "v max": 94.02793665312346
}