{
    "star": "MS10",
    "grain": "sil",
    "stream": {
        "L4": 0.64,
        "eta": 0.0066,
        "vinf": 300.0,
        "n": 1258.9254117941816,
        "T": 8000.0,
        "kappa": 600.0,
        "cs": 10.19646997739904,
        "taustar": 0.00842090443781024,
        "Rstar": 0.0016609670074918417,
        "Qp": 2.0,
        "a": 0.02,
        "rho_d": 3.5,
        "kappa_d": 214285.71428571426,
        "drag_constant": 0.02089722366515453,
        "phi_norm": 0.7,
        "Rstarstar": 0.009990603174603173,
        "Upstarstar": 23.926623364506266,
        "R0": 0.00014963570407934754
    },
    "R sonic drift": 0.0026670428643266486,
    "w sonic drift": 7.745966692414831,
    "R critical": 0.0056367658625289105,
    "w critical": 38.7741595142002,
    "R equilib drift": 0.001699055955003651,
    "w equilib drift": 300.0,
    "t min": [
        85.67537499325606,
        119.26401632583938,
        139.6397345669303,
        156.95561798683352,
        243.81320188827573,
        317.11015419581787
    ],
    "R min": [
        0.0016362975078866057,
        0.001692730846123734,
        0.0016927310145627545,
        0.001692731013037823,
        0.001692731010352557,
        0.0016927310115701269
    ],
    "t max": [
        102.29584140834386,
        135.6758576394826,
        144.71627870208266,
        193.1173022372338,
        268.2223387572959
    ],
    "R max": [
        0.0016928328097484753,
        0.0016927310125175582,
        0.0016927310174531282,
        0.0016927310118613108,
        0.001692731012697894
    ],
    "R end": 0.001692731011886022,
    "v end": 8.660555412646136e-08,
    "t end": 347.708502407695,
    "v max": 9.408559758346959
}