{
    "star": "MS10",
    "grain": "sil",
    "stream": {
        "L4": 0.64,
        "eta": 0.0066,
        "vinf": 60.0,
        "n": 25118.86431509618,
        "T": 8000.0,
        "kappa": 600.0,
        "cs": 10.19646997739904,
        "taustar": 0.18807399217205356,
        "Rstar": 0.0018592209750682887,
        "Qp": 2.0,
        "a": 0.02,
        "rho_d": 3.5,
        "kappa_d": 214285.71428571426,
        "drag_constant": 260.59651791599276,
        "phi_norm": 0.7,
        "Rstarstar": 0.24976507936507936,
        "Upstarstar": 0.0019186749078557621,
        "R0": 0.0006862141344604664
    },
    "R sonic drift": 0.0005970765237835921,
    "w sonic drift": 7.745966692414831,
    "R critical": 0.0012619146889603862,
    "w critical": 38.7741595142002,
    "R equilib drift": 0.0012013572079541041,
    "w equilib drift": 60.0,
    "t min": [
        89.82994200576546,
        221.46116551681345,
        233.4488700825742,
        239.13135341569455,
        243.6462031872148,
        249.56221323265518,
        250.88553126913524,
        267.54377008129626,
        332.0749849190602
    ],
    "R min": [
        0.0005593971299328609,
        0.0011920891622841537,
        0.0011920891635473746,
        0.001192089164488536,
        0.001192089163712353,
        0.0011920891638237646,
        0.0011920891638921352,
        0.0011920891634604302,
        0.0011920891636942306
    ],
    "t max": [
        220.13784748033336,
        228.7783358361739,
        238.66429999105452,
        239.20919565313454,
        248.78379085825512,
        250.65200455681523,
        257.34643697665564,
        282.6451641446572
    ],
    "R max": [
        0.001192089162492686,
        0.0011920891640468695,
        0.0011920891644918068,
        0.0011920891644891774,
        0.0011920891638323927,
        0.0011920891638927402,
        0.0011920891644759866,
        0.0011920891638840445
    ],
    "R end": 0.0011920891637153131,
    "v end": 9.699317229632688e-09,
    "t end": 389.21118720002363,
    "v max": 112.34008924523457
}