{
    "star": "MS10",
    "grain": "gra",
    "stream": {
        "L4": 0.64,
        "eta": 0.0066,
        "vinf": 90.0,
        "n": 3162.277660168418,
        "T": 8000.0,
        "kappa": 600.0,
        "cs": 10.19646997739904,
        "taustar": 0.04448744705950344,
        "Rstar": 0.0034933311077208844,
        "Qp": 2.0,
        "a": 0.02,
        "rho_d": 2.2,
        "kappa_d": 340909.0909090908,
        "drag_constant": 16.401905267672987,
        "phi_norm": 1.0,
        "Rstarstar": 0.17660157126823786,
        "Upstarstar": 0.03048426337307686,
        "R0": 0.000477581848440897
    },
    "R sonic drift": 0.001061768888461977,
    "w sonic drift": 7.745966692414831,
    "R critical": 0.002377004454874038,
    "w critical": 43.32928075712418,
    "R equilib drift": 0.001982296667329539,
    "w equilib drift": 90.0,
    "t min": [
        105.9414565236118,
        341.0798112467502,
        367.3806083802253,
        379.2851797143245,
        381.0385661898895,
        383.2533701590242
    ],
    "R min": [
        0.0009801217167335141,
        0.0019300325635895942,
        0.0019300325725088155,
        0.0019300325719524595,
        0.001930032571801746,
        0.0019300325717535888
    ],
    "t max": [
        329.3598069100788,
        362.39729944967206,
        371.25651532621106,
        380.2080147014639,
        381.13084968860346,
        389.71321506900057
    ],
    "R max": [
        0.0019300325647204292,
        0.0019300325741018478,
        0.0019300325731384706,
        0.0019300325718611703,
        0.0019300325718215022,
        0.0019300325716809117
    ],
    "R end": 0.0019300325706959975,
    "v end": -1.2614946733633561e-08,
    "t end": 461.4174935697378,
    "v max": 132.20143298745725
}