{
    "star": "MS10",
    "grain": "gra",
    "stream": {
        "L4": 0.64,
        "eta": 0.0066,
        "vinf": 60.0,
        "n": 31622.776601684312,
        "T": 8000.0,
        "kappa": 600.0,
        "cs": 10.19646997739904,
        "taustar": 0.21102248999128725,
        "Rstar": 0.0016570324382275481,
        "Qp": 2.0,
        "a": 0.2,
        "rho_d": 2.2,
        "kappa_d": 34090.90909090909,
        "drag_constant": 8.30346454175949,
        "phi_norm": 1.0,
        "Rstarstar": 0.039735353535353526,
        "Upstarstar": 0.0602158288850898,
        "R0": 0.0006699762139890264
    },
    "R sonic drift": 0.0003357608036245122,
    "w sonic drift": 7.745966692414831,
    "R critical": 0.0007516748085768887,
    "w critical": 43.32928075712418,
    "R equilib drift": 0.0007516748085768887,
    "w equilib drift": 60.0,
    "t min": [
        50.646410350167734,
        73.10242461951609,
        88.42329205474401,
        103.74415948997193,
        107.55248939530001,
        119.28389645998882,
        145.89843189032763
    ],
    "R min": [
        0.0003059602771992933,
        0.0007198108563922034,
        0.0007198643684770264,
        0.0007198645555887402,
        0.000719864555727959,
        0.0007198645565403444,
        0.0007198645564240651
    ],
    "t max": [
        65.52953871581772,
        80.76285833713006,
        96.08372577235797,
        106.63323734918633,
        114.60008841550486,
        129.83340803681722
    ],
    "R max": [
        0.0007207468278838403,
        0.0007198677179415524,
        0.0007198645683434329,
        0.0007198645558079483,
        0.0007198645572980606,
        0.0007198645570109608
    ],
    "R end": 0.0007198645568240235,
    "v end": 1.1685436616289773e-09,
    "t end": 218.86953478897033,
    "v max": 136.59566237480135
}