{
    "star": "MS10",
    "grain": "gra",
    "stream": {
        "L4": 0.64,
        "eta": 0.0066,
        "vinf": 40.0,
        "n": 0.025118864315095874,
        "T": 8000.0,
        "kappa": 600.0,
        "cs": 10.19646997739904,
        "taustar": 0.00028211098825807864,
        "Rstar": 2.78883146260245,
        "Qp": 2.0,
        "a": 0.02,
        "rho_d": 2.2,
        "kappa_d": 340909.0909090908,
        "drag_constant": 0.003339061142847892,
        "phi_norm": 1.0,
        "Rstarstar": 0.8940454545454544,
        "Upstarstar": 149.74269071741202,
        "R0": 0.22735384693086563
    },
    "R sonic drift": 0.37672981789796045,
    "w sonic drift": 7.745966692414831,
    "R critical": 0.8433930068571646,
    "w critical": 43.32928075712418,
    "R equilib drift": 0.7962143411069947,
    "w equilib drift": 40.0,
    "t min": [
        90985.78096211173,
        318045.03353314684
    ],
    "R min": [
        0.21441781597289136,
        0.21442297738973026
    ],
    "t max": [
        206872.93355595932
    ],
    "R max": [
        3.315175898907985
    ],
    "R end": 2.3669238369138648,
    "v end": 29.738542447378084,
    "t end": 368363.48567656573,
    "v max": 53.77012113605847
}