{
    "star": "MS40",
    "grain": "gra",
    "stream": {
        "L4": 22.2,
        "eta": 0.4468,
        "vinf": 80.0,
        "n": 0.501187233627275,
        "T": 10000.0,
        "kappa": 600.0,
        "cs": 11.4,
        "taustar": 0.003710876549959855,
        "Rstar": 1.8385640921075126,
        "Qp": 2.0,
        "a": 0.02,
        "rho_d": 2.2,
        "kappa_d": 340909.0909090908,
        "drag_constant": 0.1805458051984492,
        "phi_norm": 1.5,
        "Rstarstar": 7.753050426136361,
        "Upstarstar": 2.7693803212454515,
        "R0": 1.2357777715986649
    },
    "R sonic drift": 0.26670428643266486,
    "w sonic drift": 8.6559494714014,
    "R critical": 0.5970765237835921,
    "w critical": 48.41952977064848,
    "R equilib drift": 0.5636765862528911,
    "w equilib drift": 80.0,
    "t min": [
        30328.8741225112,
        43680.88061496669,
        58910.513020423736,
        74140.14542588078,
        89395.8559690184,
        106372.72359907412,
        124470.95114939463
    ],
    "R min": [
        0.2287777660340536,
        0.5507697762906469,
        0.5598083031664508,
        0.5600189116778942,
        0.5600240110968973,
        0.5600241345150678,
        0.5600241379149539
    ],
    "t max": [
        36274.68951368279,
        51295.696817695214,
        66525.32922315225,
        81754.9616286093,
        97271.45354855269,
        119829.0426422519,
        130234.21957680218
    ],
    "R max": [
        0.6040539495338193,
        0.5614009279216142,
        0.5600576972346967,
        0.5600249527076785,
        0.5600241572054361,
        0.560024138246711,
        0.5600241395750805
    ],
    "R end": 0.5600241396080154,
    "v end": -6.786708990057008e-08,
    "t end": 130390.68840288563,
    "v max": 144.45208414691004
}