{
    "star": "MS10",
    "grain": "sil",
    "stream": {
        "L4": 0.64,
        "eta": 0.0066,
        "vinf": 50.0,
        "n": 1258.9254117941816,
        "T": 8000.0,
        "kappa": 600.0,
        "cs": 10.19646997739904,
        "taustar": 0.050525426626861436,
        "Rstar": 0.009965802044951053,
        "Qp": 2.0,
        "a": 0.02,
        "rho_d": 3.5,
        "kappa_d": 214285.71428571426,
        "drag_constant": 27.08280187004028,
        "phi_norm": 0.7,
        "Rstarstar": 0.35966171428571425,
        "Upstarstar": 0.018461900744217812,
        "R0": 0.0014513294849722827
    },
    "R sonic drift": 0.0026670428643266486,
    "w sonic drift": 7.745966692414831,
    "R critical": 0.0056367658625289105,
    "w critical": 38.7741595142002,
    "R equilib drift": 0.0056367658625289105,
    "w equilib drift": 50.0,
    "t min": [
        485.2619859601792,
        649.6585658985373,
        753.5538664179567,
        857.0319167344867,
        960.5099670510166,
        1064.405267570436,
        1170.8040693071905,
        1268.0233665803821,
        1329.7763966079888,
        1391.112176432706,
        1899.7401737546825
    ],
    "R min": [
        0.002436987873723779,
        0.005539833755582637,
        0.005551579804464895,
        0.005552788741377023,
        0.0055529202251401065,
        0.005552934592548243,
        0.005552936157554243,
        0.00555293631658339,
        0.005552936326938703,
        0.005552936321503389,
        0.005552936328025813
    ],
    "t max": [
        598.7540411460508,
        701.8148412596915,
        805.2928915762216,
        908.7709418927516,
        1012.666242412171,
        1116.5615429315903,
        1221.7085940596771,
        1296.813630579739,
        1343.9629035062226,
        1775.81686349658
    ],
    "R max": [
        0.005584617700440478,
        0.005556931395639725,
        0.00555338117789283,
        0.005552985076027577,
        0.005552941637295944,
        0.005552936889146491,
        0.005552936388248104,
        0.005552936337778585,
        0.00555293632866719,
        0.005552936327753984
    ],
    "R end": 0.00555293632845939,
    "v end": 2.2662314121113386e-09,
    "t end": 2086.25101444617,
    "v max": 107.95033910785652
}