{
    "star": "MS10",
    "grain": "sil",
    "stream": {
        "L4": 0.64,
        "eta": 0.0066,
        "vinf": 500.0,
        "n": 10.000000000000082,
        "T": 8000.0,
        "kappa": 600.0,
        "cs": 10.19646997739904,
        "taustar": 0.0004503083388079791,
        "Rstar": 0.011181813806355346,
        "Qp": 2.0,
        "a": 0.02,
        "rho_d": 3.5,
        "kappa_d": 214285.71428571426,
        "drag_constant": 2.1512634200816497e-05,
        "phi_norm": 0.7,
        "Rstarstar": 0.0035966171428571435,
        "Upstarstar": 23242.155996917514,
        "R0": 0.0009134638806136939
    },
    "R sonic drift": 0.029924713121888692,
    "w sonic drift": 7.745966692414831,
    "R critical": 0.0632455532033676,
    "w critical": 38.7741595142002,
    "R equilib drift": 0.013338852768825868,
    "w equilib drift": 500.0,
    "t min": [
        589.4164964780258,
        945.6881039599779,
        1258.8887680932576,
        1572.0894322265374,
        1886.2264212152231,
        2200.831572631612
    ],
    "R min": [
        0.0029520421976244374,
        0.008488439828779873,
        0.011404040283647398,
        0.01244661459952593,
        0.012772472690296074,
        0.012870096678262926
    ],
    "t max": [
        731.2697120720225,
        1090.3502941201923,
        1411.5097195244223,
        1727.9875206516228,
        2043.0608344957143
    ],
    "R max": [
        0.02968500913151213,
        0.016294701230644453,
        0.013817470626473056,
        0.013170777455337625,
        0.01298686834477035
    ],
    "R end": 0.012931846644218216,
    "v end": 0.16418119821591406,
    "t end": 2340.8121385147965,
    "v max": 364.5676049044441
}