{
    "star": "MS10",
    "grain": "gra",
    "stream": {
        "L4": 0.64,
        "eta": 0.0066,
        "vinf": 100.0,
        "n": 50.11872336272776,
        "T": 8000.0,
        "kappa": 600.0,
        "cs": 10.19646997739904,
        "taustar": 0.005040573984815089,
        "Rstar": 0.024973663788930164,
        "Qp": 2.0,
        "a": 0.02,
        "rho_d": 2.2,
        "kappa_d": 340909.0909090908,
        "drag_constant": 0.17055495336195503,
        "phi_norm": 1.0,
        "Rstarstar": 0.14304727272727272,
        "Upstarstar": 2.9316064420532566,
        "R0": 0.002158594836296677
    },
    "R sonic drift": 0.008433930068571646,
    "w sonic drift": 7.745966692414831,
    "R critical": 0.018881217525718474,
    "w critical": 43.32928075712418,
    "R equilib drift": 0.014949589454176477,
    "w equilib drift": 100.0,
    "t min": [
        768.5860297607054,
        1269.9812079736976,
        1850.5440459045308,
        2088.0470250580534,
        2181.7287557241652,
        2257.597762953763,
        2558.4348698815584,
        3199.6929135960695
    ],
    "R min": [
        0.006977901753506226,
        0.014418789813871288,
        0.014419591680540389,
        0.01441959172069801,
        0.014419591707515507,
        0.014419591710420425,
        0.014419591743884129,
        0.014419591736666394
    ],
    "t max": [
        971.1232925388483,
        1567.5196624132498,
        2002.9417908613746,
        2099.262443518081,
        2239.1253090196,
        2531.3859194779625,
        2644.859565073534
    ],
    "R max": [
        0.014543069398366524,
        0.014419596970241267,
        0.014419591724679937,
        0.014419591720972375,
        0.014419591709745092,
        0.01441959174500316,
        0.014419591743082131
    ],
    "R end": 0.014419591744018617,
    "v end": 3.7175721633528296e-08,
    "t end": 3298.6524882433705,
    "v max": 106.98907775393927
}