{
    "star": "MS10",
    "grain": "gra",
    "stream": {
        "L4": 0.64,
        "eta": 0.0066,
        "vinf": 60.0,
        "n": 0.1995262314968889,
        "T": 8000.0,
        "kappa": 600.0,
        "cs": 10.19646997739904,
        "taustar": 0.0005300645293524774,
        "Rstar": 0.6596764954981358,
        "Qp": 2.0,
        "a": 0.02,
        "rho_d": 2.2,
        "kappa_d": 340909.0909090908,
        "drag_constant": 0.0052391319372539465,
        "phi_norm": 1.0,
        "Rstarstar": 0.3973535353535352,
        "Upstarstar": 95.43565727838326,
        "R0": 0.05394316842419525
    },
    "R sonic drift": 0.133668783513723,
    "w sonic drift": 7.745966692414831,
    "R critical": 0.2992471312188869,
    "w critical": 43.32928075712418,
    "R equilib drift": 0.2992471312188869,
    "w equilib drift": 60.0,
    "t min": [
        21190.874791535967,
        51373.93000448029,
        81556.9852174246
    ],
    "R min": [
        0.08085867452815101,
        0.08085623583166424,
        0.08085427596474253
    ],
    "t max": [
        35655.0409732587,
        65838.09618620302
    ],
    "R max": [
        0.6252487329917815,
        0.6252488504091569
    ],
    "R end": 0.42583462959257756,
    "v end": 49.3470319643785,
    "t end": 87133.53121519722,
    "v max": 74.87215871602002
}