{
    "star": "MS20",
    "grain": "gra",
    "stream": {
        "L4": 5.45,
        "eta": 0.1199,
        "vinf": 140.0,
        "n": 19.952623149688993,
        "T": 9000.0,
        "kappa": 600.0,
        "cs": 10.814989597775858,
        "taustar": 0.006629186268549834,
        "Rstar": 0.08250162241535877,
        "Qp": 2.0,
        "a": 0.02,
        "rho_d": 2.2,
        "kappa_d": 340909.0909090908,
        "drag_constant": 0.16932506266356234,
        "phi_norm": 1.5,
        "Rstarstar": 0.621498434601113,
        "Upstarstar": 2.9529001326488022,
        "R0": 0.029118341173506566
    },
    "R sonic drift": 0.021185074503545776,
    "w sonic drift": 9.672835454459698,
    "R critical": 0.05023772863019165,
    "w critical": 48.41952977064848,
    "R equilib drift": 0.035337340107770815,
    "w equilib drift": 140.0,
    "t min": [
        1361.2452130866304,
        3607.8916604243905,
        4150.022362679762,
        4348.882532939374,
        5087.506022475076
    ],
    "R min": [
        0.019146890890117434,
        0.03435291515892117,
        0.034352915112533564,
        0.034352915132776295,
        0.03435291509048822
    ],
    "t max": [
        3287.1112667318025,
        3681.280532782105,
        4296.80010739519,
        4455.414767007023
    ],
    "R max": [
        0.03435291510527331,
        0.03435291516006284,
        0.034352915134659635,
        0.034352915152525094
    ],
    "R end": 0.03435291512682459,
    "v end": 2.27369132940329e-09,
    "t end": 5918.457448202741,
    "v max": 141.78462382810145
}