{
    "star": "MS20",
    "grain": "gra",
    "stream": {
        "L4": 5.45,
        "eta": 0.1199,
        "vinf": 170.0,
        "n": 1.0000000000000062,
        "T": 9000.0,
        "kappa": 600.0,
        "cs": 10.814989597775858,
        "taustar": 0.0012221917178396025,
        "Rstar": 0.30348805577814664,
        "Qp": 2.0,
        "a": 0.02,
        "rho_d": 2.2,
        "kappa_d": 340909.0909090908,
        "drag_constant": 0.003903351864772043,
        "phi_norm": 1.5,
        "Rstarstar": 0.4215006684491978,
        "Upstarstar": 128.09503660495642,
        "R0": 0.10545894971467118
    },
    "R sonic drift": 0.09463025179229617,
    "w sonic drift": 9.672835454459698,
    "R critical": 0.22440369086039286,
    "w critical": 48.41952977064848,
    "R equilib drift": 0.14158915687682763,
    "w equilib drift": 170.0,
    "t min": [
        5177.254259692078,
        8464.745400203028,
        11996.076943188962,
        15553.53424358293,
        19115.345836878234
    ],
    "R min": [
        0.06687042803167884,
        0.13244047926416086,
        0.1363992097710599,
        0.13652867691589454,
        0.13653280141688062
    ],
    "t max": [
        6496.605008797797,
        10215.171146541308,
        13772.628446935278,
        17330.085747329245,
        20891.897340624553
    ],
    "R max": [
        0.16446631957606545,
        0.13728717267082755,
        0.1365568075402034,
        0.13653369081341993,
        0.13653295627623127
    ],
    "R end": 0.13653293878655315,
    "v end": -2.014902966452272e-05,
    "t end": 21771.464506695032,
    "v max": 135.16507325262128
}