{
    "star": "MS40",
    "grain": "gra",
    "stream": {
        "L4": 22.2,
        "eta": 0.4468,
        "vinf": 80.0,
        "n": 0.002511886431509582,
        "T": 10000.0,
        "kappa": 600.0,
        "cs": 11.4,
        "taustar": 0.0002627099409914027,
        "Rstar": 25.970408082971154,
        "Qp": 2.0,
        "a": 0.02,
        "rho_d": 2.2,
        "kappa_d": 340909.0909090908,
        "drag_constant": 0.000904872526504187,
        "phi_norm": 1.5,
        "Rstarstar": 7.753050426136361,
        "Upstarstar": 552.5640190797485,
        "R0": 17.366248637326965
    },
    "R sonic drift": 3.7672981789796047,
    "w sonic drift": 8.6559494714014,
    "R critical": 8.433930068571646,
    "w critical": 48.41952977064848,
    "R equilib drift": 7.962143411069956,
    "w equilib drift": 80.0,
    "t min": [
        450140.17949676333,
        1252804.214786
    ],
    "R min": [
        2.0533183932555876,
        2.053194498001981
    ],
    "t max": [
        830659.6602006557,
        1632955.3320042158
    ],
    "R max": [
        19.90891321509454,
        19.908907110736358
    ],
    "R end": 15.88124309535191,
    "v end": -37.92069093203083,
    "t end": 1841817.4283828286,
    "v max": 93.47784590437539
}