{
    "star": "MS40",
    "grain": "gra",
    "stream": {
        "L4": 22.2,
        "eta": 0.4468,
        "vinf": 90.0,
        "n": 50.11872336272776,
        "T": 10000.0,
        "kappa": 600.0,
        "cs": 11.4,
        "taustar": 0.032985569332976576,
        "Rstar": 0.16342791929844513,
        "Qp": 2.0,
        "a": 0.02,
        "rho_d": 2.2,
        "kappa_d": 340909.0909090908,
        "drag_constant": 11.27138573529724,
        "phi_norm": 1.5,
        "Rstarstar": 6.125867003367001,
        "Upstarstar": 0.04436011788987138,
        "R0": 0.1146351687094264
    },
    "R sonic drift": 0.026670428643266485,
    "w sonic drift": 8.6559494714014,
    "R critical": 0.05970765237835921,
    "w critical": 48.41952977064848,
    "R equilib drift": 0.05586871091903985,
    "w equilib drift": 90.0,
    "t min": [
        2661.129071760226,
        7807.214907394113,
        8180.4220333117055,
        8597.67223620094,
        8998.696042311149,
        9251.364220727406,
        9330.178147939816,
        9351.04065808428,
        9710.339443905565,
        9805.379767897,
        10034.867379486079,
        10109.045193333055,
        10665.378797185365
    ],
    "R min": [
        0.024725264452567782,
        0.0536824222535044,
        0.05368242216872701,
        0.0536824222381899,
        0.05368242224142815,
        0.053682422246455655,
        0.05368242225248133,
        0.05368242225221671,
        0.05368242222708409,
        0.0536824222336907,
        0.053682422265664144,
        0.05368242226890973,
        0.053682422214069464
    ],
    "t max": [
        7617.134259411239,
        7946.298308357191,
        8419.181871631656,
        8799.343167597402,
        9188.776690294022,
        9300.043411064484,
        9348.72260140156,
        9439.126812027562,
        9791.471427800694,
        10027.913209437926,
        10088.182683188592,
        10324.624464825825,
        11474.380579453937
    ],
    "R max": [
        0.05368242225474823,
        0.053682422253660496,
        0.0536824222339101,
        0.05368242226338064,
        0.05368242226346358,
        0.05368242225647433,
        0.053682422252237176,
        0.05368242225805228,
        0.05368242223421562,
        0.053682422265493565,
        0.053682422269670425,
        0.053682422298630184,
        0.053682422350098825
    ],
    "R end": 0.05368242231695738,
    "v end": -2.271122736896658e-07,
    "t end": 11590.283413589834,
    "v max": 200.89137716155392
}