{
    "star": "MS20",
    "grain": "gra",
    "stream": {
        "L4": 5.45,
        "eta": 0.1199,
        "vinf": 70.0,
        "n": 0.07943282347242846,
        "T": 9000.0,
        "kappa": 600.0,
        "cs": 10.814989597775858,
        "taustar": 0.0008365467528137503,
        "Rstar": 2.6151251946619944,
        "Qp": 2.0,
        "a": 0.02,
        "rho_d": 2.2,
        "kappa_d": 340909.0909090908,
        "drag_constant": 0.01078552345612544,
        "phi_norm": 1.5,
        "Rstarstar": 2.485993738404452,
        "Upstarstar": 46.35843610502132,
        "R0": 0.9077180820380417
    },
    "R sonic drift": 0.33576080362451216,
    "w sonic drift": 9.672835454459698,
    "R critical": 0.7962143411069947,
    "w critical": 48.41952977064848,
    "R equilib drift": 0.768136682682281,
    "w equilib drift": 70.0,
    "t min": [
        44499.30313023752,
        83445.57349211487,
        122354.32336231413,
        161263.0732325134
    ],
    "R min": [
        0.25611640007756376,
        0.2560702073265164,
        0.2560831961471802,
        0.2561062713763798
    ],
    "t max": [
        62509.139135729936,
        101417.88900592919,
        140326.63887612845,
        179272.90923800578
    ],
    "R max": [
        1.2050101661594323,
        1.2050091564146415,
        1.2050073753084987,
        1.2050103509557162
    ],
    "R end": 1.051557693166476,
    "v end": -38.48874449886377,
    "t end": 187602.458390546,
    "v max": 101.96165425431118
}