{
    "star": "MS10",
    "grain": "sil",
    "stream": {
        "L4": 0.64,
        "eta": 0.0066,
        "vinf": 40.0,
        "n": 3.981071705535002,
        "T": 8000.0,
        "kappa": 600.0,
        "cs": 10.19646997739904,
        "taustar": 0.0035515669206446186,
        "Rstar": 0.22152475726325355,
        "Qp": 2.0,
        "a": 0.002,
        "rho_d": 3.5,
        "kappa_d": 2142857.1428571427,
        "drag_constant": 20.9090183907213,
        "phi_norm": 0.7,
        "Rstarstar": 5.619714285714285,
        "Upstarstar": 0.023913126415436258,
        "R0": 0.018800458000831875
    },
    "R sonic drift": 0.047427474113233115,
    "w sonic drift": 7.745966692414831,
    "R critical": 0.10023744672545451,
    "w critical": 38.7741595142002,
    "R equilib drift": 0.10023744672545451,
    "w equilib drift": 40.0,
    "t min": [
        10860.841220808039,
        14227.609250827953,
        17603.652123905773,
        20970.420153925683,
        24337.188183945596,
        27713.23105702342,
        31079.999087043332,
        34456.04196012115,
        37822.80999014107,
        41198.85286321888,
        44565.620893238796
    ],
    "R min": [
        0.04308948664219678,
        0.04311566171881937,
        0.043086468217923855,
        0.043102958504886525,
        0.04314479298820523,
        0.04309375852642129,
        0.043126494375924626,
        0.04308817434864186,
        0.043111436085344346,
        0.04308629402649923,
        0.04309978597228698
    ],
    "t max": [
        12400.465168420451,
        15776.508041498271,
        19143.276071518187,
        22510.044101538097,
        25886.086974615915,
        29252.85500463583,
        32628.897877713647,
        35995.66590773356,
        39362.43393775348,
        42738.47681083129,
        46105.244840851214
    ],
    "R max": [
        0.10538282338922182,
        0.10538373936542733,
        0.10538322993884619,
        0.10538186739026692,
        0.10538351939733709,
        0.10538247153670402,
        0.10538369101166048,
        0.10538295921972173,
        0.10538137895048251,
        0.10538333075088724,
        0.10538206329854187
    ],
    "R end": 0.10024305014781218,
    "v end": -38.040605933105326,
    "t end": 46374.21528953049,
    "v max": 106.30427464618313
}