{
    "star": "MS10",
    "grain": "sil",
    "stream": {
        "L4": 0.64,
        "eta": 0.0066,
        "vinf": 70.0,
        "n": 3.981071705535002,
        "T": 8000.0,
        "kappa": 600.0,
        "cs": 10.19646997739904,
        "taustar": 0.002029466811796925,
        "Rstar": 0.12658557557900202,
        "Qp": 2.0,
        "a": 0.02,
        "rho_d": 3.5,
        "kappa_d": 214285.71428571426,
        "drag_constant": 0.022293663923467943,
        "phi_norm": 0.7,
        "Rstarstar": 0.1835008746355685,
        "Upstarstar": 22.427897079477525,
        "R0": 0.010543925817720113
    },
    "R sonic drift": 0.047427474113233115,
    "w sonic drift": 7.745966692414831,
    "R critical": 0.10023744672545451,
    "w critical": 38.7741595142002,
    "R equilib drift": 0.09129321583439735,
    "w equilib drift": 70.0,
    "t min": [
        6396.9917547958075,
        12428.289697594171,
        18761.68252856434,
        25179.873924635358
    ],
    "R min": [
        0.030672117023044152,
        0.07697313104051953,
        0.08716247482534058,
        0.08836817726817281
    ],
    "t max": [
        8856.150142720624,
        15502.237682500194,
        21962.82836112164
    ],
    "R max": [
        0.12357396020886978,
        0.09261976320423765,
        0.08898284078113297
    ],
    "R end": 0.0884622773552859,
    "v end": 0.10178007004896478,
    "t end": 26499.551594017426,
    "v max": 75.00675777553185
}