{
    "star": "MS10",
    "grain": "sil",
    "stream": {
        "L4": 0.64,
        "eta": 0.0066,
        "vinf": 200.0,
        "n": 0.00501187233627273,
        "T": 8000.0,
        "kappa": 600.0,
        "cs": 10.19646997739904,
        "taustar": 2.5202869924075328e-05,
        "Rstar": 1.248683189446514,
        "Qp": 2.0,
        "a": 0.002,
        "rho_d": 3.5,
        "kappa_d": 2142857.1428571427,
        "drag_constant": 4.211663134040074e-05,
        "phi_norm": 0.7,
        "Rstarstar": 0.22478857142857142,
        "Upstarstar": 11871.794682695116,
        "R0": 0.10147497707965304
    },
    "R sonic drift": 1.33668783513723,
    "w sonic drift": 7.745966692414831,
    "R critical": 2.8250750892455114,
    "w critical": 38.7741595142002,
    "R equilib drift": 1.2242940192977332,
    "w equilib drift": 200.0,
    "t min": [
        65925.22971741823,
        192286.2766856973
    ],
    "R min": [
        0.17645026484518786,
        0.598005757207832
    ],
    "t max": [
        116270.98405355921,
        233378.45000678432
    ],
    "R max": [
        4.233069890171897,
        1.7841618553118048
    ],
    "R end": 1.3089485033507076,
    "v end": -26.08798494133889,
    "t end": 261400.59364559175,
    "v max": 170.2929895746117
}