{
    "star": "MS10",
    "grain": "sil",
    "stream": {
        "L4": 0.64,
        "eta": 0.0066,
        "vinf": 60.0,
        "n": 2511.886431509613,
        "T": 8000.0,
        "kappa": 600.0,
        "cs": 10.19646997739904,
        "taustar": 0.05947421839043669,
        "Rstar": 0.005879372954774927,
        "Qp": 2.0,
        "a": 0.002,
        "rho_d": 3.5,
        "kappa_d": 2142857.1428571427,
        "drag_constant": 2605.9651791599226,
        "phi_norm": 0.7,
        "Rstarstar": 2.4976507936507932,
        "Upstarstar": 0.00019186749078557667,
        "R0": 0.0009363977553695944
    },
    "R sonic drift": 0.0018881217525718475,
    "w sonic drift": 7.745966692414831,
    "R critical": 0.003990524629937758,
    "w critical": 38.7741595142002,
    "R equilib drift": 0.0037990250605955244,
    "w equilib drift": 60.0,
    "t min": [
        283.82106005057926,
        734.7839238950382,
        746.8457035502668,
        811.0931421219937,
        850.7247038463156,
        902.6642039943401,
        926.5416045363229,
        928.5108746841154,
        931.4647799058039,
        935.1571614329147,
        940.5726543393438,
        953.8652278369425,
        963.7115785759045,
        964.9423724182747,
        974.7887231572366,
        977.0041520735032,
        1115.099221187445
    ],
    "R min": [
        0.0017816439011218049,
        0.0037697169291572223,
        0.003769716930260687,
        0.0037697169313143887,
        0.0037697169310500693,
        0.0037697169307661623,
        0.003769716930846084,
        0.003769716931180182,
        0.0037697169312758327,
        0.0037697169315234935,
        0.0037697169317674637,
        0.003769716928649777,
        0.0037697169299711463,
        0.003769716930092773,
        0.0037697169291514773,
        0.0037697169293159707,
        0.0037697169222770063
    ],
    "t max": [
        729.8607485255573,
        738.476305422149,
        797.8005686243949,
        827.0934620728069,
        870.1712465557655,
        924.3261756200565,
        927.7723983786932,
        930.2339860634337,
        933.6802088220704,
        938.3572254230772,
        943.5265595610324,
        961.9884671965862,
        964.6962136498006,
        969.8655477877558,
        976.7579933050291,
        1009.2509507436037
    ],
    "R max": [
        0.0037697169283513604,
        0.0037697169295993903,
        0.0037697169308366814,
        0.0037697169324887266,
        0.0037697169321362026,
        0.0037697169311750366,
        0.0037697169311770575,
        0.003769716931370475,
        0.003769716931541074,
        0.0037697169317165383,
        0.003769716931824324,
        0.0037697169306719763,
        0.0037697169300857413,
        0.003769716930627697,
        0.0037697169293220653,
        0.0037697169310628113
    ],
    "R end": 0.003769716936963786,
    "v end": 1.2786294211979684e-07,
    "t end": 1230.7938423702483,
    "v max": 116.68171349023079
}