{
    "star": "MS10",
    "grain": "sil",
    "stream": {
        "L4": 0.64,
        "eta": 0.0066,
        "vinf": 140.0,
        "n": 1000.0000000000123,
        "T": 8000.0,
        "kappa": 600.0,
        "cs": 10.19646997739904,
        "taustar": 0.016082440671713567,
        "Rstar": 0.0039935049308411855,
        "Qp": 2.0,
        "a": 0.002,
        "rho_d": 3.5,
        "kappa_d": 2142857.1428571427,
        "drag_constant": 34.999469948746246,
        "phi_norm": 0.7,
        "Rstarstar": 0.4587521865889211,
        "Upstarstar": 0.014285930636441286,
        "R0": 0.0003948333400402883
    },
    "R sonic drift": 0.002992471312188866,
    "w sonic drift": 7.745966692414831,
    "R critical": 0.00632455532033676,
    "w critical": 38.7741595142002,
    "R equilib drift": 0.0035337340107770812,
    "w equilib drift": 140.0,
    "t min": [
        191.27779189006603,
        707.5940692996148
    ],
    "R min": [
        0.0027714406321454055,
        0.003467594253496554
    ],
    "t max": [
        565.4733323183596
    ],
    "R max": [
        0.0034675942546475665
    ],
    "R end": 0.0034675942530990383,
    "v end": 2.3977304975880536e-08,
    "t end": 836.004335183855,
    "v max": 43.335495069331834
}