{
    "star": "MS10",
    "grain": "gra",
    "stream": {
        "L4": 0.64,
        "eta": 0.0066,
        "vinf": 500.0,
        "n": 3981.0717055350265,
        "T": 8000.0,
        "kappa": 600.0,
        "cs": 10.19646997739904,
        "taustar": 0.008984832585398013,
        "Rstar": 0.0005604182328542459,
        "Qp": 2.0,
        "a": 0.2,
        "rho_d": 2.2,
        "kappa_d": 34090.90909090909,
        "drag_constant": 0.0002167625840439749,
        "phi_norm": 1.0,
        "Rstarstar": 0.0005721890909090909,
        "Upstarstar": 2306.671154550198,
        "R0": 5.083689694757159e-05
    },
    "R sonic drift": 0.0009463025179229607,
    "w sonic drift": 7.745966692414831,
    "R critical": 0.00211850745035458,
    "w critical": 43.32928075712418,
    "R equilib drift": 0.0005958246669951958,
    "w equilib drift": 500.0,
    "t min": [
        18.476135638961654,
        25.89323816710251,
        33.33994988697247,
        40.8606845861652,
        48.38141928535792,
        55.902153984550644,
        63.43769327960793,
        70.9436233829361
    ],
    "R min": [
        0.0002897243364905057,
        0.0005054135563807615,
        0.000555321847879915,
        0.0005645085199785123,
        0.0005661096807637273,
        0.0005663859222124697,
        0.0005664335049789768,
        0.000566441694954645
    ],
    "t max": [
        21.659123749840468,
        29.520364153917903,
        37.08551264070428,
        44.621051935761564,
        52.141786634954286,
        59.66252133414701,
        67.19806062920429
    ],
    "R max": [
        0.0007609667500250391,
        0.0005944555894394207,
        0.0005711415425201914,
        0.0005672487024448502,
        0.0005665819251093165,
        0.0005664672116581776,
        0.0005664474696444943
    ],
    "R end": 0.0005664439580457747,
    "v end": 0.00039166523144224284,
    "t end": 74.02297932276305,
    "v max": 254.72232207954076
}