{
    "star": "MS40",
    "grain": "gra",
    "stream": {
        "L4": 22.2,
        "eta": 0.4468,
        "vinf": 60.0,
        "n": 10.000000000000082,
        "T": 10000.0,
        "kappa": 600.0,
        "cs": 11.4,
        "taustar": 0.02210116889819791,
        "Rstar": 0.5488043063485054,
        "Qp": 2.0,
        "a": 0.02,
        "rho_d": 2.2,
        "kappa_d": 340909.0909090908,
        "drag_constant": 11.385244167527638,
        "phi_norm": 1.5,
        "Rstarstar": 13.783200757575752,
        "Upstarstar": 0.04391649337008268,
        "R0": 0.3789782371326881
    },
    "R sonic drift": 0.05970765237835921,
    "w sonic drift": 8.6559494714014,
    "R critical": 0.133668783513723,
    "w critical": 48.41952977064848,
    "R equilib drift": 0.133668783513723,
    "w equilib drift": 60.0,
    "t min": [
        8998.562648064548,
        12143.389040640737,
        15288.21543321693,
        18440.82604953712,
        21585.65244211331,
        24730.478834689504,
        27875.305227265697,
        31027.915843585888,
        34172.74223616208,
        37317.56862873827
    ],
    "R min": [
        0.05513270304811498,
        0.055165906805373456,
        0.055224922910670694,
        0.05512620053196808,
        0.055140745597828174,
        0.05518300332397706,
        0.055249541183338365,
        0.055127893996704744,
        0.0551519113880634,
        0.05520285748847098
    ],
    "t max": [
        10500.917830656637,
        13645.74422323283,
        16790.57061580902,
        19943.181232129213,
        23088.007624705402,
        26232.834017281595,
        29377.66040985779,
        32530.271026177976,
        35675.097418754165,
        38819.92381133036
    ],
    "R max": [
        0.1330776098443349,
        0.13307733632673038,
        0.1330769126868348,
        0.1330777082098372,
        0.13307753479312262,
        0.1330772111323158,
        0.13307673772699075,
        0.13307766675161084,
        0.13307744350112333,
        0.1330770693146232
    ],
    "R end": 0.1329222393138715,
    "v end": -3.2812982084408056,
    "t end": 38921.11872000237,
    "v max": 197.10475331638696
}