{
    "star": "MS20",
    "grain": "gra",
    "stream": {
        "L4": 5.45,
        "eta": 0.1199,
        "vinf": 60.0,
        "n": 0.39810717055349937,
        "T": 9000.0,
        "kappa": 600.0,
        "cs": 10.814989597775858,
        "taustar": 0.0021849273820789892,
        "Rstar": 1.3628224351887899,
        "Qp": 2.0,
        "a": 0.02,
        "rho_d": 2.2,
        "kappa_d": 340909.0909090908,
        "drag_constant": 0.10014479599335169,
        "phi_norm": 1.5,
        "Rstarstar": 3.3837136994949484,
        "Upstarstar": 4.992770668115331,
        "R0": 0.47488357468634296
    },
    "R sonic drift": 0.14997884186649119,
    "w sonic drift": 9.672835454459698,
    "R critical": 0.3556558820077846,
    "w critical": 48.41952977064848,
    "R equilib drift": 0.3556558820077846,
    "w equilib drift": 60.0,
    "t min": [
        22838.004450790922,
        35176.00171829869,
        47513.99898580646,
        59851.99625331422,
        72189.993520822,
        84527.99078832976,
        96865.98805583753
    ],
    "R min": [
        0.13047252716196076,
        0.13046688697490721,
        0.1304615911970984,
        0.13045662961311014,
        0.13045200535181656,
        0.13044771854048484,
        0.1304437641279279
    ],
    "t max": [
        28273.7623594552,
        40611.759626962965,
        52930.203808468345,
        65268.20107597612,
        77606.19834348388,
        89944.19561099165
    ],
    "R max": [
        0.45208166290105734,
        0.4520816592867797,
        0.452078807853781,
        0.45207910837783705,
        0.452079429967316,
        0.4520797048286697
    ],
    "R end": 0.20561224718654975,
    "v end": 119.00645321701062,
    "t end": 97765.43001194744,
    "v max": 119.08217433671673
}