{
    "star": "MS20",
    "grain": "gra",
    "stream": {
        "L4": 5.45,
        "eta": 0.1199,
        "vinf": 60.0,
        "n": 5.011872336272761,
        "T": 9000.0,
        "kappa": 600.0,
        "cs": 10.814989597775858,
        "taustar": 0.007752414896646903,
        "Rstar": 0.38409554896803383,
        "Qp": 2.0,
        "a": 0.02,
        "rho_d": 2.2,
        "kappa_d": 340909.0909090908,
        "drag_constant": 1.2607482853497343,
        "phi_norm": 1.5,
        "Rstarstar": 3.383713699494949,
        "Upstarstar": 0.39658987111872124,
        "R0": 0.13600180587846317
    },
    "R sonic drift": 0.04226978079673296,
    "w sonic drift": 9.672835454459698,
    "R critical": 0.10023744672545451,
    "w critical": 48.41952977064848,
    "R equilib drift": 0.10023744672545451,
    "w equilib drift": 60.0,
    "t min": [
        6364.983683829595,
        8888.933923824361,
        11407.37335543486,
        13925.812787045355,
        16444.252218655856,
        18962.69165026635,
        21481.13108187685,
        23999.57051348735,
        26518.009945097845
    ],
    "R min": [
        0.03957894632997004,
        0.039536345591400845,
        0.03953649124201849,
        0.03953687705229173,
        0.03953749989593467,
        0.03953836895450289,
        0.03953947520797401,
        0.039540820846376445,
        0.03954240638759765
    ],
    "t max": [
        7439.591318761864,
        9958.030750372362,
        12476.470181982859,
        14994.909613593358,
        17513.349045203857,
        20031.788476814352,
        22550.22790842485,
        25074.178148419618
    ],
    "R max": [
        0.1011685593729376,
        0.10116851166194166,
        0.10116846016801573,
        0.10116840522623269,
        0.10116834700619175,
        0.10116828506496675,
        0.10116821930959154,
        0.10116886077909543
    ],
    "R end": 0.1011341450548698,
    "v end": 1.7544000449241883,
    "t end": 27554.041921340242,
    "v max": 155.33315521539183
}