{
    "star": "MS10",
    "grain": "gra",
    "stream": {
        "L4": 0.64,
        "eta": 0.0066,
        "vinf": 70.0,
        "n": 7.943282347242878,
        "T": 8000.0,
        "kappa": 600.0,
        "cs": 10.19646997739904,
        "taustar": 0.0028666980672289984,
        "Rstar": 0.08961572459499413,
        "Qp": 2.0,
        "a": 0.02,
        "rho_d": 2.2,
        "kappa_d": 340909.0909090908,
        "drag_constant": 0.1125828340374362,
        "phi_norm": 1.0,
        "Rstarstar": 0.29193320964749525,
        "Upstarstar": 4.441174396389234,
        "R0": 0.007541784131214057
    },
    "R sonic drift": 0.021185074503545776,
    "w sonic drift": 7.745966692414831,
    "R critical": 0.047427474113233115,
    "w critical": 43.32928075712418,
    "R equilib drift": 0.044774422771366805,
    "w equilib drift": 70.0,
    "t min": [
        2781.675000655288,
        4412.801873379964,
        6256.9932142399375,
        8105.9193210584735,
        9957.21281085629,
        11822.710598529795
    ],
    "R min": [
        0.016994496117400584,
        0.041354625998364945,
        0.04329868480291151,
        0.04339418479777674,
        0.043399020431782676,
        0.04339926683482654
    ],
    "t max": [
        3480.0529795432117,
        5331.346469341029,
        7182.639959138846,
        9031.566065957382,
        10887.594321713761
    ],
    "R max": [
        0.05033680927855581,
        0.04384124397604057,
        0.04342188420907474,
        0.043400426922769714,
        0.043399337793014345
    ],
    "R end": 0.043399266858651385,
    "v end": 2.156514466565609e-06,
    "t end": 11836.914896405482,
    "v max": 100.98941700448783
}