{
    "star": "MS10",
    "grain": "gra",
    "stream": {
        "L4": 0.64,
        "eta": 0.0066,
        "vinf": 50.0,
        "n": 100000.00000000163,
        "T": 8000.0,
        "kappa": 600.0,
        "cs": 10.19646997739904,
        "taustar": 0.45030833880798093,
        "Rstar": 0.0011181813806355298,
        "Qp": 2.0,
        "a": 0.02,
        "rho_d": 2.2,
        "kappa_d": 340909.0909090908,
        "drag_constant": 5444.829937190168,
        "phi_norm": 1.0,
        "Rstarstar": 0.5721890909090909,
        "Upstarstar": 9.183023267353461e-05,
        "R0": 0.0007631268107670522
    },
    "R sonic drift": 0.00020000000000000004,
    "w sonic drift": 6.557178316607908,
    "R critical": 0.0004226978079673296,
    "w critical": 43.32928075712418,
    "R equilib drift": 0.0004226978079673296,
    "w equilib drift": 50.0,
    "t min": [
        36.32693662587269,
        47.2782095105027,
        58.260771746231654,
        69.21204463086167,
        80.19460686659062,
        91.17716910231958,
        102.12844198694958,
        113.11100422267853,
        124.06227710730856,
        135.0448393430375,
        146.02740157876644
    ],
    "R min": [
        0.00017829325541918447,
        0.00017905430647274372,
        0.0001785536971535716,
        0.00017932972508766527,
        0.00017882492802142485,
        0.000178332803757693,
        0.00017909897617093235,
        0.0001785975054116978,
        0.00017937464569807644,
        0.00017886933392299853,
        0.00017837445354275245
    ],
    "t max": [
        42.209334632473954,
        53.16060751710396,
        64.14316975283292,
        75.09444263746293,
        86.07700487319188,
        97.05956710892083,
        108.01083999355085,
        118.9934022292798,
        129.94467511390982,
        140.92723734963877,
        151.90979958536772
    ],
    "R max": [
        0.0004120723171099837,
        0.0004120683285391465,
        0.00041207161857107584,
        0.00041206549590761687,
        0.0004120701435610584,
        0.0004120722577919785,
        0.0004120679167299616,
        0.0004120714307562929,
        0.0004120649662621614,
        0.0004120698318957342,
        0.00041207217617525487
    ],
    "R end": 0.0002023356169656033,
    "v end": -43.915403717288875,
    "t end": 156.44675549471444,
    "v max": 179.94117044134813
}