{
    "star": "MS20",
    "grain": "gra",
    "stream": {
        "L4": 5.45,
        "eta": 0.1199,
        "vinf": 50.0,
        "n": 0.001,
        "T": 9000.0,
        "kappa": 600.0,
        "cs": 10.814989597775858,
        "taustar": 0.00013140692523607727,
        "Rstar": 32.630258963115814,
        "Qp": 2.0,
        "a": 0.02,
        "rho_d": 2.2,
        "kappa_d": 340909.0909090908,
        "drag_constant": 0.0005216189617561982,
        "phi_norm": 1.5,
        "Rstarstar": 4.8725477272727264,
        "Upstarstar": 958.5541106799278,
        "R0": 11.303030984203891
    },
    "R sonic drift": 2.992471312188866,
    "w sonic drift": 9.672835454459698,
    "R critical": 7.096267784671507,
    "w critical": 48.41952977064848,
    "R equilib drift": 7.096267784671507,
    "w equilib drift": 50.0,
    "t min": [
        580053.2479239658
    ],
    "R min": [
        1.5488400162855516
    ],
    "t max": [
        1628268.9235508903
    ],
    "R max": [
        32.94423598107766
    ],
    "R end": 14.282071583380423,
    "v end": -49.457464028820155,
    "t end": 2340812.138514793,
    "v max": 61.89738051023718
}