{
    "star": "MS20",
    "grain": "gra",
    "stream": {
        "L4": 5.45,
        "eta": 0.1199,
        "vinf": 80.0,
        "n": 630.9573444802007,
        "T": 9000.0,
        "kappa": 600.0,
        "cs": 10.814989597775858,
        "taustar": 0.0652376443458247,
        "Rstar": 0.025674413876306656,
        "Qp": 2.0,
        "a": 0.02,
        "rho_d": 2.2,
        "kappa_d": 340909.0909090908,
        "drag_constant": 50.219622030671715,
        "phi_norm": 1.5,
        "Rstarstar": 1.9033389559659086,
        "Upstarstar": 0.00995626768546016,
        "R0": 0.010668769051381909
    },
    "R sonic drift": 0.0037672981789796047,
    "w sonic drift": 9.672835454459698,
    "R critical": 0.008933671843019271,
    "w critical": 48.41952977064848,
    "R equilib drift": 0.008415009370063491,
    "w equilib drift": 80.0,
    "t min": [
        421.0394641283147,
        1112.8260902289053,
        1137.5064437692351,
        1196.4446014774855,
        1241.0165832443502,
        1281.1682031830958
    ],
    "R min": [
        0.0036750717642159226,
        0.008099995126981856,
        0.008099995130991881,
        0.008099995118449563,
        0.008099995130288938,
        0.008099995133931014
    ],
    "t max": [
        1091.4610080596644,
        1133.8228089124696,
        1159.6082529098292,
        1225.1769533602578,
        1267.538754213063,
        1435.8808671672537
    ],
    "R max": [
        0.008099995128875905,
        0.008099995131184038,
        0.008099995131171872,
        0.008099995130293252,
        0.008099995135647341,
        0.008099995163033604
    ],
    "R end": 0.00809999514370656,
    "v end": -1.3481789192643387e-08,
    "t end": 1841.817428382829,
    "v max": 207.2311045761358
}