{
    "star": "MS20",
    "grain": "gra",
    "stream": {
        "L4": 5.45,
        "eta": 0.1199,
        "vinf": 80.0,
        "n": 0.015848931924611172,
        "T": 9000.0,
        "kappa": 600.0,
        "cs": 10.814989597775858,
        "taustar": 0.0003269627449804358,
        "Rstar": 5.122719046630899,
        "Qp": 2.0,
        "a": 0.02,
        "rho_d": 2.2,
        "kappa_d": 340909.0909090908,
        "drag_constant": 0.0012614598717438266,
        "phi_norm": 1.5,
        "Rstarstar": 1.9033389559659084,
        "Upstarstar": 396.3661557531801,
        "R0": 1.7754979165123819
    },
    "R sonic drift": 0.7516748085768887,
    "w sonic drift": 9.672835454459698,
    "R critical": 1.782501876267492,
    "w critical": 48.41952977064848,
    "R equilib drift": 1.6790151076197706,
    "w equilib drift": 80.0,
    "t min": [
        89300.28641349514,
        229828.80297530806
    ],
    "R min": [
        0.4499929672651527,
        0.4499897972435704
    ],
    "t max": [
        154493.17040425248,
        295021.68696606543
    ],
    "R max": [
        3.5607435161526153,
        3.560743673958024
    ],
    "R end": 0.5531278329053989,
    "v end": -62.30519028441945,
    "t end": 367490.890590515,
    "v max": 93.67146262246354
}