{
    "star": "MS10",
    "grain": "sil",
    "stream": {
        "L4": 0.64,
        "eta": 0.0066,
        "vinf": 500.0,
        "n": 10000.000000000144,
        "T": 8000.0,
        "kappa": 600.0,
        "cs": 10.19646997739904,
        "taustar": 0.014240000000000102,
        "Rstar": 0.0003535999999999975,
        "Qp": 2.0,
        "a": 0.02,
        "rho_d": 3.5,
        "kappa_d": 214285.71428571426,
        "drag_constant": 0.021512634200816623,
        "phi_norm": 0.7,
        "Rstarstar": 0.0035966171428571427,
        "Upstarstar": 23.24215599691738,
        "R0": 3.41916995009501e-05
    },
    "R sonic drift": 0.0009463025179229607,
    "w sonic drift": 7.745966692414831,
    "R critical": 0.0020000000000000005,
    "w critical": 38.7741595142002,
    "R equilib drift": 0.0004218115612313317,
    "w equilib drift": 500.0,
    "t min": [
        26.115307105070787,
        27.210847199047684,
        28.61728380618018,
        30.216180159551858,
        32.03714545089183,
        33.769283167044485,
        37.52965051664085
    ],
    "R min": [
        0.0004082826308675378,
        0.0004082826291092271,
        0.0004082826277054388,
        0.000408282628614865,
        0.00040828262897567633,
        0.00040828262902078597,
        0.00040828262793271943
    ],
    "t max": [
        26.322571447174525,
        27.788226437765232,
        29.920088242260807,
        31.17847889074778,
        32.4516741350993,
        34.27263942643927
    ],
    "R max": [
        0.0004082826309063787,
        0.00040828262939977974,
        0.00040828262824941093,
        0.00040828262992474056,
        0.0004082826293146879,
        0.00040828262892613187
    ],
    "R end": 0.00040828262885559037,
    "v end": 2.87265209061457e-09,
    "t end": 74.022979322763,
    "v max": 4.881269368161999e-06
}