{
    "star": "MS10",
    "grain": "sil",
    "stream": {
        "L4": 0.64,
        "eta": 0.0066,
        "vinf": 60.0,
        "n": 794.3282347242919,
        "T": 8000.0,
        "kappa": 600.0,
        "cs": 10.19646997739904,
        "taustar": 0.033444810784338405,
        "Rstar": 0.010455167869415954,
        "Qp": 2.0,
        "a": 0.002,
        "rho_d": 3.5,
        "kappa_d": 2142857.1428571427,
        "drag_constant": 824.0785469234113,
        "phi_norm": 0.7,
        "Rstarstar": 2.4976507936507932,
        "Upstarstar": 0.0006067382798237912,
        "R0": 0.001266263740520197
    },
    "R sonic drift": 0.0033576080362451217,
    "w sonic drift": 7.745966692414831,
    "R critical": 0.007096267784671507,
    "w critical": 38.7741595142002,
    "R equilib drift": 0.006755728043478892,
    "w equilib drift": 60.0,
    "t min": [
        504.71314722336575,
        1420.4632807804178,
        1437.5351044939578,
        1446.2898858855165,
        1460.7352751815886,
        1517.6413542267208,
        1536.0263951489942,
        1541.2792639839295,
        1603.0004727944192,
        1709.808805771437,
        1767.5903629557251,
        1782.035752251797,
        1794.2924461999792,
        1802.6094885219602,
        1811.802008983097,
        1813.5529652614086,
        1817.930355957188,
        1835.8776578098839,
        1838.5040922273513,
        1849.0098298972218,
        1862.579741054138
    ],
    "R min": [
        0.0031677503358346643,
        0.006703609986939234,
        0.006703609991398906,
        0.006703609992809003,
        0.0067036099949308965,
        0.006703609988874897,
        0.006703609993956867,
        0.006703609993920514,
        0.006703609983971242,
        0.006703610000252959,
        0.006703610000530822,
        0.0067036099987081476,
        0.006703609998507003,
        0.006703609998897583,
        0.006703610000636907,
        0.006703610000680965,
        0.00670361000080493,
        0.006703610003010372,
        0.006703610003136553,
        0.006703610002218662,
        0.006703610001177223
    ],
    "t max": [
        1359.1798110395061,
        1436.6596263548017,
        1443.225712398471,
        1454.606928207497,
        1482.1844895909076,
        1530.335787244481,
        1539.5283077056179,
        1565.354912810716,
        1644.5856844043235,
        1744.827931337672,
        1769.7790583036146,
        1789.9150555042,
        1800.4207931740705,
        1811.364269913519,
        1813.1152261918307,
        1817.49261688761,
        1830.6247889749484,
        1838.0663531577734,
        1838.9418312969294,
        1849.8853080363779,
        1886.2176508113469
    ],
    "R max": [
        0.0067036100030101265,
        0.006703609991207974,
        0.00670360999254076,
        0.006703609994120453,
        0.006703609996224472,
        0.006703609995029924,
        0.006703609993977954,
        0.006703609996363328,
        0.006703609998759981,
        0.006703610002587551,
        0.00670361000044862,
        0.00670360999894414,
        0.006703609998995408,
        0.006703610000641105,
        0.006703610000683847,
        0.006703610000804978,
        0.006703610003220949,
        0.006703610003138926,
        0.0067036100031381985,
        0.0067036100022441645,
        0.006703610004062091
    ],
    "R end": 0.006703609998847959,
    "v end": -7.280470242022694e-08,
    "t end": 2188.695347889704,
    "v max": 114.5688315141155
}