{
    "star": "MS10",
    "grain": "sil",
    "stream": {
        "L4": 0.64,
        "eta": 0.0066,
        "vinf": 10.0,
        "n": 0.010000000000000021,
        "T": 8000.0,
        "kappa": 600.0,
        "cs": 10.19646997739904,
        "taustar": 0.0007120000000000007,
        "Rstar": 17.67999999999998,
        "Qp": 2.0,
        "a": 0.002,
        "rho_d": 3.5,
        "kappa_d": 2142857.1428571427,
        "drag_constant": 13.44539637551023,
        "phi_norm": 0.7,
        "Rstarstar": 89.91542857142855,
        "Upstarstar": 0.03718744959506825,
        "R0": 1.448972569967692
    },
    "R sonic drift": 0.9463025179229617,
    "w sonic drift": 7.745966692414831,
    "R critical": 2.0000000000000004,
    "w critical": 38.7741595142002,
    "R equilib drift": 0.9463025179229617,
    "w equilib drift": 10.0,
    "t min": [
        987466.54416566,
        1051866.536176464,
        1116266.528187268,
        1180666.5201980718,
        1245066.5122088757,
        1308726.274426452,
        1373126.266437256,
        1437526.25844806,
        1501926.2504588638,
        1565586.01267644,
        1629986.004687244,
        1694385.9966980477,
        1758045.758915624,
        1821705.5211332005,
        1884625.0535575491,
        1940142.2880496215,
        2007503.1992333357,
        2074864.1104170503,
        2134082.493875261,
        2362813.4999825987,
        2551572.097255645,
        2832859.418682145,
        3671539.774409051
    ],
    "R min": [
        0.8934412544529541,
        0.8969754066578397,
        0.8985931134822434,
        0.8992869447434317,
        0.8995723888160028,
        0.8996876300381369,
        0.8997335624559413,
        0.8997518920674457,
        0.8997591929080893,
        0.8997621014837629,
        0.8997632479044482,
        0.8997637057870739,
        0.899763882419601,
        0.899763949507053,
        0.8997639777433323,
        0.8997639876617665,
        0.8997639886390352,
        0.899763989790542,
        0.8997639906517731,
        0.8997639888457886,
        0.8997639921286119,
        0.8997639924644321,
        0.8997639924397828
    ],
    "t max": [
        1019296.4252744482,
        1083696.4172852521,
        1148096.409296056,
        1212496.40130686,
        1276896.393317664,
        1341296.3853284677,
        1404956.147546044,
        1469356.139556848,
        1533756.1315676519,
        1598156.1235784558,
        1662556.1155892597,
        1726215.877806836,
        1789875.6400244124,
        1853535.4022419886,
        1912753.7857001992,
        1971231.9393651818,
        2039333.080342124,
        2105953.761732611,
        2179976.741055374,
        2525664.0544926776,
        2720344.4901115447,
        3265893.847720309
    ],
    "R max": [
        0.9057661951689772,
        0.9018387964614485,
        0.90055303542224,
        0.9000728182549962,
        0.8998860756204243,
        0.8998124269626331,
        0.8997831759766171,
        0.8997716110187491,
        0.8997670117800706,
        0.8997651804801969,
        0.8997644557117159,
        0.8997641702943948,
        0.8997640608543952,
        0.8997640186241039,
        0.8997640009253769,
        0.8997639954497622,
        0.8997639968156972,
        0.8997639938291113,
        0.8997639931942999,
        0.8997639920004725,
        0.8997639924712362,
        0.8997639924284537
    ],
    "R end": 0.8997639924419061,
    "v end": 1.0717239723850229e-11,
    "t end": 3701148.9661381557,
    "v max": 0.595343145717663
}