{
    "star": "MS10",
    "grain": "gra",
    "stream": {
        "L4": 0.64,
        "eta": 0.0066,
        "vinf": 90.0,
        "n": 5.011872336272761,
        "T": 8000.0,
        "kappa": 600.0,
        "cs": 10.19646997739904,
        "taustar": 0.0017710771674007376,
        "Rstar": 0.08774851010254442,
        "Qp": 2.0,
        "a": 0.2,
        "rho_d": 2.2,
        "kappa_d": 34090.90909090909,
        "drag_constant": 0.00025995268002126893,
        "phi_norm": 1.0,
        "Rstarstar": 0.01766015712682379,
        "Upstarstar": 1923.4269866311472,
        "R0": 0.007285802489935503
    },
    "R sonic drift": 0.026670428643266485,
    "w sonic drift": 7.745966692414831,
    "R critical": 0.05970765237835921,
    "w critical": 43.32928075712418,
    "R equilib drift": 0.049793041018917315,
    "w equilib drift": 90.0,
    "t min": [
        2899.888910080176
    ],
    "R min": [
        0.008929455191981949
    ],
    "t max": [
        6868.401950893335
    ],
    "R max": [
        0.17233381496209907
    ],
    "R end": 0.041487338635626515,
    "v end": -42.53401798709362,
    "t end": 11590.283413589834,
    "v max": 88.48824655403381
}