{
    "star": "MS20",
    "grain": "gra",
    "stream": {
        "L4": 5.45,
        "eta": 0.1199,
        "vinf": 500.0,
        "n": 398.1071705535018,
        "T": 9000.0,
        "kappa": 600.0,
        "cs": 10.814989597775858,
        "taustar": 0.008291216459326308,
        "Rstar": 0.00517154752988852,
        "Qp": 2.0,
        "a": 0.02,
        "rho_d": 2.2,
        "kappa_d": 340909.0909090908,
        "drag_constant": 0.020766024897181535,
        "phi_norm": 1.5,
        "Rstarstar": 0.04872547727272727,
        "Upstarstar": 24.077790644846164,
        "R0": 0.0018339928745600676
    },
    "R sonic drift": 0.004742747411323311,
    "w sonic drift": 9.672835454459698,
    "R critical": 0.011246826503806984,
    "w critical": 48.41952977064848,
    "R equilib drift": 0.003990524629937758,
    "w equilib drift": 500.0,
    "t min": [
        88.5191021446558,
        105.43641588227652,
        122.7247233422135,
        140.01303080215047,
        157.22713951762418,
        166.0567901087508,
        186.7582398139972,
        203.4529573182282
    ],
    "R min": [
        0.003715827861122654,
        0.003909818909589647,
        0.003914120657421799,
        0.003914201536565986,
        0.003914203094878766,
        0.003914203077376184,
        0.003914203088138143,
        0.003914203096469629
    ],
    "t max": [
        96.68096403561316,
        114.04347024001339,
        131.33177769995035,
        148.6200851598873,
        159.15630687366865,
        174.96063944434064,
        198.25904520580076,
        296.4981828751421
    ],
    "R max": [
        0.003947361241049507,
        0.003914805788517438,
        0.003914214393766867,
        0.00391420331791871,
        0.00391420310325862,
        0.003914203131843704,
        0.003914203095290744,
        0.003914203100033615
    ],
    "R end": 0.003914203099874023,
    "v end": -6.262770332757416e-09,
    "t end": 370.9937223162439,
    "v max": 47.57830155802887
}