{
    "star": "MS10",
    "grain": "sil",
    "stream": {
        "L4": 0.64,
        "eta": 0.0066,
        "vinf": 100.0,
        "n": 0.01995262314968885,
        "T": 8000.0,
        "kappa": 600.0,
        "cs": 10.19646997739904,
        "taustar": 0.00010057267317714024,
        "Rstar": 1.2516481467911542,
        "Qp": 2.0,
        "a": 0.002,
        "rho_d": 3.5,
        "kappa_d": 2142857.1428571427,
        "drag_constant": 0.0026827092697874733,
        "phi_norm": 0.7,
        "Rstarstar": 0.8991542857142857,
        "Upstarstar": 186.37874988205877,
        "R0": 0.10181033462329696
    },
    "R sonic drift": 0.669930878315656,
    "w sonic drift": 7.745966692414831,
    "R critical": 1.4158915687682763,
    "w critical": 38.7741595142002,
    "R equilib drift": 1.0023744672545452,
    "w equilib drift": 100.0,
    "t min": [
        64562.043588016575,
        140286.19373792238,
        213966.57789762312
    ],
    "R min": [
        0.31140333839984596,
        0.842214044072562,
        0.9768841030104761
    ],
    "t max": [
        94327.66108638786,
        175606.66238915874,
        251121.19551442814
    ],
    "R max": [
        1.622743567436533,
        1.064910438328413,
        1.007921118503243
    ],
    "R end": 1.0049871184271826,
    "v end": -0.44339253343951235,
    "t end": 262021.28079552183,
    "v max": 85.82813095676828
}