{
    "star": "MS10",
    "grain": "sil",
    "stream": {
        "L4": 0.64,
        "eta": 0.0066,
        "vinf": 100.0,
        "n": 100.00000000000102,
        "T": 8000.0,
        "kappa": 600.0,
        "cs": 10.19646997739904,
        "taustar": 0.007120000000000036,
        "Rstar": 0.017679999999999908,
        "Qp": 2.0,
        "a": 0.02,
        "rho_d": 3.5,
        "kappa_d": 214285.71428571426,
        "drag_constant": 0.13445396375510332,
        "phi_norm": 0.7,
        "Rstarstar": 0.08991542857142855,
        "Upstarstar": 3.7187449595067954,
        "R0": 0.0015676308717061623
    },
    "R sonic drift": 0.009463025179229607,
    "w sonic drift": 7.745966692414831,
    "R critical": 0.020000000000000004,
    "w critical": 38.7741595142002,
    "R equilib drift": 0.014158915687682763,
    "w equilib drift": 100.0,
    "t min": [
        871.9906964221485,
        1435.3055690683752,
        2075.6043402102755,
        2365.0341893622785,
        2585.6226677441127,
        2904.6617086252213,
        3256.2708604083455,
        3560.5053054249015
    ],
    "R min": [
        0.007305306816269412,
        0.01411685603671013,
        0.01411878859715865,
        0.014118788871790557,
        0.014118788853695365,
        0.014118788858002591,
        0.014118788835866803,
        0.014118788840933962
    ],
    "t max": [
        1106.6435408753075,
        1761.74690788176,
        2277.6870737614186,
        2425.7330324069444,
        2732.1881668031833,
        3092.6800761050395,
        3522.753585970293
    ],
    "R max": [
        0.014280854860168791,
        0.014118812115241042,
        0.014118788899940306,
        0.01411878888494548,
        0.01411878892287101,
        0.014118788930182334,
        0.014118788829262709
    ],
    "R end": 0.014118788884419213,
    "v end": 4.5827921145820924e-07,
    "t end": 3701.1489661381515,
    "v max": 78.16874113002794
}