{
    "star": "MS10",
    "grain": "gra",
    "stream": {
        "L4": 0.64,
        "eta": 0.0066,
        "vinf": 60.0,
        "n": 0.12589254117941726,
        "T": 8000.0,
        "kappa": 600.0,
        "cs": 10.19646997739904,
        "taustar": 0.0004210452218905104,
        "Rstar": 0.830483503745924,
        "Qp": 2.0,
        "a": 0.2,
        "rho_d": 2.2,
        "kappa_d": 34090.90909090909,
        "drag_constant": 3.305668774511122e-05,
        "phi_norm": 1.0,
        "Rstarstar": 0.03973535353535353,
        "Upstarstar": 15125.532353856153,
        "R0": 0.06781936392994428
    },
    "R sonic drift": 0.16827902832903915,
    "w sonic drift": 7.745966692414831,
    "R critical": 0.37672981789796045,
    "w critical": 43.32928075712418,
    "R equilib drift": 0.37672981789796045,
    "w equilib drift": 60.0,
    "t min": [
        27818.554786541255
    ],
    "R min": [
        0.0297238740158371
    ],
    "t max": [],
    "R max": [],
    "R end": 3.7852812834181897,
    "v end": 32.88292062688337,
    "t end": 109694.61666617214,
    "v max": 60.32020102207724
}