{
    "star": "MS10",
    "grain": "sil",
    "stream": {
        "L4": 0.64,
        "eta": 0.0066,
        "vinf": 200.0,
        "n": 251.1886431509608,
        "T": 8000.0,
        "kappa": 600.0,
        "cs": 10.19646997739904,
        "taustar": 0.005642219765161595,
        "Rstar": 0.005577662925204879,
        "Qp": 2.0,
        "a": 0.02,
        "rho_d": 3.5,
        "kappa_d": 214285.71428571426,
        "drag_constant": 0.02110831795119533,
        "phi_norm": 0.7,
        "Rstarstar": 0.022478857142857144,
        "Upstarstar": 23.687344541429262,
        "R0": 0.0004856768607882161
    },
    "R sonic drift": 0.005970765237835921,
    "w sonic drift": 7.745966692414831,
    "R critical": 0.012619146889603867,
    "w critical": 38.7741595142002,
    "R equilib drift": 0.005468720503888516,
    "w equilib drift": 200.0,
    "t min": [
        280.46558149633705,
        399.79773149186434,
        530.5726903910723,
        738.4114643558848
    ],
    "R min": [
        0.0038739876673673707,
        0.005218273035803824,
        0.005219254918927795,
        0.005219255382179244
    ],
    "t max": [
        334.4102520422603,
        464.7181575168282,
        698.9454499738025,
        900.9460561306149
    ],
    "R max": [
        0.005265185410211272,
        0.005219276745723887,
        0.00521925537852786,
        0.005219255389133458
    ],
    "R end": 0.005219255382600449,
    "v end": -2.8714085323571975e-08,
    "t end": 1167.633561600071,
    "v max": 55.750707680182856
}