{
    "star": "MS20",
    "grain": "gra",
    "stream": {
        "L4": 5.45,
        "eta": 0.1199,
        "vinf": 90.0,
        "n": 0.39810717055349937,
        "T": 9000.0,
        "kappa": 600.0,
        "cs": 10.814989597775858,
        "taustar": 0.0014566182547193262,
        "Rstar": 0.9085482901258599,
        "Qp": 2.0,
        "a": 0.02,
        "rho_d": 2.2,
        "kappa_d": 340909.0909090908,
        "drag_constant": 0.019781688097452177,
        "phi_norm": 1.5,
        "Rstarstar": 1.5038727553310882,
        "Upstarstar": 25.275901507333863,
        "R0": 0.31592471361112373
    },
    "R sonic drift": 0.14997884186649119,
    "w sonic drift": 9.672835454459698,
    "R critical": 0.3556558820077846,
    "w critical": 48.41952977064848,
    "R equilib drift": 0.31697863849222285,
    "w equilib drift": 90.0,
    "t min": [
        15303.548644536839,
        25992.568992509758,
        37763.52676594823,
        49625.73227406452,
        61500.973172849066
    ],
    "R min": [
        0.12061241966816219,
        0.2889185263585127,
        0.3067142087619251,
        0.307620891264575,
        0.3076665366474258
    ],
    "t max": [
        19670.404518403822,
        31793.317839885305,
        43694.62952000637,
        55569.87041879092
    ],
    "R max": [
        0.3855495750332086,
        0.31193136092796225,
        0.30788325373277176,
        0.307679737666189
    ],
    "R end": 0.30766887255714365,
    "v end": 0.0005677527046465196,
    "t end": 65176.953341298286,
    "v max": 119.6026979262153
}