{
    "star": "MS10",
    "grain": "sil",
    "stream": {
        "L4": 0.64,
        "eta": 0.0066,
        "vinf": 250.0,
        "n": 63.09573444801995,
        "T": 8000.0,
        "kappa": 600.0,
        "cs": 10.19646997739904,
        "taustar": 0.002262246812494765,
        "Rstar": 0.008903120512208307,
        "Qp": 2.0,
        "a": 0.002,
        "rho_d": 3.5,
        "kappa_d": 2142857.1428571427,
        "drag_constant": 0.21717687276993572,
        "phi_norm": 0.7,
        "Rstarstar": 0.1438646857142857,
        "Upstarstar": 2.30227092610211,
        "R0": 0.0007437104469874346
    },
    "R sonic drift": 0.011913242870580215,
    "w sonic drift": 7.745966692414831,
    "R critical": 0.025178508235883353,
    "w critical": 38.7741595142002,
    "R equilib drift": 0.00917140787331784,
    "w equilib drift": 250.0,
    "t min": [
        928.1665208723606,
        1042.6031160160614,
        1076.5240611563765,
        1098.5167618517457,
        1199.9068396337868,
        1220.4085097735376,
        1237.928118802052,
        1619.631941040324
    ],
    "R min": [
        0.008723291608896991,
        0.008723291548566433,
        0.00872329155469581,
        0.00872329157051921,
        0.008723291577120675,
        0.008723291574555196,
        0.008723291573254147,
        0.008723291610283427
    ],
    "t max": [
        985.9439549025678,
        1069.0689083782852,
        1091.434366712559,
        1141.756647964675,
        1210.716811162019,
        1223.0178132458695,
        1385.9129014471632,
        1646.4704910414528
    ],
    "R max": [
        0.00872329157658697,
        0.008723291556577353,
        0.008723291569143475,
        0.008723291602279123,
        0.00872329157765186,
        0.008723291574585932,
        0.008723291616692105,
        0.008723291607943107
    ],
    "R end": 0.008723291575866644,
    "v end": -1.6480852801594686e-07,
    "t end": 1863.7881945228125,
    "v max": 4.756335817613242e-06
}