{
    "star": "MS40",
    "grain": "gra",
    "stream": {
        "L4": 22.2,
        "eta": 0.4468,
        "vinf": 300.0,
        "n": 39.810717055350096,
        "T": 10000.0,
        "kappa": 600.0,
        "cs": 11.4,
        "taustar": 0.008819525883867318,
        "Rstar": 0.05501074242030826,
        "Qp": 2.0,
        "a": 0.02,
        "rho_d": 2.2,
        "kappa_d": 340909.0909090908,
        "drag_constant": 0.07252075746552225,
        "phi_norm": 1.5,
        "Rstarstar": 0.5513280303030301,
        "Upstarstar": 6.894577738486937,
        "R0": 0.03725633035849819
    },
    "R sonic drift": 0.029924713121888692,
    "w sonic drift": 8.6559494714014,
    "R critical": 0.0669930878315656,
    "w critical": 48.41952977064848,
    "R equilib drift": 0.03169786384922229,
    "w equilib drift": 300.0,
    "t min": [
        904.3337561795496,
        2485.942491102713,
        2777.7637377042247
    ],
    "R min": [
        0.025276357026943936,
        0.030520585422072016,
        0.030520585416771898
    ],
    "t max": [
        2022.4616876767836,
        2507.790071062185,
        3594.707174045888
    ],
    "R max": [
        0.030520585773301172,
        0.03052058542091835,
        0.0305205853904036
    ],
    "R end": 0.03052058537141396,
    "v end": -5.191402920639088e-08,
    "t end": 3901.3535641913263,
    "v max": 89.48046609008311
}