{
    "star": "MS40",
    "grain": "gra",
    "stream": {
        "L4": 22.2,
        "eta": 0.4468,
        "vinf": 170.0,
        "n": 0.0019952623149688807,
        "T": 10000.0,
        "kappa": 600.0,
        "cs": 11.4,
        "taustar": 0.00011018375593677578,
        "Rstar": 13.712601004633655,
        "Qp": 2.0,
        "a": 0.02,
        "rho_d": 2.2,
        "kappa_d": 340909.0909090908,
        "drag_constant": 3.5249394798800627e-05,
        "phi_norm": 1.5,
        "Rstarstar": 1.7169385026737962,
        "Upstarstar": 14184.640696781906,
        "R0": 9.167438503166093
    },
    "R sonic drift": 4.226978079673296,
    "w sonic drift": 8.6559494714014,
    "R critical": 9.463025179229607,
    "w critical": 48.41952977064848,
    "R equilib drift": 6.109823834671649,
    "w equilib drift": 170.0,
    "t min": [
        243901.89578372228
    ],
    "R min": [
        1.0616682188229536
    ],
    "t max": [
        567548.4305397939
    ],
    "R max": [
        25.09106767975006
    ],
    "R end": 4.440633146862208,
    "v end": -63.83751644516365,
    "t end": 972495.597223773,
    "v max": 157.271262015151
}