{
    "star": "MS20",
    "grain": "gra",
    "stream": {
        "L4": 5.45,
        "eta": 0.1199,
        "vinf": 500.0,
        "n": 5011.872336272797,
        "T": 9000.0,
        "kappa": 600.0,
        "cs": 10.814989597775858,
        "taustar": 0.02941834612802778,
        "Rstar": 0.0014575401286460626,
        "Qp": 2.0,
        "a": 0.02,
        "rho_d": 2.2,
        "kappa_d": 340909.0909090908,
        "drag_constant": 0.26142876445012286,
        "phi_norm": 1.5,
        "Rstarstar": 0.04872547727272727,
        "Upstarstar": 1.9125668938981408,
        "R0": 0.0005488816515446382
    },
    "R sonic drift": 0.00133668783513723,
    "w sonic drift": 9.672835454459698,
    "R critical": 0.0031697863849222286,
    "w critical": 48.41952977064848,
    "R equilib drift": 0.0011246826503806984,
    "w equilib drift": 500.0,
    "t min": [
        33.45927598663574,
        34.33758198128493,
        36.094193970583305,
        36.82611563279096,
        38.10175052978145,
        40.025658899012996,
        47.135755046173095
    ],
    "R min": [
        0.001103172320687591,
        0.0011031723187731935,
        0.0011031723195779066,
        0.0011031723198911458,
        0.0011031723231349588,
        0.001103172320935795,
        0.0011031723211177267
    ],
    "t max": [
        33.73113260402715,
        35.15315183345917,
        36.55425901539954,
        37.72533367493179,
        38.14357462476474,
        43.64344311506799,
        59.41112692377008
    ],
    "R max": [
        0.0011031723207110523,
        0.001103172321731546,
        0.0011031723199346197,
        0.0011031723236787458,
        0.0011031723231303664,
        0.0011031723212379637,
        0.001103172322385248
    ],
    "R end": 0.001103172320500772,
    "v end": -1.8792525558552834e-08,
    "t end": 104.56023745823667,
    "v max": 8.167450505906346e-06
}