{
    "star": "MS10",
    "grain": "sil",
    "stream": {
        "L4": 0.64,
        "eta": 0.0066,
        "vinf": 80.0,
        "n": 0.03981071705534985,
        "T": 8000.0,
        "kappa": 600.0,
        "cs": 10.19646997739904,
        "taustar": 0.00017757834603223058,
        "Rstar": 1.10762378631627,
        "Qp": 2.0,
        "a": 0.02,
        "rho_d": 3.5,
        "kappa_d": 214285.71428571426,
        "drag_constant": 0.00013068136494200755,
        "phi_norm": 0.7,
        "Rstarstar": 0.1404928571428571,
        "Upstarstar": 3826.100226469817,
        "R0": 0.09018068389502258
    },
    "R sonic drift": 0.4742747411323311,
    "w sonic drift": 7.745966692414831,
    "R critical": 1.0023744672545452,
    "w critical": 38.7741595142002,
    "R equilib drift": 0.8415009370063492,
    "w equilib drift": 80.0,
    "t min": [
        58617.00812596654
    ],
    "R min": [
        0.09701845198265026
    ],
    "t max": [
        199733.74525200782
    ],
    "R max": [
        4.7459976469838
    ],
    "R end": 4.592898614875606,
    "v end": -9.073112849883884,
    "t end": 231871.07644765248,
    "v max": 76.7751930762222
}