{
    "star": "MS20",
    "grain": "gra",
    "stream": {
        "L4": 5.45,
        "eta": 0.1199,
        "vinf": 30.0,
        "n": 7943.282347242919,
        "T": 9000.0,
        "kappa": 600.0,
        "cs": 10.814989597775858,
        "taustar": 0.617258391892178,
        "Rstar": 0.019296087957120497,
        "Qp": 2.0,
        "a": 0.02,
        "rho_d": 2.2,
        "kappa_d": 340909.0909090908,
        "drag_constant": 31970.42199772521,
        "phi_norm": 1.5,
        "Rstarstar": 13.534854797979792,
        "Upstarstar": 1.563945574555057e-05,
        "R0": 0.017095717917383096
    },
    "R sonic drift": 0.001061768888461977,
    "w sonic drift": 9.672835454459698,
    "R critical": 0.0025178508235883354,
    "w critical": 48.41952977064848,
    "R equilib drift": 0.0018881217525718475,
    "w equilib drift": 30.0,
    "t min": [
        323.3613794936723,
        392.0203025368493,
        460.40237508388446,
        529.0612981270614,
        597.4433706740965,
        666.1022937172736,
        734.4843662643087,
        803.1432893074857,
        871.5253618545208,
        940.1842848976979,
        1008.5663574447331,
        1077.22528048791,
        1145.6073530349452,
        1214.266276078122,
        1282.6483486251575,
        1351.3072716683344
    ],
    "R min": [
        0.001051546307692535,
        0.0010485989297324457,
        0.0010512221120807677,
        0.0010482826197935932,
        0.0010508985041777312,
        0.0010479676578705676,
        0.0010505755318195589,
        0.0010476543936058988,
        0.0010502532935262087,
        0.0010473433973702889,
        0.0010499318041698024,
        0.001047035533459471,
        0.001049611157175436,
        0.0010467330196944524,
        0.00104929134835286,
        0.0010464448498231746
    ],
    "t max": [
        339.4187082698992,
        407.8007808169343,
        476.1828533639695,
        544.8417764071464,
        613.2238489541816,
        681.8827719973586,
        750.2648445443938,
        818.9237675875708,
        887.3058401346059,
        955.9647631777829,
        1024.346835724818,
        1093.0057587679948,
        1161.3878313150303,
        1230.0467543582072,
        1298.4288269052424,
        1367.0877499484193
    ],
    "R max": [
        0.0024600086344576068,
        0.002457990305983188,
        0.002455062458320126,
        0.0024583066076854093,
        0.002455446240948731,
        0.0024586102228136434,
        0.002455823959005681,
        0.002458899151774793,
        0.002456195167066368,
        0.0024591708745928913,
        0.002456559373728667,
        0.002459422073973448,
        0.002456916001285306,
        0.002459647916738135,
        0.002457264470025949,
        0.0024598410070322666
    ],
    "R end": 0.0019712108512790695,
    "v end": -27.51977240987092,
    "t end": 1384.2524807092134,
    "v max": 271.1233539154274
}