{
    "star": "MS10",
    "grain": "gra",
    "stream": {
        "L4": 0.64,
        "eta": 0.0066,
        "vinf": 250.0,
        "n": 10.000000000000082,
        "T": 8000.0,
        "kappa": 600.0,
        "cs": 10.19646997739904,
        "taustar": 0.0009006166776159582,
        "Rstar": 0.02236362761271069,
        "Qp": 2.0,
        "a": 0.2,
        "rho_d": 2.2,
        "kappa_d": 34090.90909090909,
        "drag_constant": 8.711727899504201e-06,
        "phi_norm": 1.0,
        "Rstarstar": 0.002288756363636364,
        "Upstarstar": 57393.89542095959,
        "R0": 0.0018370808820948408
    },
    "R sonic drift": 0.018881217525718474,
    "w sonic drift": 7.745966692414831,
    "R critical": 0.04226978079673296,
    "w critical": 43.32928075712418,
    "R equilib drift": 0.01782501876267492,
    "w equilib drift": 250.0,
    "t min": [
        744.3841158655258
    ],
    "R min": [
        0.001912887346896709
    ],
    "t max": [
        1801.8821852300428
    ],
    "R max": [
        0.1100654189309713
    ],
    "R end": 0.04012838851621104,
    "v end": -105.16862856058738,
    "t end": 2953.9052216885952,
    "v max": 226.74617573970866
}