{
    "star": "MS10",
    "grain": "gra",
    "stream": {
        "L4": 0.64,
        "eta": 0.0066,
        "vinf": 200.0,
        "n": 63095.73444802033,
        "T": 8000.0,
        "kappa": 600.0,
        "cs": 10.19646997739904,
        "taustar": 0.08942315696174177,
        "Rstar": 0.00035192673876928876,
        "Qp": 2.0,
        "a": 0.2,
        "rho_d": 2.2,
        "kappa_d": 34090.90909090909,
        "drag_constant": 0.13419747805920965,
        "phi_norm": 1.0,
        "Rstarstar": 0.0035761818181818186,
        "Upstarstar": 3.72585243203597,
        "R0": 7.298736723634752e-05
    },
    "R sonic drift": 0.0002377004454874038,
    "w sonic drift": 7.745966692414831,
    "R critical": 0.0005321450119597618,
    "w critical": 43.32928075712418,
    "R equilib drift": 0.00025875319913233136,
    "w equilib drift": 200.0,
    "t min": [
        10.812255005691357,
        36.508792267712785
    ],
    "R min": [
        0.00019651111983551428,
        0.0002549239711982143
    ],
    "t max": [
        28.030050595149994,
        45.489564697203626
    ],
    "R max": [
        0.0002549239708960952,
        0.0002549239706230021
    ],
    "R end": 0.0002549239705684595,
    "v end": -2.8750141342717655e-08,
    "t end": 46.48432934519071,
    "v max": 66.38922501054428
}