{
    "star": "MS10",
    "grain": "gra",
    "stream": {
        "L4": 0.64,
        "eta": 0.0066,
        "vinf": 50.0,
        "n": 0.39810717055349937,
        "T": 8000.0,
        "kappa": 600.0,
        "cs": 10.19646997739904,
        "taustar": 0.0008984832585397977,
        "Rstar": 0.5604182328542482,
        "Qp": 2.0,
        "a": 0.2,
        "rho_d": 2.2,
        "kappa_d": 34090.90909090909,
        "drag_constant": 0.0002167625840439731,
        "phi_norm": 1.0,
        "Rstarstar": 0.05721890909090909,
        "Upstarstar": 2306.671154550217,
        "R0": 0.046034865598211315
    },
    "R sonic drift": 0.09463025179229617,
    "w sonic drift": 7.745966692414831,
    "R critical": 0.21185074503545798,
    "w critical": 43.32928075712418,
    "R equilib drift": 0.21185074503545798,
    "w equilib drift": 50.0,
    "t min": [
        18683.399981065406
    ],
    "R min": [
        0.030586855154589625
    ],
    "t max": [],
    "R max": [],
    "R end": 1.7030038674185881,
    "v end": 11.463291710791284,
    "t end": 74022.9793227631,
    "v max": 53.822138259540466
}