{
    "star": "MS10",
    "grain": "sil",
    "stream": {
        "L4": 0.64,
        "eta": 0.0066,
        "vinf": 90.0,
        "n": 125.89254117941816,
        "T": 8000.0,
        "kappa": 600.0,
        "cs": 10.19646997739904,
        "taustar": 0.008876412660700028,
        "Rstar": 0.017508129540227256,
        "Qp": 2.0,
        "a": 0.002,
        "rho_d": 3.5,
        "kappa_d": 2142857.1428571427,
        "drag_constant": 25.799041561919182,
        "phi_norm": 0.7,
        "Rstarstar": 1.1100670194003526,
        "Upstarstar": 0.019380564925250084,
        "R0": 0.0015861029968556658
    },
    "R sonic drift": 0.008433930068571646,
    "w sonic drift": 7.745966692414831,
    "R critical": 0.01782501876267492,
    "w critical": 38.7741595142002,
    "R equilib drift": 0.01403358569034673,
    "w equilib drift": 90.0,
    "t min": [
        842.9889692177505,
        2757.673480171459,
        2937.2667823091533,
        3157.1769481920446
    ],
    "R min": [
        0.007753829848216545,
        0.013536086571207195,
        0.013536086620603262,
        0.013536086594922492
    ],
    "t max": [
        2697.5647014968017,
        2843.438444865786,
        2995.1764593249814
    ],
    "R max": [
        0.013536086576904574,
        0.013536086610837604,
        0.013536086658861713
    ],
    "R end": 0.013536086621772204,
    "v end": 1.2470856818921007e-08,
    "t end": 3665.169431381524,
    "v max": 86.19659914757534
}