{
    "star": "MS40",
    "grain": "gra",
    "stream": {
        "L4": 22.2,
        "eta": 0.4468,
        "vinf": 140.0,
        "n": 31.622776601684052,
        "T": 10000.0,
        "kappa": 600.0,
        "cs": 11.4,
        "taustar": 0.016843737252624842,
        "Rstar": 0.1322637175295095,
        "Qp": 2.0,
        "a": 0.02,
        "rho_d": 2.2,
        "kappa_d": 340909.0909090908,
        "drag_constant": 1.2146054003370814,
        "phi_norm": 1.5,
        "Rstarstar": 2.5316083024118723,
        "Upstarstar": 0.4116563287642542,
        "R0": 0.09063889121322212
    },
    "R sonic drift": 0.033576080362451216,
    "w sonic drift": 8.6559494714014,
    "R critical": 0.07516748085768887,
    "w critical": 48.41952977064848,
    "R equilib drift": 0.05600590977648906,
    "w equilib drift": 140.0,
    "t min": [
        2151.8001977395634,
        7149.529689263711,
        9053.694641927752
    ],
    "R min": [
        0.030464923664239325,
        0.053889278389076985,
        0.05388927868624807
    ],
    "t max": [
        6554.829896165678,
        7747.981531529552
    ],
    "R max": [
        0.05388927881611624,
        0.05388927952697382
    ],
    "R end": 0.05388927874909238,
    "v end": 2.88230944214374e-07,
    "t end": 9380.122919527303,
    "v max": 165.06637751612496
}