{
    "star": "MS10",
    "grain": "gra",
    "stream": {
        "L4": 0.64,
        "eta": 0.0066,
        "vinf": 100.0,
        "n": 0.07943282347242846,
        "T": 8000.0,
        "kappa": 600.0,
        "cs": 10.19646997739904,
        "taustar": 0.00020066886470602953,
        "Rstar": 0.6273100721649603,
        "Qp": 2.0,
        "a": 0.2,
        "rho_d": 2.2,
        "kappa_d": 34090.90909090909,
        "drag_constant": 2.703113845238835e-06,
        "phi_norm": 1.0,
        "Rstarstar": 0.014304727272727275,
        "Upstarstar": 184971.86157389625,
        "R0": 0.05108894618387445
    },
    "R sonic drift": 0.21185074503545798,
    "w sonic drift": 7.745966692414831,
    "R critical": 0.4742747411323311,
    "w critical": 43.32928075712418,
    "R equilib drift": 0.3755167090658463,
    "w equilib drift": 100.0,
    "t min": [
        20913.46123896923
    ],
    "R min": [
        0.013152956577626553
    ],
    "t max": [],
    "R max": [],
    "R end": 5.112718696713132,
    "v end": 66.72433817866246,
    "t end": 82858.40427483847,
    "v max": 97.61778813739936
}