{
    "star": "MS10",
    "grain": "gra",
    "stream": {
        "L4": 0.64,
        "eta": 0.0066,
        "vinf": 60.0,
        "n": 31622.776601684312,
        "T": 8000.0,
        "kappa": 600.0,
        "cs": 10.19646997739904,
        "taustar": 0.21102248999128725,
        "Rstar": 0.0016570324382275481,
        "Qp": 2.0,
        "a": 0.02,
        "rho_d": 2.2,
        "kappa_d": 340909.0909090908,
        "drag_constant": 830.3464541759487,
        "phi_norm": 1.0,
        "Rstarstar": 0.39735353535353524,
        "Upstarstar": 0.0006021582888508983,
        "R0": 0.0006699762139890264
    },
    "R sonic drift": 0.0003357608036245122,
    "w sonic drift": 7.745966692414831,
    "R critical": 0.0007516748085768887,
    "w critical": 43.32928075712418,
    "R equilib drift": 0.0007516748085768887,
    "w equilib drift": 60.0,
    "t min": [
        50.38376690842098,
        99.58563832898153,
        105.01360279174799
    ],
    "R min": [
        0.00031766278729269807,
        0.0007198645557621364,
        0.0007198645562963958
    ],
    "t max": [
        99.45431660810814,
        102.38716837428035,
        120.3782441339337
    ],
    "R max": [
        0.0007198645557586574,
        0.0007198645563240641,
        0.0007198645567877347
    ],
    "R end": 0.0007198645566095457,
    "v end": -5.811110022489841e-10,
    "t end": 218.86953478897038,
    "v max": 165.6669948890224
}