{
    "star": "MS10",
    "grain": "sil",
    "stream": {
        "L4": 0.64,
        "eta": 0.0066,
        "vinf": 300.0,
        "n": 501.18723362727764,
        "T": 8000.0,
        "kappa": 600.0,
        "cs": 10.19646997739904,
        "taustar": 0.005313231502202221,
        "Rstar": 0.0026324553030763285,
        "Qp": 2.0,
        "a": 0.02,
        "rho_d": 3.5,
        "kappa_d": 214285.71428571426,
        "drag_constant": 0.008319334585758249,
        "phi_norm": 0.7,
        "Rstarstar": 0.009990603174603173,
        "Upstarstar": 60.100960581143454,
        "R0": 0.0002282985521466522
    },
    "R sonic drift": 0.004226978079673296,
    "w sonic drift": 7.745966692414831,
    "R critical": 0.008933671843019271,
    "w critical": 38.7741595142002,
    "R equilib drift": 0.0026928222166958033,
    "w equilib drift": 300.0,
    "t min": [
        135.2352377499379,
        176.12543596120682,
        218.7790928554415,
        268.04571981079783,
        287.6641976587921,
        332.522177906734,
        365.14616354160086,
        407.6896042681502,
        455.1927725405408,
        460.37293242175275,
        491.1232432059684,
        541.6022480058638
    ],
    "R min": [
        0.0023191746888258868,
        0.0026820580872867466,
        0.002682796614419676,
        0.002682797842468052,
        0.002682797849465544,
        0.002682797853690024,
        0.002682797851904015,
        0.002682797854731652,
        0.0026827978581414635,
        0.0026827978577990312,
        0.002682797853439344,
        0.0026827978602707307
    ],
    "t max": [
        154.63328326256143,
        197.39715632448147,
        239.49973238028937,
        281.3818761007266,
        311.25045754345933,
        342.0007683276751,
        388.18134258784124,
        440.86467074144383,
        458.49925757110157,
        467.31655098593046,
        527.8252270451936
    ],
    "R max": [
        0.002701145027265072,
        0.002682828019181404,
        0.0026827979156738304,
        0.0026827978507002904,
        0.00268279786762476,
        0.00268279785424534,
        0.002682797858512691,
        0.002682797857376181,
        0.002682797859135329,
        0.0026827978571824437,
        0.002682797859075772
    ],
    "R end": 0.002682797860916531,
    "v end": 3.9283038319012276e-08,
    "t end": 551.0808384268048,
    "v max": 38.37610153798695
}