{
    "star": "MS20",
    "grain": "gra",
    "stream": {
        "L4": 5.45,
        "eta": 0.1199,
        "vinf": 120.0,
        "n": 63.09573444801995,
        "T": 9000.0,
        "kappa": 600.0,
        "cs": 10.814989597775858,
        "taustar": 0.013753303021120747,
        "Rstar": 0.05412641695930777,
        "Qp": 2.0,
        "a": 0.02,
        "rho_d": 2.2,
        "kappa_d": 340909.0909090908,
        "drag_constant": 0.9919925339391923,
        "phi_norm": 1.5,
        "Rstarstar": 0.845928424873737,
        "Upstarstar": 0.5040360515764217,
        "R0": 0.019497500251330336
    },
    "R sonic drift": 0.011913242870580215,
    "w sonic drift": 9.672835454459698,
    "R critical": 0.028250750892455084,
    "w critical": 48.41952977064848,
    "R equilib drift": 0.022018925874566588,
    "w equilib drift": 120.0,
    "t min": [
        888.4057060558741,
        2696.2802547430024,
        2888.0951230959754,
        3169.993087517551
    ],
    "R min": [
        0.011213891679811818,
        0.02111684332385696,
        0.02111684332601801,
        0.021116843316734513
    ],
    "t max": [
        2589.1124335579407,
        2823.6391147020613,
        2994.4863658666527,
        3582.3562255557235
    ],
    "R max": [
        0.0211168433360359,
        0.021116843360436083,
        0.021116843324494594,
        0.021116843344256623
    ],
    "R end": 0.021116843327840414,
    "v end": -8.304774390967046e-08,
    "t end": 3882.8920719225266,
    "v max": 159.0927098217879
}