{
    "star": "MS10",
    "grain": "sil",
    "stream": {
        "L4": 0.64,
        "eta": 0.0066,
        "vinf": 10.0,
        "n": 125.89254117941816,
        "T": 8000.0,
        "kappa": 600.0,
        "cs": 10.19646997739904,
        "taustar": 0.07988771394630026,
        "Rstar": 0.1575731658620453,
        "Qp": 2.0,
        "a": 0.002,
        "rho_d": 3.5,
        "kappa_d": 2142857.1428571427,
        "drag_constant": 169267.5116877518,
        "phi_norm": 0.7,
        "Rstarstar": 89.91542857142858,
        "Upstarstar": 2.9539041190748472e-06,
        "R0": 0.030217633514530988
    },
    "R sonic drift": 0.008433930068571646,
    "w sonic drift": 7.745966692414831,
    "R critical": 0.01782501876267492,
    "w critical": 38.7741595142002,
    "R equilib drift": 0.008433930068571646,
    "w equilib drift": 10.0,
    "t min": [
        9104.280867551703,
        9335.186541728739,
        9447.340726329014,
        9526.508386046855,
        9572.689520882263,
        9665.051790553076,
        9698.03831543551,
        9750.816755247404,
        9777.20597515335,
        9790.400585106323,
        9803.595195059297,
        9849.776329894705,
        11795.981297958293,
        21190.543584475414
    ],
    "R min": [
        0.008019155045175466,
        0.008019155014863895,
        0.008019155026697977,
        0.008019155011584518,
        0.008019155017953637,
        0.008019155020671303,
        0.008019155024548216,
        0.008019155017254193,
        0.00801915502006074,
        0.008019155021177166,
        0.008019155020467753,
        0.008019155019487682,
        0.008019155024162075,
        0.008019155023855484
    ],
    "t max": [
        9110.878172528191,
        9427.548811399554,
        9453.9380313055,
        9559.494910929288,
        9632.065265670642,
        9691.441010459024,
        9704.635620411997,
        9764.011365200377,
        9783.803280129838,
        9796.997890082812,
        9836.581719941732,
        10067.487394118769,
        12574.46328518373,
        27009.366573736723
    ],
    "R max": [
        0.008019155043888724,
        0.008019155029035448,
        0.00801915502693517,
        0.008019155019870128,
        0.008019155027574162,
        0.008019155025358809,
        0.008019155024751218,
        0.00801915502040382,
        0.008019155021018227,
        0.008019155021802912,
        0.008019155022797994,
        0.008019155025097851,
        0.008019155023918288,
        0.008019155023764678
    ],
    "R end": 0.008019155023697782,
    "v end": -1.9840305410463274e-11,
    "t end": 32986.52488243371,
    "v max": 4.703464470954238e-07
}