{
    "star": "MS10",
    "grain": "sil",
    "stream": {
        "L4": 0.64,
        "eta": 0.0066,
        "vinf": 500.0,
        "n": 5.011872336272761,
        "T": 8000.0,
        "kappa": 600.0,
        "cs": 10.19646997739904,
        "taustar": 0.0003187938901321328,
        "Rstar": 0.015794731818457995,
        "Qp": 2.0,
        "a": 0.002,
        "rho_d": 3.5,
        "kappa_d": 2142857.1428571427,
        "drag_constant": 0.0010781857623142661,
        "phi_norm": 0.7,
        "Rstarstar": 0.035966171428571427,
        "Upstarstar": 463.74197979277494,
        "R0": 0.001288215090759206
    },
    "R sonic drift": 0.04226978079673296,
    "w sonic drift": 7.745966692414831,
    "R critical": 0.08933671843019271,
    "w critical": 38.7741595142002,
    "R equilib drift": 0.018841630338161715,
    "w equilib drift": 500.0,
    "t min": [
        827.9438516524314,
        1011.1231223455012,
        1200.9153630996927,
        1391.3689008599963,
        1580.4998446080756,
        1748.4692841605658,
        1972.64896923259,
        2336.362322594281,
        2469.283020822826
    ],
    "R min": [
        0.014461515694182475,
        0.018129389031850227,
        0.018234664196110577,
        0.018237250448698242,
        0.018237313261573095,
        0.018237315099300027,
        0.01823731506794682,
        0.018237315123308888,
        0.018237315115808155
    ],
    "t max": [
        913.9124624470128,
        1105.6885942195408,
        1296.1421319798446,
        1486.5956697401482,
        1665.807158396545,
        1833.776597949035,
        2132.6828447117337,
        2425.6374184194233,
        2879.287164612369
    ],
    "R max": [
        0.018951050305268835,
        0.018254277669160383,
        0.01823772935500091,
        0.01823732523554726,
        0.018237315669440084,
        0.018237315215619224,
        0.01823731526206017,
        0.018237315103098558,
        0.018237315175120474
    ],
    "R end": 0.01823731509339066,
    "v end": -2.7490445281547e-07,
    "t end": 3306.485030560828,
    "v max": 91.27567406086627
}