{
    "star": "MS20",
    "grain": "gra",
    "stream": {
        "L4": 5.45,
        "eta": 0.1199,
        "vinf": 10.0,
        "n": 0.0012589254117941675,
        "T": 9000.0,
        "kappa": 600.0,
        "cs": 10.814989597775858,
        "taustar": 0.0007372049756897855,
        "Rstar": 145.40874456212015,
        "Qp": 2.0,
        "a": 0.02,
        "rho_d": 2.2,
        "kappa_d": 340909.0909090908,
        "drag_constant": 0.41042460389285496,
        "phi_norm": 1.5,
        "Rstarstar": 121.81369318181815,
        "Upstarstar": 1.2182505513985455,
        "R0": 50.45735705555928
    },
    "R sonic drift": 2.6670428643266484,
    "w sonic drift": 9.672835454459698,
    "R critical": 6.32455532033676,
    "w critical": 48.41952977064848,
    "R equilib drift": 2.6670428643266484,
    "w equilib drift": 10.0,
    "t min": [
        2774713.849213406,
        3050098.983120301,
        3327570.368041641,
        3607128.003977428,
        3884599.388898769,
        4162070.773820109,
        4441628.409755896,
        4721186.045691683,
        5002829.932641916,
        5265697.560462134,
        5407562.6294444725,
        5689206.5163947055,
        6062645.447980571,
        6392273.108263065,
        7103684.704189209,
        7673231.231133014,
        8038325.158661094,
        8737219.248500561,
        9966021.096009355
    ],
    "R min": [
        2.6176570396357257,
        2.6395304303029663,
        2.643658488221222,
        2.644354788865808,
        2.644469836424768,
        2.64448872829204,
        2.644491825294328,
        2.6444923290271425,
        2.644492403731029,
        2.6444924145342017,
        2.6444924119809197,
        2.644492409689507,
        2.644492397785476,
        2.644492411716438,
        2.6444924132485608,
        2.6444924184114944,
        2.6444924157046623,
        2.644492416353088,
        2.644492415360058
    ],
    "t max": [
        2910320.1651524073,
        3189877.8010881944,
        3467349.1860095346,
        3744820.5709308754,
        4024378.2068666625,
        4301849.591788002,
        4581407.227723789,
        4858878.612645131,
        5130091.244523132,
        5309508.831765503,
        5557772.702484597,
        5868624.103637076,
        6219114.274064033,
        6897145.853759038,
        7422881.109399473,
        7714956.251421937,
        8428454.098362528,
        9058501.904725272
    ],
    "R max": [
        2.6580940704088882,
        2.6465863628212607,
        2.6448328567569273,
        2.6445481954329546,
        2.644501558786365,
        2.644493890442633,
        2.644492643175981,
        2.6444924468413986,
        2.6444924199242696,
        2.6444924152644482,
        2.6444924184714735,
        2.6444924225474646,
        2.6444924240828094,
        2.6444924218338137,
        2.6444924205916975,
        2.64449241799921,
        2.6444924162849266,
        2.6444924158742222
    ],
    "R end": 2.6444924154532297,
    "v end": 6.802089272340247e-10,
    "t end": 10431255.072230851,
    "v max": 0.4633817167702492
}