{
    "star": "MS40",
    "grain": "gra",
    "stream": {
        "L4": 22.2,
        "eta": 0.4468,
        "vinf": 30.0,
        "n": 1258.9254117941816,
        "T": 10000.0,
        "kappa": 600.0,
        "cs": 11.4,
        "taustar": 0.49595838730845376,
        "Rstar": 0.09782447057698884,
        "Qp": 2.0,
        "a": 0.02,
        "rho_d": 2.2,
        "kappa_d": 340909.0909090908,
        "drag_constant": 22933.077123171068,
        "phi_norm": 1.5,
        "Rstarstar": 55.132803030303016,
        "Upstarstar": 2.180256915871143e-05,
        "R0": 0.10223219204772829
    },
    "R sonic drift": 0.0053214501195976175,
    "w sonic drift": 8.6559494714014,
    "R critical": 0.011913242870580215,
    "w critical": 48.41952977064848,
    "R equilib drift": 0.0086207994879688,
    "w equilib drift": 30.0,
    "t min": [
        1630.3587279035974,
        1957.8180128272134,
        2286.6648370937264,
        2614.1241220173424,
        2942.9709462838555,
        3270.4302312074715,
        3599.277055473984,
        3926.7363403976005,
        4255.583164664114,
        4583.042449587729,
        4911.889273854243,
        5239.348558777859,
        5568.195383044371,
        5895.654667967987,
        6224.5014922345,
        6551.960777158117,
        6880.807601424629
    ],
    "R min": [
        0.005034253126790166,
        0.005047267902336748,
        0.005033794624352132,
        0.005046781236269157,
        0.0050333397511358995,
        0.005046294927689155,
        0.00503288955241391,
        0.005045809171969163,
        0.005032446146678939,
        0.005045323854302158,
        0.005032012307732476,
        0.005044839108797863,
        0.0050315942566641,
        0.0050443552345598094,
        0.0050312055473180515,
        0.005043871659774707,
        0.005030885089202454
    ],
    "t max": [
        1701.123234391328,
        2029.9700586578406,
        2357.429343581457,
        2686.2761678479696,
        3013.735452771586,
        3342.5822770380987,
        3670.041561961715,
        3997.5008468853307,
        4326.347671151844,
        4653.80695607546,
        4982.653780341972,
        5310.113065265588,
        5638.959889532102,
        5966.419174455718,
        6295.2659987222305,
        6622.7252836458465
    ],
    "R max": [
        0.011853597911128824,
        0.011865168585103326,
        0.011854147131542508,
        0.01186526813621843,
        0.0118546903272694,
        0.011865306636847884,
        0.011855227166594453,
        0.011838788130122586,
        0.011855757018206814,
        0.011839444699632252,
        0.011856280046369023,
        0.01184009772611213,
        0.011856795765155833,
        0.011840747087480596,
        0.011857303911802237,
        0.011841393188327429
    ],
    "R end": 0.011319433058936441,
    "v end": 47.56577937080926,
    "t end": 6937.696714483393,
    "v max": 282.46242769866336
}