{
    "star": "MS10",
    "grain": "sil",
    "stream": {
        "L4": 0.64,
        "eta": 0.0066,
        "vinf": 100.0,
        "n": 63095.73444802033,
        "T": 8000.0,
        "kappa": 600.0,
        "cs": 10.19646997739904,
        "taustar": 0.17884631392348355,
        "Rstar": 0.0007038534775385775,
        "Qp": 2.0,
        "a": 0.002,
        "rho_d": 3.5,
        "kappa_d": 2142857.1428571427,
        "drag_constant": 8483.471592575668,
        "phi_norm": 0.7,
        "Rstarstar": 0.8991542857142858,
        "Upstarstar": 5.893813570821363e-05,
        "R0": 0.00024955483953575274
    },
    "R sonic drift": 0.0003767298178979601,
    "w sonic drift": 7.745966692414831,
    "R critical": 0.0007962143411069948,
    "w critical": 38.7741595142002,
    "R equilib drift": 0.0005636765862528911,
    "w equilib drift": 100.0,
    "t min": [
        33.71262620911926,
        103.28912138370892
    ],
    "R min": [
        0.0003565821433692346,
        0.0005620790986832957
    ],
    "t max": [
        101.13787862735778
    ],
    "R max": [
        0.0005620791025779103
    ],
    "R end": 0.0005620791092870956,
    "v end": 4.530741261099734e-08,
    "t end": 147.34539427062612,
    "v max": 79.8725662483243
}