{
    "star": "MS10",
    "grain": "gra",
    "stream": {
        "L4": 0.64,
        "eta": 0.0066,
        "vinf": 50.0,
        "n": 0.06309573444801955,
        "T": 8000.0,
        "kappa": 600.0,
        "cs": 10.19646997739904,
        "taustar": 0.0003576926278469649,
        "Rstar": 1.407706955077164,
        "Qp": 2.0,
        "a": 0.02,
        "rho_d": 2.2,
        "kappa_d": 340909.0909090908,
        "drag_constant": 0.0034354554383157236,
        "phi_norm": 1.0,
        "Rstarstar": 0.572189090909091,
        "Upstarstar": 145.5411106264069,
        "R0": 0.11486727377454402
    },
    "R sonic drift": 0.23770044548740382,
    "w sonic drift": 7.745966692414831,
    "R critical": 0.5321450119597623,
    "w critical": 43.32928075712418,
    "R equilib drift": 0.5321450119597623,
    "w equilib drift": 50.0,
    "t min": [
        45629.017685239196,
        136552.36588443222
    ],
    "R min": [
        0.13541522298642908,
        0.1354252831736294
    ],
    "t max": [
        90923.34819919302,
        181846.69639838603
    ],
    "R max": [
        1.5711524274887663,
        1.571152036769387
    ],
    "R end": 1.5613382107221938,
    "v end": -4.730142836782292,
    "t end": 185937.3173807628,
    "v max": 64.0669777111349
}