{
    "star": "MS10",
    "grain": "gra",
    "stream": {
        "L4": 0.64,
        "eta": 0.0066,
        "vinf": 140.0,
        "n": 0.012589254117941701,
        "T": 8000.0,
        "kappa": 600.0,
        "cs": 10.19646997739904,
        "taustar": 5.706265281878563e-05,
        "Rstar": 1.1255226133003289,
        "Qp": 2.0,
        "a": 0.02,
        "rho_d": 2.2,
        "kappa_d": 340909.0909090908,
        "drag_constant": 1.1151985453369438e-05,
        "phi_norm": 1.0,
        "Rstarstar": 0.07298330241187383,
        "Upstarstar": 44835.06565630706,
        "R0": 0.09150213692083026
    },
    "R sonic drift": 0.5321450119597623,
    "w sonic drift": 7.745966692414831,
    "R critical": 1.191324287058022,
    "w critical": 43.32928075712418,
    "R equilib drift": 0.746850810147536,
    "w equilib drift": 140.0,
    "t min": [
        37552.761215968014
    ],
    "R min": [
        0.06023724732575774
    ],
    "t max": [],
    "R max": [],
    "R end": 7.263486708063407,
    "v end": 14.542682942528637,
    "t end": 148664.92959607288,
    "v max": 132.48634616615942
}