{
    "star": "MS10",
    "grain": "sil",
    "stream": {
        "L4": 0.64,
        "eta": 0.0066,
        "vinf": 250.0,
        "n": 19.952623149688993,
        "T": 8000.0,
        "kappa": 600.0,
        "cs": 10.19646997739904,
        "taustar": 0.0012721548704459492,
        "Rstar": 0.015832235891955218,
        "Qp": 2.0,
        "a": 0.002,
        "rho_d": 3.5,
        "kappa_d": 2142857.1428571427,
        "drag_constant": 0.06867735730655984,
        "phi_norm": 0.7,
        "Rstarstar": 0.14386468571428568,
        "Upstarstar": 7.280419917267869,
        "R0": 0.0013065135189704263
    },
    "R sonic drift": 0.021185074503545776,
    "w sonic drift": 7.745966692414831,
    "R critical": 0.044774422771366805,
    "w critical": 38.7741595142002,
    "R equilib drift": 0.016309325782189976,
    "w equilib drift": 250.0,
    "t min": [
        801.4064861462368,
        1517.3030990808404,
        1562.3780710063527,
        1622.036122084236,
        1716.1632693404526,
        1767.8669136079518,
        1906.4061655554815,
        2035.6652762242293,
        2278.274683940956,
        2538.781506981048,
        2754.8762253298264,
        3004.7771726227393,
        3098.9043198789554,
        3159.2252381910375
    ],
    "R min": [
        0.015167430187323177,
        0.015512449805128238,
        0.015512449794745605,
        0.015512449783008926,
        0.015512449799643162,
        0.015512449776422979,
        0.01551244982193155,
        0.015512449771432391,
        0.015512449823491946,
        0.0155124497257239,
        0.015512449670320684,
        0.01551244984057167,
        0.015512449828910077,
        0.015512449835714101
    ],
    "t max": [
        1500.068550991674,
        1526.5832403596223,
        1610.767379102858,
        1689.6485799725042,
        1726.7691450876318,
        1854.7025212879823,
        1977.9958268489418,
        2138.409697525029,
        2398.916520565121,
        2692.566705315148,
        2911.312892600721,
        3008.754376027931,
        3136.6877522282816
    ],
    "R max": [
        0.015512449805777668,
        0.01551244980477006,
        0.015512449785361627,
        0.01551244980089207,
        0.015512449800416127,
        0.015512449836333517,
        0.015512449791468232,
        0.01551244982881892,
        0.015512449846502737,
        0.015512449708099335,
        0.015512449982164653,
        0.015512449839326347,
        0.0155124498383254
    ],
    "R end": 0.01551244985020519,
    "v end": 3.349938844715616e-07,
    "t end": 3314.336170993535,
    "v max": 5.5085811323006855
}