{
    "star": "MS10",
    "grain": "sil",
    "stream": {
        "L4": 0.64,
        "eta": 0.0066,
        "vinf": 300.0,
        "n": 0.31622776601683955,
        "T": 8000.0,
        "kappa": 600.0,
        "cs": 10.19646997739904,
        "taustar": 0.00013346234117850986,
        "Rstar": 0.10479993323162691,
        "Qp": 2.0,
        "a": 0.02,
        "rho_d": 3.5,
        "kappa_d": 214285.71428571426,
        "drag_constant": 5.249145258072226e-06,
        "phi_norm": 0.7,
        "Rstarstar": 0.009990603174603173,
        "Upstarstar": 95253.6032854285,
        "R0": 0.008527985004882681
    },
    "R sonic drift": 0.16827902832903915,
    "w sonic drift": 7.745966692414831,
    "R critical": 0.3556558820077846,
    "w critical": 38.7741595142002,
    "R equilib drift": 0.10720318334923626,
    "w equilib drift": 300.0,
    "t min": [
        5524.220895308429,
        19784.521061910804
    ],
    "R min": [
        0.009103314354295332,
        0.03448682622325414
    ],
    "t max": [
        11263.443239282555
    ],
    "R max": [
        0.7019252084251068
    ],
    "R end": 0.20203222277328162,
    "v end": 54.86380841157838,
    "t end": 21938.923333234427,
    "v max": 270.6832493724113
}