{
    "star": "MS10",
    "grain": "gra",
    "stream": {
        "L4": 0.64,
        "eta": 0.0066,
        "vinf": 300.0,
        "n": 251.1886431509608,
        "T": 8000.0,
        "kappa": 600.0,
        "cs": 10.19646997739904,
        "taustar": 0.0037614798434410634,
        "Rstar": 0.003718441950136585,
        "Qp": 2.0,
        "a": 0.02,
        "rho_d": 2.2,
        "kappa_d": 340909.0909090908,
        "drag_constant": 0.010553082130482307,
        "phi_norm": 1.0,
        "Rstarstar": 0.01589414141414141,
        "Upstarstar": 47.37952323480576,
        "R0": 0.00031639344035632995
    },
    "R sonic drift": 0.0037672981789796047,
    "w sonic drift": 7.745966692414831,
    "R critical": 0.008433930068571646,
    "w critical": 43.32928075712418,
    "R equilib drift": 0.0031697863849222286,
    "w equilib drift": 300.0,
    "t min": [
        117.87631541650103,
        156.28434818971095,
        197.34459805979213,
        258.54205181352563,
        322.88287397836575,
        487.02564319584343
    ],
    "R min": [
        0.0025036528478184464,
        0.00306441679093898,
        0.00306638282015299,
        0.0030663875154339645,
        0.0030663875155419315,
        0.003066387525308122
    ],
    "t max": [
        135.4595324661291,
        176.81447312475154,
        217.87472299483272,
        281.7243938454375,
        438.8928144007721
    ],
    "R max": [
        0.0031078544060014744,
        0.0030664838926273102,
        0.0030663877589296863,
        0.003066387533419323,
        0.003066387521009548
    ],
    "R end": 0.0030663875272182646,
    "v end": 1.1327204661277016e-07,
    "t end": 491.15131423542095,
    "v max": 65.28803766170994
}