{
    "star": "MS10",
    "grain": "sil",
    "stream": {
        "L4": 0.64,
        "eta": 0.0066,
        "vinf": 80.0,
        "n": 10.000000000000082,
        "T": 8000.0,
        "kappa": 600.0,
        "cs": 10.19646997739904,
        "taustar": 0.002814427117549869,
        "Rstar": 0.06988633628972091,
        "Qp": 2.0,
        "a": 0.002,
        "rho_d": 3.5,
        "kappa_d": 2142857.1428571427,
        "drag_constant": 3.282567474489822,
        "phi_norm": 0.7,
        "Rstarstar": 1.4049285714285715,
        "Upstarstar": 0.15231979354139866,
        "R0": 0.0058776406030792115
    },
    "R sonic drift": 0.029924713121888692,
    "w sonic drift": 7.745966692414831,
    "R critical": 0.0632455532033676,
    "w critical": 38.7741595142002,
    "R equilib drift": 0.05309511965911208,
    "w equilib drift": 80.0,
    "t min": [
        3388.325570500168,
        10334.685591542826,
        11265.158416602459,
        13006.137444622838,
        13295.812946764045,
        14355.030439441989
    ],
    "R min": [
        0.026486149859662494,
        0.05180338319162774,
        0.05180338322004933,
        0.05180338319832834,
        0.05180338316144098,
        0.05180338318316145
    ],
    "t max": [
        9790.446769338136,
        10785.291928206925,
        12078.590634736349,
        13032.47158118113,
        13731.789207562424
    ],
    "R max": [
        0.051803383188187696,
        0.05180338318410212,
        0.051803383302243586,
        0.051803383197645714,
        0.05180338322988046
    ],
    "R end": 0.05180338322293854,
    "v end": 1.6403501329081044e-07,
    "t end": 14630.075865717477,
    "v max": 88.73748836922857
}