{
    "star": "MS10",
    "grain": "sil",
    "stream": {
        "L4": 0.64,
        "eta": 0.0066,
        "vinf": 70.0,
        "n": 2.5118864315095975,
        "T": 8000.0,
        "kappa": 600.0,
        "cs": 10.19646997739904,
        "taustar": 0.0016120627900461668,
        "Rstar": 0.15936179786299684,
        "Qp": 2.0,
        "a": 0.002,
        "rho_d": 3.5,
        "kappa_d": 2142857.1428571427,
        "drag_constant": 1.4066350987885212,
        "phi_norm": 0.7,
        "Rstarstar": 1.8350087463556852,
        "Upstarstar": 0.3554582140248243,
        "R0": 0.013206028498601183
    },
    "R sonic drift": 0.05970765237835921,
    "w sonic drift": 7.745966692414831,
    "R critical": 0.12619146889603874,
    "w critical": 38.7741595142002,
    "R equilib drift": 0.11493134933833243,
    "w equilib drift": 70.0,
    "t min": [
        7773.103424366187,
        15652.961917221523,
        25714.627122323847
    ],
    "R min": [
        0.05141557204826568,
        0.11144353815208874,
        0.1114435396439452
    ],
    "t max": [
        11983.256437907014,
        21084.126026606995
    ],
    "R max": [
        0.1114476971134191,
        0.11144353961274511
    ],
    "R end": 0.11144353967977079,
    "v end": 4.9586178005773345e-09,
    "t end": 33360.95890285917,
    "v max": 89.39398981863233
}