{
    "star": "MS20",
    "grain": "gra",
    "stream": {
        "L4": 5.45,
        "eta": 0.1199,
        "vinf": 170.0,
        "n": 630.9573444802007,
        "T": 9000.0,
        "kappa": 600.0,
        "cs": 10.814989597775858,
        "taustar": 0.030700067927446915,
        "Rstar": 0.012082077118261956,
        "Qp": 2.0,
        "a": 0.02,
        "rho_d": 2.2,
        "kappa_d": 340909.0909090908,
        "drag_constant": 2.462848527168393,
        "phi_norm": 1.5,
        "Rstarstar": 0.42150066844919776,
        "Upstarstar": 0.2030169515032515,
        "R0": 0.004566295802801536
    },
    "R sonic drift": 0.0037672981789796047,
    "w sonic drift": 9.672835454459698,
    "R critical": 0.008933671843019271,
    "w critical": 48.41952977064848,
    "R equilib drift": 0.0056367658625289105,
    "w equilib drift": 170.0,
    "t min": [
        197.2694807999679,
        635.6653656357489,
        651.2666426761681,
        666.1745296259021,
        682.2958492343354,
        684.5493670290626,
        689.2297501411882,
        707.6045875443488,
        760.1288869137602
    ],
    "R min": [
        0.003609678431562825,
        0.005435474003085667,
        0.005435474002660153,
        0.005435473999482358,
        0.005435474003438009,
        0.00543547400321761,
        0.005435474002888956,
        0.005435473997830719,
        0.005435473996414727
    ],
    "t max": [
        563.7261437271491,
        641.9058764519167,
        652.1333802895248,
        679.1755938262515,
        682.8158918023494,
        685.4161046424191,
        689.4030976638596,
        727.8862476968939,
        855.2966768603178
    ],
    "R max": [
        0.005435474003384669,
        0.005435474004248076,
        0.0054354740026020055,
        0.005435474003990508,
        0.005435474003419639,
        0.005435474003231206,
        0.005435474002882482,
        0.005435473995027252,
        0.005435474006546689
    ],
    "R end": 0.005435474005486514,
    "v end": -9.060688292389973e-08,
    "t end": 866.7376133566253,
    "v max": 141.22978341122456
}