{
    "star": "MS40",
    "grain": "gra",
    "stream": {
        "L4": 22.2,
        "eta": 0.4468,
        "vinf": 200.0,
        "n": 1.2589254117941753,
        "T": 10000.0,
        "kappa": 600.0,
        "cs": 11.4,
        "taustar": 0.002352537192837984,
        "Rstar": 0.46402220688511725,
        "Qp": 2.0,
        "a": 0.02,
        "rho_d": 2.2,
        "kappa_d": 340909.0909090908,
        "drag_constant": 0.011609870293605289,
        "phi_norm": 1.5,
        "Rstarstar": 1.2404880681818178,
        "Upstarstar": 43.066803276467226,
        "R0": 0.3112586507631949
    },
    "R sonic drift": 0.16827902832903915,
    "w sonic drift": 8.6559494714014,
    "R critical": 0.37672981789796045,
    "w critical": 48.41952977064848,
    "R equilib drift": 0.22440369086039286,
    "w equilib drift": 200.0,
    "t min": [
        7740.052151965103,
        11346.811147948842,
        15453.777595930325,
        19606.8157829116,
        23101.686269895843,
        24575.981917889196,
        31269.547426859015
    ],
    "R min": [
        0.12704655664769154,
        0.21704057400325155,
        0.21791939853149428,
        0.21792318902550117,
        0.21792320488204647,
        0.21792320498713283,
        0.21792320468187154
    ],
    "t max": [
        9194.602768958546,
        13400.294371939584,
        17513.84249692104,
        21903.821055901244,
        24332.45986889029,
        25043.280984887093
    ],
    "R max": [
        0.2329384647356741,
        0.21798135642402403,
        0.21792345369410887,
        0.21792320599520296,
        0.21792320496849235,
        0.21792320499726495
    ],
    "R end": 0.21792320470918292,
    "v end": 3.5818799321848813e-09,
    "t end": 32908.38499985163,
    "v max": 139.08003171858095
}