{
    "star": "MS10",
    "grain": "gra",
    "stream": {
        "L4": 0.64,
        "eta": 0.0066,
        "vinf": 250.0,
        "n": 15848.931924611368,
        "T": 8000.0,
        "kappa": 600.0,
        "cs": 10.19646997739904,
        "taustar": 0.03585419572789815,
        "Rstar": 0.0005617489275970077,
        "Qp": 2.0,
        "a": 0.2,
        "rho_d": 2.2,
        "kappa_d": 34090.90909090909,
        "drag_constant": 0.013807158242497855,
        "phi_norm": 1.0,
        "Rstarstar": 0.002288756363636364,
        "Upstarstar": 36.21309984418233,
        "R0": 6.989892875483194e-05
    },
    "R sonic drift": 0.00047427474113233113,
    "w sonic drift": 7.745966692414831,
    "R critical": 0.001061768888461977,
    "w critical": 43.32928075712418,
    "R equilib drift": 0.0004477442277136681,
    "w equilib drift": 250.0,
    "t min": [
        17.688980680038508,
        24.337188183945603,
        31.638344639129283,
        40.74995045921623,
        46.19613830281869,
        52.72562781558458,
        63.06893279376147
    ],
    "R min": [
        0.000328163035038898,
        0.00043577811192851935,
        0.00043604118052932605,
        0.0004360415636831418,
        0.00043604156275355656,
        0.0004360415630564625,
        0.00043604156395240395
    ],
    "t max": [
        20.642090709675813,
        27.98776641153744,
        35.27408311782847,
        43.28754751985934,
        49.43120356141633,
        55.97553282307488
    ],
    "R max": [
        0.0004431822532101524,
        0.0004360516099073908,
        0.00043604157945990705,
        0.00043604156582625035,
        0.00043604156573904905,
        0.0004360415646932664
    ],
    "R end": 0.0004360415640052976,
    "v end": 1.580754769943537e-07,
    "t end": 74.19874446324879,
    "v max": 76.72048873375613
}