{
    "star": "MS40",
    "grain": "gra",
    "stream": {
        "L4": 22.2,
        "eta": 0.4468,
        "vinf": 170.0,
        "n": 3.981071705535002,
        "T": 10000.0,
        "kappa": 600.0,
        "cs": 11.4,
        "taustar": 0.004921727589852419,
        "Rstar": 0.30698689733826706,
        "Qp": 2.0,
        "a": 0.02,
        "rho_d": 2.2,
        "kappa_d": 340909.0909090908,
        "drag_constant": 0.07033178906750745,
        "phi_norm": 1.5,
        "Rstarstar": 1.7169385026737964,
        "Upstarstar": 7.1091608308168945,
        "R0": 0.20671099373184817
    },
    "R sonic drift": 0.09463025179229617,
    "w sonic drift": 8.6559494714014,
    "R critical": 0.21185074503545798,
    "w critical": 48.41952977064848,
    "R equilib drift": 0.13678191771608086,
    "w equilib drift": 170.0,
    "t min": [
        5046.625472651909,
        9575.090090044476,
        11643.379218180504
    ],
    "R min": [
        0.07955669587989429,
        0.135276681461997,
        0.1352766819388279
    ],
    "t max": [
        6374.684807560306,
        10393.69715549621,
        13585.393852177702
    ],
    "R max": [
        0.13540017300139484,
        0.13527668237502968,
        0.13527668235417253
    ],
    "R end": 0.13527668203105425,
    "v end": -2.859634578503257e-08,
    "t end": 21771.464506695032,
    "v max": 141.2089147922849
}