{
    "star": "MS10",
    "grain": "sil",
    "stream": {
        "L4": 0.64,
        "eta": 0.0066,
        "vinf": 170.0,
        "n": 0.10000000000000041,
        "T": 8000.0,
        "kappa": 600.0,
        "cs": 10.19646997739904,
        "taustar": 0.00013244362906117004,
        "Rstar": 0.32887687665751075,
        "Qp": 2.0,
        "a": 0.002,
        "rho_d": 3.5,
        "kappa_d": 2142857.1428571427,
        "drag_constant": 0.0016098222453646695,
        "phi_norm": 0.7,
        "Rstarstar": 0.311126050420168,
        "Upstarstar": 310.59329776296903,
        "R0": 0.02676167644571828
    },
    "R sonic drift": 0.2992471312188869,
    "w sonic drift": 7.745966692414831,
    "R critical": 0.632455532033676,
    "w critical": 38.7741595142002,
    "R equilib drift": 0.30621657056490553,
    "w equilib drift": 170.0,
    "t min": [
        17019.08119531934,
        28654.294472054647,
        40730.131210157444,
        52929.89329676986,
        65143.42486655
    ],
    "R min": [
        0.12456318285024212,
        0.2760564901978241,
        0.2958943243143106,
        0.29750900694750154,
        0.2976346990153681
    ],
    "t max": [
        21700.70547234893,
        34575.17223418031,
        46816.24277029592,
        59029.77434007606
    ],
    "R max": [
        0.39611102754859423,
        0.3040456929985983,
        0.29813523263728187,
        0.29768321138124654
    ],
    "R end": 0.2976449906398605,
    "v end": 0.0026942458881031154,
    "t end": 68847.41583867047,
    "v max": 107.0724932656211
}