{
    "star": "MS10",
    "grain": "gra",
    "stream": {
        "L4": 0.64,
        "eta": 0.0066,
        "vinf": 20.0,
        "n": 2.5118864315095975,
        "T": 8000.0,
        "kappa": 600.0,
        "cs": 10.19646997739904,
        "taustar": 0.005642219765161584,
        "Rstar": 0.5577662925204889,
        "Qp": 2.0,
        "a": 0.2,
        "rho_d": 2.2,
        "kappa_d": 34090.90909090909,
        "drag_constant": 0.05342497828556649,
        "phi_norm": 1.0,
        "Rstarstar": 0.35761818181818184,
        "Upstarstar": 9.35891816983821,
        "R0": 0.048567686078821705
    },
    "R sonic drift": 0.03767298178979601,
    "w sonic drift": 7.745966692414831,
    "R critical": 0.08433930068571646,
    "w critical": 43.32928075712418,
    "R equilib drift": 0.047645749411961605,
    "w equilib drift": 20.0,
    "t min": [
        18256.094350130577,
        41949.233748847255,
        65657.10768699099
    ],
    "R min": [
        0.029201925654445838,
        0.02920660804544971,
        0.029205998506946346
    ],
    "t max": [
        27951.421293137773,
        51659.29523128152
    ],
    "R max": [
        0.27542627504734124,
        0.27542637895332367
    ],
    "R end": 0.2634298168748729,
    "v end": 12.504495795797101,
    "t end": 73672.69713531306,
    "v max": 41.38916205099419
}