{
    "star": "MS10",
    "grain": "sil",
    "stream": {
        "L4": 0.64,
        "eta": 0.0066,
        "vinf": 200.0,
        "n": 0.01995262314968885,
        "T": 8000.0,
        "kappa": 600.0,
        "cs": 10.19646997739904,
        "taustar": 5.028633658857012e-05,
        "Rstar": 0.6258240733955771,
        "Qp": 2.0,
        "a": 0.002,
        "rho_d": 3.5,
        "kappa_d": 2142857.1428571427,
        "drag_constant": 0.00016766932936171708,
        "phi_norm": 0.7,
        "Rstarstar": 0.22478857142857142,
        "Upstarstar": 2982.0599981129403,
        "R0": 0.05087366807908
    },
    "R sonic drift": 0.669930878315656,
    "w sonic drift": 7.745966692414831,
    "R critical": 1.4158915687682763,
    "w critical": 38.7741595142002,
    "R equilib drift": 0.6136005326782448,
    "w equilib drift": 200.0,
    "t min": [
        32909.87286791754,
        68754.38408074493,
        100249.34203236665
    ],
    "R min": [
        0.14657052934980813,
        0.4220302262564774,
        0.543195371581998
    ],
    "t max": [
        47059.02203087572,
        83453.7779333737,
        115839.6082397002
    ],
    "R max": [
        1.2515821769474451,
        0.6883232817528785,
        0.6070783183686529
    ],
    "R end": 0.5759229798563558,
    "v end": -0.3992658416655638,
    "t end": 131010.64039776092,
    "v max": 152.24884400946203
}