{
    "star": "MS10",
    "grain": "sil",
    "stream": {
        "L4": 0.64,
        "eta": 0.0066,
        "vinf": 500.0,
        "n": 50.11872336272776,
        "T": 8000.0,
        "kappa": 600.0,
        "cs": 10.19646997739904,
        "taustar": 0.0010081147969630178,
        "Rstar": 0.004994732757786033,
        "Qp": 2.0,
        "a": 0.002,
        "rho_d": 3.5,
        "kappa_d": 2142857.1428571427,
        "drag_constant": 0.010781857623142693,
        "phi_norm": 0.7,
        "Rstarstar": 0.035966171428571427,
        "Upstarstar": 46.37419797927736,
        "R0": 0.000410840088941295
    },
    "R sonic drift": 0.0133668783513723,
    "w sonic drift": 7.745966692414831,
    "R critical": 0.028250750892455084,
    "w critical": 38.7741595142002,
    "R equilib drift": 0.005958246669951958,
    "w equilib drift": 500.0,
    "t min": [
        285.65856873590263,
        354.0409640335894,
        385.40903527106036,
        418.45007030786314,
        493.73344127779353,
        583.0278840671277,
        678.177700154123,
        805.1138284284224
    ],
    "R min": [
        0.005765596954059336,
        0.0057671454295168,
        0.00576714542367431,
        0.005767145400558267,
        0.0057671453727189,
        0.0057671454402066615,
        0.005767145406945088,
        0.005767145406932083
    ],
    "t max": [
        319.7452061472878,
        367.8429153780766,
        396.0741794918005,
        452.7458281941648,
        539.5308252845012,
        618.7874852778447,
        739.2408788297333,
        996.8773039268284
    ],
    "R max": [
        0.005767147435478106,
        0.005767145433949589,
        0.005767145418728621,
        0.0057671454466979456,
        0.005767145456089111,
        0.0057671454437675995,
        0.005767145424644132,
        0.005767145423017464
    ],
    "R end": 0.005767145417092767,
    "v end": -1.5913648630112323e-06,
    "t end": 1045.6023745823668,
    "v max": 0.12811654410109455
}