{
    "star": "MS10",
    "grain": "sil",
    "stream": {
        "L4": 0.64,
        "eta": 0.0066,
        "vinf": 500.0,
        "n": 39.810717055350096,
        "T": 8000.0,
        "kappa": 600.0,
        "cs": 10.19646997739904,
        "taustar": 0.0008984832585397995,
        "Rstar": 0.005604182328542471,
        "Qp": 2.0,
        "a": 0.02,
        "rho_d": 3.5,
        "kappa_d": 214285.71428571426,
        "drag_constant": 8.564333932839464e-05,
        "phi_norm": 0.7,
        "Rstarstar": 0.003596617142857143,
        "Upstarstar": 5838.165628768605,
        "R0": 0.0004603486559821123
    },
    "R sonic drift": 0.01499788418664912,
    "w sonic drift": 7.745966692414831,
    "R critical": 0.03169786384922229,
    "w critical": 38.7741595142002,
    "R equilib drift": 0.006685262718969321,
    "w equilib drift": 500.0,
    "t min": [
        294.93874926004304,
        408.26843572989253,
        520.6595740716273,
        634.2238975735054,
        748.0228581074123,
        862.0564556733477,
        975.8554162072546,
        1089.6543767411615
    ],
    "R min": [
        0.0025106445881454445,
        0.005498238433635582,
        0.006290945849078784,
        0.006439533864948659,
        0.006465453834965621,
        0.006469917658959552,
        0.006470684709890571,
        0.006470816497754156
    ],
    "t max": [
        341.6315186337491,
        462.4695901285162,
        577.2070987905377,
        691.2406963564732,
        805.03965689038,
        918.8386174242869,
        1032.8722149902223,
        1146.201901460072
    ],
    "R max": [
        0.009783088436262605,
        0.006929806373997234,
        0.006547116652518049,
        0.006483871170159485,
        0.006473078670651914,
        0.006471227139616761,
        0.006470909316934806,
        0.006470854764204024
    ],
    "R end": 0.006470846288262533,
    "v end": -0.00042549344324172705,
    "t end": 1173.1851601433693,
    "v max": 282.18233541757724
}