{
    "star": "MS20",
    "grain": "gra",
    "stream": {
        "L4": 5.45,
        "eta": 0.1199,
        "vinf": 60.0,
        "n": 794.3282347242919,
        "T": 9000.0,
        "kappa": 600.0,
        "cs": 10.814989597775858,
        "taustar": 0.09759712116160464,
        "Rstar": 0.03050979393772313,
        "Qp": 2.0,
        "a": 0.02,
        "rho_d": 2.2,
        "kappa_d": 340909.0909090908,
        "drag_constant": 199.81513748578251,
        "phi_norm": 1.5,
        "Rstarstar": 3.383713699494948,
        "Upstarstar": 0.0025023129192880923,
        "R0": 0.013792265293664036
    },
    "R sonic drift": 0.0033576080362451217,
    "w sonic drift": 9.672835454459698,
    "R critical": 0.007962143411069949,
    "w critical": 48.41952977064848,
    "R equilib drift": 0.007962143411069949,
    "w equilib drift": 60.0,
    "t min": [
        502.086712805898,
        640.4122587925273,
        688.5635564461007,
        736.7148540996742,
        785.3038908228257,
        820.323016389061,
        836.9571010330226,
        858.8440545119197,
        879.8555298516608,
        904.3689177480255,
        921.8784805311433,
        949.8937809841314,
        997.607339568127,
        1061.5172437265062,
        1207.7220929655384,
        1316.2813822208677,
        1374.062939405156
    ],
    "R min": [
        0.003302090355920634,
        0.007678243414538974,
        0.007679016523131932,
        0.00767904488407781,
        0.0076790459452685325,
        0.0076790459810124265,
        0.0076790459812435576,
        0.007679045982308768,
        0.007679045981866629,
        0.007679045981095248,
        0.007679045980727245,
        0.007679045980687684,
        0.0076790459816038666,
        0.007679045982360428,
        0.007679045970299463,
        0.007679045982786947,
        0.007679045982958124
    ],
    "t max": [
        616.7743490353186,
        664.487907619314,
        712.6392052728875,
        760.7905029264609,
        806.7531052321447,
        826.88910243273,
        848.3383168420492,
        868.9120531122123,
        891.6744847302654,
        912.2482210004285,
        935.0106526184813,
        972.2184735326064,
        1038.7548121084533,
        1160.4462734511208,
        1237.0506106272605,
        1348.6740733696354,
        1542.5924811926632
    ],
    "R max": [
        0.00768278710136694,
        0.007679197771455166,
        0.007679051675358216,
        0.007679046190294384,
        0.007679045992131443,
        0.007679045982178807,
        0.007679045985326285,
        0.00767904598469112,
        0.007679045985353369,
        0.00767904598089827,
        0.0076790459868431,
        0.00767904598523675,
        0.007679045982433385,
        0.007679046005787631,
        0.00767904598924383,
        0.007679045982790502,
        0.007679045983445303
    ],
    "R end": 0.0076790459838383925,
    "v end": -3.918417920210912e-10,
    "t end": 2188.6953478897035,
    "v max": 224.55806812162172
}