{
    "star": "MS40",
    "grain": "gra",
    "stream": {
        "L4": 22.2,
        "eta": 0.4468,
        "vinf": 20.0,
        "n": 0.006309573444801942,
        "T": 10000.0,
        "kappa": 600.0,
        "cs": 11.4,
        "taustar": 0.0016654687882765404,
        "Rstar": 65.54487887639368,
        "Qp": 2.0,
        "a": 0.02,
        "rho_d": 2.2,
        "kappa_d": 340909.0909090908,
        "drag_constant": 0.5818718775223455,
        "phi_norm": 1.5,
        "Rstarstar": 124.04880681818177,
        "Upstarstar": 0.8592956960371375,
        "R0": 43.92140575022344
    },
    "R sonic drift": 2.3770044548740383,
    "w sonic drift": 8.6559494714014,
    "R critical": 5.321450119597618,
    "w critical": 48.41952977064848,
    "R equilib drift": 2.8380769224775158,
    "w equilib drift": 20.0,
    "t min": [
        1133287.9494357493,
        1930959.0409992218,
        2727700.4459757903,
        3524441.850952359,
        4322112.942515831
    ],
    "R min": [
        2.1061661613557727,
        2.105899094805361,
        2.1061097920429837,
        2.106664330189629,
        2.1060599985279134
    ],
    "t max": [
        1346186.1778367227,
        2142927.5828132913,
        2940598.674376764,
        3737340.0793533325,
        4535011.170916805
    ],
    "R max": [
        12.596885822321969,
        12.5966344975364,
        12.596898989585984,
        12.596685581309817,
        12.596906898737393
    ],
    "R end": 10.463732019573127,
    "v end": -19.34277739774638,
    "t end": 4648432.93451907,
    "v max": 79.67537301579343
}