{
    "star": "MS10",
    "grain": "gra",
    "stream": {
        "L4": 0.64,
        "eta": 0.0066,
        "vinf": 100.0,
        "n": 199.52623149688992,
        "T": 8000.0,
        "kappa": 600.0,
        "cs": 10.19646997739904,
        "taustar": 0.01005726731771406,
        "Rstar": 0.012516481467911497,
        "Qp": 2.0,
        "a": 0.02,
        "rho_d": 2.2,
        "kappa_d": 340909.0909090908,
        "drag_constant": 0.6789914990681154,
        "phi_norm": 1.0,
        "Rstarstar": 0.1430472727272727,
        "Upstarstar": 0.7363862444319659,
        "R0": 0.0011503570135047777
    },
    "R sonic drift": 0.004226978079673296,
    "w sonic drift": 7.745966692414831,
    "R critical": 0.009463025179229607,
    "w critical": 43.32928075712418,
    "R equilib drift": 0.007492543382402155,
    "w equilib drift": 100.0,
    "t min": [
        382.2296695328318,
        1034.9298145655393,
        1206.5363876516462,
        1427.4095876931096,
        1632.081011084825
    ],
    "R min": [
        0.003688462015045641,
        0.007226915219863752,
        0.007226915276849584,
        0.0072269152721077135,
        0.007226915267395476
    ],
    "t max": [
        1009.469879830221,
        1119.9064798509526,
        1320.940769709051,
        1628.443877551208
    ],
    "R max": [
        0.007226915227906311,
        0.0072269153312986036,
        0.007226915287511352,
        0.00722691526716486
    ],
    "R end": 0.007226915270917342,
    "v end": 2.552474975074808e-08,
    "t end": 1653.2425152804142,
    "v max": 112.9782657852006
}