{
    "star": "MS10",
    "grain": "sil",
    "stream": {
        "L4": 0.64,
        "eta": 0.0066,
        "vinf": 140.0,
        "n": 0.025118864315095874,
        "T": 8000.0,
        "kappa": 600.0,
        "cs": 10.19646997739904,
        "taustar": 8.060313950230818e-05,
        "Rstar": 0.7968089893149857,
        "Qp": 2.0,
        "a": 0.002,
        "rho_d": 3.5,
        "kappa_d": 2142857.1428571427,
        "drag_constant": 0.0008791469367428226,
        "phi_norm": 0.7,
        "Rstarstar": 0.45875218658892125,
        "Upstarstar": 568.7331424397211,
        "R0": 0.06479732504885896
    },
    "R sonic drift": 0.5970765237835921,
    "w sonic drift": 7.745966692414831,
    "R critical": 1.2619146889603874,
    "w critical": 38.7741595142002,
    "R equilib drift": 0.7050726302827348,
    "w equilib drift": 140.0,
    "t min": [
        41501.03287515681,
        84937.00136667945,
        126538.11711854483
    ],
    "R min": [
        0.2147817392984084,
        0.5745065226536438,
        0.6730224439903174
    ],
    "t max": [
        58581.8438334207,
        104820.13287278352,
        147455.43835063756
    ],
    "R max": [
        1.1656995522483955,
        0.7442434714687839,
        0.6992548338708003
    ],
    "R end": 0.6892047221530555,
    "v end": -0.13449946100247978,
    "t end": 166804.79451429588,
    "v max": 106.63857570138347
}