{
    "star": "MS40",
    "grain": "gra",
    "stream": {
        "L4": 22.2,
        "eta": 0.4468,
        "vinf": 20.0,
        "n": 0.03981071705534985,
        "T": 10000.0,
        "kappa": 600.0,
        "cs": 11.4,
        "taustar": 0.004183468451374547,
        "Rstar": 26.09388627375276,
        "Qp": 2.0,
        "a": 0.02,
        "rho_d": 2.2,
        "kappa_d": 340909.0909090908,
        "drag_constant": 3.671363346692041,
        "phi_norm": 1.5,
        "Rstarstar": 124.04880681818179,
        "Upstarstar": 0.1361891898960391,
        "R0": 17.551158503182393
    },
    "R sonic drift": 0.9463025179229617,
    "w sonic drift": 8.6559494714014,
    "R critical": 2.11850745035458,
    "w critical": 48.41952977064848,
    "R equilib drift": 1.1298587734207004,
    "w equilib drift": 20.0,
    "t min": [
        448579.2546959444,
        668057.388387937,
        887905.6369765433,
        1107753.8855651498,
        1327602.134153756,
        1547450.3827423626,
        1766928.5164343554
    ],
    "R min": [
        0.8630985883656567,
        0.8635724825629387,
        0.8633952482779942,
        0.8632557411825372,
        0.8631577151595815,
        0.8631051441369016,
        0.8636369499630666
    ],
    "t max": [
        495213.7316692851,
        715061.9802578916,
        934540.1139498842,
        1154388.3625384904,
        1374236.611127097,
        1594084.8597157034,
        1813933.1083043097
    ],
    "R max": [
        3.917092506960667,
        3.9171407241892853,
        3.9166087547638386,
        3.9168044019597175,
        3.9169577104696343,
        3.917067044287292,
        3.917130439396776
    ],
    "R end": 3.2165228274251887,
    "v end": -19.03708132449848,
    "t end": 1850574.4830690776,
    "v max": 109.57798270645094
}