{
    "star": "MS10",
    "grain": "sil",
    "stream": {
        "L4": 0.64,
        "eta": 0.0066,
        "vinf": 170.0,
        "n": 1584.8931924611336,
        "T": 8000.0,
        "kappa": 600.0,
        "cs": 10.19646997739904,
        "taustar": 0.016673665025534815,
        "Rstar": 0.0026123618887699466,
        "Qp": 2.0,
        "a": 0.002,
        "rho_d": 3.5,
        "kappa_d": 2142857.1428571427,
        "drag_constant": 25.51396317750952,
        "phi_norm": 0.7,
        "Rstarstar": 0.311126050420168,
        "Upstarstar": 0.019597112236986715,
        "R0": 0.0002601239322761392
    },
    "R sonic drift": 0.002377004454874038,
    "w sonic drift": 7.745966692414831,
    "R critical": 0.005023772863019165,
    "w critical": 38.7741595142002,
    "R equilib drift": 0.0024323646794014477,
    "w equilib drift": 170.0,
    "t min": [
        125.12487710799564,
        322.3278084241811,
        365.2027663143334,
        402.390229790486,
        445.26518768063835,
        484.09327454544473,
        526.2026081875587
    ],
    "R min": [
        0.0021956578423547816,
        0.002364280360388273,
        0.002364280355554121,
        0.0023642803551601325,
        0.002364280358512835,
        0.0023642803573157034,
        0.0023642803587947225
    ],
    "t max": [
        308.2184472817585,
        339.82779123648817,
        386.31212058167887,
        426.2339563722544,
        465.0620432370608,
        504.5463794573286
    ],
    "R max": [
        0.002364280359605308,
        0.0023642803635204198,
        0.0023642803584635586,
        0.0023642803622212737,
        0.0023642803609894183,
        0.0023642803617622216
    ],
    "R end": 0.0023642803591752085,
    "v end": 2.897169097438504e-07,
    "t end": 546.8744628845964,
    "v max": 15.770392757892914
}