{
    "star": "MS20",
    "grain": "gra",
    "stream": {
        "L4": 5.45,
        "eta": 0.1199,
        "vinf": 200.0,
        "n": 63.09573444801995,
        "T": 9000.0,
        "kappa": 600.0,
        "cs": 10.814989597775858,
        "taustar": 0.008251981812672449,
        "Rstar": 0.032475850175584665,
        "Qp": 2.0,
        "a": 0.02,
        "rho_d": 2.2,
        "kappa_d": 340909.0909090908,
        "drag_constant": 0.12856223239851938,
        "phi_norm": 1.5,
        "Rstarstar": 0.3045342329545454,
        "Upstarstar": 3.889167064632882,
        "R0": 0.011515657745269109
    },
    "R sonic drift": 0.011913242870580215,
    "w sonic drift": 9.672835454459698,
    "R critical": 0.028250750892455084,
    "w critical": 48.41952977064848,
    "R equilib drift": 0.015886564694485638,
    "w equilib drift": 200.0,
    "t min": [
        535.8391059253086,
        1401.5687222811548,
        1796.2258724713604,
        2189.0192344670427
    ],
    "R min": [
        0.010721643457411487,
        0.015570685367928426,
        0.0155706853757654,
        0.015570685379334943
    ],
    "t max": [
        1331.2107179379186,
        1520.385219681984,
        1969.5581745619818
    ],
    "R max": [
        0.0155706854278463,
        0.015570685391715047,
        0.015570685374614484
    ],
    "R end": 0.015570685384062585,
    "v end": 8.377863395700152e-09,
    "t end": 2329.7352431535155,
    "v max": 121.60065889528435
}