{
    "star": "MS10",
    "grain": "gra",
    "stream": {
        "L4": 0.64,
        "eta": 0.0066,
        "vinf": 30.0,
        "n": 1.0000000000000062,
        "T": 8000.0,
        "kappa": 600.0,
        "cs": 10.19646997739904,
        "taustar": 0.0023733333333333406,
        "Rstar": 0.5893333333333315,
        "Qp": 2.0,
        "a": 0.02,
        "rho_d": 2.2,
        "kappa_d": 340909.0909090908,
        "drag_constant": 0.4201257667584964,
        "phi_norm": 1.0,
        "Rstarstar": 1.5894141414141407,
        "Upstarstar": 1.1901198154490211,
        "R0": 0.04929649105960523
    },
    "R sonic drift": 0.05970765237835921,
    "w sonic drift": 7.745966692414831,
    "R critical": 0.133668783513723,
    "w critical": 43.32928075712418,
    "R equilib drift": 0.10852943545386065,
    "w equilib drift": 30.0,
    "t min": [
        18588.72630067313,
        30747.683788801867,
        42891.07282944261,
        55050.03031757134,
        67193.41935821208
    ],
    "R min": [
        0.05033026823524898,
        0.05031239320277659,
        0.050320744638308164,
        0.050310454795745425,
        0.0503142794694124
    ],
    "t max": [
        23181.418309633405,
        35324.807350274146,
        47483.76483840289,
        59627.153879043624,
        71770.54291968436
    ],
    "R max": [
        0.2534448176035299,
        0.253443358475701,
        0.2534451920389123,
        0.2534444540181452,
        0.253442714131545
    ],
    "R end": 0.08544433385430172,
    "v end": -26.613980764474277,
    "t end": 77842.23744000473,
    "v max": 80.30469809716914
}