{
    "star": "MS10",
    "grain": "gra",
    "stream": {
        "L4": 0.64,
        "eta": 0.0066,
        "vinf": 140.0,
        "n": 10000.000000000144,
        "T": 8000.0,
        "kappa": 600.0,
        "cs": 10.19646997739904,
        "taustar": 0.05085714285714322,
        "Rstar": 0.0012628571428571337,
        "Qp": 2.0,
        "a": 0.2,
        "rho_d": 2.2,
        "kappa_d": 34090.90909090909,
        "drag_constant": 0.08858336918845923,
        "phi_norm": 1.0,
        "Rstarstar": 0.007298330241187383,
        "Upstarstar": 5.64440034941842,
        "R0": 0.0001845387824756552
    },
    "R sonic drift": 0.0005970765237835921,
    "w sonic drift": 7.745966692414831,
    "R critical": 0.00133668783513723,
    "w critical": 43.32928075712418,
    "R equilib drift": 0.0008379803915959071,
    "w equilib drift": 140.0,
    "t min": [
        38.96559999853951,
        67.05552739474693,
        85.77102533925093,
        98.98196506478317,
        146.02091711781458
    ],
    "R min": [
        0.00048060632274151674,
        0.0008201473946104062,
        0.0008201482657713377,
        0.0008201482662776609,
        0.0008201482669266247
    ],
    "t max": [
        49.90799451867732,
        84.7368356132623,
        94.34479177728574,
        123.3021041049675,
        160.43285136384975
    ],
    "R max": [
        0.0008216229925574752,
        0.0008201482658768261,
        0.000820148265650383,
        0.0008201482768456411,
        0.0008201482674138399
    ],
    "R end": 0.000820148266156984,
    "v end": -1.6397757244760466e-07,
    "t end": 166.80479451429588,
    "v max": 97.38357386411242
}