{
    "star": "MS20",
    "grain": "gra",
    "stream": {
        "L4": 5.45,
        "eta": 0.1199,
        "vinf": 80.0,
        "n": 63095.73444802033,
        "T": 9000.0,
        "kappa": 600.0,
        "cs": 10.814989597775858,
        "taustar": 0.6523764434582483,
        "Rstar": 0.0025674413876306604,
        "Qp": 2.0,
        "a": 0.02,
        "rho_d": 2.2,
        "kappa_d": 340909.0909090908,
        "drag_constant": 5021.9622030671935,
        "phi_norm": 1.5,
        "Rstarstar": 1.9033389559659086,
        "Upstarstar": 9.956267685460121e-05,
        "R0": 0.0023122732016275837
    },
    "R sonic drift": 0.0003767298178979601,
    "w sonic drift": 9.672835454459698,
    "R critical": 0.0008933671843019262,
    "w critical": 48.41952977064848,
    "R equilib drift": 0.0008415009370063492,
    "w equilib drift": 80.0,
    "t min": [
        42.03027371569611,
        131.06372820372198,
        145.57724953937864,
        149.37139344184726,
        152.35513767582745,
        152.79717385863933,
        153.49706448142481,
        155.33888190980764,
        155.4493909555106,
        155.89142713832248,
        156.00193618402545,
        156.66499045824327,
        156.8860085496492,
        157.69640821813766,
        162.22727909195942,
        163.11135145758317,
        163.22186050328614,
        163.70073303466566,
        163.92175112607163,
        163.99542382320692,
        164.51113270315412,
        164.6216417488571,
        169.2630216683818,
        170.92065735392634,
        171.6205479767118,
        172.35727494806497,
        172.68880208517385,
        173.0940019194181,
        173.86756523933886,
        174.16225602788012,
        174.2727650735831,
        174.49378316498903,
        174.56745586212435,
        174.67796490782732,
        177.36701835326625,
        182.0820709699263,
        182.89247063841472
    ],
    "R min": [
        0.00037267735486766945,
        0.0008099995133522804,
        0.0008099995124930263,
        0.0008099995127671089,
        0.0008099995133407082,
        0.0008099995132790519,
        0.0008099995132653773,
        0.000809999513360719,
        0.0008099995133685552,
        0.0008099995133825527,
        0.0008099995133746941,
        0.0008099995134934967,
        0.0008099995134954391,
        0.0008099995135427427,
        0.0008099995137632501,
        0.0008099995135332765,
        0.0008099995135291755,
        0.0008099995134604578,
        0.0008099995134945942,
        0.0008099995134956342,
        0.000809999513445904,
        0.0008099995134456397,
        0.0008099995125695192,
        0.0008099995129845725,
        0.0008099995128447292,
        0.0008099995129106834,
        0.0008099995129292815,
        0.0008099995129752492,
        0.0008099995126850452,
        0.0008099995127286904,
        0.0008099995127360155,
        0.0008099995127370646,
        0.000809999512731709,
        0.0008099995127339155,
        0.0008099995129484503,
        0.0008099995124974283,
        0.000809999512639631
    ],
    "t max": [
        126.34867558706193,
        145.31939509940506,
        147.71375775630273,
        152.3183013272598,
        152.46564672153042,
        153.01819195004526,
        154.7863366812928,
        155.41255460694293,
        155.81775444118716,
        155.92826348689013,
        156.40713601826968,
        156.7386631553786,
        157.10702664105514,
        162.00626100055345,
        162.3377881376624,
        163.14818780615082,
        163.29553320042146,
        163.84807842893628,
        163.95858747463927,
        164.06909652034224,
        164.58480540028944,
        165.02684158310132,
        170.8838210053587,
        171.17851179389993,
        171.9889114623884,
        172.5782930394709,
        173.05716557085043,
        173.24134731368872,
        174.0885833307448,
        174.23592872501544,
        174.45694681642138,
        174.5306195135567,
        174.64112855925967,
        176.37243694193953,
        178.7667995988372,
        182.63461619844114,
        184.14490648971505
    ],
    "R max": [
        0.0008099995128168552,
        0.0008099995124830757,
        0.0008099995126326898,
        0.0008099995133401839,
        0.0008099995133564487,
        0.0008099995132730373,
        0.0008099995134036737,
        0.0008099995133667271,
        0.0008099995133851248,
        0.0008099995133877378,
        0.0008099995135691926,
        0.0008099995135024728,
        0.000809999513557997,
        0.0008099995137985418,
        0.0008099995137507286,
        0.0008099995135344993,
        0.0008099995135291636,
        0.0008099995134943931,
        0.0008099995134991125,
        0.0008099995134997897,
        0.0008099995134464014,
        0.0008099995134595429,
        0.0008099995129903685,
        0.0008099995129890186,
        0.000809999512948899,
        0.0008099995129510958,
        0.000809999512975262,
        0.0008099995129804731,
        0.0008099995127465626,
        0.000809999512734681,
        0.0008099995127396704,
        0.0008099995127370766,
        0.0008099995127334461,
        0.0008099995132920722,
        0.0008099995130946343,
        0.000809999512669439,
        0.0008099995128744101
    ],
    "R end": 0.0008099995128734924,
    "v end": -7.589058597677622e-09,
    "t end": 184.18174283828273,
    "v max": 234.13757313287707
}