{
    "star": "MS40",
    "grain": "gra",
    "stream": {
        "L4": 22.2,
        "eta": 0.4468,
        "vinf": 60.0,
        "n": 0.0031622776601683824,
        "T": 10000.0,
        "kappa": 600.0,
        "cs": 11.4,
        "taustar": 0.00039302053589457833,
        "Rstar": 30.861534090218996,
        "Qp": 2.0,
        "a": 0.02,
        "rho_d": 2.2,
        "kappa_d": 340909.0909090908,
        "drag_constant": 0.003600330328653474,
        "phi_norm": 1.5,
        "Rstarstar": 13.783200757575754,
        "Upstarstar": 138.87614589714622,
        "R0": 20.64093564568867
    },
    "R sonic drift": 3.357608036245125,
    "w sonic drift": 8.6559494714014,
    "R critical": 7.516748085768888,
    "w critical": 48.41952977064848,
    "R equilib drift": 7.516748085768888,
    "w equilib drift": 60.0,
    "t min": [
        528788.7960501529,
        1254997.912479957,
        1981207.0289097615
    ],
    "R min": [
        2.201079515477809,
        2.2010213441179602,
        2.2009678569090685
    ],
    "t max": [
        883357.4424082851,
        1609566.5588380895
    ],
    "R max": [
        17.853781287684196,
        17.853781568048518
    ],
    "R end": 15.30097124216927,
    "v end": 35.59933752958063,
    "t end": 2188695.3478897056,
    "v max": 85.62847179951832
}