{
    "star": "MS40",
    "grain": "gra",
    "stream": {
        "L4": 22.2,
        "eta": 0.4468,
        "vinf": 250.0,
        "n": 2.5118864315095975,
        "T": 10000.0,
        "kappa": 600.0,
        "cs": 11.4,
        "taustar": 0.0026584376880040596,
        "Rstar": 0.2628020521799544,
        "Qp": 2.0,
        "a": 0.02,
        "rho_d": 2.2,
        "kappa_d": 340909.0909090908,
        "drag_constant": 0.009488276143516607,
        "phi_norm": 1.5,
        "Rstarstar": 0.7939123636363636,
        "Upstarstar": 52.69661131665657,
        "R0": 0.17636382048605473
    },
    "R sonic drift": 0.1191324287058022,
    "w sonic drift": 8.6559494714014,
    "R critical": 0.26670428643266486,
    "w critical": 48.41952977064848,
    "R equilib drift": 0.1372258747664337,
    "w equilib drift": 250.0,
    "t min": [
        4394.812562684794,
        6157.956194703376,
        8137.299257286604,
        10116.642319869832,
        11894.696257444597,
        13519.91956306849,
        15044.498306188152
    ],
    "R min": [
        0.08855680617364486,
        0.1344470126121403,
        0.13490370675789595,
        0.134905827533743,
        0.13490583720372334,
        0.13490583758595528,
        0.1349058374551818
    ],
    "t max": [
        5125.417534937737,
        7145.763937800467,
        9128.83457677274,
        11119.360368523105,
        12670.032146366086,
        14179.700583929565,
        18145.841861874113
    ],
    "R max": [
        0.14241738906091922,
        0.1349371990496107,
        0.13490598247923832,
        0.1349058387085977,
        0.13490583824066976,
        0.13490583796882358,
        0.13490583780720883
    ],
    "R end": 0.13490583775269502,
    "v end": -7.85104409176275e-08,
    "t end": 18637.881945228135,
    "v max": 135.94193749025703
}