{
    "star": "MS10",
    "grain": "gra",
    "stream": {
        "L4": 0.64,
        "eta": 0.0066,
        "vinf": 80.0,
        "n": 19952.623149689072,
        "T": 8000.0,
        "kappa": 600.0,
        "cs": 10.19646997739904,
        "taustar": 0.125715841471426,
        "Rstar": 0.001564560183488934,
        "Qp": 2.0,
        "a": 0.02,
        "rho_d": 2.2,
        "kappa_d": 340909.0909090908,
        "drag_constant": 165.7694089521772,
        "phi_norm": 1.0,
        "Rstarstar": 0.2235113636363636,
        "Upstarstar": 0.003016238057193319,
        "R0": 0.00041898768224769015
    },
    "R sonic drift": 0.0004226978079673296,
    "w sonic drift": 7.745966692414831,
    "R critical": 0.0009463025179229607,
    "w critical": 43.32928075712418,
    "R equilib drift": 0.0008415009370063492,
    "w equilib drift": 80.0,
    "t min": [
        47.40672912566588,
        151.93298715427005
    ],
    "R min": [
        0.00039701241945413443,
        0.0008171947779856654
    ],
    "t max": [
        142.05486312546958
    ],
    "R max": [
        0.000817194778508607
    ],
    "R end": 0.0008171947788236668,
    "v end": 5.917956930999909e-09,
    "t end": 206.65531441005177,
    "v max": 147.37406710053313
}