{
    "star": "MS10",
    "grain": "sil",
    "stream": {
        "L4": 0.64,
        "eta": 0.0066,
        "vinf": 300.0,
        "n": 0.01995262314968885,
        "T": 8000.0,
        "kappa": 600.0,
        "cs": 10.19646997739904,
        "taustar": 3.352422439238008e-05,
        "Rstar": 0.4172160489303847,
        "Qp": 2.0,
        "a": 0.02,
        "rho_d": 3.5,
        "kappa_d": 214285.71428571426,
        "drag_constant": 3.311986752824041e-07,
        "phi_norm": 0.7,
        "Rstarstar": 0.009990603174603173,
        "Upstarstar": 1509667.8740446758,
        "R0": 0.03390878173752607
    },
    "R sonic drift": 0.669930878315656,
    "w sonic drift": 7.745966692414831,
    "R critical": 1.4158915687682763,
    "w critical": 38.7741595142002,
    "R equilib drift": 0.42678355997492246,
    "w equilib drift": 300.0,
    "t min": [
        21904.97907450562
    ],
    "R min": [
        0.01004168825164627
    ],
    "t max": [],
    "R max": [],
    "R end": 10.563688998848017,
    "v end": 58.88033393123713,
    "t end": 87340.4269318406,
    "v max": 290.88352941754613
}