{
    "star": "MS10",
    "grain": "gra",
    "stream": {
        "L4": 0.64,
        "eta": 0.0066,
        "vinf": 120.0,
        "n": 7.943282347242878,
        "T": 8000.0,
        "kappa": 600.0,
        "cs": 10.19646997739904,
        "taustar": 0.0016722405392169157,
        "Rstar": 0.05227583934707991,
        "Qp": 2.0,
        "a": 0.2,
        "rho_d": 2.2,
        "kappa_d": 34090.90909090909,
        "drag_constant": 0.00013035849948103993,
        "phi_norm": 1.0,
        "Rstarstar": 0.009933838383838382,
        "Upstarstar": 3835.576521596298,
        "R0": 0.004335214273705317
    },
    "R sonic drift": 0.021185074503545776,
    "w sonic drift": 7.745966692414831,
    "R critical": 0.047427474113233115,
    "w critical": 43.32928075712418,
    "R equilib drift": 0.03294550200242683,
    "w equilib drift": 120.0,
    "t min": [
        1731.740649344122,
        6723.959506903133
    ],
    "R min": [
        0.005809502951226325,
        0.016937151917227916
    ],
    "t max": [
        3785.2481019555325
    ],
    "R max": [
        0.11290546152808507
    ],
    "R end": 0.01939723721417331,
    "v end": 24.309612629609035,
    "t end": 6904.867022903197,
    "v max": 110.95033297303685
}