{
    "star": "MS10",
    "grain": "gra",
    "stream": {
        "L4": 0.64,
        "eta": 0.0066,
        "vinf": 40.0,
        "n": 2.5118864315095975,
        "T": 8000.0,
        "kappa": 600.0,
        "cs": 10.19646997739904,
        "taustar": 0.002821109882580792,
        "Rstar": 0.27888314626024446,
        "Qp": 2.0,
        "a": 0.2,
        "rho_d": 2.2,
        "kappa_d": 34090.90909090909,
        "drag_constant": 0.0033390611428479058,
        "phi_norm": 1.0,
        "Rstarstar": 0.08940454545454546,
        "Upstarstar": 149.74269071741136,
        "R0": 0.023456796960873914
    },
    "R sonic drift": 0.03767298178979601,
    "w sonic drift": 7.745966692414831,
    "R critical": 0.08433930068571646,
    "w critical": 43.32928075712418,
    "R equilib drift": 0.07962143411069948,
    "w equilib drift": 40.0,
    "t min": [
        9098.578096211162,
        31804.503353314645
    ],
    "R min": [
        0.021441781597289128,
        0.021442297739211757
    ],
    "t max": [
        20687.29335559591
    ],
    "R max": [
        0.3315175899001831
    ],
    "R end": 0.23669238366404544,
    "v end": 29.73854244840752,
    "t end": 36836.34856765653,
    "v max": 53.77012113722067
}