{
    "star": "MS40",
    "grain": "gra",
    "stream": {
        "L4": 22.2,
        "eta": 0.4468,
        "vinf": 100.0,
        "n": 0.1995262314968889,
        "T": 10000.0,
        "kappa": 600.0,
        "cs": 11.4,
        "taustar": 0.0018731238509251923,
        "Rstar": 2.3311421707877167,
        "Qp": 2.0,
        "a": 0.02,
        "rho_d": 2.2,
        "kappa_d": 340909.0909090908,
        "drag_constant": 0.02944064702990641,
        "phi_norm": 1.5,
        "Rstarstar": 4.961952272727271,
        "Upstarstar": 16.983322394106686,
        "R0": 1.562574832165695
    },
    "R sonic drift": 0.4226978079673296,
    "w sonic drift": 8.6559494714014,
    "R critical": 0.9463025179229617,
    "w critical": 48.41952977064848,
    "R equilib drift": 0.8406771944713267,
    "w equilib drift": 100.0,
    "t min": [
        38785.069408478514,
        62095.788873932346,
        88547.66911841897,
        115065.67906351681,
        141749.0132601427
    ],
    "R min": [
        0.33520015654140384,
        0.7909365394676532,
        0.8119456967447294,
        0.8124349180372072,
        0.8124462651548555
    ],
    "t max": [
        48175.486895271264,
        75255.59929556445,
        101806.67409096789,
        128357.74888637134,
        155404.7964363589
    ],
    "R max": [
        0.9504491287888305,
        0.8157376866549554,
        0.8125228109397542,
        0.8124483102830777,
        0.8124465758427044
    ],
    "R end": 0.8124465353578907,
    "v end": -2.6105987869223436e-06,
    "t end": 165324.2515280414,
    "v max": 131.95553192813867
}