{
    "star": "MS20",
    "grain": "gra",
    "stream": {
        "L4": 5.45,
        "eta": 0.1199,
        "vinf": 20.0,
        "n": 10.000000000000082,
        "T": 9000.0,
        "kappa": 600.0,
        "cs": 10.814989597775858,
        "taustar": 0.03285173130901945,
        "Rstar": 0.8157564740778921,
        "Qp": 2.0,
        "a": 0.02,
        "rho_d": 2.2,
        "kappa_d": 340909.0909090908,
        "drag_constant": 203.75740693601654,
        "phi_norm": 1.5,
        "Rstarstar": 30.453423295454538,
        "Upstarstar": 0.0024538985233405965,
        "R0": 0.31017285417177326
    },
    "R sonic drift": 0.029924713121888692,
    "w sonic drift": 9.672835454459698,
    "R critical": 0.07096267784671514,
    "w critical": 48.41952977064848,
    "R equilib drift": 0.037846364022518925,
    "w equilib drift": 20.0,
    "t min": [
        14009.76064901106,
        17544.386978168404,
        21090.717368018322,
        24625.343697175664,
        28171.674087025578,
        31706.300416182923,
        35252.630806032845,
        38787.257135190186,
        42333.5875250401,
        45868.21385419745,
        49414.54424404736,
        52949.17057320471,
        56495.50096305462
    ],
    "R min": [
        0.02922668486016977,
        0.029261330684833827,
        0.02922807864306347,
        0.029264387546774018,
        0.02922969512523452,
        0.029267495493207257,
        0.02923150774304146,
        0.02927064942623654,
        0.029233492737392643,
        0.02927384398365363,
        0.029235630093425596,
        0.029277081480312318,
        0.029237905279220315
    ],
    "t max": [
        14559.851501562038,
        18106.181891411954,
        21640.8082205693,
        25187.138610419217,
        28721.764939576562,
        32268.09532942648,
        35802.72165858382,
        39349.05204843373,
        42883.67837759108,
        46430.008767440995,
        49964.635096598344,
        53510.965486448265,
        57045.59181560561
    ],
    "R max": [
        0.07938703390611733,
        0.07942551797006624,
        0.07938275365970757,
        0.07942420679974048,
        0.0793783082903059,
        0.07942260382020506,
        0.07937370668550228,
        0.0794207257906291,
        0.07936895378014193,
        0.07941858865764244,
        0.07936405212307553,
        0.07941620248716581,
        0.07935900392440111
    ],
    "R end": 0.05244656647423532,
    "v end": -17.277315307158478,
    "t end": 58520.30346286992,
    "v max": 182.81105237223693
}