{
    "star": "MS40",
    "grain": "gra",
    "stream": {
        "L4": 22.2,
        "eta": 0.4468,
        "vinf": 200.0,
        "n": 5.011872336272761,
        "T": 10000.0,
        "kappa": 600.0,
        "cs": 11.4,
        "taustar": 0.0046939288054323085,
        "Rstar": 0.2325620062103736,
        "Qp": 2.0,
        "a": 0.02,
        "rho_d": 2.2,
        "kappa_d": 340909.0909090908,
        "drag_constant": 0.04621972613080309,
        "phi_norm": 1.5,
        "Rstarstar": 1.240488068181818,
        "Upstarstar": 10.817891879865021,
        "R0": 0.1565436504007095
    },
    "R sonic drift": 0.08433930068571646,
    "w sonic drift": 8.6559494714014,
    "R critical": 0.18881217525718474,
    "w critical": 48.41952977064848,
    "R equilib drift": 0.11246826503806984,
    "w equilib drift": 200.0,
    "t min": [
        3833.034191338797,
        6089.312493297263,
        7415.370793571097,
        7534.12228314786,
        8302.708312908564,
        9058.099732716297,
        9909.152074683085,
        12409.53066077156
    ],
    "R min": [
        0.0696761849427939,
        0.10922015195795338,
        0.10922032812377673,
        0.10922032813315265,
        0.10922032829268598,
        0.10922032794159706,
        0.10922032804610861,
        0.1092203280644856
    ],
    "t max": [
        4621.412136028963,
        7408.773488594611,
        7517.629020706642,
        7933.259234225307,
        8658.962781638847,
        9450.639378817257,
        10628.25831712014,
        14768.067189865571
    ],
    "R max": [
        0.10962600940774958,
        0.10922032812079055,
        0.10922032813513503,
        0.10922032844895477,
        0.10922032854405092,
        0.10922032846962887,
        0.10922032848410174,
        0.10922032864886565
    ],
    "R end": 0.10922032821749206,
    "v end": -5.721054669633626e-07,
    "t end": 16493.262441216855,
    "v max": 134.1156342656737
}