{
    "star": "MS10",
    "grain": "gra",
    "stream": {
        "L4": 0.64,
        "eta": 0.0066,
        "vinf": 20.0,
        "n": 50.11872336272776,
        "T": 8000.0,
        "kappa": 600.0,
        "cs": 10.19646997739904,
        "taustar": 0.025202869924075444,
        "Rstar": 0.12486831894465081,
        "Qp": 2.0,
        "a": 0.2,
        "rho_d": 2.2,
        "kappa_d": 34090.90909090909,
        "drag_constant": 1.0659684585122189,
        "phi_norm": 1.0,
        "Rstarstar": 0.3576181818181818,
        "Upstarstar": 0.46905703072852084,
        "R0": 0.01375702215444707
    },
    "R sonic drift": 0.008433930068571646,
    "w sonic drift": 7.745966692414831,
    "R critical": 0.018881217525718474,
    "w critical": 43.32928075712418,
    "R equilib drift": 0.01066655463714885,
    "w equilib drift": 20.0,
    "t min": [
        4011.1614257039396,
        6772.133558363642,
        9536.404343511587,
        12300.675128659534,
        15064.945913807478
    ],
    "R min": [
        0.007370210018109665,
        0.007372572978991746,
        0.007371789598375388,
        0.007371158250306959,
        0.007370683164518215
    ],
    "t max": [
        4835.824547764782,
        7600.095332912728,
        10361.067465572429,
        13125.338250720375,
        15889.60903586832
    ],
    "R max": [
        0.04207282718145029,
        0.042072921245584115,
        0.04207163267738621,
        0.042072035723588794,
        0.042072366152315674
    ],
    "R end": 0.030774311850091295,
    "v end": -19.161687925096622,
    "t end": 16493.26244121686,
    "v max": 70.29502945729455
}