{
    "star": "MS20",
    "grain": "gra",
    "stream": {
        "L4": 5.45,
        "eta": 0.1199,
        "vinf": 250.0,
        "n": 158.48931924611304,
        "T": 9000.0,
        "kappa": 600.0,
        "cs": 10.814989597775858,
        "taustar": 0.010462807839373992,
        "Rstar": 0.016392700949218807,
        "Qp": 2.0,
        "a": 0.02,
        "rho_d": 2.2,
        "kappa_d": 340909.0909090908,
        "drag_constant": 0.13227365464736665,
        "phi_norm": 1.5,
        "Rstarstar": 0.19490190909090904,
        "Upstarstar": 3.780042226344839,
        "R0": 0.005849677903356844
    },
    "R sonic drift": 0.007516748085768888,
    "w sonic drift": 9.672835454459698,
    "R critical": 0.01782501876267492,
    "w critical": 48.41952977064848,
    "R equilib drift": 0.008933671843019271,
    "w equilib drift": 250.0,
    "t min": [
        270.4732954746191,
        576.9312989558614,
        614.3271719823523,
        732.3946453112729
    ],
    "R min": [
        0.0067800006886903465,
        0.008600491082359869,
        0.008600491085300515,
        0.008600491085530942
    ],
    "t max": [
        570.3458621964794,
        587.2798424348903,
        665.364306867563,
        1116.231530715254
    ],
    "R max": [
        0.008600491083863973,
        0.008600491084888202,
        0.008600491085989388,
        0.00860049111442563
    ],
    "R end": 0.008600491107291285,
    "v end": -7.883537993086691e-08,
    "t end": 1175.9708498896482,
    "v max": 96.7575947548949
}