{
    "star": "MS10",
    "grain": "sil",
    "stream": {
        "L4": 0.64,
        "eta": 0.0066,
        "vinf": 20.0,
        "n": 12589.254117941868,
        "T": 8000.0,
        "kappa": 600.0,
        "cs": 10.19646997739904,
        "taustar": 0.3994385697315021,
        "Rstar": 0.00787865829310225,
        "Qp": 2.0,
        "a": 0.02,
        "rho_d": 3.5,
        "kappa_d": 214285.71428571426,
        "drag_constant": 10579.21948048453,
        "phi_norm": 0.7,
        "Rstarstar": 2.2478857142857143,
        "Upstarstar": 4.7262465905197366e-05,
        "R0": 0.0050153813805330575
    },
    "R sonic drift": 0.0008433930068571646,
    "w sonic drift": 7.745966692414831,
    "R critical": 0.001782501876267492,
    "w critical": 38.7741595142002,
    "R equilib drift": 0.0011246826503806984,
    "w equilib drift": 20.0,
    "t min": [
        396.4980290868533,
        475.99555405351856,
        555.4930790201838,
        634.6607387380247,
        714.15826370469,
        793.6557886713553,
        873.1533136380204,
        952.6508386046858,
        1032.148363571351,
        1111.6458885380164,
        1191.1434135046816,
        1270.3110732225225,
        1349.8085981891877,
        1429.306123155853,
        1508.803648122518,
        1588.3011730891835
    ],
    "R min": [
        0.0007973683933760355,
        0.0007970222598252833,
        0.0007967321489512827,
        0.0007993135270668899,
        0.0007989010186316242,
        0.0007984950217073485,
        0.0007980971825565825,
        0.0007977103191938469,
        0.000797339572998154,
        0.0007969963857847273,
        0.0007967135821388743,
        0.0007992803910249994,
        0.0007988683545761315,
        0.0007984629188395546,
        0.0007980658344272656,
        0.0007976800008871385
    ],
    "t max": [
        412.6614262792458,
        492.15895124591106,
        571.326610963752,
        650.8241359304172,
        730.3216608970826,
        809.8191858637477,
        889.316710830413,
        968.8142357970783,
        1048.3117607637435,
        1127.8092857304086,
        1206.9769454482498,
        1286.474470414915,
        1365.9719953815804,
        1445.4695203482456,
        1524.9670453149108,
        1604.464570281576
    ],
    "R max": [
        0.0018397756604946055,
        0.0018399135666365986,
        0.0018368153710576834,
        0.0018374680891384374,
        0.0018380735257181036,
        0.0018386235447699659,
        0.0018391067422049883,
        0.0018395060686486869,
        0.0018397935060883496,
        0.001839914913015598,
        0.001836869057209808,
        0.0018375182413496972,
        0.0018381195888816596,
        0.0018386647737462358,
        0.0018391419958314597,
        0.0018395336331191298
    ],
    "R end": 0.001055528654316722,
    "v end": -15.515890639355735,
    "t end": 1649.326244121686,
    "v max": 142.6399375088395
}