{
    "star": "MS10",
    "grain": "sil",
    "stream": {
        "L4": 0.64,
        "eta": 0.0066,
        "vinf": 20.0,
        "n": 0.12589254117941726,
        "T": 8000.0,
        "kappa": 600.0,
        "cs": 10.19646997739904,
        "taustar": 0.0012631356656715312,
        "Rstar": 2.491450511237772,
        "Qp": 2.0,
        "a": 0.002,
        "rho_d": 3.5,
        "kappa_d": 2142857.1428571427,
        "drag_constant": 10.579219480484408,
        "phi_norm": 0.7,
        "Rstarstar": 22.47885714285714,
        "Upstarstar": 0.04726246590519791,
        "R0": 0.20557756709593336
    },
    "R sonic drift": 0.26670428643266486,
    "w sonic drift": 7.745966692414831,
    "R critical": 0.5636765862528911,
    "w critical": 38.7741595142002,
    "R equilib drift": 0.3556558820077846,
    "w equilib drift": 20.0,
    "t min": [
        126635.43657688251,
        180877.96295248292,
        235016.17677736105,
        289258.70315296145,
        343501.2295285619,
        397743.75590416224,
        451881.9697290404,
        506124.4961046408
    ],
    "R min": [
        0.2400756847318363,
        0.24003931215902063,
        0.2401738382015962,
        0.2401012504665734,
        0.24005284393806314,
        0.24003107698832593,
        0.24013196935252912,
        0.2400720896669872
    ],
    "t max": [
        141447.81877945032,
        195690.34515505072,
        249932.87153065114,
        304071.08535552927,
        358313.61173112964,
        412556.13810673007,
        466694.3519316082,
        520936.87830720865
    ],
    "R max": [
        0.9178988796157398,
        0.9179268328060571,
        0.9179400275102009,
        0.9178809934676543,
        0.9179156313146378,
        0.9179357905293725,
        0.9178602646777994,
        0.9179014476868507
    ],
    "R end": 0.9144800716978823,
    "v end": -13.258973629998234,
    "t end": 521562.7536115425,
    "v max": 79.7916374156211
}