{
    "star": "MS10",
    "grain": "gra",
    "stream": {
        "L4": 0.64,
        "eta": 0.0066,
        "vinf": 200.0,
        "n": 0.015848931924611172,
        "T": 8000.0,
        "kappa": 600.0,
        "cs": 10.19646997739904,
        "taustar": 4.481774465987241e-05,
        "Rstar": 0.7021861594962641,
        "Qp": 2.0,
        "a": 0.2,
        "rho_d": 2.2,
        "kappa_d": 34090.90909090909,
        "drag_constant": 3.370888242797286e-08,
        "phi_norm": 1.0,
        "Rstarstar": 0.0035761818181818186,
        "Upstarstar": 14832885.696177265,
        "R0": 0.05707735223528957
    },
    "R sonic drift": 0.4742747411323311,
    "w sonic drift": 7.745966692414831,
    "R critical": 1.0617688884619771,
    "w critical": 43.32928075712418,
    "R equilib drift": 0.5162805071063792,
    "w equilib drift": 200.0,
    "t min": [
        23224.20701699687
    ],
    "R min": [
        0.004311343293432018
    ],
    "t max": [],
    "R max": [],
    "R end": 13.167600218697451,
    "v end": 173.46710392820174,
    "t end": 92748.430579061,
    "v max": 198.15591468438996
}