{
    "star": "MS20",
    "grain": "gra",
    "stream": {
        "L4": 5.45,
        "eta": 0.1199,
        "vinf": 50.0,
        "n": 5011.872336272797,
        "T": 9000.0,
        "kappa": 600.0,
        "cs": 10.814989597775858,
        "taustar": 0.2941834612802778,
        "Rstar": 0.014575401286460628,
        "Qp": 2.0,
        "a": 0.02,
        "rho_d": 2.2,
        "kappa_d": 340909.0909090908,
        "drag_constant": 2614.2876445012284,
        "phi_norm": 1.5,
        "Rstarstar": 4.872547727272727,
        "Upstarstar": 0.00019125668938981398,
        "R0": 0.009715636859220014
    },
    "R sonic drift": 0.00133668783513723,
    "w sonic drift": 9.672835454459698,
    "R critical": 0.0031697863849222286,
    "w critical": 48.41952977064848,
    "R equilib drift": 0.0031697863849222286,
    "w equilib drift": 50.0,
    "t min": [
        240.69766662886087,
        307.61621860213234,
        374.7438910503203,
        441.6624430235918,
        508.7901154717797,
        575.7086674450512,
        642.6272194183227,
        709.7548918665107,
        776.6734438397822,
        843.8011162879701,
        910.7196682612416,
        977.8473407094297,
        1044.765892682701
    ],
    "R min": [
        0.00131677736157981,
        0.0013203880205608066,
        0.0013156260363563358,
        0.001319204766801198,
        0.0013145704006583576,
        0.0013180274531686585,
        0.001321659038451138,
        0.001316858635894282,
        0.0013204709587236979,
        0.0013157056782947727,
        0.001319287505529065,
        0.0013146298897031455,
        0.0013181096924251466
    ],
    "t max": [
        270.1836535920836,
        337.10220556535506,
        404.2298780135431,
        471.1484299868145,
        538.2761024350025,
        605.194654408274,
        672.1132063815455,
        739.2408788297334,
        806.1594308030049,
        873.2871032511929,
        940.2056552244643,
        1007.3333276726523
    ],
    "R max": [
        0.0030767603850418855,
        0.0030765713355425653,
        0.003076796455873174,
        0.00307664474999486,
        0.003076817785328623,
        0.0030767070792151316,
        0.0030764815193221103,
        0.003076757350635607,
        0.0030765658240015006,
        0.003076794390638612,
        0.0030766399429836043,
        0.0030768168053391465
    ],
    "R end": 0.0014778259892737576,
    "v end": 222.9580080967705,
    "t end": 1045.602374582367,
    "v max": 250.07142806074003
}