{
    "star": "MS10",
    "grain": "sil",
    "stream": {
        "L4": 0.64,
        "eta": 0.0066,
        "vinf": 60.0,
        "n": 5011.872336272797,
        "T": 8000.0,
        "kappa": 600.0,
        "cs": 10.19646997739904,
        "taustar": 0.08400956641358498,
        "Rstar": 0.004162277298155019,
        "Qp": 2.0,
        "a": 0.002,
        "rho_d": 3.5,
        "kappa_d": 2142857.1428571427,
        "drag_constant": 5199.584116098927,
        "phi_norm": 0.7,
        "Rstarstar": 2.4976507936507932,
        "Upstarstar": 9.616153692982916e-05,
        "R0": 0.0008262033202194433
    },
    "R sonic drift": 0.00133668783513723,
    "w sonic drift": 7.745966692414831,
    "R critical": 0.0028250750892455114,
    "w critical": 38.7741595142002,
    "R equilib drift": 0.0026895037764182944,
    "w equilib drift": 60.0,
    "t min": [
        200.75565591981447,
        549.4640478430339,
        585.0145285788344,
        648.9705404907891,
        855.8255435956675
    ],
    "R min": [
        0.0012700662718299757,
        0.002668755209955594,
        0.002668755210332853,
        0.0026687552089817556,
        0.0026687551938327633
    ],
    "t max": [
        527.6806650392346,
        572.2930330214156,
        614.465662129571,
        687.4835612879064
    ],
    "R max": [
        0.002668755214945282,
        0.0026687552115239924,
        0.0026687552106955405,
        0.002668755211931271
    ],
    "R end": 0.002668755203406585,
    "v end": 4.44425515223934e-07,
    "t end": 871.3353121519725,
    "v max": 116.72686787875973
}