{
    "star": "MS40",
    "grain": "gra",
    "stream": {
        "L4": 22.2,
        "eta": 0.4468,
        "vinf": 500.0,
        "n": 6309.57344480202,
        "T": 10000.0,
        "kappa": 600.0,
        "cs": 11.4,
        "taustar": 0.06661875153106203,
        "Rstar": 0.0026217951550557314,
        "Qp": 2.0,
        "a": 0.02,
        "rho_d": 2.2,
        "kappa_d": 340909.0909090908,
        "drag_constant": 1.4895920064572234,
        "phi_norm": 1.5,
        "Rstarstar": 0.19847809090909088,
        "Upstarstar": 0.33566238126450265,
        "R0": 0.0019267517069104746
    },
    "R sonic drift": 0.002377004454874038,
    "w sonic drift": 8.6559494714014,
    "R critical": 0.0053214501195976175,
    "w critical": 48.41952977064848,
    "R equilib drift": 0.0019958067124111216,
    "w equilib drift": 500.0,
    "t min": [
        66.67712201274153,
        71.8833668994029,
        76.19711266263658,
        131.30893353429468
    ],
    "R min": [
        0.001916145156964095,
        0.0019161451571249252,
        0.0019161451567194512,
        0.001916145157317334
    ],
    "t max": [
        68.4249327961207,
        73.85430246363897,
        82.51898145358251
    ],
    "R max": [
        0.001916145158846516,
        0.0019161451567917263,
        0.0019161451588639348
    ],
    "R end": 0.0019161451571579034,
    "v end": 2.0212866021340924e-09,
    "t end": 185.93731738076278,
    "v max": 2.864517672416512e-06
}