{
    "star": "MS10",
    "grain": "sil",
    "stream": {
        "L4": 0.64,
        "eta": 0.0066,
        "vinf": 170.0,
        "n": 7.943282347242878,
        "T": 8000.0,
        "kappa": 600.0,
        "cs": 10.19646997739904,
        "taustar": 0.0011804050865060582,
        "Rstar": 0.0369005924802917,
        "Qp": 2.0,
        "a": 0.002,
        "rho_d": 3.5,
        "kappa_d": 2142857.1428571427,
        "drag_constant": 0.12787272623804016,
        "phi_norm": 0.7,
        "Rstarstar": 0.311126050420168,
        "Upstarstar": 3.910137952867526,
        "R0": 0.0030416880771136643
    },
    "R sonic drift": 0.033576080362451216,
    "w sonic drift": 7.745966692414831,
    "R critical": 0.07096267784671514,
    "w critical": 38.7741595142002,
    "R equilib drift": 0.034358064318688326,
    "w equilib drift": 170.0,
    "t min": [
        1816.8746323187936,
        4268.728409095941,
        5152.446342502701
    ],
    "R min": [
        0.026009437886413855,
        0.033396347680251084,
        0.033396347692080525
    ],
    "t max": [
        4049.3438871662906,
        4458.758664006836
    ],
    "R max": [
        0.03339634772826148,
        0.03339634776001566
    ],
    "R end": 0.033396347758360846,
    "v end": 4.2234977869733546e-08,
    "t end": 7724.807110198952,
    "v max": 45.38842005212167
}