{
    "star": "MS10",
    "grain": "sil",
    "stream": {
        "L4": 0.64,
        "eta": 0.0066,
        "vinf": 30.0,
        "n": 0.010000000000000021,
        "T": 8000.0,
        "kappa": 600.0,
        "cs": 10.19646997739904,
        "taustar": 0.00023733333333333356,
        "Rstar": 5.8933333333333255,
        "Qp": 2.0,
        "a": 0.02,
        "rho_d": 3.5,
        "kappa_d": 214285.71428571426,
        "drag_constant": 0.0016599254784580523,
        "phi_norm": 0.7,
        "Rstarstar": 0.999060317460317,
        "Upstarstar": 301.21834172005293,
        "R0": 0.48017736366448255
    },
    "R sonic drift": 0.9463025179229617,
    "w sonic drift": 7.745966692414831,
    "R critical": 2.0000000000000004,
    "w critical": 38.7741595142002,
    "R equilib drift": 1.7200756343247163,
    "w equilib drift": 30.0,
    "t min": [
        312623.71600646945
    ],
    "R min": [
        0.41067749088290656
    ],
    "t max": [],
    "R max": [],
    "R end": 15.955486936324206,
    "v end": 1.9747741058501949,
    "t end": 1233716.3220460515,
    "v max": 34.95512728031168
}