{
    "star": "MS10",
    "grain": "gra",
    "stream": {
        "L4": 0.64,
        "eta": 0.0066,
        "vinf": 90.0,
        "n": 0.15848931924611206,
        "T": 8000.0,
        "kappa": 600.0,
        "cs": 10.19646997739904,
        "taustar": 0.0003149470060378785,
        "Rstar": 0.4934461345454364,
        "Qp": 2.0,
        "a": 0.02,
        "rho_d": 2.2,
        "kappa_d": 340909.0909090908,
        "drag_constant": 0.0008220425527321547,
        "phi_norm": 1.0,
        "Rstarstar": 0.1766015712682379,
        "Upstarstar": 608.2410190788681,
        "R0": 0.040243460090965424
    },
    "R sonic drift": 0.14997884186649119,
    "w sonic drift": 7.745966692414831,
    "R critical": 0.33576080362451216,
    "w critical": 43.32928075712418,
    "R equilib drift": 0.28000684671835374,
    "w equilib drift": 90.0,
    "t min": [
        16111.74286596894,
        48087.55617520988
    ],
    "R min": [
        0.06622809735336418,
        0.16939788541882908
    ],
    "t max": [
        29342.664394252493,
        60262.6110593644
    ],
    "R max": [
        0.6517786516125356,
        0.35451095776921837
    ],
    "R end": 0.32415079025878346,
    "v end": -10.723658367656721,
    "t end": 65176.9533412983,
    "v max": 89.59786356616914
}