{
    "star": "MS10",
    "grain": "sil",
    "stream": {
        "L4": 0.64,
        "eta": 0.0066,
        "vinf": 70.0,
        "n": 501.18723362727764,
        "T": 8000.0,
        "kappa": 600.0,
        "cs": 10.19646997739904,
        "taustar": 0.02277099215229523,
        "Rstar": 0.01128195129889855,
        "Qp": 2.0,
        "a": 0.002,
        "rho_d": 3.5,
        "kappa_d": 2142857.1428571427,
        "drag_constant": 280.66060035252724,
        "phi_norm": 0.7,
        "Rstarstar": 1.8350087463556846,
        "Upstarstar": 0.00178151118957192,
        "R0": 0.0012079803175900556
    },
    "R sonic drift": 0.004226978079673296,
    "w sonic drift": 7.745966692414831,
    "R critical": 0.008933671843019271,
    "w critical": 38.7741595142002,
    "R equilib drift": 0.008136516425765312,
    "w equilib drift": 70.0,
    "t min": [
        543.6806100250733,
        1640.4889301625365,
        1646.6295452192924,
        1659.8554853415355,
        1663.6343253764624,
        1666.9408104070233,
        1678.2773305118033,
        1680.1667505292664,
        1682.0561705467298,
        1691.9756256384123,
        1692.9203356471437,
        1706.146275769387,
        1725.0404759440205,
        1727.4022509658496,
        1784.0848514897498,
        1798.2555016207243,
        1806.2855366949436,
        1878.5558523629163,
        1882.334692397843,
        1883.7517574109404,
        1893.6712125026224,
        1904.0630225986708,
        1945.1579079784985,
        1946.574972991596,
        1983.4186633321308,
        1988.6145683801549,
        2004.6746385285933,
        2033.4882937949092,
        2349.4937917156512
    ],
    "R min": [
        0.003957876263403995,
        0.007889598406184918,
        0.00788959840612188,
        0.00788959840877953,
        0.00788959840881511,
        0.007889598408893332,
        0.007889598408612584,
        0.007889598408521619,
        0.007889598408485451,
        0.007889598409057258,
        0.007889598409056788,
        0.007889598410419293,
        0.007889598409223963,
        0.007889598409332555,
        0.007889598406620358,
        0.007889598407901413,
        0.007889598408025203,
        0.007889598411481865,
        0.007889598411626019,
        0.007889598411662055,
        0.007889598410511126,
        0.007889598410496291,
        0.007889598405180265,
        0.007889598405152074,
        0.007889598410177855,
        0.007889598410264893,
        0.007889598412230222,
        0.007889598417599085,
        0.007889598408544226
    ],
    "t max": [
        1638.599510145073,
        1640.9612851669024,
        1658.910775332804,
        1663.1619703720964,
        1666.4684554026574,
        1672.1367154550474,
        1678.749685516169,
        1680.6391055336323,
        1690.086205620949,
        1692.4479806427782,
        1704.7292107562896,
        1708.980405795582,
        1726.9298959614837,
        1751.964711192873,
        1794.4766615857977,
        1805.8131816905777,
        1873.832302319258,
        1880.9176273847454,
        1883.2794024065745,
        1884.2241124153063,
        1896.9776975331833,
        1905.0077326074027,
        1945.6302629828642,
        1978.6951132884726,
        1987.6698583714233,
        1998.0616684674715,
        2026.8753237337874,
        2059.46781903503
    ],
    "R max": [
        0.007889598406307832,
        0.007889598406205046,
        0.007889598408783676,
        0.007889598408822583,
        0.007889598408896704,
        0.007889598409234066,
        0.007889598408614659,
        0.007889598408523699,
        0.007889598409100147,
        0.007889598409058052,
        0.007889598410426047,
        0.00788959841043463,
        0.007889598409338477,
        0.00788959841106593,
        0.007889598408222821,
        0.00788959840802545,
        0.007889598412128633,
        0.007889598411656054,
        0.00788959841166421,
        0.007889598411666383,
        0.00788959841075533,
        0.007889598410504003,
        0.007889598405183305,
        0.007889598410204198,
        0.007889598410282077,
        0.007889598412380305,
        0.007889598417606766,
        0.007889598418134065
    ],
    "R end": 0.007889598409398905,
    "v end": 1.1795823336083635e-08,
    "t end": 2361.775021829163,
    "v max": 105.08553455541819
}