{
    "star": "MS20",
    "grain": "gra",
    "stream": {
        "L4": 5.45,
        "eta": 0.1199,
        "vinf": 80.0,
        "n": 10000.000000000144,
        "T": 9000.0,
        "kappa": 600.0,
        "cs": 10.814989597775858,
        "taustar": 0.2597157400409166,
        "Rstar": 0.006449121185285589,
        "Qp": 2.0,
        "a": 0.02,
        "rho_d": 2.2,
        "kappa_d": 340909.0909090908,
        "drag_constant": 795.9273708438196,
        "phi_norm": 1.5,
        "Rstarstar": 1.9033389559659082,
        "Upstarstar": 0.000628198021975189,
        "R0": 0.004078127457044536
    },
    "R sonic drift": 0.0009463025179229607,
    "w sonic drift": 9.672835454459698,
    "R critical": 0.002244036908603926,
    "w critical": 48.41952977064848,
    "R equilib drift": 0.0021137547857688482,
    "w equilib drift": 80.0,
    "t min": [
        105.66780298324421
    ],
    "R min": [
        0.0009297291771158348
    ],
    "t max": [],
    "R max": [],
    "R end": 0.002034626786522182,
    "v end": 9.547178743133604e-09,
    "t end": 462.6436207672689,
    "v max": 228.56146223569314
}