{
    "star": "MS10",
    "grain": "sil",
    "stream": {
        "L4": 0.64,
        "eta": 0.0066,
        "vinf": 70.0,
        "n": 0.01995262314968885,
        "T": 8000.0,
        "kappa": 600.0,
        "cs": 10.19646997739904,
        "taustar": 0.0001436752473959146,
        "Rstar": 1.78806878113022,
        "Qp": 2.0,
        "a": 0.02,
        "rho_d": 3.5,
        "kappa_d": 214285.71428571426,
        "drag_constant": 0.00011173299749218962,
        "phi_norm": 0.7,
        "Rstarstar": 0.18350087463556847,
        "Upstarstar": 4474.953784668232,
        "R0": 0.1455205198625206
    },
    "R sonic drift": 0.669930878315656,
    "w sonic drift": 7.745966692414831,
    "R critical": 1.4158915687682763,
    "w critical": 38.7741595142002,
    "R equilib drift": 1.2895509493543478,
    "w equilib drift": 70.0,
    "t min": [
        94776.84042489447
    ],
    "R min": [
        0.13036521599730677
    ],
    "t max": [],
    "R max": [],
    "R end": 9.292020286056992,
    "v end": 5.953872597032164,
    "t end": 374316.11542217404,
    "v max": 68.32887485466067
}