{
    "star": "MS10",
    "grain": "sil",
    "stream": {
        "L4": 0.64,
        "eta": 0.0066,
        "vinf": 500.0,
        "n": 0.1995262314968889,
        "T": 8000.0,
        "kappa": 600.0,
        "cs": 10.19646997739904,
        "taustar": 6.360774352229731e-05,
        "Rstar": 0.0791611794597763,
        "Qp": 2.0,
        "a": 0.02,
        "rho_d": 3.5,
        "kappa_d": 214285.71428571426,
        "drag_constant": 4.292334831659969e-07,
        "phi_norm": 0.7,
        "Rstarstar": 0.003596617142857143,
        "Upstarstar": 1164867.1867628645,
        "R0": 0.00643612182999705
    },
    "R sonic drift": 0.21185074503545798,
    "w sonic drift": 7.745966692414831,
    "R critical": 0.44774422771366806,
    "w critical": 38.7741595142002,
    "R equilib drift": 0.09443184586210962,
    "w equilib drift": 500.0,
    "t min": [
        4156.177558425896
    ],
    "R min": [
        0.003576878041883828
    ],
    "t max": [
        10135.240010898238
    ],
    "R max": [
        1.200260752077309
    ],
    "R end": 0.5060038542567216,
    "v end": -186.64802251470172,
    "t end": 16571.68085496769,
    "v max": 473.5231687574703
}