{
    "star": "MS40",
    "grain": "gra",
    "stream": {
        "L4": 22.2,
        "eta": 0.4468,
        "vinf": 80.0,
        "n": 0.006309573444801942,
        "T": 10000.0,
        "kappa": 600.0,
        "cs": 11.4,
        "taustar": 0.0004163671970691351,
        "Rstar": 16.38621971909842,
        "Qp": 2.0,
        "a": 0.02,
        "rho_d": 2.2,
        "kappa_d": 340909.0909090908,
        "drag_constant": 0.002272937021571662,
        "phi_norm": 1.5,
        "Rstarstar": 7.753050426136361,
        "Upstarstar": 219.9796981855072,
        "R0": 10.95988011992605
    },
    "R sonic drift": 2.3770044548740383,
    "w sonic drift": 8.6559494714014,
    "R critical": 5.321450119597618,
    "w critical": 48.41952977064848,
    "R equilib drift": 5.023772863019165,
    "w equilib drift": 80.0,
    "t min": [
        280765.34924495185,
        640321.6367300019,
        999645.5025683261
    ],
    "R min": [
        1.4810925981795535,
        1.4808619827209704,
        1.480866829171972
    ],
    "t max": [
        449038.6214745422,
        808362.4873128663
    ],
    "R max": [
        10.052717803349681,
        10.052716537527107
    ],
    "R end": 10.04464977326477,
    "v end": 2.7718014642506894,
    "t end": 1162108.2336297676,
    "v max": 99.18823084983106
}