{
    "star": "MS10",
    "grain": "gra",
    "stream": {
        "L4": 0.64,
        "eta": 0.0066,
        "vinf": 70.0,
        "n": 0.6309573444801969,
        "T": 8000.0,
        "kappa": 600.0,
        "cs": 10.19646997739904,
        "taustar": 0.0008079452901767001,
        "Rstar": 0.31796858972172587,
        "Qp": 2.0,
        "a": 0.02,
        "rho_d": 2.2,
        "kappa_d": 340909.0909090908,
        "drag_constant": 0.008942772382121328,
        "phi_norm": 1.0,
        "Rstarstar": 0.29193320964749525,
        "Upstarstar": 55.9110730582404,
        "R0": 0.026090051793771028
    },
    "R sonic drift": 0.07516748085768887,
    "w sonic drift": 7.745966692414831,
    "R critical": 0.16827902832903915,
    "w critical": 43.32928075712418,
    "R equilib drift": 0.15886564694485644,
    "w equilib drift": 70.0,
    "t min": [
        10121.749100835896,
        21083.477380164397,
        32045.2056594929
    ],
    "R min": [
        0.04875782629463401,
        0.0487584279382143,
        0.04875910398284451
    ],
    "t max": [
        14993.628336093008,
        25955.35661542151,
        36917.08489475001
    ],
    "R max": [
        0.25864971587738644,
        0.2586496997862107,
        0.25864969800595083
    ],
    "R end": 0.10601000235475659,
    "v end": -66.66768632070557,
    "t end": 41998.95892463028,
    "v max": 84.65654580141012
}