{
    "star": "MS40",
    "grain": "gra",
    "stream": {
        "L4": 22.2,
        "eta": 0.4468,
        "vinf": 120.0,
        "n": 2.5118864315095975,
        "T": 10000.0,
        "kappa": 600.0,
        "cs": 11.4,
        "taustar": 0.005538411850008457,
        "Rstar": 0.5475042753749049,
        "Qp": 2.0,
        "a": 0.02,
        "rho_d": 2.2,
        "kappa_d": 340909.0909090908,
        "drag_constant": 0.17874025214897638,
        "phi_norm": 1.5,
        "Rstarstar": 3.4458001893939385,
        "Upstarstar": 2.7973553465912087,
        "R0": 0.3690023118502074
    },
    "R sonic drift": 0.1191324287058022,
    "w sonic drift": 8.6559494714014,
    "R critical": 0.26670428643266486,
    "w critical": 48.41952977064848,
    "R equilib drift": 0.21185074503545798,
    "w equilib drift": 120.0,
    "t min": [
        8977.246470284885,
        18700.008218378895,
        30775.802562057957
    ],
    "R min": [
        0.10309477528710428,
        0.20863269739600632,
        0.20863269787006253
    ],
    "t max": [
        13318.319806694273,
        26248.350406196292,
        37229.1691855932
    ],
    "R max": [
        0.20863478341249267,
        0.20863269903017068,
        0.20863269791641315
    ],
    "R end": 0.2086326978295412,
    "v end": -8.116230632124513e-08,
    "t end": 38828.92071922528,
    "v max": 152.77220273797775
}