{
    "star": "MS10",
    "grain": "sil",
    "stream": {
        "L4": 0.64,
        "eta": 0.0066,
        "vinf": 100.0,
        "n": 15.848931924611271,
        "T": 8000.0,
        "kappa": 600.0,
        "cs": 10.19646997739904,
        "taustar": 0.0028345230543409127,
        "Rstar": 0.04441015210908919,
        "Qp": 2.0,
        "a": 0.002,
        "rho_d": 3.5,
        "kappa_d": 2142857.1428571427,
        "drag_constant": 2.1309517185487628,
        "phi_norm": 0.7,
        "Rstarstar": 0.8991542857142858,
        "Upstarstar": 0.23463694444495145,
        "R0": 0.00373594372706844
    },
    "R sonic drift": 0.02377004454874038,
    "w sonic drift": 7.745966692414831,
    "R critical": 0.05023772863019165,
    "w critical": 38.7741595142002,
    "R equilib drift": 0.03556558820077846,
    "w equilib drift": 100.0,
    "t min": [
        2149.4353889216177,
        6275.384461600744,
        6833.196413743031,
        7298.039707194938
    ],
    "R min": [
        0.020887595920827007,
        0.03546479412585571,
        0.03546479418576596,
        0.035464794172339074
    ],
    "t max": [
        6215.884520038899,
        6617.509125581347,
        7087.930538554677,
        7943.242198506186
    ],
    "R max": [
        0.03546479411222803,
        0.03546479416258647,
        0.03546479420352041,
        0.035464794192124456
    ],
    "R end": 0.03546479429540936,
    "v end": -4.0892588034309825e-07,
    "t end": 9296.865869038138,
    "v max": 77.41012396310076
}