{
    "star": "MS40",
    "grain": "gra",
    "stream": {
        "L4": 22.2,
        "eta": 0.4468,
        "vinf": 50.0,
        "n": 31622.776601684312,
        "T": 10000.0,
        "kappa": 600.0,
        "cs": 11.4,
        "taustar": 1.4914080727762071,
        "Rstar": 0.011711128777442839,
        "Qp": 2.0,
        "a": 0.02,
        "rho_d": 2.2,
        "kappa_d": 340909.0909090908,
        "drag_constant": 74656.44969495958,
        "phi_norm": 1.5,
        "Rstarstar": 19.847809090909088,
        "Upstarstar": 6.6973449988977645e-06,
        "R0": 0.013946256420251643
    },
    "R sonic drift": 0.001061768888461977,
    "w sonic drift": 8.6559494714014,
    "R critical": 0.002377004454874038,
    "w critical": 48.41952977064848,
    "R equilib drift": 0.002377004454874038,
    "w equilib drift": 50.0,
    "t min": [
        192.02350412398212,
        239.69715955960746,
        287.20470469754764,
        334.878360133173,
        382.38590527111324,
        430.0595607067386,
        477.7332161423638,
        525.240761280304,
        572.9144167159294,
        620.5880721515547,
        668.095617289495,
        715.7692727251202,
        763.4429281607455,
        810.9504732986858
    ],
    "R min": [
        0.0010074626693475914,
        0.0010051195014808357,
        0.0010093780689192488,
        0.0010070059299565044,
        0.0010113055720522251,
        0.0010089176656880782,
        0.0010065503235687425,
        0.0010108426896702728,
        0.0010084581548896992,
        0.0010060962635057135,
        0.0010103803132422945,
        0.0010079994490435273,
        0.001005644237535543,
        0.001009918594173331
    ],
    "t max": [
        211.2922986554544,
        258.9659540910797,
        306.4734992290199,
        354.14715466464526,
        401.82081010027053,
        449.3283552382108,
        497.0020106738361,
        544.5095558117763,
        592.1832112474016,
        639.856866683027,
        687.3644118209671,
        735.0380672565925,
        782.7117226922178,
        830.2192678301582
    ],
    "R max": [
        0.002337972889509292,
        0.0023383044091336413,
        0.002337592970140234,
        0.0023380522584102127,
        0.002338335279717122,
        0.0023376901157197093,
        0.002338125702322733,
        0.002337264924743171,
        0.0023377836994842925,
        0.002338192132908872,
        0.0023373713154251474,
        0.002337873375588675,
        0.0023382500968817596,
        0.0023374750563085953
    ],
    "R end": 0.00233028618183337,
    "v end": -48.122240218891136,
    "t end": 830.5514884255282,
    "v max": 284.21962349417544
}