{
    "star": "MS10",
    "grain": "gra",
    "stream": {
        "L4": 0.64,
        "eta": 0.0066,
        "vinf": 120.0,
        "n": 0.00501187233627273,
        "T": 8000.0,
        "kappa": 600.0,
        "cs": 10.19646997739904,
        "taustar": 4.2004783206792206e-05,
        "Rstar": 2.081138649077523,
        "Qp": 2.0,
        "a": 0.2,
        "rho_d": 2.2,
        "kappa_d": 34090.90909090909,
        "drag_constant": 8.225065266297906e-08,
        "phi_norm": 1.0,
        "Rstarstar": 0.009933838383838382,
        "Upstarstar": 6078979.118241688,
        "R0": 0.1691599431829511
    },
    "R sonic drift": 0.8433930068571646,
    "w sonic drift": 7.745966692414831,
    "R critical": 1.8881217525718474,
    "w critical": 43.32928075712418,
    "R equilib drift": 1.3115840584650726,
    "w equilib drift": 120.0,
    "t min": [
        68941.83700428646
    ],
    "R min": [
        0.00988826675658903
    ],
    "t max": [],
    "R max": [],
    "R end": 23.930001179811907,
    "v end": 109.07868634916544,
    "t end": 274887.7073536142,
    "v max": 118.8399631515752
}