{
    "star": "MS20",
    "grain": "gra",
    "stream": {
        "L4": 5.45,
        "eta": 0.1199,
        "vinf": 250.0,
        "n": 125.89254117941816,
        "T": 9000.0,
        "kappa": 600.0,
        "cs": 10.814989597775858,
        "taustar": 0.00932498730235518,
        "Rstar": 0.018392912980876808,
        "Qp": 2.0,
        "a": 0.02,
        "rho_d": 2.2,
        "kappa_d": 340909.0909090908,
        "drag_constant": 0.10506869859657204,
        "phi_norm": 1.5,
        "Rstarstar": 0.19490190909090904,
        "Upstarstar": 4.758791216400515,
        "R0": 0.006542076452061414
    },
    "R sonic drift": 0.008433930068571646,
    "w sonic drift": 9.672835454459698,
    "R critical": 0.020000000000000004,
    "w critical": 48.41952977064848,
    "R equilib drift": 0.010023744672545451,
    "w equilib drift": 250.0,
    "t min": [
        303.7399211174496,
        649.1748096862954,
        690.3419927395728,
        731.2452835937905,
        798.8016865530146,
        1030.7629295262886
    ],
    "R min": [
        0.007544297163885539,
        0.009649909694116575,
        0.009649909705849622,
        0.009649909714376148,
        0.00964990970215225,
        0.00964990970732866
    ],
    "t max": [
        627.5356493634189,
        670.5500778101125,
        712.7728296596276,
        756.5789347034996,
        860.5524611329307,
        1216.0152532660363
    ],
    "R max": [
        0.009649909716362084,
        0.00964990971774523,
        0.009649909723734857,
        0.009649909722264418,
        0.00964990972312514,
        0.009649909705740771
    ],
    "R end": 0.009649909704738049,
    "v end": -7.944279755972855e-09,
    "t end": 1319.4609952973485,
    "v max": 98.67003532539835
}