{
    "star": "MS40",
    "grain": "gra",
    "stream": {
        "L4": 22.2,
        "eta": 0.4468,
        "vinf": 200.0,
        "n": 0.06309573444801955,
        "T": 10000.0,
        "kappa": 600.0,
        "cs": 11.4,
        "taustar": 0.000526667474287461,
        "Rstar": 2.0727110620926186,
        "Qp": 2.0,
        "a": 0.02,
        "rho_d": 2.2,
        "kappa_d": 340909.0909090908,
        "drag_constant": 0.0005818718775223469,
        "phi_norm": 1.5,
        "Rstarstar": 1.2404880681818178,
        "Upstarstar": 859.295696037136,
        "R0": 1.386555999957833
    },
    "R sonic drift": 0.7516748085768887,
    "w sonic drift": 8.6559494714014,
    "R critical": 1.6827902832903914,
    "w critical": 48.41952977064848,
    "R equilib drift": 1.0023744672545452,
    "w equilib drift": 200.0,
    "t min": [
        35867.11092163426,
        67471.32751241855,
        97870.17398206593,
        128651.21097792746
    ],
    "R min": [
        0.38433200387125527,
        0.8459237251898418,
        0.9555360323208609,
        0.9710967429761356
    ],
    "t max": [
        48655.79391418418,
        82141.5638647919,
        113187.1943018786,
        144056.42911148185
    ],
    "R max": [
        1.5144388569530023,
        1.0258766482130872,
        0.9799637100899422,
        0.9742654294188829
    ],
    "R end": 0.9741253218616646,
    "v end": -0.08517233551202094,
    "t end": 146996.35623620596,
    "v max": 159.84737277376684
}