{
    "star": "MS20",
    "grain": "gra",
    "stream": {
        "L4": 5.45,
        "eta": 0.1199,
        "vinf": 80.0,
        "n": 39.810717055350096,
        "T": 9000.0,
        "kappa": 600.0,
        "cs": 10.814989597775858,
        "taustar": 0.016386955365592454,
        "Rstar": 0.10221168263915904,
        "Qp": 2.0,
        "a": 0.02,
        "rho_d": 2.2,
        "kappa_d": 340909.0909090908,
        "drag_constant": 3.1686439357271556,
        "phi_norm": 1.5,
        "Rstarstar": 1.903338955965909,
        "Upstarstar": 0.15779620877006412,
        "R0": 0.03709656869230912
    },
    "R sonic drift": 0.01499788418664912,
    "w sonic drift": 9.672835454459698,
    "R critical": 0.03556558820077846,
    "w critical": 48.41952977064848,
    "R equilib drift": 0.03350075570497145,
    "w equilib drift": 80.0,
    "t min": [
        1682.054223355556,
        4018.15917349104,
        4713.271380875986,
        5535.967474426524,
        6625.563191909678
    ],
    "R min": [
        0.014287348860361072,
        0.032246661410297354,
        0.03224666144802304,
        0.032246661439697975,
        0.032246661447740785
    ],
    "t max": [
        3993.2289888379933,
        4362.782314283155,
        5034.430818465234,
        6030.171723136919
    ],
    "R max": [
        0.03224666141047848,
        0.03224666147398303,
        0.03224666149871207,
        0.03224666146764568
    ],
    "R end": 0.03224666146691609,
    "v end": 4.775566249739278e-08,
    "t end": 7332.407250896059,
    "v max": 175.5369153908701
}