{
    "star": "MS10",
    "grain": "gra",
    "stream": {
        "L4": 0.64,
        "eta": 0.0066,
        "vinf": 80.0,
        "n": 999.9999999999407,
        "T": 8000.0,
        "kappa": 600.0,
        "cs": 10.19646997739904,
        "taustar": 0.02814427117549774,
        "Rstar": 0.006988633628972326,
        "Qp": 2.0,
        "a": 0.02,
        "rho_d": 2.2,
        "kappa_d": 340909.0909090908,
        "drag_constant": 8.308151149276359,
        "phi_norm": 1.0,
        "thetaB": 0.0,
        "b_hat": [
            1.0,
            0.0,
            0.0
        ],
        "Rstarstar": 0.22351136363636356,
        "Upstarstar": 0.06018186128493219,
        "R0": 0.0007967184296670432
    },
    "R sonic drift": 0.0020000000000000005,
    "w sonic drift": 7.745966692414831,
    "R critical": 0.004226978079673296,
    "w critical": 40.98849160084206,
    "R equilib drift": 0.0037672981789796047,
    "w equilib drift": 80.0,
    "t min": [
        225.28332791238878,
        592.542086436231,
        609.7512295406495,
        619.7247102034376,
        650.2318275249069
    ],
    "R min": [
        0.0018137734236484484,
        0.0037178604053250994,
        0.003717860356849991,
        0.0037178603682234044,
        0.0037178603531572265
    ],
    "t max": [
        586.8708915495475,
        595.08434621302,
        616.0090997604381,
        634.0004766423303,
        699.3169970613735
    ],
    "R max": [
        0.003717860410338087,
        0.0037178604049655528,
        0.0037178603711172397,
        0.0037178603819719848,
        0.003717860524001161
    ],
    "R end": 0.0037178603121144523,
    "v end": -3.3779338953498386e-07,
    "t end": 977.7922218419653,
    "v max": 127.42376651777158
}