{
    "star": "MS10",
    "grain": "sil",
    "stream": {
        "L4": 0.64,
        "eta": 0.0066,
        "vinf": 90.0,
        "n": 50.11872336272776,
        "T": 8000.0,
        "kappa": 600.0,
        "cs": 10.19646997739904,
        "taustar": 0.005600637760905654,
        "Rstar": 0.02774851532103351,
        "Qp": 2.0,
        "a": 0.002,
        "rho_d": 3.5,
        "kappa_d": 2142857.1428571427,
        "drag_constant": 10.270783439207714,
        "phi_norm": 0.7,
        "Rstarstar": 1.1100670194003524,
        "Upstarstar": 0.048681778070726205,
        "R0": 0.0024149790314811127
    },
    "R sonic drift": 0.0133668783513723,
    "w sonic drift": 7.745966692414831,
    "R critical": 0.028250750892455084,
    "w critical": 38.7741595142002,
    "R equilib drift": 0.022241734426450235,
    "w equilib drift": 90.0,
    "t min": [
        1338.3710394654297,
        4185.894839578075,
        4376.426827835307,
        4556.502792346714,
        4763.299706430783,
        4971.258400931054,
        5058.391932146251,
        5146.68724377765,
        5228.011872911835,
        5307.012941213613,
        5384.85222909919,
        5468.500419065779,
        5593.972704015663,
        5686.915137311874
    ],
    "R min": [
        0.012133378670461516,
        0.021453251442793014,
        0.021453251462773205,
        0.021453251473755264,
        0.021453251478915216,
        0.02145325148031368,
        0.021453251465741643,
        0.021453251462964843,
        0.021453251484393285,
        0.02145325148100616,
        0.021453251477762027,
        0.02145325148404151,
        0.021453251473820524,
        0.021453251473374877
    ],
    "t max": [
        4171.9534745836445,
        4316.014246192771,
        4470.53104154772,
        4642.4745431457095,
        4864.3746026404115,
        5010.7589350819435,
        5102.539587961951,
        5191.996680009553,
        5265.188846230319,
        5344.189914532098,
        5425.5145436662815,
        5517.29519654629,
        5640.443920663768,
        5761.269083948842
    ],
    "R max": [
        0.02145325144105412,
        0.021453251455213474,
        0.021453251472565306,
        0.021453251471690832,
        0.02145325148036801,
        0.02145325148712798,
        0.021453251481449515,
        0.021453251492224008,
        0.021453251483409885,
        0.021453251480594234,
        0.021453251479213516,
        0.021453251491073133,
        0.021453251470510422,
        0.021453251489713963
    ],
    "R end": 0.021453251484867427,
    "v end": -1.6390660076558977e-07,
    "t end": 5808.90208101315,
    "v max": 85.14861853155467
}