{
    "star": "MS40",
    "grain": "gra",
    "stream": {
        "L4": 22.2,
        "eta": 0.4468,
        "vinf": 120.0,
        "n": 63095.73444802033,
        "T": 10000.0,
        "kappa": 600.0,
        "cs": 11.4,
        "taustar": 0.8777791238124403,
        "Rstar": 0.003454518436821009,
        "Qp": 2.0,
        "a": 0.02,
        "rho_d": 2.2,
        "kappa_d": 340909.0909090908,
        "drag_constant": 4489.752141376186,
        "phi_norm": 1.5,
        "Rstarstar": 3.4458001893939376,
        "Upstarstar": 0.00011136472220641143,
        "R0": 0.003958450931978139
    },
    "R sonic drift": 0.0007516748085768887,
    "w sonic drift": 8.6559494714014,
    "R critical": 0.0016827902832903898,
    "w critical": 48.41952977064848,
    "R equilib drift": 0.00133668783513723,
    "w equilib drift": 120.0,
    "t min": [
        55.90761415517036,
        185.85239306797646,
        189.47830318846957,
        191.83024488824884,
        192.27123395695747,
        192.8592193819023,
        193.98619144637985,
        202.8549716059643
    ],
    "R min": [
        0.0007146926521413012,
        0.0013163833296307463,
        0.0013163833303458435,
        0.0013163833307872402,
        0.0013163833310280803,
        0.0013163833310099319,
        0.0013163833310649202,
        0.0013163833302239066
    ],
    "t max": [
        180.07053638935238,
        187.95934084069543,
        191.2912582487161,
        192.12423760072127,
        192.46722909860574,
        193.3002084506109,
        195.21116108168158,
        227.30536552658657
    ],
    "R max": [
        0.0013163833290670086,
        0.0013163833304768902,
        0.0013163833310131474,
        0.0013163833309534044,
        0.0013163833310840117,
        0.0013163833310844695,
        0.0013163833313857443,
        0.001316383330817273
    ],
    "R end": 0.0013163833310244541,
    "v end": -2.0530087528149264e-09,
    "t end": 244.99392706034334,
    "v max": 216.37136825224053
}