{
    "star": "MS10",
    "grain": "sil",
    "stream": {
        "L4": 0.64,
        "eta": 0.0066,
        "vinf": 200.0,
        "n": 0.25118864315095923,
        "T": 8000.0,
        "kappa": 600.0,
        "cs": 10.19646997739904,
        "taustar": 0.00017842265517130937,
        "Rstar": 0.17638118864324853,
        "Qp": 2.0,
        "a": 0.02,
        "rho_d": 3.5,
        "kappa_d": 214285.71428571426,
        "drag_constant": 2.11083179511952e-05,
        "phi_norm": 0.7,
        "Rstarstar": 0.022478857142857144,
        "Upstarstar": 23687.344541429404,
        "R0": 0.014360780003813476
    },
    "R sonic drift": 0.18881217525718474,
    "w sonic drift": 7.745966692414831,
    "R critical": 0.3990524629937762,
    "w critical": 38.7741595142002,
    "R equilib drift": 0.17293612679151427,
    "w equilib drift": 200.0,
    "t min": [
        9312.186211373295,
        34117.60531050327
    ],
    "R min": [
        0.018855904801005827,
        0.06797554478063397
    ],
    "t max": [
        19274.23157151808
    ],
    "R max": [
        0.8172539749628406
    ],
    "R end": 0.20002012331333507,
    "v end": 48.8858960317954,
    "t end": 36923.81527110744,
    "v max": 176.95019652752813
}