{
    "star": "MS10",
    "grain": "sil",
    "stream": {
        "L4": 0.64,
        "eta": 0.0066,
        "vinf": 60.0,
        "n": 39.810717055350096,
        "T": 8000.0,
        "kappa": 600.0,
        "cs": 10.19646997739904,
        "taustar": 0.007487360487831662,
        "Rstar": 0.04670151940452059,
        "Qp": 2.0,
        "a": 0.02,
        "rho_d": 3.5,
        "kappa_d": 214285.71428571426,
        "drag_constant": 0.4130176472241252,
        "phi_norm": 0.7,
        "Rstarstar": 0.24976507936507936,
        "Upstarstar": 1.210602024781458,
        "R0": 0.004159545319754727
    },
    "R sonic drift": 0.01499788418664912,
    "w sonic drift": 7.745966692414831,
    "R critical": 0.03169786384922229,
    "w critical": 38.7741595142002,
    "R equilib drift": 0.030176728700561498,
    "w equilib drift": 60.0,
    "t min": [
        2301.398222481243,
        3527.3767148310635,
        4878.494957596176,
        6229.613200361291,
        7582.686751726644,
        8953.358080494147
    ],
    "R min": [
        0.012230852922268382,
        0.029294460320629503,
        0.029917100353396016,
        0.029942776595843414,
        0.029943876510129447,
        0.029943923996019632
    ],
    "t max": [
        2858.661173549343,
        4203.91349051374,
        5553.076424678614,
        6904.194667443728,
        8267.044761810275,
        9674.866953982319
    ],
    "R max": [
        0.03240831989325993,
        0.03007211441892922,
        0.029949471120983357,
        0.029944164096703297,
        0.029943935872945963,
        0.029943926436184803
    ],
    "R end": 0.029943926407462032,
    "v end": -6.849375054421815e-07,
    "t end": 9776.543001194743,
    "v max": 83.95334996009686
}