{
    "star": "MS10",
    "grain": "gra",
    "stream": {
        "L4": 0.64,
        "eta": 0.0066,
        "vinf": 50.0,
        "n": 19952.623149689072,
        "T": 8000.0,
        "kappa": 600.0,
        "cs": 10.19646997739904,
        "taustar": 0.2011453463542816,
        "Rstar": 0.0025032962935822942,
        "Qp": 2.0,
        "a": 0.2,
        "rho_d": 2.2,
        "kappa_d": 34090.90909090909,
        "drag_constant": 10.863863985089893,
        "phi_norm": 1.0,
        "Rstarstar": 0.05721890909090909,
        "Upstarstar": 0.04602414027699765,
        "R0": 0.0009745883187358464
    },
    "R sonic drift": 0.0004226978079673296,
    "w sonic drift": 7.745966692414831,
    "R critical": 0.0009463025179229607,
    "w critical": 43.32928075712418,
    "R equilib drift": 0.0009463025179229607,
    "w equilib drift": 50.0,
    "t min": [
        76.77658240962243,
        104.1542784626661,
        131.59810421632096,
        159.04192996997583,
        186.4196260230195,
        213.86345177667437,
        241.30727753032926,
        268.75110328398415,
        296.1287993370278,
        323.5726250906827
    ],
    "R min": [
        0.00038577263541366796,
        0.000386449222800698,
        0.0003860375798669604,
        0.00038578433690314017,
        0.0003864841303202239,
        0.00038606182751940233,
        0.0003857968528881567,
        0.00038570001881936214,
        0.0003860868938799336,
        0.0003858102699588877
    ],
    "t max": [
        89.93639283125452,
        117.3802185849094,
        144.75791463795306,
        172.20174039160793,
        199.64556614526282,
        227.02326219830647,
        254.46708795196133,
        281.9109137056162,
        309.2886097586599
    ],
    "R max": [
        0.0009467049375253736,
        0.0009467060496671861,
        0.0009467018714664639,
        0.000946704801754283,
        0.0009467060263448525,
        0.0009467015969386996,
        0.0009467046453340954,
        0.0009467059966912604,
        0.0009467013179777299
    ],
    "R end": 0.0008766110035126143,
    "v end": 24.71769730662099,
    "t end": 330.64850305608286,
    "v max": 137.59525234835178
}