{
    "star": "MS10",
    "grain": "sil",
    "stream": {
        "L4": 0.64,
        "eta": 0.0066,
        "vinf": 200.0,
        "n": 10000.000000000144,
        "T": 8000.0,
        "kappa": 600.0,
        "cs": 10.19646997739904,
        "taustar": 0.035600000000000256,
        "Rstar": 0.0008839999999999937,
        "Qp": 2.0,
        "a": 0.02,
        "rho_d": 3.5,
        "kappa_d": 214285.71428571426,
        "drag_constant": 0.8403372734693995,
        "phi_norm": 0.7,
        "Rstarstar": 0.02247885714285714,
        "Upstarstar": 0.594999193521085,
        "R0": 0.00010968542627473253
    },
    "R sonic drift": 0.0009463025179229607,
    "w sonic drift": 7.745966692414831,
    "R critical": 0.0020000000000000005,
    "w critical": 38.7741595142002,
    "R equilib drift": 0.0008667337898085419,
    "w equilib drift": 200.0,
    "t min": [
        43.15539694517084,
        103.00297572762476,
        110.47929663922382,
        114.58757199163716,
        115.73492817114,
        132.61216745672996,
        168.62434689725418
    ],
    "R min": [
        0.0008076719585469181,
        0.0008271962326399861,
        0.000827196232584887,
        0.0008271962329508217,
        0.0008271962324464114,
        0.0008271962322699102,
        0.0008271962332015611
    ],
    "t max": [
        97.78435568536996,
        108.48067619750921,
        114.03239964671644,
        114.66159497095992,
        120.7314792754265,
        153.67170507405604
    ],
    "R max": [
        0.000827196234678468,
        0.0008271962323113832,
        0.0008271962329805814,
        0.0008271962329479292,
        0.0008271962337877472,
        0.0008271962331293819
    ],
    "R end": 0.0008271962331224832,
    "v end": 3.7082486897836766e-09,
    "t end": 185.05744830690756,
    "v max": 5.284354145575185
}