{
    "star": "MS40",
    "grain": "gra",
    "stream": {
        "L4": 22.2,
        "eta": 0.4468,
        "vinf": 100.0,
        "n": 0.0501187233627274,
        "T": 10000.0,
        "kappa": 600.0,
        "cs": 11.4,
        "taustar": 0.0009387857610864598,
        "Rstar": 4.651240124207481,
        "Qp": 2.0,
        "a": 0.02,
        "rho_d": 2.2,
        "kappa_d": 340909.0909090908,
        "drag_constant": 0.007395156180928465,
        "phi_norm": 1.5,
        "Rstarstar": 4.961952272727271,
        "Upstarstar": 67.61182424915668,
        "R0": 3.113399919040109
    },
    "R sonic drift": 0.8433930068571646,
    "w sonic drift": 8.6559494714014,
    "R critical": 1.8881217525718474,
    "w critical": 48.41952977064848,
    "R equilib drift": 1.6773715251824033,
    "w equilib drift": 100.0,
    "t min": [
        78375.98312066248,
        143293.46408929199,
        211245.70534710542,
        280055.5962518621
    ],
    "R min": [
        0.6019919431006754,
        1.4458638320441932,
        1.6052658236796349,
        1.6196835668950418
    ],
    "t max": [
        104831.17607637431,
        176411.93507125543,
        245551.69122483648,
        314493.5282291229
    ],
    "R max": [
        2.2566221996821394,
        1.675727781010591,
        1.6256916154070407,
        1.6214428808058592
    ],
    "R end": 1.6211718388518057,
    "v end": -0.023379284368186835,
    "t end": 329865.24882433703,
    "v max": 120.34925727636443
}