{
    "star": "MS10",
    "grain": "gra",
    "stream": {
        "L4": 0.64,
        "eta": 0.0066,
        "vinf": 40.0,
        "n": 7943.282347242919,
        "T": 8000.0,
        "kappa": 600.0,
        "cs": 10.19646997739904,
        "taustar": 0.15864266698780777,
        "Rstar": 0.004959321568014646,
        "Qp": 2.0,
        "a": 0.02,
        "rho_d": 2.2,
        "kappa_d": 340909.0909090908,
        "drag_constant": 1055.9038457964293,
        "phi_norm": 1.0,
        "Rstarstar": 0.8940454545454544,
        "Upstarstar": 0.00047352796562917006,
        "R0": 0.0015974039208976035
    },
    "R sonic drift": 0.0006699308783156552,
    "w sonic drift": 7.745966692414831,
    "R critical": 0.001499788418664912,
    "w critical": 43.32928075712418,
    "R equilib drift": 0.0014158915687682763,
    "w equilib drift": 40.0,
    "t min": [
        152.23436414219802,
        190.88250305953744,
        229.53064197687686,
        268.1787808942163,
        306.69590917115795,
        345.3440480884974,
        383.99218700583685,
        422.6403259231763,
        461.28846484051564,
        499.9366037578551,
        538.4537320347968,
        577.1018709521362,
        615.7500098694755,
        654.398148786815
    ],
    "R min": [
        0.0006312845673002263,
        0.0006307029099229611,
        0.0006301637703959319,
        0.0006298060236804606,
        0.0006327865754404803,
        0.0006321771736120154,
        0.0006315748269530573,
        0.0006309839583709786,
        0.0006304177239870117,
        0.0006299392524390764,
        0.0006330858592329478,
        0.0006324738135251561,
        0.000631867655395307,
        0.0006312703341896733
    ],
    "t max": [
        167.6936197091338,
        206.3417586264732,
        244.98989754381265,
        283.63803646115207,
        322.2861753784915,
        360.8033036554332,
        399.4514425727726,
        438.09958149011203,
        476.7477204074515,
        515.3958593247909,
        554.0439982421303,
        592.561126519072,
        631.2092654364114
    ],
    "R max": [
        0.0014840058746156948,
        0.0014840515236041667,
        0.0014840862869468013,
        0.0014841091722470347,
        0.001484118997571145,
        0.0014839195927073322,
        0.0014839799074880518,
        0.0014840305506489346,
        0.0014840707416940977,
        0.0014840995583676228,
        0.001484115918357645,
        0.0014838868637729909,
        0.0014839516405776288
    ],
    "R end": 0.0007185031641662148,
    "v end": 167.36245371996006,
    "t end": 655.0532019888038,
    "v max": 176.59746876330658
}