{
    "star": "MS10",
    "grain": "sil",
    "stream": {
        "L4": 0.64,
        "eta": 0.0066,
        "vinf": 500.0,
        "n": 316.2277660168418,
        "T": 8000.0,
        "kappa": 600.0,
        "cs": 10.19646997739904,
        "taustar": 0.0025322698798954414,
        "Rstar": 0.001988438925873062,
        "Qp": 2.0,
        "a": 0.02,
        "rho_d": 3.5,
        "kappa_d": 214285.71428571426,
        "drag_constant": 0.0006802892254461649,
        "phi_norm": 0.7,
        "Rstarstar": 0.0035966171428571427,
        "Upstarstar": 734.981506832005,
        "R0": 0.00016665415996318034
    },
    "R sonic drift": 0.0053214501195976175,
    "w sonic drift": 7.745966692414831,
    "R critical": 0.011246826503806984,
    "w critical": 38.7741595142002,
    "R equilib drift": 0.0023720207232343716,
    "w equilib drift": 500.0,
    "t min": [
        104.23195543839851,
        129.0411588893911,
        154.93264302784317,
        180.907379526869,
        206.8821160258948,
        232.10758127975643,
        333.1759470163505
    ],
    "R min": [
        0.0016454577173709028,
        0.002263461602198575,
        0.0022945984506438505,
        0.0022958868519240053,
        0.0022959396746659528,
        0.002295941824627912,
        0.0022959419460909306
    ],
    "t max": [
        115.5542764764354,
        141.94527477833023,
        167.92001127735605,
        193.8947477763819,
        219.7029795542601,
        247.59252034648335,
        378.2987264473505
    ],
    "R max": [
        0.0024663763206950883,
        0.002302595113749128,
        0.0022962140820311154,
        0.0022959531048044107,
        0.0022959424184472704,
        0.002295941974747188,
        0.0022959419453286
    ],
    "R end": 0.0022959419435803967,
    "v end": -8.001188609282512e-08,
    "t end": 416.2618028690036,
    "v max": 125.64797947322437
}