{
    "star": "MS10",
    "grain": "sil",
    "stream": {
        "L4": 0.64,
        "eta": 0.0066,
        "vinf": 500.0,
        "n": 7943.282347242919,
        "T": 8000.0,
        "kappa": 600.0,
        "cs": 10.19646997739904,
        "taustar": 0.012691413359024621,
        "Rstar": 0.00039674572544117165,
        "Qp": 2.0,
        "a": 0.002,
        "rho_d": 3.5,
        "kappa_d": 2142857.1428571427,
        "drag_constant": 1.708809274900386,
        "phi_norm": 0.7,
        "Rstarstar": 0.035966171428571427,
        "Upstarstar": 0.2926014080940352,
        "R0": 3.765097963341167e-05
    },
    "R sonic drift": 0.001061768888461977,
    "w sonic drift": 7.745966692414831,
    "R critical": 0.002244036908603926,
    "w critical": 38.7741595142002,
    "R equilib drift": 0.00047328035593947665,
    "w equilib drift": 500.0,
    "t min": [
        33.8200566086875,
        34.08583308498367,
        34.16888823382622,
        35.34827134739047,
        35.82999121067728,
        38.42131185456493,
        40.92957734961002,
        58.205048308861
    ],
    "R min": [
        0.0004581006443064747,
        0.0004581006442037801,
        0.00045810064420667517,
        0.0004581006438670634,
        0.0004581006443543968,
        0.00045810064291381113,
        0.0004581006431935942,
        0.00045810064397248376
    ],
    "t max": [
        33.853278668224526,
        34.135666174289206,
        34.31838750174282,
        35.713714002297706,
        35.996101508362386,
        39.33491849183301,
        45.580665684792976
    ],
    "R max": [
        0.00045810064431189303,
        0.00045810064421480555,
        0.0004581006442633031,
        0.00045810064438901407,
        0.000458100644402053,
        0.0004581006427557962,
        0.00045810064460167956
    ],
    "R end": 0.00045810064370166675,
    "v end": 7.434972504742865e-09,
    "t end": 83.0551488425528,
    "v max": 1.4422718033101562e-06
}