{
    "star": "MS10",
    "grain": "gra",
    "stream": {
        "L4": 0.64,
        "eta": 0.0066,
        "vinf": 200.0,
        "n": 0.10000000000000041,
        "T": 8000.0,
        "kappa": 600.0,
        "cs": 10.19646997739904,
        "taustar": 0.00011257708470199454,
        "Rstar": 0.2795453451588842,
        "Qp": 2.0,
        "a": 0.2,
        "rho_d": 2.2,
        "kappa_d": 34090.90909090909,
        "drag_constant": 2.1268866942148844e-07,
        "phi_norm": 1.0,
        "Rstarstar": 0.003576181818181818,
        "Upstarstar": 2350853.9564425144,
        "R0": 0.02274186311510131
    },
    "R sonic drift": 0.18881217525718474,
    "w sonic drift": 7.745966692414831,
    "R critical": 0.4226978079673296,
    "w critical": 43.32928075712418,
    "R equilib drift": 0.2055349718960453,
    "w equilib drift": 200.0,
    "t min": [
        9267.877633047967
    ],
    "R min": [
        0.003558076335050403
    ],
    "t max": [],
    "R max": [],
    "R end": 4.6824420843316545,
    "v end": 139.03384378911912,
    "t end": 36923.815271107436,
    "v max": 196.1444978706908
}