{
    "star": "MS10",
    "grain": "gra",
    "stream": {
        "L4": 0.64,
        "eta": 0.0066,
        "vinf": 40.0,
        "n": 1.2589254117941753,
        "T": 8000.0,
        "kappa": 600.0,
        "cs": 10.19646997739904,
        "taustar": 0.0019971928486575015,
        "Rstar": 0.3939329146551142,
        "Qp": 2.0,
        "a": 0.02,
        "rho_d": 2.2,
        "kappa_d": 340909.0909090908,
        "drag_constant": 0.1673494817096259,
        "phi_norm": 1.0,
        "Rstarstar": 0.8940454545454543,
        "Upstarstar": 2.987759477304914,
        "R0": 0.0327995565374469
    },
    "R sonic drift": 0.05321450119597623,
    "w sonic drift": 7.745966692414831,
    "R critical": 0.1191324287058022,
    "w critical": 43.32928075712418,
    "R equilib drift": 0.11246826503806984,
    "w equilib drift": 40.0,
    "t min": [
        12362.975545209421,
        20688.211602589505,
        29013.447659969584,
        37338.68371734967,
        45653.51322965803
    ],
    "R min": [
        0.04313913919792028,
        0.04313317075536026,
        0.04312916151032182,
        0.043127120883147504,
        0.0431398616997619
    ],
    "t max": [
        15984.453230169758,
        24309.68928754984,
        32634.92534492992,
        40960.161402310005,
        49274.99091461836
    ],
    "R max": [
        0.202430154705096,
        0.2024307407344156,
        0.20243114759695782,
        0.20243140200181525,
        0.20243008309690042
    ],
    "R end": 0.11204797212315035,
    "v end": -38.158053208952666,
    "t end": 52032.72535862551,
    "v max": 83.90793424424587
}