{
    "star": "MS20",
    "grain": "gra",
    "stream": {
        "L4": 5.45,
        "eta": 0.1199,
        "vinf": 70.0,
        "n": 3162.277660168418,
        "T": 9000.0,
        "kappa": 600.0,
        "cs": 10.814989597775858,
        "taustar": 0.16691302105988695,
        "Rstar": 0.013106673619016214,
        "Qp": 2.0,
        "a": 0.02,
        "rho_d": 2.2,
        "kappa_d": 340909.0909090908,
        "drag_constant": 429.3794226056512,
        "phi_norm": 1.5,
        "Rstarstar": 2.4859937384044515,
        "Upstarstar": 0.0011644712663820592,
        "R0": 0.006965978065837876
    },
    "R sonic drift": 0.0016827902832903898,
    "w sonic drift": 9.672835454459698,
    "R critical": 0.003990524629937758,
    "w critical": 48.41952977064848,
    "R equilib drift": 0.0038498029904116228,
    "w equilib drift": 70.0,
    "t min": [
        215.12681394188706,
        486.668002169234,
        524.653680854777,
        548.1596701403854,
        559.2544970831924,
        561.1349762260411,
        561.8871678831805,
        573.3580906545575,
        586.1453488259283,
        592.5389779116138,
        603.0696611115663,
        613.6003443115188,
        619.0537338257799,
        619.9939733972043,
        626.5756503971745,
        627.7039378828837,
        628.0800337114534,
        656.4752687684683,
        710.4450201682249,
        768.5518256822487
    ],
    "R min": [
        0.0016553182658746118,
        0.0037640513690782368,
        0.003764051366705197,
        0.0037640513693247544,
        0.003764051370558048,
        0.003764051370450767,
        0.0037640513704550616,
        0.0037640513657582917,
        0.003764051365330366,
        0.0037640513668929167,
        0.003764051368337798,
        0.0037640513690269982,
        0.003764051367867903,
        0.003764051367907643,
        0.0037640513683118684,
        0.00376405136832676,
        0.003764051368329044,
        0.0037640513710440844,
        0.0037640513660116117,
        0.0037640513664800035
    ],
    "t max": [
        477.0775585407058,
        504.53255402629634,
        541.0138493975603,
        558.1262095974832,
        560.1947366546168,
        561.6991199688957,
        568.280796968866,
        582.7604863688008,
        590.4704508544802,
        602.3174694544268,
        612.2840089115247,
        614.1644880543734,
        619.8059254829193,
        626.01150665432,
        627.3278420543139,
        627.8919857971687,
        644.0641064256671,
        668.3222873684149,
        732.6346740538391
    ],
    "R max": [
        0.003764051368800894,
        0.003764051370610053,
        0.003764051368917368,
        0.0037640513705916824,
        0.003764051370612886,
        0.003764051370455905,
        0.003764051372092193,
        0.0037640513677434004,
        0.0037640513670686576,
        0.00376405136838223,
        0.0037640513690494703,
        0.0037640513690333586,
        0.0037640513679130286,
        0.003764051368327552,
        0.003764051368342405,
        0.0037640513683318585,
        0.0037640513750813744,
        0.0037640513708154673,
        0.003764051365840485
    ],
    "R end": 0.0037640513692148163,
    "v end": 9.909843449799173e-09,
    "t end": 940.2395714243315,
    "v max": 229.25009783648045
}