{
    "star": "MS10",
    "grain": "gra",
    "stream": {
        "L4": 0.64,
        "eta": 0.0066,
        "vinf": 500.0,
        "n": 79432.82347242952,
        "T": 8000.0,
        "kappa": 600.0,
        "cs": 10.19646997739904,
        "taustar": 0.04013377294120616,
        "Rstar": 0.0001254620144329912,
        "Qp": 2.0,
        "a": 0.2,
        "rho_d": 2.2,
        "kappa_d": 34090.90909090909,
        "drag_constant": 0.004324982152382192,
        "phi_norm": 1.0,
        "Rstarstar": 0.0005721890909090908,
        "Upstarstar": 115.60741348368364,
        "R0": 1.6365876659072507e-05
    },
    "R sonic drift": 0.00021185074503545775,
    "w sonic drift": 7.745966692414831,
    "R critical": 0.00047427474113233113,
    "w critical": 43.32928075712418,
    "R equilib drift": 0.00020000000000000004,
    "w equilib drift": 500.0,
    "t min": [
        4.089890835006021,
        5.004647618200237,
        5.939290418420414,
        6.870618882469597,
        7.715774606072948,
        8.600702363728223,
        10.161754700266178
    ],
    "R min": [
        0.00011552506763261777,
        0.00012665123359055004,
        0.00012680882707963903,
        0.00012681085184228203,
        0.00012681087737825508,
        0.00012681087706529204,
        0.00012681087731495412
    ],
    "t max": [
        4.534011881919155,
        5.471969018310325,
        6.406611818530503,
        7.381026652802602,
        8.040579550830316,
        9.362999683056735,
        14.085928726722523
    ],
    "R max": [
        0.00012824230579143765,
        0.00012682897797306757,
        0.00012681111105430969,
        0.00012681087942272774,
        0.0001268108778370972,
        0.00012681087750433332,
        0.00012681087741043637
    ],
    "R end": 0.00012681087734468913,
    "v end": -3.950988213389436e-08,
    "t end": 16.571680854967674,
    "v max": 50.166336033052836
}