{
    "star": "MS10",
    "grain": "gra",
    "stream": {
        "L4": 0.64,
        "eta": 0.0066,
        "vinf": 120.0,
        "n": 0.0019952623149688807,
        "T": 8000.0,
        "kappa": 600.0,
        "cs": 10.19646997739904,
        "taustar": 2.6503226467623815e-05,
        "Rstar": 3.298382477490686,
        "Qp": 2.0,
        "a": 0.02,
        "rho_d": 2.2,
        "kappa_d": 340909.0909090908,
        "drag_constant": 3.274457460783704e-06,
        "phi_norm": 1.0,
        "Rstarstar": 0.09933838383838378,
        "Upstarstar": 152697.05164541394,
        "R0": 0.2680492910512595
    },
    "R sonic drift": 1.33668783513723,
    "w sonic drift": 7.745966692414831,
    "R critical": 2.992471312188866,
    "w critical": 43.32928075712418,
    "R equilib drift": 2.078720645601813,
    "w equilib drift": 120.0,
    "t min": [
        109962.51639357895
    ],
    "R min": [
        0.08999830957304344
    ],
    "t max": [],
    "R max": [],
    "R end": 29.083919136231874,
    "v end": 63.99350373827649,
    "t end": 435667.6560759863,
    "v max": 116.26254765644967
}