{
    "star": "MS10",
    "grain": "sil",
    "stream": {
        "L4": 0.64,
        "eta": 0.0066,
        "vinf": 200.0,
        "n": 3981.0717055350265,
        "T": 8000.0,
        "kappa": 600.0,
        "cs": 10.19646997739904,
        "taustar": 0.022462081463495032,
        "Rstar": 0.001401045582135615,
        "Qp": 2.0,
        "a": 0.02,
        "rho_d": 3.5,
        "kappa_d": 214285.71428571426,
        "drag_constant": 0.3345442942515428,
        "phi_norm": 0.7,
        "Rstarstar": 0.022478857142857144,
        "Upstarstar": 1.4945704009647567,
        "R0": 0.0001494670446307606
    },
    "R sonic drift": 0.001499788418664912,
    "w sonic drift": 7.745966692414831,
    "R critical": 0.0031697863849222286,
    "w critical": 38.7741595142002,
    "R equilib drift": 0.0013736804831435802,
    "w equilib drift": 200.0,
    "t min": [
        68.68999112639428,
        159.02524845743372,
        178.50012211581367,
        190.114655201233,
        196.91912913006456,
        204.83812896103228,
        213.46103988808605,
        215.8074102083728
    ],
    "R min": [
        0.0012280205984599325,
        0.0013110176807748415,
        0.0013110176787237528,
        0.0013110176811564486,
        0.001311017680307192,
        0.001311017680240753,
        0.0013110176769633945,
        0.0013110176766638558
    ],
    "t max": [
        153.5112782047599,
        172.98615186313984,
        184.60068494855915,
        194.3967810357563,
        200.43868461049465,
        207.2431585393262,
        214.98618059627242
    ],
    "R max": [
        0.0013110176768807045,
        0.0013110176780602736,
        0.0013110176769257288,
        0.001311017679464688,
        0.0013110176810722412,
        0.0013110176794975976,
        0.0013110176767329555
    ],
    "R end": 0.0013110176792744848,
    "v end": 1.993676369585566e-08,
    "t end": 293.29629003584233,
    "v max": 14.074584520352854
}