{
    "star": "MS40",
    "grain": "gra",
    "stream": {
        "L4": 22.2,
        "eta": 0.4468,
        "vinf": 10.0,
        "n": 0.25118864315095923,
        "T": 10000.0,
        "kappa": 600.0,
        "cs": 11.4,
        "taustar": 0.02101679527931226,
        "Rstar": 20.77632646637688,
        "Qp": 2.0,
        "a": 0.02,
        "rho_d": 2.2,
        "kappa_d": 340909.0909090908,
        "drag_constant": 370.6357868561167,
        "phi_norm": 1.5,
        "Rstarstar": 496.19522727272704,
        "Upstarstar": 0.001349033249706412,
        "R0": 14.324593256136565
    },
    "R sonic drift": 0.37672981789796045,
    "w sonic drift": 8.6559494714014,
    "R critical": 0.8433930068571646,
    "w critical": 48.41952977064848,
    "R equilib drift": 0.37672981789796045,
    "w equilib drift": 10.0,
    "t min": [
        470915.8800889216,
        473568.09718579287,
        495669.90632638684,
        510993.82733053196,
        517771.7154669807,
        549598.3206294359,
        562270.0245367099,
        565216.9324221223,
        574647.0376554425,
        583487.7613116801,
        594391.3204877065,
        617082.5112053829,
        716687.9977323263,
        788887.2409249331,
        1020514.2007183576
    ],
    "R min": [
        0.36066236445178196,
        0.36066236454659784,
        0.36066236290106424,
        0.36066236333804524,
        0.36066236350547914,
        0.36066236263441226,
        0.3606623633055295,
        0.3606623632386422,
        0.36066236288315867,
        0.3606623628574885,
        0.36066236306943816,
        0.36066236308265975,
        0.3606623624385469,
        0.36066236403317714,
        0.36066235949484127
    ],
    "t max": [
        472389.3340316278,
        482114.1300534892,
        502742.4852513768,
        516592.95231281576,
        526023.0575461359,
        558733.7350742149,
        562859.4061137923,
        567574.4587304525,
        579656.7810606438,
        589381.5770825051,
        600579.8270470727,
        643899.3729626369,
        781814.6619999431,
        835743.0763029922,
        1230923.4237368118
    ],
    "R max": [
        0.3606623644959485,
        0.3606623645889126,
        0.3606623636093719,
        0.36066236363442256,
        0.3606623636708979,
        0.3606623634380448,
        0.36066236331163526,
        0.3606623633781525,
        0.3606623632549953,
        0.36066236336448226,
        0.3606623638142241,
        0.36066236433100596,
        0.3606623656001987,
        0.36066236507359484,
        0.3606623639339207
    ],
    "R end": 0.3606623626139447,
    "v end": -7.720481405728329e-10,
    "t end": 1473453.9427062627,
    "v max": 1.5710688266986666e-07
}