{
    "star": "MS40",
    "grain": "gra",
    "stream": {
        "L4": 22.2,
        "eta": 0.4468,
        "vinf": 20.0,
        "n": 0.015848931924611172,
        "T": 10000.0,
        "kappa": 600.0,
        "cs": 11.4,
        "taustar": 0.00263959014479595,
        "Rstar": 41.35602272012525,
        "Qp": 2.0,
        "a": 0.02,
        "rho_d": 2.2,
        "kappa_d": 340909.0909090908,
        "drag_constant": 1.4615960740253853,
        "phi_norm": 1.5,
        "Rstarstar": 124.0488068181818,
        "Upstarstar": 0.34209177821814246,
        "R0": 27.752832156231786
    },
    "R sonic drift": 1.4997884186649117,
    "w sonic drift": 8.6559494714014,
    "R critical": 3.357608036245125,
    "w critical": 48.41952977064848,
    "R equilib drift": 1.790705478436932,
    "w equilib drift": 20.0,
    "t min": [
        712709.9847870969,
        1132123.6795383513,
        1552123.9668696772,
        1971537.661620932,
        2391537.948952258,
        2810951.6437035124
    ],
    "R min": [
        1.3509885600986593,
        1.3513732399328446,
        1.350934959316663,
        1.3512536595916358,
        1.3508992082920843,
        1.351149594388394
    ],
    "t max": [
        812430.7233992831,
        1231844.4181505376,
        1651844.7054818636,
        2071258.4002331183,
        2491258.6875644443,
        2910672.3823156985
    ],
    "R max": [
        7.053476496071772,
        7.053076279901008,
        7.053537832307921,
        7.053198062665074,
        7.053583460845469,
        7.053304795188664
    ],
    "R end": 6.6646162457300795,
    "v end": -19.34975534387513,
    "t end": 2932962.900358423,
    "v max": 93.90701119774448
}