{
    "star": "MS10",
    "grain": "sil",
    "stream": {
        "L4": 0.64,
        "eta": 0.0066,
        "vinf": 40.0,
        "n": 12589.254117941868,
        "T": 8000.0,
        "kappa": 600.0,
        "cs": 10.19646997739904,
        "taustar": 0.19971928486575105,
        "Rstar": 0.003939329146551125,
        "Qp": 2.0,
        "a": 0.002,
        "rho_d": 3.5,
        "kappa_d": 2142857.1428571427,
        "drag_constant": 66120.1217530283,
        "phi_norm": 0.7,
        "Rstarstar": 5.619714285714285,
        "Upstarstar": 7.561994544831581e-06,
        "R0": 0.0015250529175517263
    },
    "R sonic drift": 0.0008433930068571646,
    "w sonic drift": 7.745966692414831,
    "R critical": 0.001782501876267492,
    "w critical": 38.7741595142002,
    "R equilib drift": 0.001782501876267492,
    "w equilib drift": 40.0,
    "t min": [
        191.81664219135203,
        240.8016316417661,
        289.621688467768,
        338.4417452937699,
        387.426734744184,
        436.24679157018585,
        485.23178102059995,
        534.0518378466018,
        582.8718946726036,
        631.8568841230177,
        680.6769409490196,
        729.6619303994337,
        778.4819872254355
    ],
    "R min": [
        0.0008021828658845805,
        0.0007992218270983664,
        0.0008012234483488958,
        0.0008032889647876843,
        0.0008002729231767198,
        0.0008023227761648904,
        0.0007993465577027359,
        0.0008013624343936151,
        0.0008034298195421601,
        0.0008004102838658823,
        0.000802462878370781,
        0.0007994769489576707,
        0.0008015014972136709
    ],
    "t max": [
        214.41241173581915,
        263.3974011862332,
        312.21745801223506,
        361.037514838237,
        410.022504288651,
        458.84256111465294,
        507.827550565067,
        556.6476073910688,
        605.4676642170708,
        654.4526536674848,
        703.2727104934868,
        752.2576999439008,
        801.0777567699027
    ],
    "R max": [
        0.0017672932660855827,
        0.0017675624625960904,
        0.0017674063938580209,
        0.001767141546599055,
        0.0017674967063346517,
        0.001767275223853545,
        0.0017675568780250936,
        0.0017673912425902616,
        0.0017671208492058999,
        0.0017674852481324719,
        0.0017672568126961474,
        0.0017675503980875834,
        0.0017673756358378124
    ],
    "R end": 0.0008911145227917817,
    "v end": -33.59895509431436,
    "t end": 824.6631220608429,
    "v max": 137.34582026851638
}