{
    "star": "MS10",
    "grain": "gra",
    "stream": {
        "L4": 0.64,
        "eta": 0.0066,
        "vinf": 80.0,
        "n": 15848.931924610039,
        "T": 8000.0,
        "kappa": 600.0,
        "cs": 10.19646997739904,
        "taustar": 0.11204436164967702,
        "Rstar": 0.0017554653987407228,
        "Qp": 2.0,
        "a": 0.02,
        "rho_d": 2.2,
        "kappa_d": 340909.0909090908,
        "drag_constant": 131.6753219842595,
        "phi_norm": 1.0,
        "thetaB": 0.0,
        "b_hat": [
            1.0,
            0.0,
            0.0
        ],
        "Rstarstar": 0.2235113636363636,
        "Upstarstar": 0.0037972187382216533,
        "R0": 0.00043006907944929316
    },
    "R sonic drift": 0.000502377286301916,
    "w sonic drift": 9.672835454459698,
    "R critical": 0.0011246826503806984,
    "w critical": 43.32928075712418,
    "R equilib drift": 0.0010001257380223845,
    "w equilib drift": 80.0,
    "t min": [
        56.146514920166815,
        149.42930742532585,
        164.65714611758455,
        166.1799299868104,
        167.1623711927626,
        168.48866682079802,
        176.1025861669274,
        177.13414943317719,
        179.29552008627195,
        184.6498246587113,
        196.9303397331135,
        198.0110250596609,
        198.60048978323218,
        206.06704294846872,
        208.32665772215873,
        209.30909892811093,
        211.12661515912242,
        218.05282566108525,
        222.7685434496557,
        227.877237720607,
        228.8596789265592,
        232.8385658106655,
        239.5191660111403,
        241.8279028451279,
        244.18576173941312
    ],
    "R min": [
        0.0004895334818898182,
        0.00097129185084064,
        0.0009712918661227726,
        0.000971291873144881,
        0.0009712918746100532,
        0.0009712918778475893,
        0.0009712918990415241,
        0.00097129189694551,
        0.0009712918981116583,
        0.0009712918976899889,
        0.0009712919137953645,
        0.0009712919174758347,
        0.0009712919181506668,
        0.0009712918892867932,
        0.0009712918948595426,
        0.000971291896069102,
        0.0009712918905085051,
        0.0009712918930486711,
        0.0009712918833241614,
        0.0009712918977680123,
        0.0009712918966729984,
        0.0009712918869149791,
        0.0009712918946887565,
        0.0009712918904688332,
        0.0009712918971664139
    ],
    "t max": [
        148.6433544605641,
        159.3028415451452,
        166.0816858662152,
        166.86763883097694,
        168.24305651931,
        175.56224350365366,
        176.24995234782023,
        177.62537003615327,
        181.01479219668826,
        195.8496544065661,
        197.61804857728,
        198.30575742144654,
        198.84610008472023,
        208.0810474206707,
        208.96524450602766,
        209.50558716930132,
        212.69852108864592,
        219.57560953031114,
        227.63162741911898,
        228.2210921426903,
        229.3508995295353,
        238.09462626250962,
        239.71565425233072,
        243.54717495554422,
        245.2173250056629
    ],
    "R max": [
        0.0009712918531797129,
        0.0009712918749073407,
        0.0009712918731350472,
        0.000971291875120546,
        0.0009712918778352512,
        0.0009712919006621503,
        0.0009712918991402698,
        0.0009712918989602763,
        0.0009712919002954979,
        0.0009712919159230795,
        0.0009712919180608669,
        0.0009712919181685897,
        0.0009712919186273616,
        0.0009712918951820098,
        0.0009712918966438653,
        0.0009712918961111069,
        0.000971291895061359,
        0.0009712918927501472,
        0.0009712918978628814,
        0.0009712918980242852,
        0.000971291897713016,
        0.0009712918992937921,
        0.0009712918947203817,
        0.0009712918980475312,
        0.0009712919005167844
    ],
    "R end": 0.0009712918992518947,
    "v end": -3.863884794872072e-06,
    "t end": 245.61030148804377,
    "v max": 134.79888845240293
}