{
    "star": "MS10",
    "grain": "sil",
    "stream": {
        "L4": 0.64,
        "eta": 0.0066,
        "vinf": 90.0,
        "n": 0.0031622776601683824,
        "T": 8000.0,
        "kappa": 600.0,
        "cs": 10.19646997739904,
        "taustar": 4.4487447059503196e-05,
        "Rstar": 3.493331107720904,
        "Qp": 2.0,
        "a": 0.02,
        "rho_d": 3.5,
        "kappa_d": 214285.71428571426,
        "drag_constant": 6.480426244533585e-06,
        "phi_norm": 0.7,
        "Rstarstar": 0.11100670194003526,
        "Upstarstar": 77155.41866119741,
        "R0": 0.2839550121634326
    },
    "R sonic drift": 1.6827902832903914,
    "w sonic drift": 7.745966692414831,
    "R critical": 3.556558820077846,
    "w critical": 38.7741595142002,
    "R equilib drift": 2.800068467183537,
    "w equilib drift": 90.0,
    "t min": [
        184579.4749769456
    ],
    "R min": [
        0.10262001049603275
    ],
    "t max": [],
    "R max": [],
    "R end": 36.904588372405755,
    "v end": 47.976169817035284,
    "t end": 731297.4444411474,
    "v max": 87.29299226293675
}