{
    "star": "MS10",
    "grain": "sil",
    "stream": {
        "L4": 0.64,
        "eta": 0.0066,
        "vinf": 90.0,
        "n": 50118.723362727964,
        "T": 8000.0,
        "kappa": 600.0,
        "cs": 10.19646997739904,
        "taustar": 0.17710771674007436,
        "Rstar": 0.0008774851010254411,
        "Qp": 2.0,
        "a": 0.002,
        "rho_d": 3.5,
        "kappa_d": 2142857.1428571427,
        "drag_constant": 10270.783439207757,
        "phi_norm": 0.7,
        "Rstarstar": 1.1100670194003526,
        "Upstarstar": 4.868177807072601e-05,
        "R0": 0.00030869534288053624
    },
    "R sonic drift": 0.0004226978079673296,
    "w sonic drift": 7.745966692414831,
    "R critical": 0.0008933671843019262,
    "w critical": 38.7741595142002,
    "R equilib drift": 0.0007033453990016148,
    "w equilib drift": 90.0,
    "t min": [
        42.0658373332461,
        135.34545391762325,
        137.14565132315082,
        139.2030197866109,
        140.41539763114986,
        145.9996834605415,
        146.36707068615937,
        146.84467407946258,
        146.91815152458616,
        148.20400681424871,
        149.19595232341695,
        150.37159144539413,
        150.4818076130795,
        150.84919483869737,
        153.67807647595495,
        153.8250313662021,
        154.19241859181997,
        154.55980581743785,
        155.51501260404433,
        155.5884900491679,
        155.73544493941503,
        156.21304833271827,
        156.32326450040364
    ],
    "R min": [
        0.00040123133760741164,
        0.0006784113775483117,
        0.000678411378136937,
        0.0006784113783959594,
        0.0006784113784953686,
        0.000678411378488827,
        0.0006784113785434088,
        0.0006784113786148012,
        0.0006784113786134957,
        0.000678411378714449,
        0.000678411379116918,
        0.0006784113789710707,
        0.0006784113789843851,
        0.0006784113789780024,
        0.0006784113787971041,
        0.0006784113787909261,
        0.00067841137880198,
        0.0006784113788669306,
        0.0006784113787654394,
        0.000678411378761489,
        0.0006784113787761233,
        0.0006784113787359397,
        0.0006784113787328647
    ],
    "t max": [
        135.01480541456718,
        136.3373994267915,
        138.321290445128,
        139.49692956710518,
        144.08926988732856,
        146.3303319635976,
        146.77119663433902,
        146.88141280202439,
        147.54270980813655,
        149.1224748782934,
        149.23269104597873,
        150.4450688905177,
        150.62876250332664,
        151.8411403478656,
        153.71481519851676,
        154.00872497901105,
        154.52306709487607,
        154.6332832625614,
        155.5517513266061,
        155.69870621685322,
        155.95587727478576,
        156.24978705528005,
        159.2256235827848
    ],
    "R max": [
        0.0006784113775189402,
        0.000678411377884102,
        0.0006784113783215761,
        0.0006784113784226104,
        0.0006784113788477741,
        0.0006784113785436931,
        0.0006784113786261662,
        0.0006784113786183545,
        0.000678411378761685,
        0.0006784113791195307,
        0.0006784113791215319,
        0.0006784113789828506,
        0.0006784113789984921,
        0.0006784113791400823,
        0.0006784113787988793,
        0.0006784113788114157,
        0.0006784113788690254,
        0.000678411378867786,
        0.0006784113787646191,
        0.0006784113787794626,
        0.0006784113787771797,
        0.0006784113787354871,
        0.0006784113792308622
    ],
    "R end": 0.0006784113776948332,
    "v end": -2.2167809416951517e-07,
    "t end": 183.69361280893494,
    "v max": 89.14906750596887
}