{
    "star": "MS20",
    "grain": "gra",
    "stream": {
        "L4": 5.45,
        "eta": 0.1199,
        "vinf": 50.0,
        "n": 100.00000000000102,
        "T": 9000.0,
        "kappa": 600.0,
        "cs": 10.814989597775858,
        "taustar": 0.041554518406546566,
        "Rstar": 0.10318593896456965,
        "Qp": 2.0,
        "a": 0.02,
        "rho_d": 2.2,
        "kappa_d": 340909.0909090908,
        "drag_constant": 52.16189617562035,
        "phi_norm": 1.5,
        "Rstarstar": 4.872547727272726,
        "Upstarstar": 0.009585541106799185,
        "R0": 0.04019718411004135
    },
    "R sonic drift": 0.009463025179229607,
    "w sonic drift": 9.672835454459698,
    "R critical": 0.022440369086039285,
    "w critical": 48.41952977064848,
    "R equilib drift": 0.022440369086039285,
    "w equilib drift": 50.0,
    "t min": [
        1706.9699031829152,
        2213.2870817506146,
        2719.604260318313,
        3225.9214388860123,
        3732.2386174537114,
        4238.555796021411,
        4744.87297458911,
        5251.190153156809,
        5757.507331724508,
        6262.344050705752,
        6768.661229273451,
        7274.97840784115
    ],
    "R min": [
        0.009205667544058771,
        0.009203550548356105,
        0.009201606832679165,
        0.009199866322343727,
        0.009198354004928593,
        0.009197092988153374,
        0.009196099011223672,
        0.009195385875928948,
        0.009194962452544175,
        0.009234742570866698,
        0.009231949397173964,
        0.009229174501372861
    ],
    "t max": [
        1929.0388411512047,
        2435.3560197189036,
        2941.6731982866027,
        3447.9903768543018,
        3954.307555422001,
        4460.6247339897,
        4966.9419125573995,
        5473.259091125098,
        5979.576269692797,
        6485.893448260496,
        6992.210626828195
    ],
    "R max": [
        0.02211953577668243,
        0.022119608459652045,
        0.02211967757922167,
        0.022119743221187663,
        0.022119805243989325,
        0.022119863740894516,
        0.0221199185833594,
        0.02211996982795839,
        0.02212001747229404,
        0.02212006136636888,
        0.022120101669179805
    ],
    "R end": 0.02040092341466041,
    "v end": 32.91624194239506,
    "t end": 7402.297932276302,
    "v max": 205.8906284928742
}