{
    "star": "MS10",
    "grain": "gra",
    "stream": {
        "L4": 0.64,
        "eta": 0.0066,
        "vinf": 10.0,
        "n": 7.943282347242878,
        "T": 8000.0,
        "kappa": 600.0,
        "cs": 10.19646997739904,
        "taustar": 0.02006688647060299,
        "Rstar": 0.6273100721649589,
        "Qp": 2.0,
        "a": 0.02,
        "rho_d": 2.2,
        "kappa_d": 340909.0909090908,
        "drag_constant": 270.3113845238844,
        "phi_norm": 1.0,
        "Rstarstar": 14.304727272727268,
        "Upstarstar": 0.001849718615738956,
        "R0": 0.06505030727065579
    },
    "R sonic drift": 0.021185074503545776,
    "w sonic drift": 7.745966692414831,
    "R critical": 0.047427474113233115,
    "w critical": 43.32928075712418,
    "R equilib drift": 0.021185074503545776,
    "w equilib drift": 10.0,
    "t min": [
        21957.477132832166,
        22520.914281901067,
        23084.351430969968,
        23647.788580038872,
        24211.22572910777,
        24741.519516466735,
        25238.669942115765,
        25271.8133038257,
        25371.243388955507,
        25536.960197505185,
        27044.983155307244
    ],
    "R min": [
        0.02009243500115983,
        0.020100989283075486,
        0.02010179889165491,
        0.020101867876386466,
        0.020101873711020308,
        0.020101874177994285,
        0.020101874220105464,
        0.02010187422011623,
        0.02010187421992541,
        0.020101874218597347,
        0.020101874219742858
    ],
    "t max": [
        22239.195707366613,
        22802.632856435517,
        23366.070005504418,
        23929.50715457332,
        24492.94430364222,
        24973.52304843628,
        25255.241622970734,
        25321.528346390605,
        25404.38675066544,
        25835.2504528946,
        36673.12973204346
    ],
    "R max": [
        0.020105077204939842,
        0.020102134761712187,
        0.02010189609541567,
        0.02010187603930538,
        0.020101874358526985,
        0.020101874228087405,
        0.020101874220125285,
        0.020101874220107,
        0.02010187421984736,
        0.020101874224267072,
        0.020101874221020485
    ],
    "R end": 0.02010187422092083,
    "v end": -1.7852243315790126e-11,
    "t end": 82858.40427483837,
    "v max": 0.07276662020307452
}