{
    "star": "MS40",
    "grain": "gra",
    "stream": {
        "L4": 22.2,
        "eta": 0.4468,
        "vinf": 90.0,
        "n": 31.622776601684052,
        "T": 10000.0,
        "kappa": 600.0,
        "cs": 11.4,
        "taustar": 0.026201369059638643,
        "Rstar": 0.20574356060145924,
        "Qp": 2.0,
        "a": 0.02,
        "rho_d": 2.2,
        "kappa_d": 340909.0909090908,
        "drag_constant": 7.111763612155055,
        "phi_norm": 1.5,
        "Rstarstar": 6.125867003367,
        "Upstarstar": 0.07030604886042979,
        "R0": 0.142921050548181
    },
    "R sonic drift": 0.033576080362451216,
    "w sonic drift": 8.6559494714014,
    "R critical": 0.07516748085768887,
    "w critical": 48.41952977064848,
    "R equilib drift": 0.07033453990016154,
    "w equilib drift": 90.0,
    "t min": [
        3353.0812729670265,
        10476.555065232049,
        11673.041855411753
    ],
    "R min": [
        0.03098130832441304,
        0.0675821654189169,
        0.06758216543674087
    ],
    "t max": [
        9242.130889022255,
        11427.907976448107,
        14550.44667277075
    ],
    "R max": [
        0.06758216550428578,
        0.06758216542388659,
        0.06758216552889296
    ],
    "R end": 0.06758216552660477,
    "v end": -3.110669553927099e-09,
    "t end": 14591.30231926469,
    "v max": 195.44428524262102
}