{
    "star": "MS10",
    "grain": "sil",
    "stream": {
        "L4": 0.64,
        "eta": 0.0066,
        "vinf": 50.0,
        "n": 12.589254117941765,
        "T": 8000.0,
        "kappa": 600.0,
        "cs": 10.19646997739904,
        "taustar": 0.0050525426626861335,
        "Rstar": 0.09965802044951072,
        "Qp": 2.0,
        "a": 0.002,
        "rho_d": 3.5,
        "kappa_d": 2142857.1428571427,
        "drag_constant": 27.082801870040182,
        "phi_norm": 0.7,
        "Rstarstar": 3.5966171428571427,
        "Upstarstar": 0.018461900744217878,
        "R0": 0.008615191415287875
    },
    "R sonic drift": 0.026670428643266485,
    "w sonic drift": 7.745966692414831,
    "R critical": 0.056367658625289106,
    "w critical": 38.7741595142002,
    "R equilib drift": 0.056367658625289106,
    "w equilib drift": 50.0,
    "t min": [
        4852.619859601792,
        6496.585658985374,
        7535.538664179568,
        8570.319167344867,
        9605.099670510168,
        10644.05267570436,
        11657.970668725198,
        12567.576111023729,
        13735.876679113586,
        14958.419773579042,
        17320.055921932104,
        18550.944020455347,
        19681.69207028517
    ],
    "R min": [
        0.024369877458682195,
        0.0553983378478612,
        0.055515798054069525,
        0.055527887560975285,
        0.055529202374497905,
        0.05552934578012347,
        0.055529361482938876,
        0.05552936303153063,
        0.05552936309094237,
        0.05552936322527217,
        0.05552936310691884,
        0.055529363280515984,
        0.055529363252923396
    ],
    "t max": [
        5987.540411460509,
        7018.148412596917,
        8052.928915762217,
        9087.709418927518,
        10126.66242412171,
        11161.442927287013,
        12121.11839393225,
        13059.931350433026,
        14386.78699562079,
        15859.680211819787,
        17950.103728294853,
        18834.674158420028,
        20512.01997403475
    ],
    "R max": [
        0.055846177110407236,
        0.05556931371060628,
        0.05553381197841514,
        0.05552985062130657,
        0.0555294164412971,
        0.05552936890075692,
        0.055529363946025666,
        0.05552936352090189,
        0.05552936339797198,
        0.05552936346688346,
        0.05552936330067639,
        0.055529363275526114,
        0.05552936326191716
    ],
    "R end": 0.05552936326350911,
    "v end": -1.0264323359936388e-08,
    "t end": 20862.510144461703,
    "v max": 107.95035098917596
}