{
    "star": "MS20",
    "grain": "gra",
    "stream": {
        "L4": 5.45,
        "eta": 0.1199,
        "vinf": 100.0,
        "n": 0.00794328234724283,
        "T": 9000.0,
        "kappa": 600.0,
        "cs": 10.814989597775858,
        "taustar": 0.00018517751756765238,
        "Rstar": 5.788826387136183,
        "Qp": 2.0,
        "a": 0.02,
        "rho_d": 2.2,
        "kappa_d": 340909.0909090908,
        "drag_constant": 0.0002589604181815714,
        "phi_norm": 1.5,
        "Rstarstar": 1.2181369318181816,
        "Upstarstar": 1930.7970056235486,
        "R0": 2.005544742808684
    },
    "R sonic drift": 1.0617688884619771,
    "w sonic drift": 9.672835454459698,
    "R critical": 2.5178508235883377,
    "w critical": 48.41952977064848,
    "R equilib drift": 2.11850745035458,
    "w equilib drift": 100.0,
    "t min": [
        102656.16396939527,
        353399.6583250622
    ],
    "R min": [
        0.4762772458591897,
        1.07964628016841
    ],
    "t max": [
        210046.47142281604
    ],
    "R max": [
        5.893271699554891
    ],
    "R end": 2.896702921162814,
    "v end": 17.336844477035253,
    "t end": 415275.744212764,
    "v max": 102.4377908554809
}