{
    "star": "MS10",
    "grain": "sil",
    "stream": {
        "L4": 0.64,
        "eta": 0.0066,
        "vinf": 80.0,
        "n": 15.848931924611271,
        "T": 8000.0,
        "kappa": 600.0,
        "cs": 10.19646997739904,
        "taustar": 0.0035431538179261407,
        "Rstar": 0.05551269013636148,
        "Qp": 2.0,
        "a": 0.002,
        "rho_d": 3.5,
        "kappa_d": 2142857.1428571427,
        "drag_constant": 5.202518844113191,
        "phi_norm": 0.7,
        "Rstarstar": 1.4049285714285713,
        "Upstarstar": 0.09610729244465212,
        "R0": 0.004710787666482346
    },
    "R sonic drift": 0.02377004454874038,
    "w sonic drift": 7.745966692414831,
    "R critical": 0.05023772863019165,
    "w critical": 38.7741595142002,
    "R equilib drift": 0.042174952671296985,
    "w equilib drift": 80.0,
    "t min": [
        2686.794236152022,
        7979.035132101983,
        8495.0111878336,
        8929.639667211133,
        9808.193491835236,
        9838.40830590961,
        9891.86528465658,
        9942.998046936289,
        10017.372973888596,
        11321.258412021194
    ],
    "R min": [
        0.021269331826845345,
        0.041148889810792955,
        0.04114888981005649,
        0.04114888995594838,
        0.04114888991997536,
        0.041148889920470694,
        0.04114888992003866,
        0.0411488899200107,
        0.041148889920990216,
        0.04114888982225666
    ],
    "t max": [
        7855.851659337228,
        8269.562190509425,
        8732.081267494072,
        9048.17470704137,
        9833.759872975093,
        9857.002037647688,
        9917.431665796434,
        9991.80659274874,
        10526.376380218433
    ],
    "R max": [
        0.04114888980863364,
        0.04114888994750151,
        0.04114889000244501,
        0.04114888994327684,
        0.04114888992044293,
        0.0411488899203672,
        0.04114888992016332,
        0.041148889921111535,
        0.04114888993495326
    ],
    "R end": 0.04114888981781235,
    "v end": 1.2334991932980639e-07,
    "t end": 11621.082336297673,
    "v max": 89.87572138327383
}