{
    "star": "MS10",
    "grain": "sil",
    "stream": {
        "L4": 0.64,
        "eta": 0.0066,
        "vinf": 120.0,
        "n": 39.810717055350096,
        "T": 8000.0,
        "kappa": 600.0,
        "cs": 10.19646997739904,
        "taustar": 0.003743680243915831,
        "Rstar": 0.023350759702260294,
        "Qp": 2.0,
        "a": 0.02,
        "rho_d": 3.5,
        "kappa_d": 214285.71428571426,
        "drag_constant": 0.025813602951507825,
        "phi_norm": 0.7,
        "Rstarstar": 0.06244126984126984,
        "Upstarstar": 19.369632396503327,
        "R0": 0.001986426452369251
    },
    "R sonic drift": 0.01499788418664912,
    "w sonic drift": 7.745966692414831,
    "R critical": 0.03169786384922229,
    "w critical": 38.7741595142002,
    "R equilib drift": 0.020000000000000004,
    "w equilib drift": 120.0,
    "t min": [
        1170.2521972430109,
        1857.5431702270012,
        2635.7559931221026,
        3415.9241246174433,
        4126.678800804301
    ],
    "R min": [
        0.009985293788397423,
        0.019449925499620924,
        0.01956466273791326,
        0.01956547385717357,
        0.019565479574916438
    ],
    "t max": [
        1452.794289977539,
        2245.671927374433,
        3026.8177131698926,
        3776.67856136153
    ],
    "R max": [
        0.021028388429733733,
        0.01957522251993691,
        0.019565547925534492,
        0.019565480368437572
    ],
    "R end": 0.01956547969632546,
    "v end": 5.2751470330985454e-08,
    "t end": 4888.271500597371,
    "v max": 79.22346485651447
}