{
    "star": "MS40",
    "grain": "gra",
    "stream": {
        "L4": 22.2,
        "eta": 0.4468,
        "vinf": 170.0,
        "n": 0.1995262314968889,
        "T": 10000.0,
        "kappa": 600.0,
        "cs": 11.4,
        "taustar": 0.00110183755936776,
        "Rstar": 1.3712601004633627,
        "Qp": 2.0,
        "a": 0.02,
        "rho_d": 2.2,
        "kappa_d": 340909.0909090908,
        "drag_constant": 0.003524939479880078,
        "phi_norm": 1.5,
        "Rstarstar": 1.7169385026737962,
        "Upstarstar": 141.8464069678185,
        "R0": 0.918103793664
    },
    "R sonic drift": 0.4226978079673296,
    "w sonic drift": 8.6559494714014,
    "R critical": 0.9463025179229617,
    "w critical": 48.41952977064848,
    "R equilib drift": 0.6109823834671645,
    "w equilib drift": 170.0,
    "t min": [
        23203.744949759224,
        38316.32653061666,
        54401.403708697864,
        70603.18035844591,
        86843.85683208294
    ],
    "R min": [
        0.28301805993759444,
        0.5813671249040329,
        0.6033401058706844,
        0.6042229686457496,
        0.6042573506210436
    ],
    "t max": [
        29252.667564491094,
        46271.34051590712,
        62492.567077599655,
        78713.79363929218,
        95090.61949654053
    ],
    "R max": [
        0.7478583308515614,
        0.6089544664834206,
        0.6044401638766801,
        0.6042658017037041,
        0.6042590097974111
    ],
    "R end": 0.6042589291571118,
    "v end": -6.071547754900825e-05,
    "t end": 97249.55972237731,
    "v max": 141.00115161910688
}