{
    "star": "MS10",
    "grain": "sil",
    "stream": {
        "L4": 0.64,
        "eta": 0.0066,
        "vinf": 200.0,
        "n": 0.1995262314968889,
        "T": 8000.0,
        "kappa": 600.0,
        "cs": 10.19646997739904,
        "taustar": 0.00015901935880574327,
        "Rstar": 0.19790294864944077,
        "Qp": 2.0,
        "a": 0.002,
        "rho_d": 3.5,
        "kappa_d": 2142857.1428571427,
        "drag_constant": 0.001676693293617175,
        "phi_norm": 0.7,
        "Rstarstar": 0.22478857142857148,
        "Upstarstar": 298.2059998112933,
        "R0": 0.016109212343933837
    },
    "R sonic drift": 0.21185074503545798,
    "w sonic drift": 7.745966692414831,
    "R critical": 0.44774422771366806,
    "w critical": 38.7741595142002,
    "R equilib drift": 0.1940375256755831,
    "w equilib drift": 200.0,
    "t min": [
        10233.01292794255,
        15908.813620768984,
        21907.76209026729,
        27948.13976190301,
        33996.803273966216,
        40020.60926474698
    ],
    "R min": [
        0.0887657941619894,
        0.1763565573398995,
        0.18464785553055113,
        0.18515430460403423,
        0.18518428599484954,
        0.18518605401992025
    ],
    "t max": [
        12577.905768920478,
        18866.858653380717,
        24932.093846298892,
        30972.471517934617,
        37021.13502999782
    ],
    "R max": [
        0.22871691084480036,
        0.18742364530042926,
        0.18531734430056038,
        0.18519391466154042,
        0.18518662852310744
    ],
    "R end": 0.1851861393577295,
    "v end": 7.464232560501206e-05,
    "t end": 41429.202137419226,
    "v max": 108.91493810830323
}