{
    "star": "MS10",
    "grain": "gra",
    "stream": {
        "L4": 0.64,
        "eta": 0.0066,
        "vinf": 60.0,
        "n": 10000.000000000144,
        "T": 8000.0,
        "kappa": 600.0,
        "cs": 10.19646997739904,
        "taustar": 0.1186666666666675,
        "Rstar": 0.002946666666666645,
        "Qp": 2.0,
        "a": 0.2,
        "rho_d": 2.2,
        "kappa_d": 34090.90909090909,
        "drag_constant": 2.6257860422406236,
        "phi_norm": 1.0,
        "Rstarstar": 0.03973535353535352,
        "Upstarstar": 0.19041917047184176,
        "R0": 0.000754473495059794
    },
    "R sonic drift": 0.0005970765237835921,
    "w sonic drift": 7.745966692414831,
    "R critical": 0.00133668783513723,
    "w critical": 43.32928075712418,
    "R equilib drift": 0.00133668783513723,
    "w equilib drift": 60.0,
    "t min": [
        90.29699543040549,
        126.8828470272077,
        158.0975842406496,
        189.2344792166515,
        220.7605853798534,
        259.21465067521575,
        299.14771848193817,
        354.6492337766615
    ],
    "R min": [
        0.0005338032061627429,
        0.0012778786476915678,
        0.0012800629157171857,
        0.001280118818977377,
        0.0012801202807062456,
        0.001280120317223649,
        0.0012801203190149024,
        0.0012801203224360586
    ],
    "t max": [
        111.62576848896678,
        142.52913675264867,
        173.66603172865055,
        204.88076894209246,
        245.2808901734549,
        273.6154646016166,
        333.7096719053003,
        372.86431733762265
    ],
    "R max": [
        0.0012924085895012413,
        0.0012804746951267168,
        0.001280129584618943,
        0.0012801205615389285,
        0.001280120320867956,
        0.0012801203194299274,
        0.0012801203218493298,
        0.0012801203215926289
    ],
    "R end": 0.0012801203204946504,
    "v end": -3.8663074175180466e-08,
    "t end": 389.21118720002363,
    "v max": 125.89969529395199
}