{
    "star": "MS10",
    "grain": "sil",
    "stream": {
        "L4": 0.64,
        "eta": 0.0066,
        "vinf": 100.0,
        "n": 1258.9254117941816,
        "T": 8000.0,
        "kappa": 600.0,
        "cs": 10.19646997739904,
        "taustar": 0.025262713313430718,
        "Rstar": 0.004982901022475526,
        "Qp": 2.0,
        "a": 0.002,
        "rho_d": 3.5,
        "kappa_d": 2142857.1428571427,
        "drag_constant": 169.26751168775178,
        "phi_norm": 0.7,
        "Rstarstar": 0.8991542857142858,
        "Upstarstar": 0.0029539041190748483,
        "R0": 0.0005493613173901083
    },
    "R sonic drift": 0.0026670428643266486,
    "w sonic drift": 7.745966692414831,
    "R critical": 0.0056367658625289105,
    "w critical": 38.7741595142002,
    "R equilib drift": 0.003990524629937758,
    "w equilib drift": 100.0,
    "t min": [
        239.08436625553108,
        912.3175686173101
    ],
    "R min": [
        0.0024933911148195763,
        0.003979215354016199
    ],
    "t max": [
        835.1262810828018,
        1032.4856270494095
    ],
    "R max": [
        0.003979215356883403,
        0.003979215358973331
    ],
    "R end": 0.003979215358115604,
    "v end": -7.233438992039581e-08,
    "t end": 1043.125507223085,
    "v max": 79.24694850209997
}