{
    "star": "MS40",
    "grain": "gra",
    "stream": {
        "L4": 22.2,
        "eta": 0.4468,
        "vinf": 300.0,
        "n": 0.12589254117941726,
        "T": 10000.0,
        "kappa": 600.0,
        "cs": 11.4,
        "taustar": 0.0004959583873084519,
        "Rstar": 0.9782447057698919,
        "Qp": 2.0,
        "a": 0.02,
        "rho_d": 2.2,
        "kappa_d": 340909.0909090908,
        "drag_constant": 0.00022933077123170898,
        "phi_norm": 1.5,
        "Rstarstar": 0.5513280303030301,
        "Upstarstar": 2180.256915871158,
        "R0": 0.6543742732484465
    },
    "R sonic drift": 0.5321450119597623,
    "w sonic drift": 8.6559494714014,
    "R critical": 1.191324287058022,
    "w critical": 48.41952977064848,
    "R equilib drift": 0.5636765862528911,
    "w equilib drift": 300.0,
    "t min": [
        17108.360097916066,
        30525.865543726966,
        42861.09030207845,
        55307.318207861674,
        67781.29690050283
    ],
    "R min": [
        0.22339954357186348,
        0.4473715059169272,
        0.5224077616952618,
        0.5387770110349986,
        0.5419824250370994
    ],
    "t max": [
        22658.51746950279,
        36409.03235760889,
        49021.76498453971,
        61537.36985746777
    ],
    "R max": [
        0.9192700875467413,
        0.5939679591266763,
        0.5519857677715804,
        0.5444854563834667
    ],
    "R end": 0.5421967870931851,
    "v end": 0.23221970876534245,
    "t end": 69376.96714483401,
    "v max": 219.10319220554186
}