{
    "star": "MS20",
    "grain": "gra",
    "stream": {
        "L4": 5.45,
        "eta": 0.1199,
        "vinf": 500.0,
        "n": 100000.00000000163,
        "T": 9000.0,
        "kappa": 600.0,
        "cs": 10.814989597775858,
        "taustar": 0.13140692523607833,
        "Rstar": 0.00032630258963115547,
        "Qp": 2.0,
        "a": 0.02,
        "rho_d": 2.2,
        "kappa_d": 340909.0909090908,
        "drag_constant": 5.216189617562066,
        "phi_norm": 1.5,
        "Rstarstar": 0.048725477272727254,
        "Upstarstar": 0.0958554110679913,
        "R0": 0.00016016311666947994
    },
    "R sonic drift": 0.0002992471312188866,
    "w sonic drift": 9.672835454459698,
    "R critical": 0.0007096267784671508,
    "w critical": 48.41952977064848,
    "R equilib drift": 0.00025178508235883354,
    "w equilib drift": 500.0,
    "t min": [
        8.665686536781767,
        9.288342565626701,
        9.31643231128888,
        10.042084074228466,
        10.196577675370442,
        10.294891785188064,
        10.402569143559743,
        10.43065888922192,
        10.458748634884099,
        10.468111883438159,
        10.538336247593602,
        11.582338461371199,
        14.419402773251129,
        15.44467848992061,
        18.408146657280337
    ],
    "R min": [
        0.0002469695192789306,
        0.0002469695192941701,
        0.00024696951932027427,
        0.0002469695192064531,
        0.0002469695194606873,
        0.00024696951932204927,
        0.00024696951935604096,
        0.00024696951936786885,
        0.00024696951937163076,
        0.00024696951937098555,
        0.00024696951932696775,
        0.00024696951919315964,
        0.00024696951936164124,
        0.0002469695194191348,
        0.00024696951926150303
    ],
    "t max": [
        8.998081860450867,
        9.30238743845779,
        9.793957987545896,
        10.154443056877176,
        10.234030669586678,
        10.32766315512727,
        10.425977264944892,
        10.44938538633004,
        10.463430259161127,
        10.472793507715187,
        10.955000808249235,
        13.333265940980267,
        14.765842969751318,
        16.268644362677815,
        20.01862540857852
    ],
    "R max": [
        0.00024696951936902905,
        0.00024696951929717675,
        0.0002469695195558591,
        0.00024696951955696954,
        0.0002469695194748332,
        0.0002469695193818166,
        0.00024696951936924595,
        0.00024696951937252604,
        0.00024696951937249823,
        0.0002469695193717753,
        0.00024696951971352687,
        0.00024696951944543565,
        0.0002469695193411312,
        0.0002469695194076352,
        0.00024696951923550197
    ],
    "R end": 0.00024696951930165966,
    "v end": -7.31523576350957e-09,
    "t end": 23.40812138514794,
    "v max": 5.862334859419083e-06
}