{
    "star": "MS10",
    "grain": "sil",
    "stream": {
        "L4": 0.64,
        "eta": 0.0066,
        "vinf": 40.0,
        "n": 0.6309573444801969,
        "T": 8000.0,
        "kappa": 600.0,
        "cs": 10.19646997739904,
        "taustar": 0.0014139042578092253,
        "Rstar": 0.5564450320130203,
        "Qp": 2.0,
        "a": 0.02,
        "rho_d": 3.5,
        "kappa_d": 214285.71428571426,
        "drag_constant": 0.03313856090849837,
        "phi_norm": 0.7,
        "Rstarstar": 0.5619714285714286,
        "Upstarstar": 15.088162741302845,
        "R0": 0.04599932040098997
    },
    "R sonic drift": 0.1191324287058022,
    "w sonic drift": 7.745966692414831,
    "R critical": 0.2517850823588335,
    "w critical": 38.7741595142002,
    "R equilib drift": 0.2517850823588335,
    "w equilib drift": 40.0,
    "t min": [
        28376.17526160984,
        62087.444230041234,
        95822.01055090416
    ],
    "R min": [
        0.08010834794378943,
        0.08011165187565628,
        0.08009869641884994
    ],
    "t max": [
        44870.70078313674,
        78581.96975156813,
        112293.23871999953
    ],
    "R max": [
        0.5734668556524427,
        0.5734666701771322,
        0.5734664782656976
    ],
    "R end": 0.5408479646784634,
    "v end": -16.97754773121295,
    "t end": 116486.76215767585,
    "v max": 58.20252043546243
}