{
    "star": "MS40",
    "grain": "gra",
    "stream": {
        "L4": 22.2,
        "eta": 0.4468,
        "vinf": 20.0,
        "n": 10.000000000000082,
        "T": 10000.0,
        "kappa": 600.0,
        "cs": 11.4,
        "taustar": 0.06630350669459373,
        "Rstar": 1.6464129190455163,
        "Qp": 2.0,
        "a": 0.02,
        "rho_d": 2.2,
        "kappa_d": 340909.0909090908,
        "drag_constant": 922.2047775697383,
        "phi_norm": 1.5,
        "Rstarstar": 124.04880681818177,
        "Upstarstar": 0.000542178930494848,
        "R0": 1.209432567941518
    },
    "R sonic drift": 0.05970765237835921,
    "w sonic drift": 8.6559494714014,
    "R critical": 0.133668783513723,
    "w critical": 48.41952977064848,
    "R equilib drift": 0.07128926913151737,
    "w equilib drift": 20.0,
    "t min": [
        28093.263492097707,
        34258.368697346086,
        40446.82657382647,
        46635.28445030684,
        52823.74232678722,
        58988.84753203559,
        65177.30540851597,
        71365.76328499636,
        77530.86849024471,
        83719.3263667251,
        89907.78424320547,
        96096.24211968585,
        102261.34732493422,
        108449.80520141461,
        114638.26307789498
    ],
    "R min": [
        0.056208588455041,
        0.056327749534669416,
        0.05627794077812758,
        0.05623337840067724,
        0.05620451274133249,
        0.05631498477186908,
        0.05626615107524564,
        0.05622380796646165,
        0.056353803972583105,
        0.05630241356005904,
        0.05625473178964453,
        0.05621536275922082,
        0.0563407162858944,
        0.05629006359437198,
        0.05624377018214554
    ],
    "t max": [
        28957.31232768176,
        35145.770204162145,
        41334.22808064252,
        47499.33328589089,
        53687.79116237127,
        59876.249038851645,
        66064.70691533202,
        72229.81212058039,
        78418.26999706078,
        84606.72787354115,
        90795.18575002153,
        96960.29095526991,
        103148.74883175027,
        109337.20670823067,
        115502.31191347903
    ],
    "R max": [
        0.1433317242255742,
        0.14343454639309985,
        0.1435049713863106,
        0.14323952649758545,
        0.14335978832747728,
        0.1434557644499196,
        0.14351513931039703,
        0.14327147395788617,
        0.14338635897621316,
        0.14347478552205817,
        0.14352102805404174,
        0.143302207522146,
        0.14341131101725518,
        0.14349131218619152,
        0.14320636091285557
    ],
    "R end": 0.12060797979098262,
    "v end": -17.86168421405182,
    "t end": 116763.3561600071,
    "v max": 218.94087612609297
}