{
    "star": "MS10",
    "grain": "gra",
    "stream": {
        "L4": 0.64,
        "eta": 0.0066,
        "vinf": 10.0,
        "n": 50118.723362727964,
        "T": 8000.0,
        "kappa": 600.0,
        "cs": 10.19646997739904,
        "taustar": 1.5939694506606694,
        "Rstar": 0.00789736590922897,
        "Qp": 2.0,
        "a": 0.02,
        "rho_d": 2.2,
        "kappa_d": 340909.0909090908,
        "drag_constant": 1705549.533619556,
        "phi_norm": 1.0,
        "Rstarstar": 14.304727272727268,
        "Upstarstar": 2.9316064420532456e-07,
        "R0": 0.007749075177155438
    },
    "R sonic drift": 0.00026670428643266484,
    "w sonic drift": 7.745966692414831,
    "R critical": 0.0005970765237835921,
    "w critical": 43.32928075712418,
    "R equilib drift": 0.00026670428643266484,
    "w equilib drift": 10.0,
    "t min": [
        288.1112650950161,
        288.7371403993499,
        289.780265906573,
        291.03201651524074,
        292.9096424282423,
        294.99589344268844,
        296.24764405135613,
        297.0821444571346,
        297.4993946600239,
        300.6287711816931,
        304.1753979062516,
        304.80127321058546,
        306.05302381925316,
        306.8875242250316,
        307.7220246308101,
        308.3478999351439,
        308.76515013803316,
        309.59965054381166,
        311.6859015582578,
        312.31177686259167,
        313.56352747125936,
        315.2325282828163,
        315.8584035871501,
        316.484278891484,
        318.15327970304094,
        319.40503031170863,
        320.6567809203763,
        324.41203274637945,
        325.2465331521579,
        325.87240845649177,
        326.70690886227027,
        327.5414092680487,
        328.37590967382715,
        329.001784978161,
        330.46216068827334,
        331.71391129694103,
        332.5484117027195,
        334.00878741283185,
        335.26053802149954,
        335.88641332583336,
        336.72091373161186,
        338.1812894417242,
        339.0157898475026,
        341.1020408619488,
        351.1160457312904,
        357.16617367318435,
        358.2092991804074,
        359.4610497890751,
        360.29555019485355,
        361.7559259049659,
        362.38180120929974,
        363.84217691941205,
        364.6766773251905,
        365.09392752807975,
        367.38880364397056,
        368.0146789483044,
        369.26642955697207,
        369.6836797598613,
        372.3958060786414,
        375.10793239742134,
        376.3596830060891,
        376.77693320897833,
        377.8200587162014,
        378.86318422342447,
        380.3235599335368,
        381.1580603393153,
        381.57531054220453,
        381.9925607450937,
        382.6184360494276,
        386.58231297687536,
        388.6685639913215,
        392.21519071588,
        394.0928166288815,
        394.51006683177076,
        396.3876927447723,
        399.09981906355233,
        400.1429445707754,
        401.1860700779985,
        402.2291955852216,
        403.6895712953339,
        404.732696802557,
        405.3585721068908,
        410.7828247444509,
        489.01723778618225,
        623.1631780150709
    ],
    "R min": [
        0.00025306760272818225,
        0.0002530676027723858,
        0.0002530676028717782,
        0.0002530676028059568,
        0.00025306760258790806,
        0.00025306760272916676,
        0.0002530676030024765,
        0.00025306760284742063,
        0.0002530676028291544,
        0.000253067602850201,
        0.00025306760271179957,
        0.0002530676027356883,
        0.0002530676028955627,
        0.000253067602686189,
        0.0002530676027202498,
        0.000253067602745477,
        0.0002530676027418487,
        0.0002530676026732835,
        0.00025306760261876115,
        0.0002530676026703271,
        0.00025306760205757995,
        0.00025306760260602015,
        0.00025306760261680796,
        0.0002530676027011708,
        0.00025306760263265785,
        0.0002530676028375848,
        0.0002530676027033106,
        0.00025306760276753906,
        0.00025306760273353647,
        0.0002530676027305025,
        0.00025306760266988334,
        0.00025306760273270646,
        0.0002530676029525249,
        0.0002530676029227212,
        0.0002530676027562826,
        0.0002530676026277238,
        0.0002530676026039563,
        0.0002530676027989719,
        0.0002530676028309146,
        0.0002530676029175893,
        0.0002530676028305942,
        0.0002530676027772482,
        0.0002530676027369062,
        0.0002530676026260109,
        0.0002530676021805797,
        0.0002530676026756522,
        0.0002530676028208722,
        0.0002530676028508109,
        0.00025306760282280523,
        0.00025306760277357004,
        0.0002530676027719749,
        0.00025306760293248686,
        0.00025306760294853186,
        0.00025306760297801484,
        0.00025306760276248093,
        0.0002530676026835482,
        0.0002530676028937832,
        0.0002530676028779158,
        0.0002530676028323,
        0.0002530676028839088,
        0.00025306760269779943,
        0.00025306760266303313,
        0.00025306760270340514,
        0.00025306760281113764,
        0.0002530676027070755,
        0.0002530676027618316,
        0.0002530676027637625,
        0.00025306760273672446,
        0.0002530676027602702,
        0.00025306760216901153,
        0.00025306760270130964,
        0.0002530676025125466,
        0.00025306760286816755,
        0.0002530676028258902,
        0.00025306760207673,
        0.00025306760262425393,
        0.0002530676027554419,
        0.00025306760266863884,
        0.0002530676028362263,
        0.00025306760275320135,
        0.0002530676028298122,
        0.00025306760288529946,
        0.0002530676027937965,
        0.00025306760282878054,
        0.00025306760280177724
    ],