{
    "star": "MS10",
    "grain": "gra",
    "stream": {
        "L4": 0.64,
        "eta": 0.0066,
        "vinf": 10.0,
        "n": 1258.9254117941816,
        "T": 8000.0,
        "kappa": 600.0,
        "cs": 10.19646997739904,
        "taustar": 0.2526271331343072,
        "Rstar": 0.049829010224755256,
        "Qp": 2.0,
        "a": 0.2,
        "rho_d": 2.2,
        "kappa_d": 34090.90909090909,
        "drag_constant": 428.4146731766444,
        "phi_norm": 1.0,
        "Rstarstar": 1.4304727272727271,
        "Upstarstar": 0.0011670935458222256,
        "R0": 0.023147858797732148
    },
    "R sonic drift": 0.0016827902832903898,
    "w sonic drift": 7.745966692414831,
    "R critical": 0.0037672981789796047,
    "w critical": 43.32928075712418,
    "R equilib drift": 0.0016827902832903898,
    "w equilib drift": 10.0,
    "t min": [
        1745.460740392129,
        1784.9508023919511,
        1825.757199791767,
        1866.563597191583,
        1908.686329991393,
        1932.3803671912863,
        1963.9724167911438,
        2000.8298079909775,
        2035.0545283908234,
        2067.9629133906747,
        2085.0752735905976,
        2098.2386275905383,
        2135.096018790372,
        2144.3103665903304,
        2187.7494347901343,
        4630.867937179118
    ],
    "R min": [
        0.0015962566479643463,
        0.0015967175022668664,
        0.001596746775690127,
        0.0015967485218389152,
        0.001596748620783961,
        0.0015967486266190488,
        0.001596748625318251,
        0.001596748625350295,
        0.0015967486257333831,
        0.0015967486266704745,
        0.0015967486260688502,
        0.0015967486258428292,
        0.0015967486260587507,
        0.0015967486260506124,
        0.0015967486264194938,
        0.0015967486264335275
    ],
    "t max": [
        1765.20577139204,
        1806.0121687918563,
        1846.818566191672,
        1887.624963591488,
        1929.7476963912982,
        1946.860056591221,
        1982.4011123910607,
        2023.2075097908767,
        2048.217882390764,
        2075.860925790639,
        2090.3406151905738,
        2112.718316990473,
        2141.6776957903426,
        2170.637074590212,
        2227.239496789957
    ],
    "R max": [
        0.0015968834323951285,
        0.0015967563690142477,
        0.0015967490798978277,
        0.0015967486513019465,
        0.001596748626896418,
        0.0015967486272729957,
        0.0015967486278567814,
        0.0015967486266148703,
        0.0015967486271462696,
        0.0015967486273208696,
        0.0015967486263224243,
        0.0015967486287744037,
        0.0015967486260722921,
        0.001596748626477929,
        0.0015967486265113997
    ],
    "R end": 0.0015967486264424078,
    "v end": 1.236349121381922e-11,
    "t end": 6581.676999970321,
    "v max": 0.05037966499026972
}