{
    "star": "MS10",
    "grain": "gra",
    "stream": {
        "L4": 0.64,
        "eta": 0.0066,
        "vinf": 140.0,
        "n": 15848.931924611368,
        "T": 8000.0,
        "kappa": 600.0,
        "cs": 10.19646997739904,
        "taustar": 0.06402534951410382,
        "Rstar": 0.0010031230849946566,
        "Qp": 2.0,
        "a": 0.2,
        "rho_d": 2.2,
        "kappa_d": 34090.90909090909,
        "drag_constant": 0.1403951787920586,
        "phi_norm": 1.0,
        "Rstarstar": 0.007298330241187381,
        "Upstarstar": 3.5613758556521207,
        "R0": 0.00016688714485292146
    },
    "R sonic drift": 0.00047427474113233113,
    "w sonic drift": 7.745966692414831,
    "R critical": 0.001061768888461977,
    "w critical": 43.32928075712418,
    "R equilib drift": 0.0006656314851899389,
    "w equilib drift": 140.0,
    "t min": [
        30.818978503842263,
        100.35380188654399
    ],
    "R min": [
        0.00039155640954223133,
        0.000651466922485202
    ],
    "t max": [
        72.26427719688552
    ],
    "R max": [
        0.0006514669235917001
    ],
    "R end": 0.0006514669233518992,
    "v end": 2.149923302254214e-08,
    "t end": 132.49775797008712,
    "v max": 96.60625235056561
}