{
    "star": "MS10",
    "grain": "sil",
    "stream": {
        "L4": 0.64,
        "eta": 0.0066,
        "vinf": 30.0,
        "n": 3.162277660168402,
        "T": 8000.0,
        "kappa": 600.0,
        "cs": 10.19646997739904,
        "taustar": 0.004220449799825725,
        "Rstar": 0.33140648764551117,
        "Qp": 2.0,
        "a": 0.02,
        "rho_d": 3.5,
        "kappa_d": 214285.71428571426,
        "drag_constant": 0.5249145258072234,
        "phi_norm": 0.7,
        "Rstarstar": 0.9990603174603172,
        "Upstarstar": 0.9525360328542831,
        "R0": 0.02835805003482419
    },
    "R sonic drift": 0.05321450119597623,
    "w sonic drift": 7.745966692414831,
    "R critical": 0.11246826503806984,
    "w critical": 38.7741595142002,
    "R equilib drift": 0.09672696116337913,
    "w equilib drift": 30.0,
    "t min": [
        16692.098295047064,
        27598.157530214972,
        38504.21676538288,
        49424.15139397975,
        60330.21062914766
    ],
    "R min": [
        0.043593318658760524,
        0.04359816784460822,
        0.043605884309097426,
        0.04359236802157778,
        0.04359628471286675
    ],
    "t max": [
        21215.476552890243,
        32121.53578805815,
        43027.59502322606,
        53947.52965182293,
        64853.58888699084
    ],
    "R max": [
        0.20818084515271124,
        0.2081804440028342,
        0.20817963033725018,
        0.2081809301083313,
        0.20818062500034296
    ],
    "R end": 0.08854526981341117,
    "v end": -27.26604660577327,
    "t end": 69376.96714483402,
    "v max": 67.04371053009045
}