{
    "star": "MS10",
    "grain": "sil",
    "stream": {
        "L4": 0.64,
        "eta": 0.0066,
        "vinf": 10.0,
        "n": 0.10000000000000041,
        "T": 8000.0,
        "kappa": 600.0,
        "cs": 10.19646997739904,
        "taustar": 0.002251541694039891,
        "Rstar": 5.590906903177683,
        "Qp": 2.0,
        "a": 0.02,
        "rho_d": 3.5,
        "kappa_d": 214285.71428571426,
        "drag_constant": 1.3445396375510255,
        "phi_norm": 0.7,
        "Rstarstar": 8.991542857142857,
        "Upstarstar": 0.3718744959506817,
        "R0": 0.46696755563663356
    },
    "R sonic drift": 0.2992471312188869,
    "w sonic drift": 7.745966692414831,
    "R critical": 0.632455532033676,
    "w critical": 38.7741595142002,
    "R equilib drift": 0.2992471312188869,
    "w equilib drift": 10.0,
    "t min": [
        311796.1768501709,
        348781.0086387047,
        384829.5155718326,
        420878.0225049604,
        456692.44822423684,
        492506.87394351314,
        528321.2996627896,
        564369.8065959174,
        600184.2323151939,
        635998.6580344702,
        671813.0837537466,
        707627.509473023,
        743441.9351922994,
        779490.4421254272,
        815304.8678447036,
        851119.29356398,
        886933.7192832564,
        922748.1450025328,
        958562.5707218093,
        994376.9964410856,
        1030191.4221603619,
        1066005.8478796384,
        1101586.1923850633,
        1137166.5368904881
    ],
    "R min": [
        0.2773618525181367,
        0.28006798326795146,
        0.28174818949027564,
        0.2828127737851834,
        0.28348148793097416,
        0.28389482903713825,
        0.2841473060844179,
        0.2843000714363844,
        0.28439229318450343,
        0.28444769780442763,
        0.28448091797421937,
        0.28450080579690484,
        0.2845127049925538,
        0.2845198130250071,
        0.28452406425234067,
        0.28452660642235733,
        0.28452812425743274,
        0.2845290307149637,
        0.2845295714459445,
        0.2845298971510608,
        0.2845300871375097,
        0.28453019925090706,
        0.2845302635268548,
        0.284530304032905
    ],
    "t max": [
        330054.5115305863,
        366571.18089141714,
        402619.687824545,
        438668.1947576729,
        474482.6204769493,
        510531.12741007714,
        546345.5531293536,
        582159.97884863,
        617974.4045679064,
        653788.8302871827,
        689837.3372203106,
        725651.762939587,
        761466.1886588634,
        797280.6143781397,
        833095.0400974161,
        868909.4658166926,
        904957.9727498204,
        940772.3984690967,
        976586.8241883733,
        1012401.2499076496,
        1048215.6756269259,
        1083796.0201323507,
        1119376.3646377756,
        1154956.7091432007
    ],
    "R max": [
        0.29408382699689367,
        0.28924014634128,
        0.287119726368874,
        0.2860149567779853,
        0.285397190188356,
        0.28504210807845715,
        0.28483388823964684,
        0.2847109341920482,
        0.2846379714650363,
        0.284594546822315,
        0.28456869829273995,
        0.28455324452585057,
        0.28454401844713034,
        0.2845385054453164,
        0.28453521803018456,
        0.28453325194129914,
        0.28453207954880816,
        0.2845313787195179,
        0.2845309592060171,
        0.2845307097891155,
        0.28453056465866305,
        0.2845304802400404,
        0.2845304279590533,
        0.2845303970573375
    ],
    "R end": 0.2845303276421743,
    "v end": -1.8941770501637967e-06,
    "t end": 1170406.0692573984,
    "v max": 1.4192816508463655
}