{
    "star": "MS10",
    "grain": "gra",
    "stream": {
        "L4": 0.64,
        "eta": 0.0066,
        "vinf": 70.0,
        "n": 1000.0000000000123,
        "T": 8000.0,
        "kappa": 600.0,
        "cs": 10.19646997739904,
        "taustar": 0.03216488134342713,
        "Rstar": 0.007987009861682371,
        "Qp": 2.0,
        "a": 0.2,
        "rho_d": 2.2,
        "kappa_d": 34090.90909090909,
        "drag_constant": 0.14173339070153437,
        "phi_norm": 1.0,
        "Rstarstar": 0.029193320964749525,
        "Upstarstar": 3.5277502183865215,
        "R0": 0.0009534293839305355
    },
    "R sonic drift": 0.0018881217525718475,
    "w sonic drift": 7.745966692414831,
    "R critical": 0.004226978079673296,
    "w critical": 43.32928075712418,
    "R equilib drift": 0.003990524629937758,
    "w equilib drift": 70.0,
    "t min": [
        247.4950589314802,
        386.53959758096477,
        543.9405472509428,
        701.763483381162,
        859.797412741502,
        1018.6753150223242
    ],
    "R min": [
        0.0015336162618455648,
        0.003735539316415894,
        0.003862739141336057,
        0.003867752585947846,
        0.0038679562077968198,
        0.0038679645315740072
    ],
    "t max": [
        307.4171362857345,
        465.02907918583315,
        622.8520153160524,
        780.8859446763922,
        939.1308672668528
    ],
    "R max": [
        0.00438108107908996,
        0.0038936627156413994,
        0.0038690169620268274,
        0.00386800767939652,
        0.0038679665855760005
    ],
    "R end": 0.003867964762723023,
    "v end": 6.731004106735521e-06,
    "t end": 1054.9661506030698,
    "v max": 102.75535835160551
}