{
    "star": "MS40",
    "grain": "gra",
    "stream": {
        "L4": 22.2,
        "eta": 0.4468,
        "vinf": 50.0,
        "n": 1995.2623149689073,
        "T": 10000.0,
        "kappa": 600.0,
        "cs": 11.4,
        "taustar": 0.37462477018504026,
        "Rstar": 0.046622843415754116,
        "Qp": 2.0,
        "a": 0.02,
        "rho_d": 2.2,
        "kappa_d": 340909.0909090908,
        "drag_constant": 4710.50352478507,
        "phi_norm": 1.5,
        "Rstarstar": 19.847809090909088,
        "Upstarstar": 0.00010614576496316578,
        "R0": 0.04588040412301739
    },
    "R sonic drift": 0.004226978079673296,
    "w sonic drift": 8.6559494714014,
    "R critical": 0.009463025179229607,
    "w critical": 48.41952977064848,
    "R equilib drift": 0.009463025179229607,
    "w equilib drift": 50.0,
    "t min": [
        764.4593390656637,
        957.558064850416,
        1150.6567906351684,
        1343.755516419921,
        1536.1929451985611,
        1729.2916709833135,
        1922.3903967680658,
        2115.489122552818,
        2307.9265513314585,
        2501.025277116211,
        2694.124002900963,
        2887.2227286857155,
        3080.3214544704683,
        3272.7588832491083
    ],
    "R min": [
        0.004010687595629628,
        0.004004827483391984,
        0.003999019336665861,
        0.003993345890506419,
        0.0040136541930589865,
        0.004007775424738694,
        0.004001938170705772,
        0.003996172526573087,
        0.004016628385258219,
        0.004010733493869601,
        0.004004873232080176,
        0.0039990644444883915,
        0.003993388714701709,
        0.004013700249126089
    ],
    "t max": [
        843.8149797991234,
        1036.2524085777638,
        1229.3511343625162,
        1422.4498601472685,
        1615.5485859320208,
        1808.6473117167734,
        2001.0847404954136,
        2194.183466280166,
        2387.2821920649185,
        2580.380917849671,
        2772.8183466283112,
        2965.9170724130636,
        3159.015798197816
    ],
    "R max": [
        0.009341505543710523,
        0.009339488499885137,
        0.00934025883476238,
        0.00934089076453939,
        0.009341352137330203,
        0.009341594080801062,
        0.00933988634430221,
        0.009340591264609283,
        0.009341143530308838,
        0.009341503625475442,
        0.00933948194328912,
        0.009340253319681253,
        0.009340886366730262
    ],
    "R end": 0.007879513333890052,
    "v end": 57.04199278551314,
    "t end": 3306.485030560829,
    "v max": 269.06379928154945
}