{
    "star": "MS10",
    "grain": "sil",
    "stream": {
        "L4": 0.64,
        "eta": 0.0066,
        "vinf": 200.0,
        "n": 0.12589254117941726,
        "T": 8000.0,
        "kappa": 600.0,
        "cs": 10.19646997739904,
        "taustar": 0.00012631356656715313,
        "Rstar": 0.24914505112377722,
        "Qp": 2.0,
        "a": 0.02,
        "rho_d": 3.5,
        "kappa_d": 214285.71428571426,
        "drag_constant": 1.0579219480484405e-05,
        "phi_norm": 0.7,
        "Rstarstar": 0.022478857142857144,
        "Upstarstar": 47262.465905197925,
        "R0": 0.0202721341778187
    },
    "R sonic drift": 0.26670428643266486,
    "w sonic drift": 7.745966692414831,
    "R critical": 0.5636765862528911,
    "w critical": 38.7741595142002,
    "R equilib drift": 0.2442787719146548,
    "w equilib drift": 200.0,
    "t min": [
        13153.812646083103
    ],
    "R min": [
        0.019822722661963856
    ],
    "t max": [
        33296.56619056088
    ],
    "R max": [
        1.6175386609986353
    ],
    "R end": 0.8755877385716624,
    "v end": -69.1668719943805,
    "t end": 52156.27536115426,
    "v max": 182.24530496858594
}