{
    "star": "MS10",
    "grain": "gra",
    "stream": {
        "L4": 0.64,
        "eta": 0.0066,
        "vinf": 200.0,
        "n": 50.11872336272776,
        "T": 8000.0,
        "kappa": 600.0,
        "cs": 10.19646997739904,
        "taustar": 0.0025202869924075447,
        "Rstar": 0.012486831894465082,
        "Qp": 2.0,
        "a": 0.02,
        "rho_d": 2.2,
        "kappa_d": 340909.0909090908,
        "drag_constant": 0.01065968458512219,
        "phi_norm": 1.0,
        "Rstarstar": 0.03576181818181818,
        "Upstarstar": 46.905703072852106,
        "R0": 0.0010463865962797238
    },
    "R sonic drift": 0.008433930068571646,
    "w sonic drift": 7.745966692414831,
    "R critical": 0.018881217525718474,
    "w critical": 43.32928075712418,
    "R equilib drift": 0.009180909955917275,
    "w equilib drift": 200.0,
    "t min": [
        393.5292418474341,
        570.6668804661031,
        767.9262992630566,
        965.8454485576589,
        1098.7811438338667,
        1211.9249241806144,
        1332.985470499146,
        1490.0013289395304
    ],
    "R min": [
        0.005695315608742394,
        0.009011750867289592,
        0.009044852219079273,
        0.009045042655330095,
        0.009045043818685693,
        0.009045043782029943,
        0.009045043789879574,
        0.00904504382509095
    ],
    "t max": [
        468.73851857938297,
        668.9667246157555,
        866.5560086615334,
        1061.1765054678922,
        1154.1985056363553,
        1271.6305342178193,
        1395.0001372781214,
        1574.1169673897364
    ],
    "R max": [
        0.009515379243011135,
        0.009047574823874234,
        0.009045058369161902,
        0.00904504389840091,
        0.00904504383703277,
        0.009045043855473136,
        0.009045043841826625,
        0.009045043827742752
    ],
    "R end": 0.009045043810126736,
    "v end": -4.331234468578619e-07,
    "t end": 1649.3262441216852,
    "v max": 96.79546887088533
}