{
    "star": "MS20",
    "grain": "gra",
    "stream": {
        "L4": 5.45,
        "eta": 0.1199,
        "vinf": 140.0,
        "n": 0.015848931924611172,
        "T": 9000.0,
        "kappa": 600.0,
        "cs": 10.814989597775858,
        "taustar": 0.00018683585427453473,
        "Rstar": 2.927268026646228,
        "Qp": 2.0,
        "a": 0.02,
        "rho_d": 2.2,
        "kappa_d": 340909.0909090908,
        "drag_constant": 0.00013449967812012478,
        "phi_norm": 1.5,
        "Rstarstar": 0.621498434601113,
        "Upstarstar": 3717.4810154819734,
        "R0": 1.0141598178525357
    },
    "R sonic drift": 0.7516748085768887,
    "w sonic drift": 9.672835454459698,
    "R critical": 1.782501876267492,
    "w critical": 48.41952977064848,
    "R equilib drift": 1.2538161410137731,
    "w equilib drift": 140.0,
    "t min": [
        52162.70698439083,
        163711.94188820888
    ],
    "R min": [
        0.2891080372234961,
        0.7557176554642268
    ],
    "t max": [
        98235.56492471026,
        203148.96431843675
    ],
    "R max": [
        3.3064517444974917,
        1.6162570644950045
    ],
    "R end": 1.585859047088426,
    "v end": -8.372710982893356,
    "t end": 209994.79462315145,
    "v max": 130.46278134361216
}