{
    "star": "MS10",
    "grain": "gra",
    "stream": {
        "L4": 0.64,
        "eta": 0.0066,
        "vinf": 120.0,
        "n": 0.12589254117941726,
        "T": 8000.0,
        "kappa": 600.0,
        "cs": 10.19646997739904,
        "taustar": 0.0002105226109452552,
        "Rstar": 0.415241751872962,
        "Qp": 2.0,
        "a": 0.02,
        "rho_d": 2.2,
        "kappa_d": 340909.0909090908,
        "drag_constant": 0.000206604298406945,
        "phi_norm": 1.0,
        "Rstarstar": 0.0993383838383838,
        "Upstarstar": 2420.0851766169862,
        "R0": 0.033821928934094636
    },
    "R sonic drift": 0.16827902832903915,
    "w sonic drift": 7.745966692414831,
    "R critical": 0.37672981789796045,
    "w critical": 43.32928075712418,
    "R equilib drift": 0.26169542447692984,
    "w equilib drift": 120.0,
    "t min": [
        13711.827083271513,
        45819.44138146009
    ],
    "R min": [
        0.05280645133316121,
        0.15117463770801456
    ],
    "t max": [
        26798.394851545843
    ],
    "R max": [
        0.7495324049152231
    ],
    "R end": 0.3427512852574926,
    "v end": 8.454382740250006,
    "t end": 54847.30833308605,
    "v max": 110.00745134530466
}