{
    "star": "MS10",
    "grain": "sil",
    "stream": {
        "L4": 0.64,
        "eta": 0.0066,
        "vinf": 70.0,
        "n": 125.89254117941816,
        "T": 8000.0,
        "kappa": 600.0,
        "cs": 10.19646997739904,
        "taustar": 0.011412530563757179,
        "Rstar": 0.02251045226600647,
        "Qp": 2.0,
        "a": 0.02,
        "rho_d": 3.5,
        "kappa_d": 214285.71428571426,
        "drag_constant": 0.704987553884847,
        "phi_norm": 0.7,
        "Rstarstar": 0.18350087463556847,
        "Upstarstar": 0.7092323789898713,
        "R0": 0.002103303595688364
    },
    "R sonic drift": 0.008433930068571646,
    "w sonic drift": 7.745966692414831,
    "R critical": 0.01782501876267492,
    "w critical": 38.7741595142002,
    "R equilib drift": 0.01623448459945481,
    "w equilib drift": 70.0,
    "t min": [
        1101.749931073286,
        1799.1793143018842,
        2511.6882517624526,
        2955.5926294660603,
        3321.2718195913258,
        4458.83569196554
    ],
    "R min": [
        0.007076507162631149,
        0.015739924068019575,
        0.015741817475173586,
        0.01574181839652553,
        0.01574181832959826,
        0.015741818371732167
    ],
    "t max": [
        1438.2124848741096,
        2160.146143729659,
        2810.451919983352,
        3060.20703695035,
        3831.1492470598014
    ],
    "R max": [
        0.015831379213308867,
        0.015741857734032534,
        0.01574181844905836,
        0.01574181839776251,
        0.015741818390101962
    ],
    "R end": 0.015741818374246305,
    "v end": 2.3119363940774355e-08,
    "t end": 4712.36069749053,
    "v max": 86.68494040358762
}