{
    "star": "MS10",
    "grain": "gra",
    "stream": {
        "L4": 0.64,
        "eta": 0.0066,
        "vinf": 80.0,
        "n": 1.2589254117941753,
        "T": 8000.0,
        "kappa": 600.0,
        "cs": 10.19646997739904,
        "taustar": 0.0009985964243287508,
        "Rstar": 0.1969664573275571,
        "Qp": 2.0,
        "a": 0.02,
        "rho_d": 2.2,
        "kappa_d": 340909.0909090908,
        "drag_constant": 0.01045934260685162,
        "phi_norm": 1.0,
        "Rstarstar": 0.22351136363636356,
        "Upstarstar": 47.80415163687862,
        "R0": 0.016199513084349675
    },
    "R sonic drift": 0.05321450119597623,
    "w sonic drift": 7.745966692414831,
    "R critical": 0.1191324287058022,
    "w critical": 43.32928075712418,
    "R equilib drift": 0.1059386913645896,
    "w equilib drift": 80.0,
    "t min": [
        6243.927043035062,
        12378.58536281701,
        18669.341858674834,
        25048.55398764232
    ],
    "R min": [
        0.03525952408343336,
        0.08679257260183408,
        0.10076995600280506,
        0.10261758410130478
    ],
    "t max": [
        8757.107677856675,
        15406.889978689016,
        21843.33810555099
    ],
    "R max": [
        0.15185936882963363,
        0.10904529714416737,
        0.10362567977192487
    ],
    "R end": 0.1027166062035768,
    "v end": 0.16554455018118952,
    "t end": 26016.362679312755,
    "v max": 90.85573783950578
}