{
    "star": "MS10",
    "grain": "sil",
    "stream": {
        "L4": 0.64,
        "eta": 0.0066,
        "vinf": 70.0,
        "n": 0.0501187233627274,
        "T": 8000.0,
        "kappa": 600.0,
        "cs": 10.19646997739904,
        "taustar": 0.0002277099215229515,
        "Rstar": 1.1281951298898591,
        "Qp": 2.0,
        "a": 0.02,
        "rho_d": 3.5,
        "kappa_d": 214285.71428571426,
        "drag_constant": 0.0002806606003525253,
        "phi_norm": 0.7,
        "Rstarstar": 0.1835008746355685,
        "Upstarstar": 1781.511189571932,
        "R0": 0.09191226211206424
    },
    "R sonic drift": 0.4226978079673296,
    "w sonic drift": 7.745966692414831,
    "R critical": 0.8933671843019271,
    "w critical": 38.7741595142002,
    "R equilib drift": 0.813651642576531,
    "w equilib drift": 70.0,
    "t min": [
        59611.20155096808
    ],
    "R min": [
        0.11119715624535928
    ],
    "t max": [
        183037.56419176015
    ],
    "R max": [
        3.834808750968291
    ],
    "R end": 3.4048135224043103,
    "v end": -15.20268748591694,
    "t end": 236177.5021829163,
    "v max": 68.68834774503307
}