{
    "star": "MS10",
    "grain": "gra",
    "stream": {
        "L4": 0.64,
        "eta": 0.0066,
        "vinf": 300.0,
        "n": 1.0000000000000062,
        "T": 8000.0,
        "kappa": 600.0,
        "cs": 10.19646997739904,
        "taustar": 0.00023733333333333408,
        "Rstar": 0.05893333333333315,
        "Qp": 2.0,
        "a": 0.2,
        "rho_d": 2.2,
        "kappa_d": 34090.90909090909,
        "drag_constant": 4.201257667584966e-07,
        "phi_norm": 1.0,
        "Rstarstar": 0.0015894141414141414,
        "Upstarstar": 1190119.8154490197,
        "R0": 0.004801773636644817
    },
    "R sonic drift": 0.05970765237835921,
    "w sonic drift": 7.745966692414831,
    "R critical": 0.133668783513723,
    "w critical": 43.32928075712418,
    "R equilib drift": 0.05023772863019165,
    "w equilib drift": 300.0,
    "t min": [
        1955.3970044929192
    ],
    "R min": [
        0.0015374593890511692
    ],
    "t max": [],
    "R max": [],
    "R end": 1.0794280251970367,
    "v end": 94.38279102424218,
    "t end": 7784.223744000475,
    "v max": 290.48448968385725
}