{
    "star": "MS40",
    "grain": "gra",
    "stream": {
        "L4": 22.2,
        "eta": 0.4468,
        "vinf": 250.0,
        "n": 1584.8931924611336,
        "T": 10000.0,
        "kappa": 600.0,
        "cs": 11.4,
        "taustar": 0.06677693557511113,
        "Rstar": 0.010462338140901386,
        "Qp": 2.0,
        "a": 0.02,
        "rho_d": 2.2,
        "kappa_d": 340909.0909090908,
        "drag_constant": 5.9866975192080405,
        "phi_norm": 1.5,
        "Rstarstar": 0.7939123636363633,
        "Upstarstar": 0.08351850054153782,
        "R0": 0.007690385070500794
    },
    "R sonic drift": 0.004742747411323311,
    "w sonic drift": 8.6559494714014,
    "R critical": 0.01061768888461977,
    "w critical": 48.41952977064848,
    "R equilib drift": 0.005463060472999345,
    "w equilib drift": 250.0,
    "t min": [
        169.1731373762072,
        393.104948166292,
        411.3578393042512,
        416.1065589498991,
        426.19758819690094
    ],
    "R min": [
        0.004403210919106926,
        0.005370698103825309,
        0.005370698134329526,
        0.005370698132402886,
        0.005370698130863964
    ],
    "t max": [
        383.16231640821667,
        411.0610443263982,
        411.80303177103065,
        417.44213635023755,
        439.9985546670652
    ],
    "R max": [
        0.0053706981069005805,
        0.005370698134272414,
        0.005370698134392076,
        0.0053706981327686434,
        0.00537069814383353
    ],
    "R end": 0.005370698131472814,
    "v end": -1.1415040884587681e-08,
    "t end": 741.9874446324877,
    "v max": 96.42579254820151
}