{
    "star": "MS10",
    "grain": "sil",
    "stream": {
        "L4": 0.64,
        "eta": 0.0066,
        "vinf": 120.0,
        "n": 1995.2623149689073,
        "T": 8000.0,
        "kappa": 600.0,
        "cs": 10.19646997739904,
        "taustar": 0.026503226467623993,
        "Rstar": 0.0032983824774906645,
        "Qp": 2.0,
        "a": 0.02,
        "rho_d": 3.5,
        "kappa_d": 214285.71428571426,
        "drag_constant": 1.2937448253219053,
        "phi_norm": 0.7,
        "Rstarstar": 0.06244126984126983,
        "Upstarstar": 0.38647497575543277,
        "R0": 0.0003689396793382271
    },
    "R sonic drift": 0.00211850745035458,
    "w sonic drift": 7.745966692414831,
    "R critical": 0.004477442277136681,
    "w critical": 38.7741595142002,
    "R equilib drift": 0.0028250750892455114,
    "w equilib drift": 120.0,
    "t min": [
        159.77862290998013,
        540.3748932124048,
        557.6370607696628,
        571.9991841773013
    ],
    "R min": [
        0.0018385498203939933,
        0.002763697468946704,
        0.0027636974654451844,
        0.0027636974635002467
    ],
    "t max": [
        499.49808043681776,
        552.3893618322563,
        560.399007578824,
        627.7905097223593
    ],
    "R max": [
        0.0027636974561989526,
        0.0027636974648207985,
        0.002763697465616606,
        0.0027636974666041805
    ],
    "R end": 0.0027636974633051827,
    "v end": -8.646522041363257e-08,
    "t end": 690.4867022903204,
    "v max": 65.00561725824025
}