{
    "star": "MS40",
    "grain": "gra",
    "stream": {
        "L4": 22.2,
        "eta": 0.4468,
        "vinf": 50.0,
        "n": 0.0012589254117941675,
        "T": 10000.0,
        "kappa": 600.0,
        "cs": 11.4,
        "taustar": 0.0002975750323850706,
        "Rstar": 58.69468234619364,
        "Qp": 2.0,
        "a": 0.02,
        "rho_d": 2.2,
        "kappa_d": 340909.0909090908,
        "drag_constant": 0.0029721267951629375,
        "phi_norm": 1.5,
        "Rstarstar": 19.847809090909088,
        "Upstarstar": 168.22970029870115,
        "R0": 39.250811621062404
    },
    "R sonic drift": 5.321450119597618,
    "w sonic drift": 8.6559494714014,
    "R critical": 11.91324287058022,
    "w critical": 48.41952977064848,
    "R equilib drift": 11.91324287058022,
    "w equilib drift": 50.0,
    "t min": [
        1012348.7045774171,
        2733174.997637878
    ],
    "R min": [
        3.4107509545934303,
        3.410196714647375
    ],
    "t max": [
        1864852.8768531368,
        3585679.169913598
    ],
    "R max": [
        36.02014214135423,
        36.02015992978256
    ],
    "R end": 16.602119325903328,
    "v end": -48.95746895661784,
    "t end": 4162618.028690037,
    "v max": 73.68152957246508
}