{
    "star": "MS10",
    "grain": "sil",
    "stream": {
        "L4": 0.64,
        "eta": 0.0066,
        "vinf": 140.0,
        "n": 6309.57344480202,
        "T": 8000.0,
        "kappa": 600.0,
        "cs": 10.19646997739904,
        "taustar": 0.040397264508835164,
        "Rstar": 0.0015898429486086226,
        "Qp": 2.0,
        "a": 0.02,
        "rho_d": 3.5,
        "kappa_d": 214285.71428571426,
        "drag_constant": 2.20831726170753,
        "phi_norm": 0.7,
        "Rstarstar": 0.04587521865889211,
        "Upstarstar": 0.22641674213667412,
        "R0": 0.00020798331204762837
    },
    "R sonic drift": 0.001191324287058021,
    "w sonic drift": 7.745966692414831,
    "R critical": 0.0025178508235883354,
    "w critical": 38.7741595142002,
    "R equilib drift": 0.0014068048485191256,
    "w equilib drift": 140.0,
    "t min": [
        76.7481352958858,
        222.25674219684535,
        230.9766083926485,
        233.83885454852285,
        234.23823773306341,
        242.55872074432597,
        302.59932615359656
    ],
    "R min": [
        0.0010526863922509762,
        0.0013804741344808798,
        0.0013804741381063517,
        0.0013804741378880263,
        0.0013804741378838933,
        0.0013804741357899806,
        0.0013804741358805943
    ],
    "t max": [
        213.6034398651323,
        230.8434806644683,
        232.30788567445052,
        233.90541841261293,
        234.50449318942384,
        271.04805457488897
    ],
    "R max": [
        0.0013804741379663855,
        0.0013804741381017508,
        0.0013804741382035962,
        0.0013804741378831394,
        0.001380474137889392,
        0.0013804741369755353
    ],
    "R end": 0.0013804741376933045,
    "v end": 6.159747960438132e-08,
    "t end": 332.8193204505022,
    "v max": 48.80852548695688
}