{
    "star": "MS40",
    "grain": "gra",
    "stream": {
        "L4": 22.2,
        "eta": 0.4468,
        "vinf": 20.0,
        "n": 0.0501187233627274,
        "T": 10000.0,
        "kappa": 600.0,
        "cs": 11.4,
        "taustar": 0.004693928805432299,
        "Rstar": 23.256200621037404,
        "Qp": 2.0,
        "a": 0.02,
        "rho_d": 2.2,
        "kappa_d": 340909.0909090908,
        "drag_constant": 4.621972613080289,
        "phi_norm": 1.5,
        "Rstarstar": 124.04880681818179,
        "Upstarstar": 0.10817891879865066,
        "R0": 15.65436504007098
    },
    "R sonic drift": 0.8433930068571646,
    "w sonic drift": 8.6559494714014,
    "R critical": 1.8881217525718474,
    "w critical": 48.41952977064848,
    "R equilib drift": 1.0069876917698426,
    "w equilib drift": 20.0,
    "t min": [
        399466.81632627215,
        586500.4124096713,
        773204.143244246,
        960237.7393276453,
        1147271.3354110443,
        1334304.9314944434,
        1521338.5275778424
    ],
    "R min": [
        0.771333507156595,
        0.7712676438169849,
        0.7717555889669899,
        0.7715523888624106,
        0.7713976406861377,
        0.7712975625652876,
        0.7712591512719035
    ],
    "t max": [
        438061.0504387196,
        625094.6465221188,
        812128.2426055179,
        998831.9734400926,
        1185865.5695234917,
        1372899.165606891,
        1559932.76169029
    ],
    "R max": [
        3.3801149793992855,
        3.380254079300902,
        3.3803311538494225,
        3.37977988621641,
        3.3800094624250376,
        3.380182312695427,
        3.380294962759556
    ],
    "R end": 1.6816980081028903,
    "v end": -17.826069430966523,
    "t end": 1649326.2441216854,
    "v max": 113.70176778883689
}