{
    "star": "MS20",
    "grain": "gra",
    "stream": {
        "L4": 5.45,
        "eta": 0.1199,
        "vinf": 120.0,
        "n": 0.0012589254117941675,
        "T": 9000.0,
        "kappa": 600.0,
        "cs": 10.814989597775858,
        "taustar": 6.143374797414878e-05,
        "Rstar": 12.117395380176678,
        "Qp": 2.0,
        "a": 0.02,
        "rho_d": 2.2,
        "kappa_d": 340909.0909090908,
        "drag_constant": 1.9792853196993385e-05,
        "phi_norm": 1.5,
        "Rstarstar": 0.845928424873737,
        "Upstarstar": 25261.643433800247,
        "R0": 4.196583998085399
    },
    "R sonic drift": 2.6670428643266484,
    "w sonic drift": 9.672835454459698,
    "R critical": 6.32455532033676,
    "w critical": 48.41952977064848,
    "R equilib drift": 4.929423480396159,
    "w equilib drift": 120.0,
    "t min": [
        219056.35651684785
    ],
    "R min": [
        0.5784763152818648
    ],
    "t max": [],
    "R max": [],
    "R end": 35.021238180512874,
    "v end": 5.322566245637777,
    "t end": 869271.2560192375,
    "v max": 116.3368581044754
}