{
    "star": "MS10",
    "grain": "sil",
    "stream": {
        "L4": 0.64,
        "eta": 0.0066,
        "vinf": 60.0,
        "n": 0.03981071705534985,
        "T": 8000.0,
        "kappa": 600.0,
        "cs": 10.19646997739904,
        "taustar": 0.0002367711280429741,
        "Rstar": 1.4768317150883599,
        "Qp": 2.0,
        "a": 0.002,
        "rho_d": 3.5,
        "kappa_d": 2142857.1428571427,
        "drag_constant": 0.04130176472241227,
        "phi_norm": 0.7,
        "Rstarstar": 2.4976507936507937,
        "Upstarstar": 12.106020247814653,
        "R0": 0.12032854959969531
    },
    "R sonic drift": 0.4742747411323311,
    "w sonic drift": 7.745966692414831,
    "R critical": 1.0023744672545452,
    "w critical": 38.7741595142002,
    "R equilib drift": 0.9542719502674759,
    "w equilib drift": 60.0,
    "t min": [
        74322.4090373542,
        140668.45304490917,
        207014.4970524641,
        273360.5410600191
    ],
    "R min": [
        0.3270442893191766,
        0.3270563217984846,
        0.32705947406139363,
        0.32706267062275657
    ],
    "t max": [
        102270.60278517792,
        168616.64679273288,
        234962.69080028782,
        301308.73480784276
    ],
    "R max": [
        1.3471724640319287,
        1.3471528909641444,
        1.3471522862392291,
        1.3471521263144763
    ],
    "R end": 1.2961769825354412,
    "v end": -12.149635144919907,
    "t end": 309161.4352635366,
    "v max": 72.94057271403223
}