{
    "star": "MS20",
    "grain": "gra",
    "stream": {
        "L4": 5.45,
        "eta": 0.1199,
        "vinf": 500.0,
        "n": 50.11872336272776,
        "T": 9000.0,
        "kappa": 600.0,
        "cs": 10.814989597775858,
        "taustar": 0.002941834612802771,
        "Rstar": 0.014575401286460657,
        "Qp": 2.0,
        "a": 0.02,
        "rho_d": 2.2,
        "kappa_d": 340909.0909090908,
        "drag_constant": 0.002614287644501217,
        "phi_norm": 1.5,
        "Rstarstar": 0.04872547727272726,
        "Upstarstar": 191.25668938981497,
        "R0": 0.0050899790648262135
    },
    "R sonic drift": 0.0133668783513723,
    "w sonic drift": 9.672835454459698,
    "R critical": 0.03169786384922229,
    "w critical": 48.41952977064848,
    "R equilib drift": 0.011246826503806984,
    "w equilib drift": 500.0,
    "t min": [
        252.4084132241834,
        324.1367361205337,
        396.7015409165501,
        469.6845866623992,
        542.6676324082486,
        615.6506781540977,
        688.8428443748634,
        762.4532515454621,
        826.2349963949864,
        908.4193430371604,
        1017.3711104686431
    ],
    "R min": [
        0.008691657065661076,
        0.010695741926042238,
        0.010989537971186344,
        0.011026593595688342,
        0.011031102319069222,
        0.011031648374990375,
        0.011031714386314529,
        0.011031722380825388,
        0.011031723114091226,
        0.011031723109998733,
        0.011031723086001526
    ],
    "t max": [
        285.4494482609862,
        360.1054578061672,
        433.0885035520164,
        506.07154929786566,
        579.0545950437148,
        652.2467612644805,
        725.6480479601627,
        796.7490094317636,
        867.2226094786151,
        960.0721003415293
    ],
    "R max": [
        0.012218099377578647,
        0.011155663802491807,
        0.011046506258568765,
        0.011033508847725436,
        0.011031938967725531,
        0.011031749157412903,
        0.011031726052511322,
        0.011031723395290457,
        0.011031723287434774,
        0.011031723340675726
    ],
    "R end": 0.011031723177139779,
    "v end": 1.0104059624092686e-05,
    "t end": 1045.602374582367,
    "v max": 171.94246656810398
}