{
    "star": "MS40",
    "grain": "gra",
    "stream": {
        "L4": 22.2,
        "eta": 0.4468,
        "vinf": 170.0,
        "n": 6.309573444801981,
        "T": 10000.0,
        "kappa": 600.0,
        "cs": 11.4,
        "taustar": 0.006196087932793671,
        "Rstar": 0.2438483602461899,
        "Qp": 2.0,
        "a": 0.02,
        "rho_d": 2.2,
        "kappa_d": 340909.0909090908,
        "drag_constant": 0.11146837370670354,
        "phi_norm": 1.5,
        "Rstarstar": 1.7169385026737962,
        "Upstarstar": 4.485577239294834,
        "R0": 0.16450735506627015
    },
    "R sonic drift": 0.07516748085768887,
    "w sonic drift": 8.6559494714014,
    "R critical": 0.16827902832903915,
    "w critical": 48.41952977064848,
    "R equilib drift": 0.10864973924161642,
    "w equilib drift": 170.0,
    "t min": [
        3998.300889624803,
        11150.970647188895,
        12122.875967244752
    ],
    "R min": [
        0.06438912145951693,
        0.10745408799351508,
        0.10745408816327422
    ],
    "t max": [
        9784.76921864063,
        12081.371113719235,
        16674.574903876448
    ],
    "R max": [
        0.10745408804176981,
        0.10745408830132464,
        0.10745408837024689
    ],
    "R end": 0.10745408819951956,
    "v end": -2.449374007291646e-07,
    "t end": 17293.68896896541,
    "v max": 142.42090638791382
}