{
    "star": "MS10",
    "grain": "gra",
    "stream": {
        "L4": 0.64,
        "eta": 0.0066,
        "vinf": 90.0,
        "n": 3.981071705535002,
        "T": 8000.0,
        "kappa": 600.0,
        "cs": 10.19646997739904,
        "taustar": 0.0015784741869531637,
        "Rstar": 0.09845544767255712,
        "Qp": 2.0,
        "a": 0.02,
        "rho_d": 2.2,
        "kappa_d": 340909.0909090908,
        "drag_constant": 0.020648775343314028,
        "phi_norm": 1.0,
        "Rstarstar": 0.17660157126823786,
        "Upstarstar": 24.214511112006324,
        "R0": 0.00815545668457841
    },
    "R sonic drift": 0.029924713121888692,
    "w sonic drift": 7.745966692414831,
    "R critical": 0.0669930878315656,
    "w critical": 43.32928075712418,
    "R equilib drift": 0.05586871091903985,
    "w equilib drift": 90.0,
    "t min": [
        3092.4729252156585,
        5448.890477987221,
        8021.182927977368,
        10611.68169460041
    ],
    "R min": [
        0.02133920578876992,
        0.05179189976117726,
        0.05427929353490794,
        0.05439059933778019
    ],
    "t max": [
        4033.999585373832,
        6718.130837537466,
        9316.432311288889,
        11906.931077911931
    ],
    "R max": [
        0.0677722827899056,
        0.054954328965164743,
        0.054420110030233095,
        0.054396778664473164
    ],
    "R end": 0.05439552371842085,
    "v end": -0.0003960262897619979,
    "t end": 13004.511880637758,
    "v max": 97.51401849599306
}