{
    "star": "MS10",
    "grain": "sil",
    "stream": {
        "L4": 0.64,
        "eta": 0.0066,
        "vinf": 20.0,
        "n": 3981.0717055350265,
        "T": 8000.0,
        "kappa": 600.0,
        "cs": 10.19646997739904,
        "taustar": 0.22462081463495032,
        "Rstar": 0.014010455821356148,
        "Qp": 2.0,
        "a": 0.002,
        "rho_d": 3.5,
        "kappa_d": 2142857.1428571427,
        "drag_constant": 334544.2942515429,
        "phi_norm": 0.7,
        "Rstarstar": 22.47885714285714,
        "Upstarstar": 1.4945704009647568e-06,
        "R0": 0.0059480784068862
    },
    "R sonic drift": 0.001499788418664912,
    "w sonic drift": 7.745966692414831,
    "R critical": 0.0031697863849222286,
    "w critical": 38.7741595142002,
    "R equilib drift": 0.0020000000000000005,
    "w equilib drift": 20.0,
    "t min": [
        704.4976886660933,
        837.067611762294,
        969.050942278423,
        1101.620865374624,
        1234.1907884708244,
        1366.760711567025,
        1499.330634663226,
        1631.9005577594266,
        1764.4704808556273,
        1896.4538113717565,
        2029.023734467957,
        2161.5936575641576,
        2294.1635806603585,
        2426.7335037565595,
        2559.30342685276,
        2691.873349948961,
        2823.8566804650895
    ],
    "R min": [
        0.0014240002621312923,
        0.001423138038966729,
        0.0014282191608863252,
        0.0014272852359617444,
        0.001426360048938627,
        0.001425445255726749,
        0.001424543697859361,
        0.0014236614342050347,
        0.0014228220239541729,
        0.0014278563512200742,
        0.0014269256511481873,
        0.0014260042682763575,
        0.0014250941457669662,
        0.0014241989707159956,
        0.0014233280441105687,
        0.0014225455199800153,
        0.0014274947020184439
    ],
    "t max": [
        729.7211696091757,
        862.2910927053764,
        994.8610158015771,
        1127.4309388977779,
        1260.0008619939786,
        1392.5707850901792,
        1525.1407081863802,
        1657.124038702509,
        1789.69396179871,
        1922.2638848949105,
        2054.8338079911114,
        2187.403731087312,
        2319.9736541835127,
        2451.956984699642,
        2584.5269077958424,
        2717.0968308920433,
        2849.6667539882437
    ],
    "R max": [
        0.003165860870762927,
        0.003168087257907884,
        0.003170226470125052,
        0.0031722555834617317,
        0.0031741349280511723,
        0.0031757846760577233,
        0.003176973423750684,
        0.003166732730661458,
        0.0031689274193811004,
        0.003171027374648933,
        0.0031730045778233097,
        0.003174808291332496,
        0.003176325398535335,
        0.003165349396701437,
        0.0031675931279115796,
        0.0031697536310357557,
        0.003171810173020277
    ],
    "R end": 0.001744521779277813,
    "v end": -14.837202172463929,
    "t end": 2932.962900358423,
    "v max": 154.75832546475
}