{
    "star": "MS10",
    "grain": "gra",
    "stream": {
        "L4": 0.64,
        "eta": 0.0066,
        "vinf": 60.0,
        "n": 3981.0717055350265,
        "T": 8000.0,
        "kappa": 600.0,
        "cs": 10.19646997739904,
        "taustar": 0.07487360487831676,
        "Rstar": 0.004670151940452049,
        "Qp": 2.0,
        "a": 0.02,
        "rho_d": 2.2,
        "kappa_d": 340909.0909090908,
        "drag_constant": 104.53442517552793,
        "phi_norm": 1.0,
        "Rstarstar": 0.3973535353535351,
        "Upstarstar": 0.004783113306075295,
        "R0": 0.0008576531911601646
    },
    "R sonic drift": 0.0009463025179229607,
    "w sonic drift": 7.745966692414831,
    "R critical": 0.00211850745035458,
    "w critical": 43.32928075712418,
    "R equilib drift": 0.00211850745035458,
    "w equilib drift": 60.0,
    "t min": [
        142.24749193190965,
        273.8850234942232,
        284.12486896720543,
        293.87122791136926,
        302.50724216569165,
        310.40302662678636,
        319.1624125133133,
        326.3179671811804,
        336.43444102195804,
        350.62217872548763,
        379.98462719018363
    ],
    "R min": [
        0.0008832328626609509,
        0.0020288539772934026,
        0.0020288539777154517,
        0.00202885397868421,
        0.0020288539784078575,
        0.0020288539791796325,
        0.002028853979098453,
        0.0020288539799012393,
        0.002028853979057766,
        0.0020288539791697177,
        0.002028853976316552
    ],
    "t max": [
        269.5670163670621,
        279.68349020783967,
        289.30647751979893,
        298.18923503853046,
        306.8252492928528,
        313.85743232851524,
        324.22064943370214,
        330.75934594054615,
        344.0834822186435,
        356.17390217469483
    ],
    "R max": [
        0.0020288539783782688,
        0.00202885397856401,
        0.002028853979266029,
        0.002028853979633638,
        0.0020288539799967306,
        0.002028853979404334,
        0.0020288539796008,
        0.002028853980077861,
        0.002028853980387346,
        0.002028853979592203
    ],
    "R end": 0.0020288539797565135,
    "v end": 3.378972995869602e-09,
    "t end": 616.8581610230253,
    "v max": 156.14693224704067
}