{
    "star": "MS10",
    "grain": "sil",
    "stream": {
        "L4": 0.64,
        "eta": 0.0066,
        "vinf": 90.0,
        "n": 0.39810717055349937,
        "T": 8000.0,
        "kappa": 600.0,
        "cs": 10.19646997739904,
        "taustar": 0.0004991573658554431,
        "Rstar": 0.3113434626968045,
        "Qp": 2.0,
        "a": 0.002,
        "rho_d": 3.5,
        "kappa_d": 2142857.1428571427,
        "drag_constant": 0.0815837327850121,
        "phi_norm": 0.7,
        "Rstarstar": 1.1100670194003524,
        "Upstarstar": 6.128672750456157,
        "R0": 0.02544954291151062
    },
    "R sonic drift": 0.14997884186649119,
    "w sonic drift": 7.745966692414831,
    "R critical": 0.31697863849222285,
    "w critical": 38.7741595142002,
    "R equilib drift": 0.2495563648216045,
    "w equilib drift": 90.0,
    "t min": [
        15446.937941887698,
        25145.268599072886,
        36303.56301110316,
        47513.998985806465,
        57942.3115204142
    ],
    "R min": [
        0.11112806836011459,
        0.23973103335119716,
        0.24070495668146635,
        0.24070942024503666,
        0.2407094400099004
    ],
    "t max": [
        19409.696705038637,
        30711.380414419764,
        41882.71021711829,
        52311.02275172602,
        61657.3978608682
    ],
    "R max": [
        0.2554689545085862,
        0.24077573777047867,
        0.24070974312295093,
        0.240709442751541,
        0.240709440828821
    ],
    "R end": 0.24070944052919913,
    "v end": -1.2303324841085893e-07,
    "t end": 65176.95334129831,
    "v max": 79.94860949742399
}