{
    "star": "MS10",
    "grain": "sil",
    "stream": {
        "L4": 0.64,
        "eta": 0.0066,
        "vinf": 250.0,
        "n": 794.3282347242919,
        "T": 8000.0,
        "kappa": 600.0,
        "cs": 10.19646997739904,
        "taustar": 0.008026754588241217,
        "Rstar": 0.0025092402886598294,
        "Qp": 2.0,
        "a": 0.02,
        "rho_d": 3.5,
        "kappa_d": 214285.71428571426,
        "drag_constant": 0.02734094839840616,
        "phi_norm": 0.7,
        "Rstarstar": 0.01438646857142857,
        "Upstarstar": 18.287588005877197,
        "R0": 0.00022496936624780614
    },
    "R sonic drift": 0.0033576080362451217,
    "w sonic drift": 7.745966692414831,
    "R critical": 0.007096267784671507,
    "w critical": 38.7741595142002,
    "R equilib drift": 0.002584853940582342,
    "w equilib drift": 250.0,
    "t min": [
        126.80425367533783,
        185.84649938001047,
        216.31313862263517,
        233.9627779080177,
        277.2464171078845,
        321.1604005679435,
        377.8913839852446,
        472.65313776747723
    ],
    "R min": [
        0.0022066337260055616,
        0.0024585569501776993,
        0.0024585576125232943,
        0.002458557608505512,
        0.0024585576098017374,
        0.0024585576024759195,
        0.002458557598744474,
        0.0024585576031369203
    ],
    "t max": [
        155.0646880072897,
        212.74118781487914,
        221.04072057407691,
        246.88483524195854,
        295.21122852336316,
        344.6932529484536,
        418.7587035210411
    ],
    "R max": [
        0.0024590435792527943,
        0.0024585576114433774,
        0.002458557614682421,
        0.0024585576264924336,
        0.0024585576142225106,
        0.0024585576185310065,
        0.002458557620760601
    ],
    "R end": 0.0024585576080319647,
    "v end": 8.845185826133249e-07,
    "t end": 525.2868834935288,
    "v max": 25.36951373918156
}