{
    "star": "MS10",
    "grain": "gra",
    "stream": {
        "L4": 0.64,
        "eta": 0.0066,
        "vinf": 170.0,
        "n": 0.003981071705534978,
        "T": 8000.0,
        "kappa": 600.0,
        "cs": 10.19646997739904,
        "taustar": 2.6425978192346932e-05,
        "Rstar": 1.648288920159557,
        "Qp": 2.0,
        "a": 0.02,
        "rho_d": 2.2,
        "kappa_d": 340909.0909090908,
        "drag_constant": 1.6220664866019629e-06,
        "phi_norm": 1.0,
        "Rstarstar": 0.04949732620320854,
        "Upstarstar": 308248.77039870335,
        "R0": 0.1339511895305787
    },
    "R sonic drift": 0.9463025179229617,
    "w sonic drift": 7.745966692414831,
    "R critical": 2.11850745035458,
    "w critical": 43.32928075712418,
    "R equilib drift": 1.1508764103122329,
    "w equilib drift": 170.0,
    "t min": [
        54820.54762785809
    ],
    "R min": [
        0.04636201243970545
    ],
    "t max": [],
    "R max": [],
    "R end": 18.99980453041628,
    "v end": 74.49483219510569,
    "t end": 217714.64506695032,
    "v max": 163.89150065433176
}