{
    "star": "MS10",
    "grain": "gra",
    "stream": {
        "L4": 0.64,
        "eta": 0.0066,
        "vinf": 30.0,
        "n": 316.2277660168418,
        "T": 8000.0,
        "kappa": 600.0,
        "cs": 10.19646997739904,
        "taustar": 0.04220449799825735,
        "Rstar": 0.03314064876455103,
        "Qp": 2.0,
        "a": 0.2,
        "rho_d": 2.2,
        "kappa_d": 34090.90909090909,
        "drag_constant": 1.3285543266815123,
        "phi_norm": 1.0,
        "Rstarstar": 0.15894141414141405,
        "Upstarstar": 0.376348930531813,
        "R0": 0.004421223149888768
    },
    "R sonic drift": 0.0033576080362451217,
    "w sonic drift": 7.745966692414831,
    "R critical": 0.007516748085768888,
    "w critical": 43.32928075712418,
    "R equilib drift": 0.0061030586555284455,
    "w equilib drift": 30.0,
    "t min": [
        1040.0680293171868,
        1551.3472625842214,
        2063.501973990412,
        2575.6566853966024,
        3087.811396802793,
        3599.090630069828,
        4111.245341476018
    ],
    "R min": [
        0.002932185070269643,
        0.0029338065457480034,
        0.002932947758664883,
        0.0029323892301629205,
        0.002932141353382198,
        0.002933505885614796,
        0.0029327398600843477
    ],
    "t max": [
        1216.9146134266748,
        1729.0693248328653,
        2241.2240362390557,
        2752.503269506091,
        3264.6579809122813,
        3776.8126923184714,
        4288.967403724662
    ],
    "R max": [
        0.011950043949906375,
        0.011950166002175642,
        0.011950233560560007,
        0.011949931658585418,
        0.011950088456034767,
        0.011950192290707788,
        0.011950244419927722
    ],
    "R end": 0.009608798474465462,
    "v end": -28.815045585827406,
    "t end": 4377.390695779406,
    "v max": 93.97574427168314
}