{
    "star": "MS10",
    "grain": "gra",
    "stream": {
        "L4": 0.64,
        "eta": 0.0066,
        "vinf": 250.0,
        "n": 39810.717055350346,
        "T": 8000.0,
        "kappa": 600.0,
        "cs": 10.19646997739904,
        "taustar": 0.056825070730314134,
        "Rstar": 0.00035443961162120427,
        "Qp": 2.0,
        "a": 0.02,
        "rho_d": 2.2,
        "kappa_d": 340909.0909090908,
        "drag_constant": 3.4682013447036044,
        "phi_norm": 1.0,
        "Rstarstar": 0.02288756363636363,
        "Upstarstar": 0.14416694715938722,
        "R0": 5.5003345449639294e-05
    },
    "R sonic drift": 0.0002992471312188866,
    "w sonic drift": 7.745966692414831,
    "R critical": 0.0006699308783156552,
    "w critical": 43.32928075712418,
    "R equilib drift": 0.0002825075089245508,
    "w equilib drift": 250.0,
    "t min": [
        10.749009340059933,
        21.994270853485002,
        22.359437547093307,
        22.799510229134093,
        23.211493165512692,
        23.614112853337236,
        24.016732541161783,
        24.409988980432267,
        24.81260866825681,
        25.2058651075273,
        25.702117280892434,
        28.145925153501878,
        31.84440833235525,
        44.681422099970376
    ],
    "R min": [
        0.0002723322507699019,
        0.0002751236268125781,
        0.0002751236269369968,
        0.0002751236270993245,
        0.0002751236271674969,
        0.00027512362720478957,
        0.00027512362723019785,
        0.000275123627240105,
        0.00027512362724886803,
        0.0002751236272514778,
        0.0002751236271736319,
        0.0002751236273984876,
        0.0002751236267561684,
        0.00027512362709605586
    ],
    "t max": [
        21.91000161649847,
        22.284531558660834,
        22.649698252269147,
        23.033591442985568,
        23.426847882256055,
        23.82010432152654,
        24.213360760797027,
        24.615980448621567,
        25.009236887892055,
        25.4118565757166,
        26.629078887744292,
        29.41932695685393,
        36.34813088685772
    ],
    "R max": [
        0.0002751236267654059,
        0.0002751236269126766,
        0.00027512362705165604,
        0.0002751236271488511,
        0.00027512362719018244,
        0.00027512362722218646,
        0.00027512362723928205,
        0.0002751236272468179,
        0.00027512362725366573,
        0.0002751236272549506,
        0.000275123627417895,
        0.00027512362724113577,
        0.0002751236272180047
    ],
    "R end": 0.00027512362710322113,
    "v end": 1.7773945843602447e-08,
    "t end": 46.81624277029587,
    "v max": 3.4789711261376204
}