{
    "star": "MS10",
    "grain": "gra",
    "stream": {
        "L4": 0.64,
        "eta": 0.0066,
        "vinf": 90.0,
        "n": 251.1886431509608,
        "T": 8000.0,
        "kappa": 600.0,
        "cs": 10.19646997739904,
        "taustar": 0.012538266144803543,
        "Rstar": 0.012394806500455283,
        "Qp": 2.0,
        "a": 0.02,
        "rho_d": 2.2,
        "kappa_d": 340909.0909090908,
        "drag_constant": 1.302849645738556,
        "phi_norm": 1.0,
        "Rstarstar": 0.17660157126823786,
        "Upstarstar": 0.38377413820192674,
        "R0": 0.0011740776876622598
    },
    "R sonic drift": 0.0037672981789796047,
    "w sonic drift": 7.745966692414831,
    "R critical": 0.008433930068571646,
    "w critical": 43.32928075712418,
    "R equilib drift": 0.007033453990016149,
    "w equilib drift": 90.0,
    "t min": [
        378.1865119612741,
        1065.470917681373,
        1167.9578252518309,
        1230.1703250549842,
        1298.931509047943,
        1452.4981532988847
    ],
    "R min": [
        0.0033378634485436683,
        0.006848013976468545,
        0.006848013975291158,
        0.006848013978100954,
        0.006848013971699451,
        0.0068480139790520035
    ],
    "t max": [
        1045.497430902466,
        1136.524141140764,
        1225.9136803316107,
        1266.1880880989152,
        1352.303285194859
    ],
    "R max": [
        0.006848013977634437,
        0.006848013979825748,
        0.006848013978029088,
        0.006848013986274163,
        0.006848013982378411
    ],
    "R end": 0.006848013989148925,
    "v end": 3.713323266973222e-08,
    "t end": 1637.171047451403,
    "v max": 118.94713484156074
}