{
    "star": "MS40",
    "grain": "gra",
    "stream": {
        "L4": 22.2,
        "eta": 0.4468,
        "vinf": 70.0,
        "n": 5011.872336272797,
        "T": 10000.0,
        "kappa": 600.0,
        "cs": 11.4,
        "taustar": 0.4241001771382711,
        "Rstar": 0.02101216105265719,
        "Qp": 2.0,
        "a": 0.02,
        "rho_d": 2.2,
        "kappa_d": 340909.0909090908,
        "drag_constant": 3080.031728833213,
        "phi_norm": 1.5,
        "Rstarstar": 10.126433209647491,
        "Upstarstar": 0.00016233599002222338,
        "R0": 0.02124924330255979
    },
    "R sonic drift": 0.0026670428643266486,
    "w sonic drift": 8.6559494714014,
    "R critical": 0.005970765237835921,
    "w critical": 48.41952977064848,
    "R equilib drift": 0.005970765237835921,
    "w equilib drift": 70.0,
    "t min": [
        342.44320222837854,
        665.5140736083283,
        671.1767549332536,
        673.5610418069064,
        682.2040817238976,
        684.2903327383437,
        689.6549782040626,
        691.4431933593022,
        693.2314085145417,
        695.0196236697813,
        701.2783767131198,
        702.7685560091527,
        709.921416630111,
        718.5644565471023,
        721.5448151391682,
        742.1092894244234,
        777.8735925292149,
        939.4090282191897
    ],
    "R min": [
        0.002524138994250426,
        0.005786354681643237,
        0.005786354682351783,
        0.005786354682306512,
        0.0057863546829814115,
        0.005786354683153895,
        0.005786354683336708,
        0.005786354683452465,
        0.005786354683320263,
        0.005786354683425774,
        0.005786354682064012,
        0.00578635468205568,
        0.005786354682919907,
        0.005786354683664509,
        0.005786354683158054,
        0.005786354684130164,
        0.005786354685233324,
        0.005786354688435041
    ],
    "t max": [
        665.2160377491217,
        670.878719074047,
        672.36889837008,
        681.0119382870712,
        683.9922968791373,
        687.5687271896163,
        691.1451575000955,
        691.7412292185087,
        694.7215878105746,
        697.403910543434,
        702.1724842907396,
        709.6233807709044,
        716.4782055326561,
        718.862492406309,
        731.3799984929859,
        772.2109112042896,
        785.0264531501731,
        1095.2817825842394
    ],
    "R max": [
        0.005786354681639768,
        0.00578635468235819,
        0.005786354682343775,
        0.005786354683036356,
        0.005786354683162392,
        0.005786354683439027,
        0.005786354683455148,
        0.005786354683445406,
        0.00578635468342787,
        0.005786354683800888,
        0.005786354682063234,
        0.005786354682922051,
        0.005786354683813164,
        0.005786354683664607,
        0.005786354686420687,
        0.005786354685379287,
        0.005786354685198894,
        0.005786354690275953
    ],
    "R end": 0.005786354686541121,
    "v end": -3.137935159049241e-08,
    "t end": 1490.1792960329785,
    "v max": 254.0774685230228
}