{
    "star": "MS40",
    "grain": "gra",
    "stream": {
        "L4": 22.2,
        "eta": 0.4468,
        "vinf": 100.0,
        "n": 1.5848931924611238,
        "T": 10000.0,
        "kappa": 600.0,
        "cs": 11.4,
        "taustar": 0.005279180289591911,
        "Rstar": 0.8271204544025033,
        "Qp": 2.0,
        "a": 0.02,
        "rho_d": 2.2,
        "kappa_d": 340909.0909090908,
        "drag_constant": 0.23385537184406271,
        "phi_norm": 1.5,
        "Rstarstar": 4.961952272727271,
        "Upstarstar": 2.138073613863382,
        "R0": 0.5572410966384452
    },
    "R sonic drift": 0.14997884186649119,
    "w sonic drift": 8.6559494714014,
    "R critical": 0.33576080362451216,
    "w critical": 48.41952977064848,
    "R equilib drift": 0.29828352462174523,
    "w equilib drift": 100.0,
    "t min": [
        13585.484154460215,
        21727.3891658552,
        30772.646750560576,
        34151.42001177348
    ],
    "R min": [
        0.13034561078984463,
        0.2882603608895291,
        0.28826690951808737,
        0.28826690884109635
    ],
    "t max": [
        16964.257415673117,
        26467.05721283441,
        31277.116369422223,
        43431.31462850753
    ],
    "R max": [
        0.2896466061958934,
        0.28826694012867576,
        0.2882669095916118,
        0.2882669091746269
    ],
    "R end": 0.28826690902160174,
    "v end": -8.300750207543622e-09,
    "t end": 58659.258007168464,
    "v max": 154.01742518413596
}