{
    "star": "MS10",
    "grain": "sil",
    "stream": {
        "L4": 0.64,
        "eta": 0.0066,
        "vinf": 100.0,
        "n": 2.5118864315095975,
        "T": 8000.0,
        "kappa": 600.0,
        "cs": 10.19646997739904,
        "taustar": 0.0011284439530323167,
        "Rstar": 0.1115532585040978,
        "Qp": 2.0,
        "a": 0.002,
        "rho_d": 3.5,
        "kappa_d": 2142857.1428571427,
        "drag_constant": 0.3377330872191239,
        "phi_norm": 0.7,
        "Rstarstar": 0.8991542857142858,
        "Upstarstar": 1.4804590338393349,
        "R0": 0.009189373516283492
    },
    "R sonic drift": 0.05970765237835921,
    "w sonic drift": 7.745966692414831,
    "R critical": 0.12619146889603874,
    "w critical": 38.7741595142002,
    "R equilib drift": 0.08933671843019271,
    "w equilib drift": 100.0,
    "t min": [
        5459.854534041932,
        16795.241150055423
    ],
    "R min": [
        0.048779452656496226,
        0.08908353510331551
    ],
    "t max": [
        13740.711752909636
    ],
    "R max": [
        0.08908353534533708
    ],
    "R end": 0.08908353525010543,
    "v end": 1.6298945679014054e-08,
    "t end": 23352.67123200142,
    "v max": 77.51993610685726
}