{
    "star": "MS10",
    "grain": "sil",
    "stream": {
        "L4": 0.64,
        "eta": 0.0066,
        "vinf": 170.0,
        "n": 0.07943282347242846,
        "T": 8000.0,
        "kappa": 600.0,
        "cs": 10.19646997739904,
        "taustar": 0.00011804050865060559,
        "Rstar": 0.3690059248029177,
        "Qp": 2.0,
        "a": 0.002,
        "rho_d": 3.5,
        "kappa_d": 2142857.1428571427,
        "drag_constant": 0.001278727262380397,
        "phi_norm": 0.7,
        "Rstarstar": 0.311126050420168,
        "Upstarstar": 391.0137952867541,
        "R0": 0.030021771918576703
    },
    "R sonic drift": 0.33576080362451216,
    "w sonic drift": 7.745966692414831,
    "R critical": 0.7096267784671515,
    "w critical": 38.7741595142002,
    "R equilib drift": 0.3435806431868833,
    "w equilib drift": 170.0,
    "t min": [
        19142.072019073003,
        33015.82558899032,
        47229.4706717564,
        61582.162282506055,
        75965.7531216965
    ],
    "R min": [
        0.13239511122159564,
        0.3041259056838912,
        0.33108546990166055,
        0.33369909462573705,
        0.33393930235512814
    ],
    "t max": [
        24703.93313841625,
        39952.70237394898,
        54398.09167002103,
        68781.68250921147
    ],
    "R max": [
        0.46383505526570584,
        0.3437135616914231,
        0.33483988116168906,
        0.334043468655869
    ],
    "R end": 0.3339429176728644,
    "v end": 0.005044219368341111,
    "t end": 77248.07110198952,
    "v max": 110.50212854329125
}