{
    "star": "MS10",
    "grain": "gra",
    "stream": {
        "L4": 0.64,
        "eta": 0.0066,
        "vinf": 250.0,
        "n": 1.5848931924611238,
        "T": 8000.0,
        "kappa": 600.0,
        "cs": 10.19646997739904,
        "taustar": 0.00035854195727898,
        "Rstar": 0.056174892759701,
        "Qp": 2.0,
        "a": 0.2,
        "rho_d": 2.2,
        "kappa_d": 34090.90909090909,
        "drag_constant": 1.3807158242497741e-06,
        "phi_norm": 1.0,
        "Rstarstar": 0.0022887563636363635,
        "Upstarstar": 362130.9984418263,
        "R0": 0.004583854770201634
    },
    "R sonic drift": 0.047427474113233115,
    "w sonic drift": 7.745966692414831,
    "R critical": 0.1061768888461977,
    "w critical": 43.32928075712418,
    "R equilib drift": 0.044774422771366805,
    "w equilib drift": 250.0,
    "t min": [
        1866.8404106953399
    ],
    "R min": [
        0.002142917169514325
    ],
    "t max": [],
    "R max": [],
    "R end": 0.7088579448494855,
    "v end": 40.60286505898335,
    "t end": 7419.87444632488,
    "v max": 238.61834115981745
}