{
    "star": "MS20",
    "grain": "gra",
    "stream": {
        "L4": 5.45,
        "eta": 0.1199,
        "vinf": 20.0,
        "n": 2.5118864315095975,
        "T": 9000.0,
        "kappa": 600.0,
        "cs": 10.814989597775858,
        "taustar": 0.016464868334633898,
        "Rstar": 1.6276481509195067,
        "Qp": 2.0,
        "a": 0.02,
        "rho_d": 2.2,
        "kappa_d": 340909.0909090908,
        "drag_constant": 51.18154658021554,
        "phi_norm": 1.5,
        "Rstarstar": 30.453423295454538,
        "Upstarstar": 0.009769145979525308,
        "R0": 0.590867577465504
    },
    "R sonic drift": 0.05970765237835921,
    "w sonic drift": 9.672835454459698,
    "R critical": 0.14158915687682763,
    "w critical": 48.41952977064848,
    "R equilib drift": 0.07551342389272607,
    "w equilib drift": 20.0,
    "t min": [
        27976.500135937706,
        36453.51979315423,
        44907.18677913874,
        53360.853765123255,
        61814.52075110777,
        70268.18773709229,
        78721.8547230768,
        87175.52170906132,
        95629.18869504584,
        104082.85568103036,
        112559.87533824686
    ],
    "R min": [
        0.058036916027819116,
        0.05795252865709279,
        0.05795503369967974,
        0.05796134548357774,
        0.05797072450880224,
        0.05798257463469643,
        0.05799642600112086,
        0.05801191212846163,
        0.05802874862925956,
        0.05804672011878877,
        0.05795335475404742
    ],
    "t max": [
        29424.365752321795,
        37878.03273830631,
        46331.699724290826,
        54785.366710275346,
        63239.03369625986,
        71692.70068224437,
        80146.3676682289,
        88600.0346542134,
        97053.70164019793,
        105530.72129741443,
        113984.38828339895
    ],
    "R max": [
        0.17806879374225437,
        0.17806510518341853,
        0.1780576639901885,
        0.17804683062102014,
        0.17803289589966437,
        0.17801610782366595,
        0.17799667391454918,
        0.17797477044992166,
        0.17795055483674396,
        0.1780673000389203,
        0.1780615409508734
    ],
    "R end": 0.12596208768910833,
    "v end": -17.980363459412743,
    "t end": 116763.35616000713,
    "v max": 156.08127941456647
}