{
    "R sonic drift": 0.05970765237835921,
    "w sonic drift": 7.745966692414831,
    "R critical": 0.133668783513723,
    "w critical": 43.32928075712418,
    "R equilib drift": 0.133668783513723,
    "w equilib drift": 60.0,
    "t min": [
        9294.363150336567,
        17226.48714547305,
        25158.611140609533,
        33098.51935949002
    ],
    "R min": [
        0.04306346915014008,
        0.04306475545016722,
        0.04306616450359835,
        0.04305740492329832
    ],
    "t max": [
        12999.653652480793,
        20931.777647617273,
        28863.901642753757,
        36796.02563789024
    ],
    "R max": [
        0.20262141385683355,
        0.20262142396697938,
        0.20262140233592352,
        0.20262138654418155
    ],
    "R end": 0.15940385591827327,
    "v end": -56.77359300066184,
    "t end": 38921.11872000237,
    "v max": 84.89426910690746
}