{
    "star": "MS20",
    "grain": "gra",
    "stream": {
        "L4": 5.45,
        "eta": 0.1199,
        "vinf": 120.0,
        "n": 6.309573444801981,
        "T": 9000.0,
        "kappa": 600.0,
        "cs": 10.814989597775858,
        "taustar": 0.004349176289721637,
        "Rstar": 0.17116275917537807,
        "Qp": 2.0,
        "a": 0.02,
        "rho_d": 2.2,
        "kappa_d": 340909.0909090908,
        "drag_constant": 0.09919925339391901,
        "phi_norm": 1.5,
        "Rstarstar": 0.8459284248737372,
        "Upstarstar": 5.040360515764227,
        "R0": 0.0600157522409468
    },
    "R sonic drift": 0.03767298178979601,
    "w sonic drift": 9.672835454459698,
    "R critical": 0.08933671843019271,
    "w critical": 48.41952977064848,
    "R equilib drift": 0.06962995739404544,
    "w equilib drift": 120.0,
    "t min": [
        2838.8545962807307,
        4700.318077232975,
        6785.255406162335,
        7558.818726083122,
        7711.0756334961025,
        8069.616092887959
    ],
    "R min": [
        0.03327845623376127,
        0.06677614032954685,
        0.06677732185072176,
        0.06677732188012689,
        0.06677732188495246,
        0.06677732188270626
    ],
    "t max": [
        3514.187653354434,
        5881.536987969162,
        7082.4019512747645,
        7708.619876924926,
        7738.088955779051,
        9415.370693893012
    ],
    "R max": [
        0.06733196065291495,
        0.06677732460159445,
        0.06677732201752064,
        0.06677732188498592,
        0.06677732188394726,
        0.06677732194467902
    ],
    "R end": 0.06677732190340029,
    "v end": -1.9108328202468205e-08,
    "t end": 12278.782855885513,
    "v max": 140.13106072919737
}