{
    "star": "MS20",
    "grain": "gra",
    "stream": {
        "L4": 5.45,
        "eta": 0.1199,
        "vinf": 250.0,
        "n": 100000.00000000163,
        "T": 9000.0,
        "kappa": 600.0,
        "cs": 10.814989597775858,
        "taustar": 0.26281385047215666,
        "Rstar": 0.0006526051792623109,
        "Qp": 2.0,
        "a": 0.02,
        "rho_d": 2.2,
        "kappa_d": 340909.0909090908,
        "drag_constant": 83.45903388099306,
        "phi_norm": 1.5,
        "Rstarstar": 0.19490190909090901,
        "Upstarstar": 0.005990963191749456,
        "R0": 0.0004147393700049972
    },
    "R sonic drift": 0.0002992471312188866,
    "w sonic drift": 9.672835454459698,
    "R critical": 0.0007096267784671508,
    "w critical": 48.41952977064848,
    "R equilib drift": 0.0003556558820077846,
    "w equilib drift": 250.0,
    "t min": [
        10.599197363194985
    ],
    "R min": [
        0.00029365041517065606
    ],
    "t max": [
        42.33124671290153
    ],
    "R max": [
        0.0003423917174132211
    ],
    "R end": 0.0003423917172712092,
    "v end": -2.2068566678332434e-08,
    "t end": 46.81624277029588,
    "v max": 77.9246375107686
}