{
    "star": "MS10",
    "grain": "sil",
    "stream": {
        "L4": 0.64,
        "eta": 0.0066,
        "vinf": 250.0,
        "n": 0.25118864315095923,
        "T": 8000.0,
        "kappa": 600.0,
        "cs": 10.19646997739904,
        "taustar": 0.0001427381241370475,
        "Rstar": 0.14110495091459882,
        "Qp": 2.0,
        "a": 0.02,
        "rho_d": 3.5,
        "kappa_d": 214285.71428571426,
        "drag_constant": 8.645967032809558e-06,
        "phi_norm": 0.7,
        "Rstarstar": 0.01438646857142857,
        "Upstarstar": 57830.431009349144,
        "R0": 0.011483578918487669
    },
    "R sonic drift": 0.18881217525718474,
    "w sonic drift": 7.745966692414831,
    "R critical": 0.3990524629937762,
    "w critical": 38.7741595142002,
    "R equilib drift": 0.14535701903705697,
    "w equilib drift": 250.0,
    "t min": [
        7443.841158655258,
        28180.255814909193
    ],
    "R min": [
        0.01279981187881381,
        0.04793284004283395
    ],
    "t max": [
        15791.577315147228
    ],
    "R max": [
        0.8487924395084707
    ],
    "R end": 0.13139771102612796,
    "v end": 76.69062964408583,
    "t end": 29539.052216885946,
    "v max": 224.59306512265726
}