{
    "star": "MS20",
    "grain": "gra",
    "stream": {
        "L4": 5.45,
        "eta": 0.1199,
        "vinf": 500.0,
        "n": 6309.57344480202,
        "T": 9000.0,
        "kappa": 600.0,
        "cs": 10.814989597775858,
        "taustar": 0.033007927250689864,
        "Rstar": 0.001299034007023384,
        "Qp": 2.0,
        "a": 0.02,
        "rho_d": 2.2,
        "kappa_d": 340909.0909090908,
        "drag_constant": 0.3291193149402109,
        "phi_norm": 1.5,
        "Rstarstar": 0.04872547727272726,
        "Upstarstar": 1.519205884622214,
        "R0": 0.0004941442858434575
    },
    "R sonic drift": 0.001191324287058021,
    "w sonic drift": 9.672835454459698,
    "R critical": 0.0028250750892455114,
    "w critical": 48.41952977064848,
    "R equilib drift": 0.001002374467254545,
    "w equilib drift": 500.0,
    "t min": [
        30.37974757072184,
        33.34317080001311,
        34.386892188945886
    ],
    "R min": [
        0.0009832033654661703,
        0.0009832033658363543,
        0.0009832033652378994
    ],
    "t max": [
        31.06934920269528,
        33.38044656390357,
        40.87287510588527
    ],
    "R max": [
        0.0009832033751895413,
        0.0009832033658330398,
        0.0009832033656636343
    ],
    "R end": 0.00098320336203591,
    "v end": -3.952087448136324e-08,
    "t end": 93.18940972614061,
    "v max": 3.54835293534954e-05
}