{
    "star": "MS10",
    "grain": "gra",
    "stream": {
        "L4": 0.64,
        "eta": 0.0066,
        "vinf": 100.0,
        "n": 0.015848931924611172,
        "T": 8000.0,
        "kappa": 600.0,
        "cs": 10.19646997739904,
        "taustar": 8.963548931974482e-05,
        "Rstar": 1.4043723189925281,
        "Qp": 2.0,
        "a": 0.02,
        "rho_d": 2.2,
        "kappa_d": 340909.0909090908,
        "drag_constant": 5.393421188475655e-05,
        "phi_norm": 1.0,
        "Rstarstar": 0.14304727272727272,
        "Upstarstar": 9270.553560110797,
        "R0": 0.11421769666490367
    },
    "R sonic drift": 0.4742747411323311,
    "w sonic drift": 7.745966692414831,
    "R critical": 1.0617688884619771,
    "w critical": 43.32928075712418,
    "R equilib drift": 0.8406771944713267,
    "w equilib drift": 100.0,
    "t min": [
        46819.40775630997
    ],
    "R min": [
        0.0979814968457961
    ],
    "t max": [
        172957.27334383287
    ],
    "R max": [
        5.2539018902731724
    ],
    "R end": 5.219846045201219,
    "v end": -5.262358557467217,
    "t end": 185496.8611581219,
    "v max": 96.29370354655575
}