{
    "star": "MS10",
    "grain": "sil",
    "stream": {
        "L4": 0.64,
        "eta": 0.0066,
        "vinf": 200.0,
        "n": 251.1886431509608,
        "T": 8000.0,
        "kappa": 600.0,
        "cs": 10.19646997739904,
        "taustar": 0.005642219765161595,
        "Rstar": 0.005577662925204879,
        "Qp": 2.0,
        "a": 0.002,
        "rho_d": 3.5,
        "kappa_d": 2142857.1428571427,
        "drag_constant": 2.110831795119534,
        "phi_norm": 0.7,
        "Rstarstar": 0.22478857142857145,
        "Upstarstar": 0.2368734454142926,
        "R0": 0.0004856768607882161
    },
    "R sonic drift": 0.005970765237835921,
    "w sonic drift": 7.745966692414831,
    "R critical": 0.012619146889603867,
    "w critical": 38.7741595142002,
    "R equilib drift": 0.005468720503888516,
    "w equilib drift": 200.0,
    "t min": [
        556.4941554585938,
        585.2179410739556,
        611.6064595661172,
        619.0793143603577,
        637.9949780582788,
        648.0366266880394,
        648.7372068249995,
        653.8747944960398,
        755.6924410675658
    ],
    "R min": [
        0.005219255396848514,
        0.00521925538910308,
        0.0052192553899198715,
        0.005219255385213186,
        0.005219255384502445,
        0.005219255385616517,
        0.005219255385625515,
        0.005219255384665262,
        0.0052192553846167455
    ],
    "t max": [
        568.1704910745946,
        599.2295438131565,
        614.6423068262773,
        623.0492684697979,
        647.8030999757193,
        648.5036801126795,
        649.6713136742795,
        669.2875575091606,
        919.6281931162158
    ],
    "R max": [
        0.005219255395274046,
        0.005219255394617324,
        0.005219255390942943,
        0.005219255383562765,
        0.0052192553856387335,
        0.005219255385626776,
        0.005219255385667244,
        0.005219255386847857,
        0.005219255380642472
    ],
    "R end": 0.005219255374020651,
    "v end": -2.0781273984252242e-08,
    "t end": 1167.633561600071,
    "v max": 1.4603381590864457e-06
}