{
    "star": "MS10",
    "grain": "sil",
    "stream": {
        "L4": 0.64,
        "eta": 0.0066,
        "vinf": 170.0,
        "n": 0.03162277660168389,
        "T": 8000.0,
        "kappa": 600.0,
        "cs": 10.19646997739904,
        "taustar": 7.447852587927735e-05,
        "Rstar": 0.5848349781979622,
        "Qp": 2.0,
        "a": 0.002,
        "rho_d": 3.5,
        "kappa_d": 2142857.1428571427,
        "drag_constant": 0.0005090704923358789,
        "phi_norm": 0.7,
        "Rstarstar": 0.31112605042016805,
        "Upstarstar": 982.1822469138631,
        "R0": 0.04755579558156099
    },
    "R sonic drift": 0.5321450119597623,
    "w sonic drift": 7.745966692414831,
    "R critical": 1.1246826503806984,
    "w critical": 38.7741595142002,
    "R equilib drift": 0.5445386224483024,
    "w equilib drift": 170.0,
    "t min": [
        30582.999516669766,
        59500.95182186351,
        87023.2027880259,
        114888.2575918451
    ],
    "R min": [
        0.1647775996409018,
        0.43448228278181417,
        0.5128828864306662,
        0.5266781592436773
    ],
    "t max": [
        41993.47011296129,
        72649.92759484323,
        100857.78623631927
    ],
    "R max": [
        0.9066470492850102,
        0.5736194180316619,
        0.535974335336734
    ],
    "R end": 0.5290324501678682,
    "v end": 0.3774927866345481,
    "t end": 122429.9420202953,
    "v max": 123.42195210511873
}