{
    "star": "MS20",
    "grain": "gra",
    "stream": {
        "L4": 5.45,
        "eta": 0.1199,
        "vinf": 300.0,
        "n": 0.0012589254117941675,
        "T": 9000.0,
        "kappa": 600.0,
        "cs": 10.814989597775858,
        "taustar": 2.4573499189659515e-05,
        "Rstar": 4.8469581520706715,
        "Qp": 2.0,
        "a": 0.02,
        "rho_d": 2.2,
        "kappa_d": 340909.0909090908,
        "drag_constant": 5.066970418430305e-07,
        "phi_norm": 1.5,
        "Rstarstar": 0.13534854797979795,
        "Upstarstar": 986782.9466328218,
        "R0": 1.6784549222853413
    },
    "R sonic drift": 2.6670428643266484,
    "w sonic drift": 9.672835454459698,
    "R critical": 6.32455532033676,
    "w critical": 48.41952977064848,
    "R equilib drift": 2.8523819642751955,
    "w equilib drift": 300.0,
    "t min": [
        87483.45920577606
    ],
    "R min": [
        0.12658007384847042
    ],
    "t max": [],
    "R max": [],
    "R end": 54.12047819552774,
    "v end": 131.65498566707436,
    "t end": 347708.502407695,
    "v max": 290.41455388207373
}