{
    "star": "MS20",
    "grain": "gra",
    "stream": {
        "L4": 5.45,
        "eta": 0.1199,
        "vinf": 200.0,
        "n": 0.002511886431509582,
        "T": 9000.0,
        "kappa": 600.0,
        "cs": 10.814989597775858,
        "taustar": 5.206648531222636e-05,
        "Rstar": 5.147075386267144,
        "Qp": 2.0,
        "a": 0.02,
        "rho_d": 2.2,
        "kappa_d": 340909.0909090908,
        "drag_constant": 5.118154658021522e-06,
        "phi_norm": 1.5,
        "Rstarstar": 0.3045342329545454,
        "Upstarstar": 97691.45979525369,
        "R0": 1.7825241501418976
    },
    "R sonic drift": 1.8881217525718474,
    "w sonic drift": 9.672835454459698,
    "R critical": 4.477442277136685,
    "w critical": 48.41952977064848,
    "R equilib drift": 2.5178508235883377,
    "w equilib drift": 200.0,
    "t min": [
        93121.86211373295
    ],
    "R min": [
        0.2450596289826702
    ],
    "t max": [],
    "R max": [],
    "R end": 23.937403708983542,
    "v end": 8.672632527655514,
    "t end": 369238.1527110743,
    "v max": 188.42251308412736
}