{
    "star": "MS10",
    "grain": "gra",
    "stream": {
        "L4": 0.64,
        "eta": 0.0066,
        "vinf": 90.0,
        "n": 0.006309573444801942,
        "T": 8000.0,
        "kappa": 600.0,
        "cs": 10.19646997739904,
        "taustar": 6.284018923596543e-05,
        "Rstar": 2.473089031168984,
        "Qp": 2.0,
        "a": 0.2,
        "rho_d": 2.2,
        "kappa_d": 34090.90909090909,
        "drag_constant": 3.2726103474277137e-07,
        "phi_norm": 1.0,
        "Rstarstar": 0.01766015712682379,
        "Upstarstar": 1527832.3629117724,
        "R0": 0.20107017136592176
    },
    "R sonic drift": 0.7516748085768887,
    "w sonic drift": 7.745966692414831,
    "R critical": 1.6827902832903914,
    "w critical": 43.32928075712418,
    "R equilib drift": 1.403358569034673,
    "w equilib drift": 90.0,
    "t min": [
        82121.96435062708
    ],
    "R min": [
        0.017289582915749193
    ],
    "t max": [],
    "R max": [],
    "R end": 21.025887270307926,
    "v end": 80.00029625677821,
    "t end": 326658.56941379106,
    "v max": 88.86191025430878
}