{
    "star": "MS10",
    "grain": "gra",
    "stream": {
        "L4": 0.64,
        "eta": 0.0066,
        "vinf": 500.0,
        "n": 0.6309573444801969,
        "T": 8000.0,
        "kappa": 600.0,
        "cs": 10.19646997739904,
        "taustar": 0.00011311234062473802,
        "Rstar": 0.044515602561041624,
        "Qp": 2.0,
        "a": 0.2,
        "rho_d": 2.2,
        "kappa_d": 34090.90909090909,
        "drag_constant": 3.43545543831573e-08,
        "phi_norm": 1.0,
        "Rstarstar": 0.000572189090909091,
        "Upstarstar": 14554111.062640658,
        "R0": 0.00362150337104495
    },
    "R sonic drift": 0.07516748085768887,
    "w sonic drift": 7.745966692414831,
    "R critical": 0.16827902832903915,
    "w critical": 43.32928075712418,
    "R equilib drift": 0.047328035593947666,
    "w equilib drift": 500.0,
    "t min": [
        1472.3155040618392
    ],
    "R min": [
        0.0006425918300390332
    ],
    "t max": [],
    "R max": [],
    "R end": 1.5822312242748395,
    "v end": 230.933747548053,
    "t end": 5879.85424944824,
    "v max": 492.18963658147857
}