{
    "star": "MS10",
    "grain": "gra",
    "stream": {
        "L4": 0.64,
        "eta": 0.0066,
        "vinf": 250.0,
        "n": 0.00794328234724283,
        "T": 8000.0,
        "kappa": 600.0,
        "cs": 10.19646997739904,
        "taustar": 2.5382826718049096e-05,
        "Rstar": 0.7934914508823478,
        "Qp": 2.0,
        "a": 0.2,
        "rho_d": 2.2,
        "kappa_d": 34090.90909090909,
        "drag_constant": 6.9199714438113995e-09,
        "phi_norm": 1.0,
        "Rstarstar": 0.0022887563636363635,
        "Upstarstar": 72254633.42730337,
        "R0": 0.06448369436794123
    },
    "R sonic drift": 0.669930878315656,
    "w sonic drift": 7.745966692414831,
    "R critical": 1.4997884186649117,
    "w critical": 43.32928075712418,
    "R equilib drift": 0.632455532033676,
    "w equilib drift": 250.0,
    "t min": [
        26223.08978201582
    ],
    "R min": [
        0.0030454502274281643
    ],
    "t max": [],
    "R max": [],
    "R end": 19.117546145211467,
    "v end": 227.6493339547784,
    "t end": 104808.51231820873,
    "v max": 248.7092403861082
}