{
    "star": "MS10",
    "grain": "sil",
    "stream": {
        "L4": 0.64,
        "eta": 0.0066,
        "vinf": 500.0,
        "n": 63095.73444802033,
        "T": 8000.0,
        "kappa": 600.0,
        "cs": 10.19646997739904,
        "taustar": 0.035769262784696707,
        "Rstar": 0.0001407706955077155,
        "Qp": 2.0,
        "a": 0.02,
        "rho_d": 3.5,
        "kappa_d": 214285.71428571426,
        "drag_constant": 0.13573554548121067,
        "phi_norm": 0.7,
        "Rstarstar": 0.0035966171428571422,
        "Upstarstar": 3.6836334817633536,
        "R0": 1.749964291589911e-05
    },
    "R sonic drift": 0.0003767298178979601,
    "w sonic drift": 7.745966692414831,
    "R critical": 0.0007962143411069948,
    "w critical": 38.7741595142002,
    "R equilib drift": 0.00020000000000000004,
    "w equilib drift": 500.0,
    "t min": [
        11.451684042713065,
        11.781737725879267,
        11.98212746208732,
        12.241455356003621,
        12.471314171065798,
        12.7306420649821,
        13.243404037043879,
        13.620608246376682,
        13.756166009105659,
        14.280715612709088,
        17.78753599634999,
        24.63025610627787
    ],
    "R min": [
        0.00016254024212487974,
        0.00016254024211928022,
        0.00016254024211192488,
        0.00016254024214063824,
        0.000162540242013439,
        0.0001625402420533355,
        0.00016254024211404802,
        0.00016254024200254664,
        0.00016254024209166827,
        0.00016254024195897794,
        0.00016254024180479556,
        0.00016254024210175553
    ],
    "t max": [
        11.593135621212866,
        11.952658383233194,
        12.11179140904547,
        12.347544039878473,
        12.57740285494065,
        12.960500880044277,
        13.40843087862698,
        13.726696930251533,
        13.82689179835556,
        14.929035347499841,
        23.015350585071808
    ],
    "R max": [
        0.00016254024218397673,
        0.0001625402421124626,
        0.00016254024229392036,
        0.00016254024223500918,
        0.00016254024210886022,
        0.00016254024212085125,
        0.00016254024211502036,
        0.00016254024210311837,
        0.0001625402421146909,
        0.0001625402423429589,
        0.00016254024210009548
    ],
    "R end": 0.00016254024210478858,
    "v end": 6.615691233503412e-10,
    "t end": 29.46907885412523,
    "v max": 3.5305461050474044e-06
}