{
    "star": "MS10",
    "grain": "gra",
    "stream": {
        "L4": 0.64,
        "eta": 0.0066,
        "vinf": 300.0,
        "n": 0.0031622776601683824,
        "T": 8000.0,
        "kappa": 600.0,
        "cs": 10.19646997739904,
        "taustar": 1.334623411785096e-05,
        "Rstar": 1.0479993323162713,
        "Qp": 2.0,
        "a": 0.02,
        "rho_d": 2.2,
        "kappa_d": 340909.0909090908,
        "drag_constant": 1.3285543266814977e-07,
        "phi_norm": 1.0,
        "Rstarstar": 0.01589414141414141,
        "Upstarstar": 3763489.305318171,
        "R0": 0.08515385621569699
    },
    "R sonic drift": 1.0617688884619771,
    "w sonic drift": 7.745966692414831,
    "R critical": 2.3770044548740383,
    "w critical": 43.32928075712418,
    "R equilib drift": 0.8933671843019271,
    "w equilib drift": 300.0,
    "t min": [
        34717.05221618708
    ],
    "R min": [
        0.015961785759371926
    ],
    "t max": [],
    "R max": [],
    "R end": 23.956402490617247,
    "v end": 166.8895346429792,
    "t end": 138425.2480709214,
    "v max": 294.05673440610315
}