{
    "star": "MS10",
    "grain": "gra",
    "stream": {
        "L4": 0.64,
        "eta": 0.0066,
        "vinf": 20.0,
        "n": 15848.931924611368,
        "T": 8000.0,
        "kappa": 600.0,
        "cs": 10.19646997739904,
        "taustar": 0.4481774465987268,
        "Rstar": 0.0070218615949625965,
        "Qp": 2.0,
        "a": 0.2,
        "rho_d": 2.2,
        "kappa_d": 34090.90909090909,
        "drag_constant": 337.08882427973276,
        "phi_norm": 1.0,
        "Rstarstar": 0.3576181818181818,
        "Upstarstar": 0.0014832885696177084,
        "R0": 0.004779600280987769
    },
    "R sonic drift": 0.00047427474113233113,
    "w sonic drift": 7.745966692414831,
    "R critical": 0.001061768888461977,
    "w critical": 43.32928075712418,
    "R equilib drift": 0.0005998244469869547,
    "w equilib drift": 20.0,
    "t min": [
        222.41073652858827,
        276.2048262644436,
        330.18441286145713,
        383.9785025973125,
        437.77259233316784,
        491.5666820690233,
        545.5462686660368,
        599.3403584018921,
        653.1344481377475,
        706.928537873603,
        760.9081244706164,
        814.7022142064718,
        868.4963039423271,
        922.4758905393406
    ],
    "R min": [
        0.0004440455483863852,
        0.0004444206209148115,
        0.0004437368616724241,
        0.0004438865831057641,
        0.00044421257115744744,
        0.0004446183653399184,
        0.0004437747432797828,
        0.000444026000497958,
        0.0004443964580593365,
        0.0004448253777917674,
        0.0004438712986081951,
        0.0004441904313758649,
        0.0004445928220220424,
        0.00044376622506437204
    ],
    "t max": [
        232.42756703112684,
        286.40715362814035,
        340.20124336399573,
        393.99533309985105,
        447.7894228357065,
        501.76900943272,
        555.5630991685754,
        609.3571889044307,
        663.3367755014442,
        717.1308652372996,
        770.924954973155,
        824.7190447090103,
        878.6986313060239
    ],
    "R max": [
        0.0011813691127752917,
        0.0011822104920033959,
        0.001181992198113572,
        0.0011816181676202536,
        0.001181122133017748,
        0.0011821301770747145,
        0.0011818332243563707,
        0.0011813985780515597,
        0.0011822174644589665,
        0.0011820099448211514,
        0.0011816440428604566,
        0.0011811545766237197,
        0.0011821426632829784
    ],
    "R end": 0.0009760421844313792,
    "v end": 66.1637352158321,
    "t end": 927.4843057906099,
    "v max": 150.00495627954086
}