{
    "star": "MS10",
    "grain": "sil",
    "stream": {
        "L4": 0.64,
        "eta": 0.0066,
        "vinf": 40.0,
        "n": 6309.57344480202,
        "T": 8000.0,
        "kappa": 600.0,
        "cs": 10.19646997739904,
        "taustar": 0.1413904257809231,
        "Rstar": 0.00556445032013018,
        "Qp": 2.0,
        "a": 0.02,
        "rho_d": 3.5,
        "kappa_d": 214285.71428571426,
        "drag_constant": 331.3856090849862,
        "phi_norm": 0.7,
        "Rstarstar": 0.5619714285714285,
        "Upstarstar": 0.0015088162741302724,
        "R0": 0.001634920000385639
    },
    "R sonic drift": 0.001191324287058021,
    "w sonic drift": 7.745966692414831,
    "R critical": 0.0025178508235883354,
    "w critical": 38.7741595142002,
    "R equilib drift": 0.0025178508235883354,
    "w equilib drift": 40.0,
    "t min": [
        271.6471293516998,
        346.89757770555826,
        422.14802605941685,
        497.3984744132754,
        572.6489227671339,
        647.8993711209924,
        723.1498194748509,
        798.4002678287094,
        873.650716182568,
        948.9011645364266,
        1024.151612890285,
        1099.4020612441434
    ],
    "R min": [
        0.0011125075891112997,
        0.0011124184844473535,
        0.0011123362468483365,
        0.0011122612096759457,
        0.00111219364724057,
        0.001112133865596537,
        0.001112082067629006,
        0.0011120384762863082,
        0.0011120032812563176,
        0.001111976632993764,
        0.0011119586753025681,
        0.0011119495609615844
    ],
    "t max": [
        307.05910504763324,
        382.30955340149177,
        457.3270282310349,
        532.5774765848935,
        607.827924938752,
        683.0783732926104,
        758.328821646469,
        833.5792700003275,
        908.829718354186,
        984.0801667080445,
        1059.330615061903,
        1134.5810634157617
    ],
    "R max": [
        0.0025410566337550167,
        0.0025410567790607923,
        0.002540933125443373,
        0.002540939166469982,
        0.002540945066492389,
        0.002540950821832768,
        0.0025409564303792882,
        0.002540961894691943,
        0.002540967214619593,
        0.002540972384725033,
        0.0025409774097355617,
        0.0025409822878629633
    ],
    "R end": 0.0014429824840401938,
    "v end": -35.237439857316375,
    "t end": 1164.8676215767573,
    "v max": 123.47514142238094
}