{
    "star": "MS10",
    "grain": "gra",
    "stream": {
        "L4": 0.64,
        "eta": 0.0066,
        "vinf": 120.0,
        "n": 10.000000000000082,
        "T": 8000.0,
        "kappa": 600.0,
        "cs": 10.19646997739904,
        "taustar": 0.001876284745033246,
        "Rstar": 0.04659089085981394,
        "Qp": 2.0,
        "a": 0.02,
        "rho_d": 2.2,
        "kappa_d": 340909.0909090908,
        "drag_constant": 0.016411162764003798,
        "phi_norm": 1.0,
        "Rstarstar": 0.09933838383838381,
        "Upstarstar": 30.46706727549488,
        "R0": 0.0038734750372581344
    },
    "R sonic drift": 0.018881217525718474,
    "w sonic drift": 7.745966692414831,
    "R critical": 0.04226978079673296,
    "w critical": 43.32928075712418,
    "R equilib drift": 0.02936270956695011,
    "w equilib drift": 120.0,
    "t min": [
        1462.1830847358544,
        2401.2787864643537,
        3452.376727848545,
        4507.167050759847,
        5560.72657982878
    ],
    "R min": [
        0.013269948793183866,
        0.02830150137461019,
        0.028754606283037203,
        0.02876201203262271,
        0.02876213188976475
    ],
    "t max": [
        1837.57520665878,
        2924.366169471709,
        3980.3872862253816,
        5035.177609136685,
        6088.737138205616
    ],
    "R max": [
        0.032795536197854025,
        0.02882147204079943,
        0.0287630905365794,
        0.028762149332392604,
        0.028762134083333356
    ],
    "R end": 0.028762134062842618,
    "v end": -3.997269839912693e-07,
    "t end": 6153.969211851239,
    "v max": 102.18998272882057
}