{
    "star": "MS40",
    "grain": "gra",
    "stream": {
        "L4": 22.2,
        "eta": 0.4468,
        "vinf": 100.0,
        "n": 39810.717055350346,
        "T": 10000.0,
        "kappa": 600.0,
        "cs": 11.4,
        "taustar": 0.8366936902749146,
        "Rstar": 0.005218777254750519,
        "Qp": 2.0,
        "a": 0.02,
        "rho_d": 2.2,
        "kappa_d": 340909.0909090908,
        "drag_constant": 5874.181354707337,
        "phi_norm": 1.5,
        "Rstarstar": 4.961952272727271,
        "Upstarstar": 8.511824368502341e-05,
        "R0": 0.005946252899068799
    },
    "R sonic drift": 0.0009463025179229607,
    "w sonic drift": 8.6559494714014,
    "R critical": 0.00211850745035458,
    "w critical": 48.41952977064848,
    "R equilib drift": 0.0018820418059752866,
    "w equilib drift": 100.0,
    "t min": [
        84.60826536591811,
        264.63215107887777,
        273.7369775355776,
        282.61973505430916,
        291.428469593718,
        324.81283326828407,
        325.7011090201572,
        325.99720093744827,
        326.2932928547393,
        327.10754562728977,
        328.58800521374496,
        333.25145291107907,
        335.10202739414814,
        336.5824869806034,
        336.9526018772172,
        337.6188086911221,
        337.76685464976765,
        339.3953601948684,
        341.54202659522855,
        344.72501470610734,
        353.45972626619334,
        364.26708124731675,
        364.7112191232534,
        365.45144891648096
    ],
    "R min": [
        0.0008999512362484948,
        0.0018188412347825416,
        0.0018188412349043682,
        0.0018188412350396018,
        0.0018188412351348847,
        0.0018188412348348383,
        0.0018188412348345217,
        0.0018188412348543075,
        0.0018188412348416187,
        0.0018188412348344684,
        0.0018188412350347574,
        0.0018188412361585008,
        0.0018188412359177886,
        0.0018188412358187793,
        0.0018188412358472487,
        0.001818841236189633,
        0.0018188412362038996,
        0.0018188412359775403,
        0.0018188412357817007,
        0.0018188412352815337,
        0.0018188412354394224,
        0.0018188412364751516,
        0.0018188412364898265,
        0.001818841236361646
    ],
    "t max": [
        261.07904807138516,
        269.8877826107939,
        278.4004252329117,
        287.1351367929977,
        306.89927227217544,
        325.47904008218893,
        325.84915497880274,
        326.21926987541656,
        326.5893847720304,
        327.77375244119463,
        332.51122311785144,
        333.32547589040183,
        335.47214229076195,
        336.7305329392489,
        337.54478571179936,
        337.6928316704449,
        338.3590384843497,
        339.6914521121594,
        342.2822563884561,
        346.4275432305309,
        363.0086905988298,
        364.5631731646078,
        364.8592650818989,
        365.5994948751265
    ],
    "R max": [
        0.0018188412343264546,
        0.001818841234950814,
        0.001818841234928739,
        0.001818841235110688,
        0.0018188412366928152,
        0.0018188412348423852,
        0.0018188412348691624,
        0.0018188412348417507,
        0.001818841234946135,
        0.0018188412349790534,
        0.0018188412362673547,
        0.0018188412361731024,
        0.0018188412359570391,
        0.0018188412358679487,
        0.0018188412361918103,
        0.0018188412362085192,
        0.0018188412362823206,
        0.001818841235926342,
        0.0018188412359925483,
        0.001818841235465354,
        0.0018188412369508063,
        0.0018188412365090821,
        0.0018188412365080623,
        0.0018188412363509077
    ],
    "R end": 0.0018188412351674776,
    "v end": -2.747049470204355e-07,
    "t end": 370.11489661381506,
    "v max": 234.24088175625667
}