{
    "star": "MS10",
    "grain": "sil",
    "stream": {
        "L4": 0.64,
        "eta": 0.0066,
        "vinf": 30.0,
        "n": 0.0012589254117941675,
        "T": 8000.0,
        "kappa": 600.0,
        "cs": 10.19646997739904,
        "taustar": 8.420904437810192e-05,
        "Rstar": 16.60967007491851,
        "Qp": 2.0,
        "a": 0.02,
        "rho_d": 3.5,
        "kappa_d": 214285.71428571426,
        "drag_constant": 0.00020897223665154307,
        "phi_norm": 0.7,
        "Rstarstar": 0.9990603174603174,
        "Upstarstar": 2392.6623364506536,
        "R0": 1.350775375519382
    },
    "R sonic drift": 2.6670428643266484,
    "w sonic drift": 7.745966692414831,
    "R critical": 5.636765862528911,
    "w critical": 38.7741595142002,
    "R equilib drift": 4.847831808264657,
    "w equilib drift": 30.0,
    "t min": [
        888742.9321540683
    ],
    "R min": [
        0.6713884141907405
    ],
    "t max": [],
    "R max": [],
    "R end": 64.9861172858513,
    "v end": 18.8683192943021,
    "t end": 3477085.0240769493,
    "v max": 31.116622666502288
}