{
    "star": "MS20",
    "grain": "gra",
    "stream": {
        "L4": 5.45,
        "eta": 0.1199,
        "vinf": 80.0,
        "n": 1584.8931924611336,
        "T": 9000.0,
        "kappa": 600.0,
        "cs": 10.814989597775858,
        "taustar": 0.10339469841589685,
        "Rstar": 0.016199460000479865,
        "Qp": 2.0,
        "a": 0.02,
        "rho_d": 2.2,
        "kappa_d": 340909.0909090908,
        "drag_constant": 126.14598717438398,
        "phi_norm": 1.5,
        "Rstarstar": 1.9033389559659084,
        "Upstarstar": 0.00396366155753176,
        "R0": 0.007430445012879667
    },
    "R sonic drift": 0.002377004454874038,
    "w sonic drift": 9.672835454459698,
    "R critical": 0.0056367658625289105,
    "w critical": 48.41952977064848,
    "R equilib drift": 0.005309511965911203,
    "w equilib drift": 80.0,
    "t min": [
        265.4255205610389,
        688.2004959555483,
        713.5344554486772,
        714.2317203888551,
        727.7121758989604,
        737.0090417679985,
        786.7472741673525,
        790.9308638084198,
        793.9523452158571,
        800.4601513241839,
        800.9249946176358,
        817.8917748286304,
        829.0480138714762,
        836.2530849199808,
        837.4151931536105,
        838.1124580937883,
        842.7608910283074,
        856.0089248916868,
        856.7061898318645,
        862.7491526467394,
        866.2354773476287,
        869.721802048518,
        878.5538246241042,
        879.2510895642821,
        885.2940523791568,
        1026.6064135885367
    ],
    "R min": [
        0.002334807886929387,
        0.005110751412706743,
        0.0051107514171988945,
        0.005110751417230029,
        0.005110751418200519,
        0.005110751416703098,
        0.005110751418598475,
        0.005110751418553516,
        0.005110751418377289,
        0.005110751418038065,
        0.005110751418031655,
        0.005110751417000433,
        0.005110751418416725,
        0.0051107514179529814,
        0.0051107514179490506,
        0.0051107514179587294,
        0.005110751418666884,
        0.005110751418561451,
        0.0051107514185600444,
        0.005110751418828224,
        0.005110751419337682,
        0.005110751419489194,
        0.005110751419545359,
        0.005110751419545618,
        0.005110751419393497,
        0.005110751397103467
    ],
    "t max": [
        683.5520630210292,
        713.0696121552254,
        713.9992987421292,
        726.0852243718788,
        728.4094408391384,
        760.9484713807718,
        789.0714906346121,
        791.6281287485976,
        794.8820318027609,
        800.6925729709097,
        804.4113193185251,
        828.8155922247502,
        832.3019169256395,
        836.7179282134325,
        837.8800364470624,
        842.2960477348554,
        850.4308053702638,
        856.2413465384126,
        860.8897794729317,
        865.3057907607249,
        869.2569587550661,
        874.1378133363111,
        879.0186679175562,
        879.715932857734,
        935.4971280719628,
        1130.7313113217638
    ],
    "R max": [
        0.005110751410916221,
        0.005110751417228457,
        0.005110751417230967,
        0.0051107514182790505,
        0.005110751418220133,
        0.0051107514192854624,
        0.005110751418597569,
        0.005110751418555393,
        0.005110751418364934,
        0.005110751418038159,
        0.005110751418417723,
        0.0051107514184255826,
        0.0051107514185642034,
        0.005110751417972859,
        0.005110751417960542,
        0.005110751418681368,
        0.005110751419780103,
        0.005110751418562781,
        0.005110751418962686,
        0.005110751419346068,
        0.005110751419493039,
        0.005110751420589269,
        0.005110751419551767,
        0.00511075141954122,
        0.005110751425902986,
        0.0051107514117989805
    ],
    "R end": 0.005110751412250797,
    "v end": -2.2432891885040582e-07,
    "t end": 1162.1082336297675,
    "v max": 215.33006132089486
}