{
    "star": "MS10",
    "grain": "sil",
    "stream": {
        "L4": 0.64,
        "eta": 0.0066,
        "vinf": 90.0,
        "n": 630.9573444802007,
        "T": 8000.0,
        "kappa": 600.0,
        "cs": 10.19646997739904,
        "taustar": 0.019871812658164793,
        "Rstar": 0.007820594194873099,
        "Qp": 2.0,
        "a": 0.02,
        "rho_d": 3.5,
        "kappa_d": 214285.71428571426,
        "drag_constant": 1.29301502706533,
        "phi_norm": 0.7,
        "Rstarstar": 0.11100670194003524,
        "Upstarstar": 0.3866931083815914,
        "R0": 0.0008090935170626424
    },
    "R sonic drift": 0.0037672981789796047,
    "w sonic drift": 7.745966692414831,
    "R critical": 0.007962143411069949,
    "w critical": 38.7741595142002,
    "R equilib drift": 0.00626857246692243,
    "w equilib drift": 90.0,
    "t min": [
        380.1511172182158,
        1146.0197332159821,
        1156.170193710181,
        1164.356048947438,
        1203.3207198767814,
        1478.0380216391266
    ],
    "R min": [
        0.0032515808034567014,
        0.006046347778829087,
        0.006046347778564192,
        0.006046347778723015,
        0.0060463477812079235,
        0.006046347783685797
    ],
    "t max": [
        1133.9046674648419,
        1147.9843384729238,
        1158.1347989671226,
        1188.5861804497188,
        1293.3651274866086,
        1590.0205212848027
    ],
    "R max": [
        0.00604634777922515,
        0.006046347778791778,
        0.006046347778528521,
        0.006046347781760078,
        0.006046347786442829,
        0.006046347780249396
    ],
    "R end": 0.00604634777364044,
    "v end": -6.201338542434454e-08,
    "t end": 1637.1710474514032,
    "v max": 82.35884380619463
}