{
    "star": "MS10",
    "grain": "gra",
    "stream": {
        "L4": 0.64,
        "eta": 0.0066,
        "vinf": 40.0,
        "n": 1.995262314968893,
        "T": 8000.0,
        "kappa": 600.0,
        "cs": 10.19646997739904,
        "taustar": 0.002514316829428511,
        "Rstar": 0.3129120366977879,
        "Qp": 2.0,
        "a": 0.02,
        "rho_d": 2.2,
        "kappa_d": 340909.0909090908,
        "drag_constant": 0.2652310543234817,
        "phi_norm": 1.0,
        "Rstarstar": 0.8940454545454541,
        "Upstarstar": 1.8851487857458389,
        "R0": 0.026219855017975142
    },
    "R sonic drift": 0.04226978079673296,
    "w sonic drift": 7.745966692414831,
    "R critical": 0.09463025179229617,
    "w critical": 43.32928075712418,
    "R equilib drift": 0.08933671843019271,
    "w equilib drift": 40.0,
    "t min": [
        9795.461903036454,
        15631.407981976316,
        21475.62027349258,
        27311.566352432445,
        33155.7786439487,
        38991.72472288857
    ],
    "R min": [
        0.034995299376735595,
        0.0350038266602371,
        0.03499574838895086,
        0.03500511482496444,
        0.03499628102215173,
        0.03500648477588998
    ],
    "t max": [
        12283.591888533478,
        18119.53796747334,
        23963.750258989607,
        29799.69633792947,
        35643.90862944573
    ],
    "R max": [
        0.14972506621417686,
        0.14972457286883187,
        0.1497250515002428,
        0.14972448532475408,
        0.14972502679017094
    ],
    "R end": 0.14926833210063406,
    "v end": 5.678796884324128,
    "t end": 41331.06288201036,
    "v max": 88.70995942426669
}