{
    "star": "MS10",
    "grain": "sil",
    "stream": {
        "L4": 0.64,
        "eta": 0.0066,
        "vinf": 30.0,
        "n": 0.03162277660168389,
        "T": 8000.0,
        "kappa": 600.0,
        "cs": 10.19646997739904,
        "taustar": 0.00042204497998257165,
        "Rstar": 3.314064876455119,
        "Qp": 2.0,
        "a": 0.002,
        "rho_d": 3.5,
        "kappa_d": 2142857.1428571427,
        "drag_constant": 0.5249145258072215,
        "phi_norm": 0.7,
        "Rstarstar": 9.990603174603173,
        "Upstarstar": 0.9525360328542873,
        "R0": 0.27063817237368404
    },
    "R sonic drift": 0.5321450119597623,
    "w sonic drift": 7.745966692414831,
    "R critical": 1.1246826503806984,
    "w critical": 38.7741595142002,
    "R equilib drift": 0.9672696116337913,
    "w equilib drift": 30.0,
    "t min": [
        166920.98295047067,
        275981.57530214975,
        385042.16765382886,
        494241.51393979765,
        603302.1062914768
    ],
    "R min": [
        0.43593318658760544,
        0.4359816863288795,
        0.43605883359350994,
        0.43592368015039545,
        0.4359628187396061
    ],
    "t max": [
        212154.76552890247,
        321215.3578805816,
        430275.9502322606,
        539475.2965182294,
        648535.8888699085
    ],
    "R max": [
        2.0818084508642034,
        2.081804333872989,
        2.0817961514500136,
        2.0818091431616526,
        2.0818062530703627
    ],
    "R end": 0.8854520835044697,
    "v end": -27.26604373246342,
    "t end": 693769.6714483403,
    "v max": 67.04370670926316
}