{
    "star": "MS10",
    "grain": "sil",
    "stream": {
        "L4": 0.64,
        "eta": 0.0066,
        "vinf": 20.0,
        "n": 316.2277660168418,
        "T": 8000.0,
        "kappa": 600.0,
        "cs": 10.19646997739904,
        "taustar": 0.06330674699738603,
        "Rstar": 0.04971097314682655,
        "Qp": 2.0,
        "a": 0.02,
        "rho_d": 3.5,
        "kappa_d": 214285.71428571426,
        "drag_constant": 265.7379786899082,
        "phi_norm": 0.7,
        "Rstarstar": 2.247885714285714,
        "Upstarstar": 0.0018815526574899326,
        "R0": 0.008214245419980056
    },
    "R sonic drift": 0.0053214501195976175,
    "w sonic drift": 7.745966692414831,
    "R critical": 0.011246826503806984,
    "w critical": 38.7741595142002,
    "R equilib drift": 0.007096267784671507,
    "w equilib drift": 20.0,
    "t min": [
        2507.977362285747,
        3130.2887575749073,
        3752.6001528640677,
        4374.911548153228,
        4997.222943442389,
        5619.534338731549,
        6241.84573402071,
        6864.15712930987,
        7486.4685245990295,
        8106.6986108738465,
        8729.010006163006,
        9351.321401452167,
        9973.632796741327
    ],
    "R min": [
        0.004965849696403324,
        0.00496429009407093,
        0.004962827784438817,
        0.004961480833502809,
        0.004960271451921429,
        0.004959227399008524,
        0.004958383429029415,
        0.004957781513780365,
        0.004957470503855446,
        0.004966005120202757,
        0.004964436947882484,
        0.004962964742047106,
        0.004961605652415694
    ],
    "t max": [
        2647.425066246863,
        3269.7364615360234,
        3892.0478568251833,
        4514.359252114345,
        5134.58933838916,
        5756.90073367832,
        6379.212128967481,
        7001.523524256641,
        7623.834919545802,
        8246.146314834961,
        8868.457710124123,
        9490.769105413283,
        10113.080500702443
    ],
    "R max": [
        0.013010465010630079,
        0.013011108474512431,
        0.01301157034343644,
        0.013011835921838308,
        0.013004781111529152,
        0.013006181492842855,
        0.01300745089166046,
        0.013008581794329828,
        0.01300956606397225,
        0.013010393714255991,
        0.013011053853250878,
        0.013011533948210505,
        0.013011819250820952
    ],
    "R end": 0.00773822692873487,
    "v end": -16.541339259093633,
    "t end": 10406.545071725091,
    "v max": 114.17971740909917
}