{
    "star": "MS20",
    "grain": "gra",
    "stream": {
        "L4": 5.45,
        "eta": 0.1199,
        "vinf": 100.0,
        "n": 50118.723362727964,
        "T": 9000.0,
        "kappa": 600.0,
        "cs": 10.814989597775858,
        "taustar": 0.4651448937988158,
        "Rstar": 0.002304573293808195,
        "Qp": 2.0,
        "a": 0.02,
        "rho_d": 2.2,
        "kappa_d": 340909.0909090908,
        "drag_constant": 1633.9297778132668,
        "phi_norm": 1.5,
        "Rstarstar": 1.2181369318181814,
        "Upstarstar": 0.0003060107030237027,
        "R0": 0.0018531719867054901
    },
    "R sonic drift": 0.0004226978079673296,
    "w sonic drift": 9.672835454459698,
    "R critical": 0.001002374467254545,
    "w critical": 48.41952977064848,
    "R equilib drift": 0.0008433930068571646,
    "w equilib drift": 100.0,
    "t min": [
        37.627799647782226,
        143.13773697297825
    ],
    "R min": [
        0.0004180937538236554,
        0.0008253934655619804
    ],
    "t max": [
        135.0368486481042
    ],
    "R max": [
        0.000825393465008726
    ],
    "R end": 0.000825393467147366,
    "v end": 9.323265208482121e-08,
    "t end": 165.3242515280414,
    "v max": 217.2183497606957
}