{
    "star": "MS20",
    "grain": "gra",
    "stream": {
        "L4": 5.45,
        "eta": 0.1199,
        "vinf": 80.0,
        "n": 0.31622776601683955,
        "T": 9000.0,
        "kappa": 600.0,
        "cs": 10.814989597775858,
        "taustar": 0.0014604889342740056,
        "Rstar": 1.1468339416639228,
        "Qp": 2.0,
        "a": 0.02,
        "rho_d": 2.2,
        "kappa_d": 340909.0909090908,
        "drag_constant": 0.025169433439359398,
        "phi_norm": 1.5,
        "Rstarstar": 1.9033389559659084,
        "Upstarstar": 19.86536571054123,
        "R0": 0.3987869818833142
    },
    "R sonic drift": 0.16827902832903915,
    "w sonic drift": 9.672835454459698,
    "R critical": 0.3990524629937762,
    "w critical": 48.41952977064848,
    "R equilib drift": 0.37588466134039766,
    "w equilib drift": 80.0,
    "t min": [
        19317.221994912914,
        32431.213417353792,
        46910.902817288516,
        61588.04252722235,
        76281.63642965611
    ],
    "R min": [
        0.13706290668012264,
        0.31157945047032987,
        0.3573391677018765,
        0.3614183104505198,
        0.36177851571056685
    ],
    "t max": [
        24911.64744488769,
        39490.06199982197,
        54233.0184797555,
        68926.61238218927
    ],
    "R max": [
        0.46805488654805666,
        0.3765983458094703,
        0.3631399115851703,
        0.36193103878436267
    ],
    "R end": 0.3618215835227168,
    "v end": 0.003458622227941557,
    "t end": 82270.96249962911,
    "v max": 116.73920226896314
}