{
    "star": "MS20",
    "grain": "gra",
    "stream": {
        "L4": 5.45,
        "eta": 0.1199,
        "vinf": 60.0,
        "n": 79432.82347242952,
        "T": 9000.0,
        "kappa": 600.0,
        "cs": 10.814989597775858,
        "taustar": 0.9759712116160487,
        "Rstar": 0.003050979393772307,
        "Qp": 2.0,
        "a": 0.02,
        "rho_d": 2.2,
        "kappa_d": 340909.0909090908,
        "drag_constant": 19981.51374857834,
        "phi_norm": 1.5,
        "Rstarstar": 3.3837136994949493,
        "Upstarstar": 2.5023129192880803e-05,
        "R0": 0.003011467744612619
    },
    "R sonic drift": 0.0003357608036245122,
    "w sonic drift": 9.672835454459698,
    "R critical": 0.0007962143411069948,
    "w critical": 48.41952977064848,
    "R equilib drift": 0.0007962143411069948,
    "w equilib drift": 60.0,
    "t min": [
        50.16489737363201,
        71.96430303861347,
        73.67148540996743,
        75.11602433957462,
        76.42924154830845,
        76.56056326918184,
        79.75605847710081,
        79.8873801979742,
        80.19379754667875,
        80.41266708146772,
        82.0323016389061,
        82.47004070848405,
        83.25797103372433,
        83.34551884763992,
        83.69571010330228,
        84.00212745200683,
        84.30854480071139,
        84.52741433550035,
        88.20442251995506,
        104.70718544304343,
        114.64386232246267,
        129.3081211533237,
        154.4343437470975
    ],
    "R min": [
        0.000332454754736345,
        0.0007679045982033583,
        0.0007679045982383214,
        0.0007679045979605366,
        0.0007679045962628985,
        0.0007679045962442445,
        0.000767904598327789,
        0.0007679045983285728,
        0.0007679045983337336,
        0.0007679045983372931,
        0.0007679045981926218,
        0.0007679045982257214,
        0.000767904598320353,
        0.0007679045983201613,
        0.0007679045983295046,
        0.000767904598337289,
        0.0007679045983402954,
        0.0007679045983421419,
        0.0007679045979585187,
        0.0007679045989063925,
        0.0007679045984038652,
        0.000767904598270266,
        0.0007679045983309107
    ],
    "t max": [
        71.08882489945758,
        72.83978117776934,
        74.50318964216552,
        75.64131122306817,
        76.51678936222405,
        78.92435424490273,
        79.84360629101639,
        80.15002363972096,
        80.32511926755213,
        80.98172787191903,
        82.42626680152624,
        82.90777977806198,
        83.30174494068213,
        83.65193619634448,
        83.95835354504904,
        84.26477089375359,
        84.48364042854257,
        85.18402293986728,
        98.2286472132899,
        107.42116767442666,
        119.41521818086224,
        138.2817720796715,
        186.34552191932937
    ],
    "R max": [
        0.0007679045982813757,
        0.0007679045983550326,
        0.0007679045983269917,
        0.0007679045980436298,
        0.0007679045962564018,
        0.0007679045989491773,
        0.000767904598328471,
        0.000767904598333452,
        0.0007679045983387656,
        0.0007679045986238683,
        0.0007679045982284388,
        0.0007679045983885965,
        0.0007679045983207713,
        0.0007679045983303015,
        0.0007679045983381014,
        0.0007679045983414685,
        0.0007679045983435827,
        0.0007679045985859741,
        0.0007679045992338521,
        0.0007679045987141726,
        0.0007679045983496931,
        0.000767904598269517,
        0.0007679045983532373
    ],
    "R end": 0.0007679045979771966,
    "v end": -3.5482963880697613e-09,
    "t end": 218.86953478897038,
    "v max": 246.78157694556748
}