{
    "star": "MS20",
    "grain": "gra",
    "stream": {
        "L4": 5.45,
        "eta": 0.1199,
        "vinf": 170.0,
        "n": 1000.0000000000123,
        "T": 9000.0,
        "kappa": 600.0,
        "cs": 10.814989597775858,
        "taustar": 0.03864909565767002,
        "Rstar": 0.00959713498915165,
        "Qp": 2.0,
        "a": 0.02,
        "rho_d": 2.2,
        "kappa_d": 340909.0909090908,
        "drag_constant": 3.9033518647720666,
        "phi_norm": 1.5,
        "Rstarstar": 0.4215006684491976,
        "Upstarstar": 0.12809503660495575,
        "R0": 0.0037086275507000025
    },
    "R sonic drift": 0.002992471312188866,
    "w sonic drift": 9.672835454459698,
    "R critical": 0.007096267784671507,
    "w critical": 48.41952977064848,
    "R equilib drift": 0.004477442277136681,
    "w equilib drift": 170.0,
    "t min": [
        156.69671844881387
    ],
    "R min": [
        0.0028786376014067645
    ],
    "t max": [],
    "R max": [],
    "R end": 0.004317550471762415,
    "v end": 1.4404044231382022e-08,
    "t end": 688.4741583867041,
    "v max": 142.62979219282147
}