{
    "star": "MS10",
    "grain": "sil",
    "stream": {
        "L4": 0.64,
        "eta": 0.0066,
        "vinf": 500.0,
        "n": 0.0012589254117941675,
        "T": 8000.0,
        "kappa": 600.0,
        "cs": 10.19646997739904,
        "taustar": 5.052542662686116e-06,
        "Rstar": 0.9965802044951108,
        "Qp": 2.0,
        "a": 0.002,
        "rho_d": 3.5,
        "kappa_d": 2142857.1428571427,
        "drag_constant": 2.7082801870039985e-07,
        "phi_norm": 0.7,
        "Rstarstar": 0.03596617142857143,
        "Upstarstar": 1846190.0744218007,
        "R0": 0.08096759396454227
    },
    "R sonic drift": 2.6670428643266484,
    "w sonic drift": 7.745966692414831,
    "R critical": 5.636765862528911,
    "w critical": 38.7741595142002,
    "R equilib drift": 1.1888265043843969,
    "w equilib drift": 500.0,
    "t min": [
        52281.45042202103
    ],
    "R min": [
        0.03837316735170243
    ],
    "t max": [
        147331.04664018855
    ],
    "R max": [
        18.99802055473541
    ],
    "R end": 14.664244130258908,
    "v end": -127.25932659804273,
    "t end": 208625.10144461703,
    "v max": 478.4368514303603
}