{
    "star": "MS10",
    "grain": "sil",
    "stream": {
        "L4": 0.64,
        "eta": 0.0066,
        "vinf": 60.0,
        "n": 0.025118864315095874,
        "T": 8000.0,
        "kappa": 600.0,
        "cs": 10.19646997739904,
        "taustar": 0.00018807399217205242,
        "Rstar": 1.8592209750683,
        "Qp": 2.0,
        "a": 0.002,
        "rho_d": 3.5,
        "kappa_d": 2142857.1428571427,
        "drag_constant": 0.026059651791598963,
        "phi_norm": 0.7,
        "Rstarstar": 2.4976507936507937,
        "Upstarstar": 19.186749078557845,
        "R0": 0.1513938965340034
    },
    "R sonic drift": 0.5970765237835921,
    "w sonic drift": 7.745966692414831,
    "R critical": 1.2619146889603874,
    "w critical": 38.7741595142002,
    "R equilib drift": 1.2013572079541053,
    "w equilib drift": 60.0,
    "t min": [
        94033.4228275257,
        185342.36734465123,
        276573.4696243368,
        367882.4141414623
    ],
    "R min": [
        0.39210808828378635,
        0.3920706006387795,
        0.3921060553484744,
        0.3920699724127846
    ],
    "t max": [
        134277.85958400814,
        225586.80410113366,
        316817.9063808192
    ],
    "R max": [
        1.8309620424023174,
        1.8309638529267915,
        1.8309619344410069
    ],
    "R end": 1.5423100786895427,
    "v end": 33.486830650180806,
    "t end": 389211.1872000236,
    "v max": 71.09126664592583
}