{
    "star": "MS10",
    "grain": "sil",
    "stream": {
        "L4": 0.64,
        "eta": 0.0066,
        "vinf": 90.0,
        "n": 12.589254117941765,
        "T": 8000.0,
        "kappa": 600.0,
        "cs": 10.19646997739904,
        "taustar": 0.0028069681459367405,
        "Rstar": 0.05536556691639484,
        "Qp": 2.0,
        "a": 0.002,
        "rho_d": 3.5,
        "kappa_d": 2142857.1428571427,
        "drag_constant": 2.579904156191907,
        "phi_norm": 0.7,
        "Rstarstar": 1.1100670194003526,
        "Upstarstar": 0.1938056492525016,
        "R0": 0.004655975360833025
    },
    "R sonic drift": 0.026670428643266485,
    "w sonic drift": 7.745966692414831,
    "R critical": 0.056367658625289106,
    "w critical": 38.7741595142002,
    "R equilib drift": 0.044378094520642106,
    "w equilib drift": 90.0,
    "t min": [
        2681.991581904688,
        8433.090211727964,
        9237.455880631098,
        10007.050699293462
    ],
    "R min": [
        0.02350912875952568,
        0.04280486418076203,
        0.04280486418294483,
        0.042804864126472275
    ],
    "t max": [
        8180.422033311706,
        8827.159847790019,
        9571.256042942487
    ],
    "R max": [
        0.04280486418479335,
        0.04280486421922164,
        0.04280486415755516
    ],
    "R end": 0.04280486420504185,
    "v end": 1.298942248914692e-08,
    "t end": 11590.283413589834,
    "v max": 83.28468906821978
}