{
    "star": "MS10",
    "grain": "sil",
    "stream": {
        "L4": 0.64,
        "eta": 0.0066,
        "vinf": 10.0,
        "n": 63095.73444802033,
        "T": 8000.0,
        "kappa": 600.0,
        "cs": 10.19646997739904,
        "taustar": 1.7884631392348354,
        "Rstar": 0.007038534775385775,
        "Qp": 2.0,
        "a": 0.02,
        "rho_d": 3.5,
        "kappa_d": 214285.71428571426,
        "drag_constant": 848347.1592575664,
        "phi_norm": 0.7,
        "Rstarstar": 8.991542857142855,
        "Upstarstar": 5.893813570821365e-07,
        "R0": 0.006958839500766149
    },
    "R sonic drift": 0.0003767298178979601,
    "w sonic drift": 7.745966692414831,
    "R critical": 0.0007962143411069948,
    "w critical": 38.7741595142002,
    "R equilib drift": 0.0003767298178979601,
    "w equilib drift": 10.0,
    "t min": [
        409.0308144952582,
        410.20957764942324,
        411.3883408035882,
        413.1564855348357,
        414.9246302660832,
        416.987465785872,
        418.4609197285783,
        421.70251840253206,
        425.23880786502707,
        426.4175710191921,
        432.01669600147585,
        436.73174861813595,
        438.7945841379247,
        454.1185051420698,
        476.8096958597462,
        477.69376822537,
        480.05129453370006,
        480.6406761107825,
        482.9982024191125,
        485.6504195159838,
        488.0079458243138,
        491.2495444982676,
        494.19645238368014,
        497.4380510576339,
        498.32212342325766,
        499.5008865774227,
        505.9840839253302,
        509.5203733878252,
        511.8778996961553,
        514.8248075815677,
        544.8832680127756,
        548.7142482638118,
        550.1877022065181,
        568.4585310960757,
        573.1735837127358,
        592.3284849679171,
        715.5092345781607
    ],
    "R min": [
        0.0003582024977214644,
        0.000358202497594523,
        0.00035820249728736315,
        0.0003582024972157658,
        0.0003582024973557709,
        0.0003582024973864313,
        0.0003582024971542705,
        0.0003582024972299366,
        0.0003582024970270318,
        0.0003582024968990556,
        0.00035820249736112804,
        0.00035820249642303344,
        0.0003582024971066303,
        0.0003582024972240865,
        0.0003582024967206314,
        0.0003582024967826323,
        0.00035820249718473274,
        0.00035820249720040065,
        0.00035820249721427844,
        0.0003582024972978887,
        0.00035820249740552157,
        0.00035820249745083433,
        0.00035820249690368146,
        0.0003582024971289539,
        0.0003582024970606088,
        0.00035820249695731765,
        0.00035820249689514684,
        0.00035820249721408426,
        0.00035820249732366056,
        0.0003582024971707614,
        0.000358202495629471,
        0.0003582024971075359,
        0.00035820249720633026,
        0.0003582024971610183,
        0.0003582024971616225,
        0.00035820249720658234,
        0.00035820249720089906
    ],
    "t max": [
        409.6201960723407,
        410.50426843796447,
        411.97772238067074,
        414.629939477542,
        415.808702631707,
        417.2821565744133,
        419.93437367128456,
        422.5865907681558,
        425.5334986535683,
        430.5432420587696,
        432.3113867900171,
        438.49989334938346,
        444.3937091202084,
        468.5583537805912,
        477.1043866482875,
        479.4619129566175,
        480.3459853222413,
        481.230057687865,
        484.1769655732775,
        486.53449188160755,
        489.7760905555613,
        491.83892607535006,
        496.2592879034689,
        497.7327418461752,
        498.6168142117989,
        502.44779446283513,
        508.3416102336603,
        511.2885181190727,
        513.0566628503202,
        526.3177483346766,
        548.4195574752706,
        549.8930114179767,
        557.8496627085906,
        572.289511347112,
        591.4444126022934,
        646.5515900595076,
        1278.958022269035
    ],
    "R max": [
        0.0003582024979009895,
        0.00035820249752715745,
        0.00035820249733614087,
        0.00035820249738429365,
        0.00035820249753473066,
        0.00035820249742101975,
        0.0003582024974059335,
        0.00035820249736672415,
        0.00035820249711956286,
        0.0003582024976637406,
        0.00035820249746330466,
        0.00035820249704565313,
        0.0003582024974526441,
        0.00035820249816371005,
        0.0003582024967045068,
        0.00035820249725779956,
        0.0003582024972000473,
        0.0003582024972173103,
        0.0003582024975072253,
        0.0003582024974052065,
        0.0003582024977585141,
        0.00035820249755902584,
        0.00035820249725710166,
        0.0003582024971534078,
        0.0003582024971352267,
        0.00035820249720733033,
        0.00035820249722736167,
        0.00035820249741451464,
        0.0003582024975011468,
        0.0003582024974170726,
        0.00035820249709401266,
        0.0003582024972112299,
        0.0003582024975052488,
        0.00035820249716120284,
        0.00035820249720626705,
        0.0003582024972030121,
        0.0003582024971970905
    ],
    "R end": 0.00035820249719743124,
    "v end": -5.325011285877004e-12,
    "t end": 1473.4539427062616,
    "v max": 1.022158206712223e-06
}