{
    "star": "MS10",
    "grain": "gra",
    "stream": {
        "L4": 0.64,
        "eta": 0.0066,
        "vinf": 120.0,
        "n": 0.012589254117941701,
        "T": 8000.0,
        "kappa": 600.0,
        "cs": 10.19646997739904,
        "taustar": 6.657309495524991e-05,
        "Rstar": 1.3131097155170504,
        "Qp": 2.0,
        "a": 0.02,
        "rho_d": 2.2,
        "kappa_d": 340909.0909090908,
        "drag_constant": 2.066042984069446e-05,
        "phi_norm": 1.0,
        "Rstarstar": 0.09933838383838381,
        "Upstarstar": 24200.85176616991,
        "R0": 0.10676499070516644
    },
    "R sonic drift": 0.5321450119597623,
    "w sonic drift": 7.745966692414831,
    "R critical": 1.191324287058022,
    "w critical": 43.32928075712418,
    "R equilib drift": 0.8275535945916763,
    "w equilib drift": 120.0,
    "t min": [
        43811.55475196268
    ],
    "R min": [
        0.0771922550056187
    ],
    "t max": [],
    "R max": [],
    "R end": 6.965060518649827,
    "v end": 8.344705166008902,
    "t end": 173442.417862085,
    "v max": 114.09159614978412
}