{
    "star": "MS10",
    "grain": "gra",
    "stream": {
        "L4": 0.64,
        "eta": 0.0066,
        "vinf": 500.0,
        "n": 15848.931924611368,
        "T": 8000.0,
        "kappa": 600.0,
        "cs": 10.19646997739904,
        "taustar": 0.017927097863949075,
        "Rstar": 0.00028087446379850386,
        "Qp": 2.0,
        "a": 0.02,
        "rho_d": 2.2,
        "kappa_d": 340909.0909090908,
        "drag_constant": 0.08629473901561155,
        "phi_norm": 1.0,
        "Rstarstar": 0.005721890909090907,
        "Upstarstar": 5.79409597506918,
        "R0": 2.8391493547925998e-05
    },
    "R sonic drift": 0.00047427474113233113,
    "w sonic drift": 7.745966692414831,
    "R critical": 0.001061768888461977,
    "w critical": 43.32928075712418,
    "R equilib drift": 0.00029861971657821275,
    "w equilib drift": 500.0,
    "t min": [
        13.422552873401706,
        14.105181322463595,
        14.973306632683606,
        17.86705766675031,
        26.600249890074693
    ],
    "R min": [
        0.0002838941924417678,
        0.0002838941916089167,
        0.0002838941918494519,
        0.00028389419184307813,
        0.0002838941920207325
    ],
    "t max": [
        13.578370236774528,
        14.847168767096084,
        15.522377341711646,
        19.432651174924857,
        33.931085843043675
    ],
    "R max": [
        0.00028389419249114274,
        0.0002838941916553807,
        0.0002838941926491504,
        0.000283894191820067,
        0.0002838941919407783
    ],
    "R end": 0.00028389419178905916,
    "v end": -3.449431030869589e-08,
    "t end": 37.0993722316244,
    "v max": 3.0205389681818504e-06
}