{
    "star": "MS10",
    "grain": "sil",
    "stream": {
        "L4": 0.64,
        "eta": 0.0066,
        "vinf": 80.0,
        "n": 3981.0717055350265,
        "T": 8000.0,
        "kappa": 600.0,
        "cs": 10.19646997739904,
        "taustar": 0.05615520365873758,
        "Rstar": 0.003502613955339037,
        "Qp": 2.0,
        "a": 0.02,
        "rho_d": 3.5,
        "kappa_d": 214285.71428571426,
        "drag_constant": 13.06813649420089,
        "phi_norm": 0.7,
        "Rstarstar": 0.14049285714285714,
        "Upstarstar": 0.038261002264697766,
        "R0": 0.0005399531412037781
    },
    "R sonic drift": 0.001499788418664912,
    "w sonic drift": 7.745966692414831,
    "R critical": 0.0031697863849222286,
    "w critical": 38.7741595142002,
    "R equilib drift": 0.002661059614105937,
    "w equilib drift": 80.0,
    "t min": [
        169.08531120566312,
        538.4919885058066,
        582.339783866165,
        594.0716354675986,
        636.0130049427243
    ],
    "R min": [
        0.0013654271068115607,
        0.00259631942923367,
        0.0025963194327614327,
        0.002596319431435583,
        0.0025963194327099613
    ],
    "t max": [
        521.4808036837278,
        561.955691708674,
        587.3258207967743,
        601.1107464284589,
        729.8678177541938
    ],
    "R max": [
        0.0025963194280854973,
        0.0025963194289801397,
        0.0025963194332668145,
        0.0025963194336520996,
        0.002596319433454212
    ],
    "R end": 0.0025963194332591583,
    "v end": -4.512050320799222e-09,
    "t end": 733.2407250896059,
    "v max": 92.01162499254312
}