{
    "star": "MS40",
    "grain": "gra",
    "stream": {
        "L4": 22.2,
        "eta": 0.4468,
        "vinf": 80.0,
        "n": 79.43282347242886,
        "T": 10000.0,
        "kappa": 600.0,
        "cs": 11.4,
        "taustar": 0.04671716788775537,
        "Rstar": 0.14604233697112093,
        "Qp": 2.0,
        "a": 0.02,
        "rho_d": 2.2,
        "kappa_d": 340909.0909090908,
        "drag_constant": 28.614581758643343,
        "phi_norm": 1.5,
        "Rstarstar": 7.753050426136362,
        "Upstarstar": 0.017473608533487284,
        "R0": 0.10444179874428884
    },
    "R sonic drift": 0.021185074503545776,
    "w sonic drift": 8.6559494714014,
    "R critical": 0.047427474113233115,
    "w critical": 48.41952977064848,
    "R equilib drift": 0.044774422771366805,
    "w equilib drift": 80.0,
    "t min": [
        2380.107662794732,
        5551.51308641417,
        5909.875684902846,
        6452.598232903037,
        7767.975400766097,
        10317.942792324247
    ],
    "R min": [
        0.019743775926777687,
        0.044484298474136354,
        0.044484298508405136,
        0.04448429847251069,
        0.04448429850915052,
        0.04448429852624889
    ],
    "t max": [
        5468.654682139331,
        5702.7296742157505,
        6061.092272704426,
        6995.320780903229,
        8294.12626791132
    ],
    "R max": [
        0.04448429846442521,
        0.04448429850370578,
        0.04448429851567976,
        0.044484298512487544,
        0.04448429850613165
    ],
    "R end": 0.04448429852707508,
    "v end": 7.867494145526814e-10,
    "t end": 10357.300534354796,
    "v max": 213.0033035489637
}