{
    "star": "MS10",
    "grain": "sil",
    "stream": {
        "L4": 0.64,
        "eta": 0.0066,
        "vinf": 80.0,
        "n": 79.43282347242886,
        "T": 8000.0,
        "kappa": 600.0,
        "cs": 10.19646997739904,
        "taustar": 0.007932133349390372,
        "Rstar": 0.02479660784007328,
        "Qp": 2.0,
        "a": 0.002,
        "rho_d": 3.5,
        "kappa_d": 2142857.1428571427,
        "drag_constant": 26.07436027374846,
        "phi_norm": 0.7,
        "Rstarstar": 1.4049285714285715,
        "Upstarstar": 0.019175925880850757,
        "R0": 0.0022206021409820415
    },
    "R sonic drift": 0.01061768888461977,
    "w sonic drift": 7.745966692414831,
    "R critical": 0.022440369086039285,
    "w critical": 38.7741595142002,
    "R equilib drift": 0.018838859358011793,
    "w equilib drift": 80.0,
    "t min": [
        1195.9941433327608,
        4392.579184410512
    ],
    "R min": [
        0.009749473962288287,
        0.018380533955928036
    ],
    "t max": [
        4221.2779399227475,
        4903.368349792212
    ],
    "R max": [
        0.01838053395932024,
        0.018380533946376846
    ],
    "R end": 0.01838053391349168,
    "v end": -1.5038910485346324e-07,
    "t end": 5190.946802659551,
    "v max": 93.44285476504436
}