{
    "star": "MS40",
    "grain": "gra",
    "stream": {
        "L4": 22.2,
        "eta": 0.4468,
        "vinf": 250.0,
        "n": 1.0000000000000062,
        "T": 10000.0,
        "kappa": 600.0,
        "cs": 11.4,
        "taustar": 0.0016773607840891054,
        "Rstar": 0.41651318346482014,
        "Qp": 2.0,
        "a": 0.02,
        "rho_d": 2.2,
        "kappa_d": 340909.0909090908,
        "drag_constant": 0.0037773507689256424,
        "phi_norm": 1.5,
        "Rstarstar": 0.7939123636363635,
        "Upstarstar": 132.36790295284396,
        "R0": 0.2791090559896167
    },
    "R sonic drift": 0.18881217525718474,
    "w sonic drift": 8.6559494714014,
    "R critical": 0.4226978079673296,
    "w critical": 48.41952977064848,
    "R equilib drift": 0.21748835474684214,
    "w equilib drift": 250.0,
    "t min": [
        7042.11004850561,
        10273.682361032934,
        13759.290522625475,
        17268.529925991526,
        20771.8615189142,
        23808.476086810075,
        27613.10601234499
    ],
    "R min": [
        0.1279240236975371,
        0.21030913173162621,
        0.2137307223287457,
        0.2138095242086549,
        0.21381130358909467,
        0.21381133984727632,
        0.21381134248367645
    ],
    "t max": [
        8383.183019152231,
        12004.67082094245,
        15513.9102243085,
        19023.149627674553,
        22414.232822173057,
        25480.38644228582
    ],
    "R max": [
        0.24140961437670905,
        0.2143498736607703,
        0.21382345156406685,
        0.2138116178541854,
        0.2138113531423859,
        0.2138113456838259
    ],
    "R end": 0.21381134390203993,
    "v end": 1.3792554109323047e-06,
    "t end": 29539.052216885946,
    "v max": 149.245086124292
}