{
    "star": "MS10",
    "grain": "sil",
    "stream": {
        "L4": 0.64,
        "eta": 0.0066,
        "vinf": 60.0,
        "n": 0.6309573444801969,
        "T": 8000.0,
        "kappa": 600.0,
        "cs": 10.19646997739904,
        "taustar": 0.0009426028385394835,
        "Rstar": 0.37096335467534686,
        "Qp": 2.0,
        "a": 0.002,
        "rho_d": 3.5,
        "kappa_d": 2142857.1428571427,
        "drag_constant": 0.6545888574518195,
        "phi_norm": 0.7,
        "Rstarstar": 2.4976507936507937,
        "Upstarstar": 0.7638382387784565,
        "R0": 0.03048887759545475
    },
    "R sonic drift": 0.1191324287058022,
    "w sonic drift": 7.745966692414831,
    "R critical": 0.2517850823588335,
    "w critical": 38.7741595142002,
    "R equilib drift": 0.23970227638470568,
    "w equilib drift": 60.0,
    "t min": [
        18234.061169748195,
        27459.812732636125,
        37353.42173189473,
        47247.030731153325,
        57218.29757185038,
        66242.13874699833
    ],
    "R min": [
        0.09925834634142608,
        0.23567808043159727,
        0.23779808168571387,
        0.23785163311218205,
        0.23785302150800838,
        0.23785305833755077
    ],
    "t max": [
        22582.900290301426,
        32414.38301640927,
        42307.99201566787,
        52201.60101492647,
        62203.930992198904,
        69705.67847515323
    ],
    "R max": [
        0.2492021058876609,
        0.23819310461462936,
        0.23786190199440774,
        0.23785328728802543,
        0.2378530626280242,
        0.2378530590690658
    ],
    "R end": 0.23785305813009505,
    "v end": -2.7670880740345228e-08,
    "t end": 77657.84143845057,
    "v max": 86.38945518147169
}