{
    "star": "MS10",
    "grain": "sil",
    "stream": {
        "L4": 0.64,
        "eta": 0.0066,
        "vinf": 20.0,
        "n": 31622.776601684312,
        "T": 8000.0,
        "kappa": 600.0,
        "cs": 10.19646997739904,
        "taustar": 0.6330674699738618,
        "Rstar": 0.004971097314682644,
        "Qp": 2.0,
        "a": 0.02,
        "rho_d": 3.5,
        "kappa_d": 214285.71428571426,
        "drag_constant": 26573.797868990947,
        "phi_norm": 0.7,
        "Rstarstar": 2.247885714285714,
        "Upstarstar": 1.881552657489925e-05,
        "R0": 0.003991818991603091
    },
    "R sonic drift": 0.0005321450119597618,
    "w sonic drift": 7.745966692414831,
    "R critical": 0.0011246826503806984,
    "w critical": 38.7741595142002,
    "R equilib drift": 0.0007096267784671508,
    "w equilib drift": 20.0,
    "t min": [
        249.96521262283667,
        299.0841053613791,
        347.99486719848704,
        396.905629035595,
        445.8163908727029,
        494.7271527098108,
        543.6379145469188,
        592.5486763840266,
        641.4594382211346,
        690.3702000582425,
        739.4890927967849,
        788.3998546338929,
        837.3106164710008,
        886.2213783081087,
        935.1321401452167,
        984.0429019823246,
        1032.9536638194324
    ],
    "R min": [
        0.0005051828621999072,
        0.0005034661221302405,
        0.0005036303633771034,
        0.0005038292769641282,
        0.0005040417851596741,
        0.0005042618973862755,
        0.0005044871164043014,
        0.0005047161357765028,
        0.000504948189037209,
        0.0005051827866773788,
        0.0005034660872688415,
        0.0005036303047950949,
        0.0005038292035634895,
        0.0005040417106851209,
        0.0005042618233481918,
        0.0005044870413071623,
        0.0005047160585590388
    ],
    "t max": [
        259.7473649902583,
        308.6581268273662,
        357.77701956590863,
        406.6877814030166,
        455.5985432401245,
        504.50930507723245,
        553.4200669143403,
        602.3308287514483,
        651.2415905885562,
        700.1523524256642,
        749.063114262772,
        798.1820070013144,
        847.0927688384224,
        896.0035306755303,
        944.9142925126382,
        993.8250543497462
    ],
    "R max": [
        0.0011457482522024198,
        0.0011453141037761736,
        0.0011478481513201911,
        0.0011477258624925796,
        0.0011475093331463912,
        0.001147231298486333,
        0.0011469080260952118,
        0.001146549183517526,
        0.001146161135274544,
        0.0011457483782739942,
        0.00114531424531134,
        0.0011478481701388016,
        0.0011477259243324648,
        0.0011475094146006467,
        0.001147231405156501,
        0.001146908137951092
    ],
    "R end": 0.0010811100245271068,
    "v end": 38.77146139121428,
    "t end": 1040.654507172509,
    "v max": 147.03939227159924
}