{
    "star": "MS10",
    "grain": "sil",
    "stream": {
        "L4": 0.64,
        "eta": 0.0066,
        "vinf": 200.0,
        "n": 63.09573444801995,
        "T": 8000.0,
        "kappa": 600.0,
        "cs": 10.19646997739904,
        "taustar": 0.002827808515618456,
        "Rstar": 0.011128900640260384,
        "Qp": 2.0,
        "a": 0.02,
        "rho_d": 3.5,
        "kappa_d": 214285.71428571426,
        "drag_constant": 0.00530216974535976,
        "phi_norm": 0.7,
        "Rstarstar": 0.02247885714285714,
        "Upstarstar": 94.30101713314242,
        "R0": 0.0009361263608824597
    },
    "R sonic drift": 0.011913242870580215,
    "w sonic drift": 7.745966692414831,
    "R critical": 0.025178508235883353,
    "w critical": 38.7741595142002,
    "R equilib drift": 0.01091153193250638,
    "w equilib drift": 200.0,
    "t min": [
        568.4553993294579,
        822.8624878818218,
        1100.1009818170903,
        1377.8054228009894,
        1640.1336111800754,
        1859.5946710851367,
        2080.45357213609
    ],
    "R min": [
        0.006293653934133554,
        0.010312976471069983,
        0.010412116870476813,
        0.010413756322128428,
        0.010413783035398022,
        0.010413783600909374,
        0.010413783553774944
    ],
    "t max": [
        677.9529557576733,
        960.7828142765101,
        1238.9532023090399,
        1514.793855098416,
        1746.8354853165065,
        1942.0672986927711
    ],
    "R max": [
        0.011261718962912115,
        0.010426812091537039,
        0.010413996870395719,
        0.010413787047603838,
        0.010413783715727213,
        0.010413783600398897
    ],
    "R end": 0.010413783631692639,
    "v end": 1.886523209735036e-07,
    "t end": 2329.735243153516,
    "v max": 84.09132823239982
}