{
    "star": "MS10",
    "grain": "gra",
    "stream": {
        "L4": 0.64,
        "eta": 0.0066,
        "vinf": 30.0,
        "n": 0.010000000000000021,
        "T": 8000.0,
        "kappa": 600.0,
        "cs": 10.19646997739904,
        "taustar": 0.00023733333333333356,
        "Rstar": 5.8933333333333255,
        "Qp": 2.0,
        "a": 0.2,
        "rho_d": 2.2,
        "kappa_d": 34090.90909090909,
        "drag_constant": 4.2012576675849465e-05,
        "phi_norm": 1.0,
        "Rstarstar": 0.15894141414141408,
        "Upstarstar": 11901.198154490254,
        "R0": 0.48017736366448255
    },
    "R sonic drift": 0.5970765237835921,
    "w sonic drift": 7.745966692414831,
    "R critical": 1.33668783513723,
    "w critical": 43.32928075712418,
    "R equilib drift": 1.0852943545386067,
    "w equilib drift": 30.0,
    "t min": [
        198809.07442177206
    ],
    "R min": [
        0.11970564006229416
    ],
    "t max": [],
    "R max": [],
    "R end": 15.898625225290827,
    "v end": 23.641117918548023,
    "t end": 778422.3744000474,
    "v max": 30.647887038060894
}