{
    "star": "MS10",
    "grain": "sil",
    "stream": {
        "L4": 0.64,
        "eta": 0.0066,
        "vinf": 10.0,
        "n": 3.162277660168402,
        "T": 8000.0,
        "kappa": 600.0,
        "cs": 10.19646997739904,
        "taustar": 0.012661349399477176,
        "Rstar": 0.9942194629365335,
        "Qp": 2.0,
        "a": 0.02,
        "rho_d": 3.5,
        "kappa_d": 214285.71428571426,
        "drag_constant": 42.51807659038509,
        "phi_norm": 0.7,
        "Rstarstar": 8.991542857142857,
        "Upstarstar": 0.011759704109312133,
        "R0": 0.0943165479386444
    },
    "R sonic drift": 0.05321450119597623,
    "w sonic drift": 7.745966692414831,
    "R critical": 0.11246826503806984,
    "w critical": 38.7741595142002,
    "R equilib drift": 0.05321450119597623,
    "w equilib drift": 10.0,
    "t min": [
        55570.95068301205,
        58318.27858194749,
        61023.980300596006,
        63771.30819953144,
        66477.00991817997,
        69224.33781711539,
        71930.03953576392,
        74677.36743469935,
        77424.69533363477,
        80130.3970522833,
        82752.84641035803,
        85416.92194871965,
        87789.61422507298,
        90037.4279605656,
        92618.25113835341,
        96572.73826560896,
        105980.25501044845,
        112557.19149577872,
        121590.07261803612,
        138948.18979767358
    ],
    "R min": [
        0.05042209949906897,
        0.05054009405073496,
        0.050580141453604344,
        0.05059236542353716,
        0.05059597535285837,
        0.05059702052773286,
        0.050597324743252625,
        0.05059741225211517,
        0.05059743767152741,
        0.05059744489584241,
        0.0505974467842599,
        0.050597447362297564,
        0.05059744754596312,
        0.050597447491650877,
        0.050597447415301144,
        0.050597447537705384,
        0.0505974473452509,
        0.05059744756284116,
        0.05059744758881444,
        0.05059744758628436
    ],
    "t max": [
        56902.988452192876,
        59650.3163511283,
        62397.64425006372,
        65103.34596871225,
        67850.67386764768,
        70598.0017665831,
        73303.70348523163,
        76051.03138416706,
        78756.73310281557,
        81420.80864117722,
        84126.51035982574,
        86665.70735732667,
        88871.89491253239,
        91369.46572974641,
        94824.43869355915,
        98154.53311651117,
        111807.92025061451,
        118010.22111336267,
        130040.1872162769
    ],
    "R max": [
        0.050728344503258554,
        0.050631473301558774,
        0.0506070450771464,
        0.050600193610207955,
        0.05059824226374661,
        0.05059767735079017,
        0.050597513575026065,
        0.050597466358221405,
        0.05059745275332782,
        0.05059744900362268,
        0.050597448031451685,
        0.05059744771895152,
        0.050597447675862994,
        0.05059744776246956,
        0.050597447650403214,
        0.0505974476167288,
        0.05059744755474933,
        0.050597447588991006,
        0.050597447585480744
    ],
    "R end": 0.05059744758608355,
    "v end": 1.7325839058132853e-11,
    "t end": 208130.90143450207,
    "v max": 0.3513922173143286
}