{
    "star": "MS10",
    "grain": "sil",
    "stream": {
        "L4": 0.64,
        "eta": 0.0066,
        "vinf": 120.0,
        "n": 7943.282347242919,
        "T": 8000.0,
        "kappa": 600.0,
        "cs": 10.19646997739904,
        "taustar": 0.05288088899593592,
        "Rstar": 0.0016531071893382153,
        "Qp": 2.0,
        "a": 0.02,
        "rho_d": 3.5,
        "kappa_d": 214285.71428571426,
        "drag_constant": 5.150490918271321,
        "phi_norm": 0.7,
        "Rstarstar": 0.06244126984126984,
        "Upstarstar": 0.09707812477180659,
        "R0": 0.00024660249884161494
    },
    "R sonic drift": 0.001061768888461977,
    "w sonic drift": 7.745966692414831,
    "R critical": 0.002244036908603926,
    "w critical": 38.7741595142002,
    "R equilib drift": 0.0014158915687682763,
    "w equilib drift": 120.0,
    "t min": [
        79.59451764077977,
        269.37553274601294,
        304.05105738777877
    ],
    "R min": [
        0.0009557061221246853,
        0.001385129887004814,
        0.0013851298833635816
    ],
    "t max": [
        246.32772894220454,
        277.334984510091
    ],
    "R max": [
        0.0013851298883074661,
        0.0013851298856269972
    ],
    "R end": 0.0013851298885205672,
    "v end": 2.90556309796275e-07,
    "t end": 346.0631201773034,
    "v max": 62.9286724004278
}