{
    "star": "MS10",
    "grain": "gra",
    "stream": {
        "L4": 0.64,
        "eta": 0.0066,
        "vinf": 170.0,
        "n": 31622.776601684312,
        "T": 8000.0,
        "kappa": 600.0,
        "cs": 10.19646997739904,
        "taustar": 0.07447852587927785,
        "Rstar": 0.0005848349781979582,
        "Qp": 2.0,
        "a": 0.02,
        "rho_d": 2.2,
        "kappa_d": 340909.0909090908,
        "drag_constant": 12.884532089079743,
        "phi_norm": 1.0,
        "Rstarstar": 0.049497326203208535,
        "Upstarstar": 0.038806221020922745,
        "R0": 0.00010702999460038463
    },
    "R sonic drift": 0.0003357608036245122,
    "w sonic drift": 7.745966692414831,
    "R critical": 0.0007516748085768887,
    "w critical": 43.32928075712418,
    "R equilib drift": 0.0004083463597318542,
    "w equilib drift": 170.0,
    "t min": [
        17.64345943969441,
        47.2294706717564,
        48.7589824795758,
        49.23792052040814,
        51.26181998328026,
        56.65373534619913
    ],
    "R min": [
        0.00031074595867577827,
        0.00040330396638441383,
        0.0004033039669112502,
        0.0004033039669273971,
        0.0004033039662453327,
        0.00040330396563126433
    ],
    "t max": [
        47.10587375799322,
        48.743532865355405,
        49.02162592132256,
        49.77865701812206,
        53.347517903033975
    ],
    "R max": [
        0.0004033039663866306,
        0.00040330396691289994,
        0.0004033039669508785,
        0.0004033039669296212,
        0.00040330396673003173
    ],
    "R end": 0.00040330396746528614,
    "v end": 5.604324020043319e-07,
    "t end": 77.24807110198954,
    "v max": 71.09964167651286
}