{
    "star": "MS10",
    "grain": "gra",
    "stream": {
        "L4": 0.64,
        "eta": 0.0066,
        "vinf": 50.0,
        "n": 158.48931924611304,
        "T": 8000.0,
        "kappa": 600.0,
        "cs": 10.19646997739904,
        "taustar": 0.017927097863949037,
        "Rstar": 0.02808744637985044,
        "Qp": 2.0,
        "a": 0.2,
        "rho_d": 2.2,
        "kappa_d": 34090.90909090909,
        "drag_constant": 0.08629473901561123,
        "phi_norm": 1.0,
        "Rstarstar": 0.057218909090909084,
        "Upstarstar": 5.794095975069199,
        "R0": 0.0028391493547926055
    },
    "R sonic drift": 0.004742747411323311,
    "w sonic drift": 7.745966692414831,
    "R critical": 0.01061768888461977,
    "w critical": 43.32928075712418,
    "R equilib drift": 0.01061768888461977,
    "w equilib drift": 50.0,
    "t min": [
        880.739096778763,
        1486.2008515988732,
        2092.4045938636154,
        2698.608336128358,
        3304.812078393101
    ],
    "R min": [
        0.003717170633809503,
        0.0037180141396058455,
        0.0037177244595590474,
        0.003717495459620333,
        0.003717327147816109
    ],
    "t max": [
        1159.7263759605783,
        1765.9301182253212,
        2372.1338604900634,
        2978.337602754806,
        3584.5413450195483
    ],
    "R max": [
        0.016113150204869125,
        0.016113166955304042,
        0.01611317959965172,
        0.016113188631751672,
        0.016113193704082585
    ],
    "R end": 0.013020776555837983,
    "v end": -48.75380724390705,
    "t end": 3709.9372231624393,
    "v max": 87.123624726667
}