{
    "star": "MS10",
    "grain": "sil",
    "stream": {
        "L4": 0.64,
        "eta": 0.0066,
        "vinf": 300.0,
        "n": 0.0012589254117941675,
        "T": 8000.0,
        "kappa": 600.0,
        "cs": 10.19646997739904,
        "taustar": 8.420904437810192e-06,
        "Rstar": 1.6609670074918512,
        "Qp": 2.0,
        "a": 0.002,
        "rho_d": 3.5,
        "kappa_d": 2142857.1428571427,
        "drag_constant": 2.0897223665154307e-06,
        "phi_norm": 0.7,
        "Rstarstar": 0.09990603174603174,
        "Upstarstar": 239266.23364506534,
        "R0": 0.13495158513648656
    },
    "R sonic drift": 2.6670428643266484,
    "w sonic drift": 7.745966692414831,
    "R critical": 5.636765862528911,
    "w critical": 38.7741595142002,
    "R equilib drift": 1.6990559550036521,
    "w equilib drift": 300.0,
    "t min": [
        87413.9175052945
    ],
    "R min": [
        0.09493176114881077
    ],
    "t max": [
        233938.28041989717
    ],
    "R max": [
        17.603337469733834
    ],
    "R end": 11.889933600389078,
    "v end": -89.48636431206772,
    "t end": 347708.502407695,
    "v max": 280.0108596448192
}