{
    "star": "MS10",
    "grain": "gra",
    "stream": {
        "L4": 0.64,
        "eta": 0.0066,
        "vinf": 80.0,
        "n": 199.52623149688992,
        "T": 8000.0,
        "kappa": 600.0,
        "cs": 10.19646997739904,
        "taustar": 0.012571584147142574,
        "Rstar": 0.01564560183488937,
        "Qp": 2.0,
        "a": 0.2,
        "rho_d": 2.2,
        "kappa_d": 34090.90909090909,
        "drag_constant": 0.016576940895217662,
        "phi_norm": 1.0,
        "Rstarstar": 0.02235113636363636,
        "Upstarstar": 30.16238057193331,
        "R0": 0.0014826032016575304
    },
    "R sonic drift": 0.004226978079673296,
    "w sonic drift": 7.745966692414831,
    "R critical": 0.009463025179229607,
    "w critical": 43.32928075712418,
    "R equilib drift": 0.008415009370063491,
    "w equilib drift": 80.0,
    "t min": [
        493.49289081120367,
        922.5093235264712,
        1375.4977727133048,
        1834.2725707036197
    ],
    "R min": [
        0.0029413161643768618,
        0.007265501171036862,
        0.008085351448863222,
        0.008163955275199093
    ],
    "t max": [
        668.3232868021075,
        1143.2171993164063,
        1604.471861079642,
        2064.0732803275973
    ],
    "R max": [
        0.011207887385853287,
        0.008460711250571467,
        0.008198322120229204,
        0.008174373565542715
    ],
    "R end": 0.008174372024923451,
    "v end": -0.0012263948935772482,
    "t end": 2066.553144100518,
    "v max": 92.97092187959677
}