{
    "star": "MS10",
    "grain": "gra",
    "stream": {
        "L4": 0.64,
        "eta": 0.0066,
        "vinf": 500.0,
        "n": 50118.723362727964,
        "T": 8000.0,
        "kappa": 600.0,
        "cs": 10.19646997739904,
        "taustar": 0.03187938901321339,
        "Rstar": 0.0001579473181845794,
        "Qp": 2.0,
        "a": 0.2,
        "rho_d": 2.2,
        "kappa_d": 34090.90909090909,
        "drag_constant": 0.002728879253791292,
        "phi_norm": 1.0,
        "Rstarstar": 0.0005721890909090909,
        "Upstarstar": 183.2254026283278,
        "R0": 1.8793546410535275e-05
    },
    "R sonic drift": 0.00026670428643266484,
    "w sonic drift": 7.745966692414831,
    "R critical": 0.0005970765237835921,
    "w critical": 43.32928075712418,
    "R equilib drift": 0.00020000000000000004,
    "w equilib drift": 500.0,
    "t min": [
        5.144695001624256,
        6.367238096089711,
        7.623161206786305,
        8.883256819511791,
        10.101627411948355,
        11.269927980038212,
        12.217085940596771,
        13.289418962022102,
        15.425740000814981
    ],
    "R min": [
        0.00013720073476611514,
        0.00015901713451854207,
        0.00015962991090877693,
        0.00015964505301457573,
        0.00015964542405522047,
        0.00015964543483203126,
        0.00015964543546383153,
        0.0001596454354248342,
        0.00015964543604729843
    ],
    "t max": [
        5.728845285669183,
        6.993113400423562,
        8.253209013149048,
        9.513304625874534,
        10.627362667588791,
        11.804008239736431,
        12.772028710439452,
        14.294991950985157
    ],
    "R max": [
        0.00016377310844935278,
        0.0001597444374795327,
        0.00015964787460166142,
        0.0001596454942251235,
        0.00015964543897556928,
        0.00015964543580693284,
        0.00015964543623961616,
        0.00015964543691948896
    ],
    "R end": 0.00015964543613331244,
    "v end": 2.2121765397476536e-08,
    "t end": 20.8625101444617,
    "v max": 78.14190232313653
}