{
    "star": "MS10",
    "grain": "sil",
    "stream": {
        "L4": 0.64,
        "eta": 0.0066,
        "vinf": 300.0,
        "n": 1.0000000000000062,
        "T": 8000.0,
        "kappa": 600.0,
        "cs": 10.19646997739904,
        "taustar": 0.00023733333333333408,
        "Rstar": 0.05893333333333315,
        "Qp": 2.0,
        "a": 0.02,
        "rho_d": 3.5,
        "kappa_d": 214285.71428571426,
        "drag_constant": 1.6599254784580598e-05,
        "phi_norm": 0.7,
        "Rstarstar": 0.009990603174603175,
        "Upstarstar": 30121.834172005154,
        "R0": 0.004801773636644817
    },
    "R sonic drift": 0.09463025179229617,
    "w sonic drift": 7.745966692414831,
    "R critical": 0.20000000000000004,
    "w critical": 38.7741595142002,
    "R equilib drift": 0.060284780189233486,
    "w equilib drift": 300.0,
    "t min": [
        3108.965131556051,
        7732.9339065846525,
        11078.772571973546
    ],
    "R min": [
        0.008477447099717575,
        0.028790108088479878,
        0.04512696190998214
    ],
    "t max": [
        4952.137316692852,
        9233.132954192652
    ],
    "R max": [
        0.2314063268689254,
        0.09726156438315786
    ],
    "R end": 0.07064838128670767,
    "v end": 9.861093604896665,
    "t end": 12337.16322046052,
    "v max": 253.38971694174066
}