{
    "star": "MS20",
    "grain": "gra",
    "stream": {
        "L4": 5.45,
        "eta": 0.1199,
        "vinf": 250.0,
        "n": 0.001584893192461114,
        "T": 9000.0,
        "kappa": 600.0,
        "cs": 10.814989597775858,
        "taustar": 3.308630349308679e-05,
        "Rstar": 5.18382720015359,
        "Qp": 2.0,
        "a": 0.02,
        "rho_d": 2.2,
        "kappa_d": 340909.0909090908,
        "drag_constant": 1.3227365464736522e-06,
        "phi_norm": 1.5,
        "Rstarstar": 0.19490190909090907,
        "Upstarstar": 378004.2226344879,
        "R0": 1.7951535606217885
    },
    "R sonic drift": 2.3770044548740383,
    "w sonic drift": 9.672835454459698,
    "R critical": 5.636765862528911,
    "w critical": 48.41952977064848,
    "R equilib drift": 2.8250750892455114,
    "w equilib drift": 250.0,
    "t min": [
        93712.40795990446
    ],
    "R min": [
        0.173796038379434
    ],
    "t max": [],
    "R max": [],
    "R end": 41.99051642502206,
    "v end": 76.01583392544615,
    "t end": 371874.6347615256,
    "v max": 239.31337728778217
}