{
    "star": "MS20",
    "grain": "gra",
    "stream": {
        "L4": 5.45,
        "eta": 0.1199,
        "vinf": 70.0,
        "n": 39.810717055350096,
        "T": 9000.0,
        "kappa": 600.0,
        "cs": 10.814989597775858,
        "taustar": 0.018727948989248518,
        "Rstar": 0.11681335158761033,
        "Qp": 2.0,
        "a": 0.02,
        "rho_d": 2.2,
        "kappa_d": 340909.0909090908,
        "drag_constant": 5.4055666641975995,
        "phi_norm": 1.5,
        "Rstarstar": 2.485993738404452,
        "Upstarstar": 0.09249724054124124,
        "R0": 0.042679556675798244
    },
    "R sonic drift": 0.01499788418664912,
    "w sonic drift": 9.672835454459698,
    "R critical": 0.03556558820077846,
    "w critical": 48.41952977064848,
    "R equilib drift": 0.03431140526834457,
    "w equilib drift": 70.0,
    "t min": [
        1924.023662635126,
        3100.5607803789053,
        3700.5611908522287,
        4079.3323996985164,
        4468.159481346033,
        5165.366662231236,
        5825.702309511931,
        6491.065893193243,
        7010.619321256735,
        7629.0554985323115
    ],
    "R min": [
        0.014372507664934588,
        0.03354713977967183,
        0.03354714319358013,
        0.033547143070991374,
        0.033547143086238615,
        0.033547143145977024,
        0.033547143116980614,
        0.0335471431258891,
        0.03354714309189185,
        0.03354714309441693
    ],
    "t max": [
        2694.9739107293403,
        3521.2314592303137,
        3858.1031980714806,
        4275.42191932248,
        4855.310584193345,
        5505.590358672813,
        6243.02103076293,
        6698.88726441864,
        7359.222911699337,
        8187.156439000515
    ],
    "R max": [
        0.03354822686214647,
        0.03354714316757251,
        0.033547143227613464,
        0.03354714321002532,
        0.03354714318459656,
        0.03354714315204797,
        0.03354714321445071,
        0.033547143162449444,
        0.033547143134245026,
        0.033547143207870875
    ],
    "R end": 0.03354714317107147,
    "v end": -4.750132307392858e-07,
    "t end": 8379.894001024068,
    "v max": 181.00609913891563
}