{
    "star": "MS10",
    "grain": "sil",
    "stream": {
        "L4": 0.64,
        "eta": 0.0066,
        "vinf": 20.0,
        "n": 251.1886431509608,
        "T": 8000.0,
        "kappa": 600.0,
        "cs": 10.19646997739904,
        "taustar": 0.05642219765161595,
        "Rstar": 0.05577662925204878,
        "Qp": 2.0,
        "a": 0.02,
        "rho_d": 3.5,
        "kappa_d": 214285.71428571426,
        "drag_constant": 211.08317951195326,
        "phi_norm": 0.7,
        "Rstarstar": 2.2478857142857143,
        "Upstarstar": 0.0023687344541429255,
        "R0": 0.008621178611745552
    },
    "R sonic drift": 0.005970765237835921,
    "w sonic drift": 7.745966692414831,
    "R critical": 0.012619146889603867,
    "w critical": 38.7741595142002,
    "R equilib drift": 0.007962143411069949,
    "w equilib drift": 20.0,
    "t min": [
        2816.332150579371,
        3530.9238902786146,
        4247.850897101058,
        4964.777903923502,
        5681.704910745945,
        6396.296650445189,
        7113.223657267632,
        7830.150664090076,
        8544.74240378932,
        9261.669410611763,
        9978.596417434206,
        10693.188157133449,
        11410.115163955894
    ],
    "R min": [
        0.0055552870655973495,
        0.00556402708553134,
        0.005559397635405944,
        0.005555858478877591,
        0.005554062920760111,
        0.005560334011101728,
        0.005556511979841845,
        0.005554261165354812,
        0.005561316816512071,
        0.005557239321872523,
        0.005554577883625544,
        0.005562342033608868,
        0.005558033048024565
    ],
    "t max": [
        2977.465582080181,
        3692.0573217794245,
        4408.984328601869,
        5125.911335424312,
        5840.5030751235545,
        6557.430081945998,
        7274.357088768442,
        7988.948828467685,
        8705.87583529013,
        9422.802842112573,
        10139.729848935016,
        10854.321588634259,
        11571.248595456704
    ],
    "R max": [
        0.01481899495838682,
        0.014813900637526951,
        0.014817020034592607,
        0.014818807031564225,
        0.014813060779124318,
        0.014816443470809902,
        0.014818542410457618,
        0.014812168163727038,
        0.0148158057122488,
        0.014818204282501288,
        0.014819126464925246,
        0.014815108747174585,
        0.01481779608782588
    ],
    "R end": 0.012908819110825588,
    "v end": -18.101279547952533,
    "t end": 11676.33561600071,
    "v max": 111.88783492152993
}