{
    "star": "MS10",
    "grain": "sil",
    "stream": {
        "L4": 0.64,
        "eta": 0.0066,
        "vinf": 120.0,
        "n": 0.0019952623149688807,
        "T": 8000.0,
        "kappa": 600.0,
        "cs": 10.19646997739904,
        "taustar": 2.6503226467623815e-05,
        "Rstar": 3.298382477490686,
        "Qp": 2.0,
        "a": 0.02,
        "rho_d": 3.5,
        "kappa_d": 214285.71428571426,
        "drag_constant": 1.2937448253218878e-06,
        "phi_norm": 0.7,
        "Rstarstar": 0.06244126984126982,
        "Upstarstar": 386474.975755438,
        "R0": 0.2680492910512595
    },
    "R sonic drift": 2.11850745035458,
    "w sonic drift": 7.745966692414831,
    "R critical": 4.477442277136685,
    "w critical": 38.7741595142002,
    "R equilib drift": 2.8250750892455114,
    "w equilib drift": 120.0,
    "t min": [
        173588.3569557866
    ],
    "R min": [
        0.061551352092849364
    ],
    "t max": [],
    "R max": [],
    "R end": 49.854619956724505,
    "v end": 74.57483045669916,
    "t end": 690486.7022903205,
    "v max": 117.03079728570515
}