{
    "star": "MS10",
    "grain": "gra",
    "stream": {
        "L4": 0.64,
        "eta": 0.0066,
        "vinf": 120.0,
        "n": 1.5848931924611238,
        "T": 8000.0,
        "kappa": 600.0,
        "cs": 10.19646997739904,
        "taustar": 0.000746962410997875,
        "Rstar": 0.11703102658271042,
        "Qp": 2.0,
        "a": 0.2,
        "rho_d": 2.2,
        "kappa_d": 34090.90909090909,
        "drag_constant": 2.60099401450409e-05,
        "phi_norm": 1.0,
        "Rstarstar": 0.009933838383838383,
        "Upstarstar": 19223.41986224566,
        "R0": 0.009595459791578689
    },
    "R sonic drift": 0.047427474113233115,
    "w sonic drift": 7.745966692414831,
    "R critical": 0.1061768888461977,
    "w critical": 43.32928075712418,
    "R equilib drift": 0.07375579175357852,
    "w equilib drift": 120.0,
    "t min": [
        3904.7089273784673
    ],
    "R min": [
        0.007508007549906651
    ],
    "t max": [
        15337.49880342405
    ],
    "R max": [
        0.5513576552461427
    ],
    "R end": 0.5513175029837877,
    "v end": -0.6577205880488655,
    "t end": 15458.071763176831,
    "v max": 113.75737657000397
}