{
    "star": "MS10",
    "grain": "gra",
    "stream": {
        "L4": 0.64,
        "eta": 0.0066,
        "vinf": 10.0,
        "n": 10.000000000000082,
        "T": 8000.0,
        "kappa": 600.0,
        "cs": 10.19646997739904,
        "taustar": 0.022515416940398953,
        "Rstar": 0.5590906903177673,
        "Qp": 2.0,
        "a": 0.2,
        "rho_d": 2.2,
        "kappa_d": 34090.90909090909,
        "drag_constant": 3.4030187107438286,
        "phi_norm": 1.0,
        "Rstarstar": 1.4304727272727273,
        "Upstarstar": 0.1469283722776565,
        "R0": 0.05968274453603044
    },
    "R sonic drift": 0.018881217525718474,
    "w sonic drift": 7.745966692414831,
    "R critical": 0.04226978079673296,
    "w critical": 43.32928075712418,
    "R equilib drift": 0.018881217525718474,
    "w equilib drift": 10.0,
    "t min": [
        19510.543989253172,
        20928.418495663696,
        22331.52347596578,
        23734.628456267863,
        25137.733436569943,
        26540.83841687203,
        27958.712923282554,
        29361.817903584637,
        30764.922883886717,
        32168.027864188804,
        33571.13284449089,
        34974.23782479297,
        36377.34280509505,
        37780.44778539713,
        39183.55276569921,
        40586.6577460013,
        41960.2236740865,
        43304.250549954806,
        44677.816478040004,
        46095.69098445053,
        47764.64743470458,
        49226.83051944044,
        50851.47839136917,
        52697.66915492454,
        55991.27347710732,
        61175.37714117081,
        68840.76119145271
    ],
    "R min": [
        0.017749460575732956,
        0.017832161990066188,
        0.017875200799214928,
        0.017896598161970638,
        0.01790685496900792,
        0.017911668152481047,
        0.017913898132930102,
        0.01791493235197298,
        0.01791540894920857,
        0.01791562808957562,
        0.01791572892033542,
        0.017915775267245616,
        0.01791579656689358,
        0.01791580627739231,
        0.017915810737490254,
        0.01791581273408061,
        0.017915813596415548,
        0.017915813849453895,
        0.01791581398753783,
        0.017915814128775197,
        0.01791581420870676,
        0.017915814185494875,
        0.017915814191560197,
        0.017915814240439126,
        0.01791581424310448,
        0.01791581425996204,
        0.0179158142573148
    ],
    "t max": [
        20204.711716349993,
        21622.586222760518,
        23040.460729171045,
        24443.565709473125,
        25846.67068977521,
        27249.77567007729,
        28652.880650379375,
        30055.985630681454,
        31459.09061098354,
        32862.19559128562,
        34265.30057158771,
        35668.40555188979,
        37071.510532191875,
        38474.615512493954,
        39877.720492796034,
        41280.82547309812,
        42639.62187507487,
        43968.87922483474,
        45371.98420513682,
        46908.0149204149,
        48503.123740126735,
        49965.306824862586,
        51796.72806230952,
        53908.77029581686,
        58708.86628106083,
        62755.71643477421
    ],
    "R max": [
        0.01809333090490283,
        0.017985656331948797,
        0.0179462174778937,
        0.017929469232113856,
        0.01792202756964047,
        0.017918657360549574,
        0.01791711829346471,
        0.017916412760093786,
        0.017916088912373708,
        0.01791594022332316,
        0.017915871848555153,
        0.01791584052957828,
        0.017915826128515774,
        0.01791581953048145,
        0.01791581656797606,
        0.017915815261513996,
        0.01791581477498714,
        0.01791581460690561,
        0.01791581444483273,
        0.017915814333314274,
        0.01791581428618752,
        0.017915814320483503,
        0.01791581434061041,
        0.017915814307577164,
        0.017915814263232136,
        0.01791581425879103
    ],
    "R end": 0.017915814257533164,
    "v end": 2.340031754691226e-10,
    "t end": 73847.63054221487,
    "v max": 0.7560204536912407
}