{
    "star": "MS40",
    "grain": "gra",
    "stream": {
        "L4": 22.2,
        "eta": 0.4468,
        "vinf": 250.0,
        "n": 100.00000000000102,
        "T": 10000.0,
        "kappa": 600.0,
        "cs": 11.4,
        "taustar": 0.016773607840891085,
        "Rstar": 0.04165131834648193,
        "Qp": 2.0,
        "a": 0.02,
        "rho_d": 2.2,
        "kappa_d": 340909.0909090908,
        "drag_constant": 0.3777350768925657,
        "phi_norm": 1.5,
        "Rstarstar": 0.7939123636363635,
        "Upstarstar": 1.3236790295284342,
        "R0": 0.028540272185308718
    },
    "R sonic drift": 0.018881217525718474,
    "w sonic drift": 8.6559494714014,
    "R critical": 0.04226978079673296,
    "w critical": 48.41952977064848,
    "R equilib drift": 0.021748835474684203,
    "w equilib drift": 250.0,
    "t min": [
        678.2166388997014,
        1547.8463361648237,
        1807.78999567342,
        1867.4588811515298,
        2198.296265980652,
        2715.2296797761564
    ],
    "R min": [
        0.016844915905965898,
        0.021381134367615517,
        0.021381134375423976,
        0.021381134378092442,
        0.021381134357027626,
        0.021381134356941316
    ],
    "t max": [
        1501.7654147064816,
        1790.6573453876263,
        1810.153119850771,
        2018.6988285019859,
        2380.25682763667
    ],
    "R max": [
        0.0213811343717866,
        0.021381134379483586,
        0.02138113437910634,
        0.02138113439172471,
        0.021381134368176933
    ],
    "R end": 0.021381134372761387,
    "v end": 7.303391546599409e-08,
    "t end": 2953.905221688595,
    "v max": 103.42479231593686
}