{
    "star": "MS10",
    "grain": "sil",
    "stream": {
        "L4": 0.64,
        "eta": 0.0066,
        "vinf": 90.0,
        "n": 39.810717055350096,
        "T": 8000.0,
        "kappa": 600.0,
        "cs": 10.19646997739904,
        "taustar": 0.004991573658554441,
        "Rstar": 0.031134346269680393,
        "Qp": 2.0,
        "a": 0.02,
        "rho_d": 3.5,
        "kappa_d": 214285.71428571426,
        "drag_constant": 0.08158373278501237,
        "phi_norm": 0.7,
        "Rstarstar": 0.11100670194003526,
        "Upstarstar": 6.128672750456132,
        "R0": 0.0026894743681904884
    },
    "R sonic drift": 0.01499788418664912,
    "w sonic drift": 7.745966692414831,
    "R critical": 0.03169786384922229,
    "w critical": 38.7741595142002,
    "R equilib drift": 0.024955636482160454,
    "w equilib drift": 90.0,
    "t min": [
        1544.6937941887693,
        2514.526859907288,
        3630.3563011103147,
        4750.096359513818,
        6071.884973275348
    ],
    "R min": [
        0.011112806836013124,
        0.023973103335138957,
        0.02407049566815074,
        0.02407094200272093,
        0.02407094399621232
    ],
    "t max": [
        1940.969670503863,
        3071.138041441975,
        4188.271021711827,
        5447.48976026571
    ],
    "R max": [
        0.025546895450841142,
        0.024077573777043507,
        0.024070974312315342,
        0.02407094433369561
    ],
    "R end": 0.024070944043986544,
    "v end": 3.364133981295748e-07,
    "t end": 6517.695334129829,
    "v max": 79.94860949743043
}