{
    "star": "MS10",
    "grain": "sil",
    "stream": {
        "L4": 0.64,
        "eta": 0.0066,
        "vinf": 30.0,
        "n": 100.00000000000102,
        "T": 8000.0,
        "kappa": 600.0,
        "cs": 10.19646997739904,
        "taustar": 0.023733333333333453,
        "Rstar": 0.05893333333333302,
        "Qp": 2.0,
        "a": 0.002,
        "rho_d": 3.5,
        "kappa_d": 2142857.1428571427,
        "drag_constant": 1659.9254784580662,
        "phi_norm": 0.7,
        "Rstarstar": 9.990603174603171,
        "Upstarstar": 0.0003012183417200505,
        "R0": 0.006381978771619933
    },
    "R sonic drift": 0.009463025179229607,
    "w sonic drift": 7.745966692414831,
    "R critical": 0.020000000000000004,
    "w critical": 38.7741595142002,
    "R equilib drift": 0.017200756343247157,
    "w equilib drift": 30.0,
    "t min": [
        2904.1682220964026,
        3553.1030074926243,
        4204.505225532939,
        4855.907443573254,
        5507.309661613569,
        6158.7118796538825,
        6810.114097694197,
        7461.516315734511,
        8112.918533774827,
        8761.853319171048,
        9413.255537211364,
        10064.657755251677,
        10716.059973291993,
        11367.462191332308,
        12018.864409372622
    ],
    "R min": [
        0.00889321966319201,
        0.008929481157173215,
        0.008923425078315632,
        0.00891746660825339,
        0.008911643081913908,
        0.008906023287143867,
        0.008900751866340538,
        0.008896171925694514,
        0.008893096136764072,
        0.008929101786892607,
        0.008923051009512668,
        0.008917099577902102,
        0.008911286125786747,
        0.008905683146332753,
        0.00890044158014653
    ],
    "t max": [
        3121.302294776507,
        3772.704512816822,
        4421.639298213044,
        5073.041516253359,
        5724.4437342936735,
        6375.845952333988,
        7027.248170374302,
        7678.650388414617,
        8330.05260645493,
        8981.454824495246,
        9630.389609891468,
        10281.791827931782,
        10933.194045972097,
        11584.59626401241,
        12235.998482052726
    ],
    "R max": [
        0.020439202639375844,
        0.02043940701492629,
        0.02043243196024975,
        0.020434109162454354,
        0.020435595627900136,
        0.020436873766115905,
        0.020437922642256523,
        0.020438716896407895,
        0.020439225196464697,
        0.02043940799512493,
        0.02043254165085406,
        0.02043420743744209,
        0.02043568148606195,
        0.02043694593604643,
        0.020437979781253588
    ],
    "R end": 0.017626446346150355,
    "v end": -27.63884454216844,
    "t end": 12337.163220460503,
    "v max": 133.55440376573733
}