{
    "star": "MS10",
    "grain": "sil",
    "stream": {
        "L4": 0.64,
        "eta": 0.0066,
        "vinf": 30.0,
        "n": 0.0501187233627274,
        "T": 8000.0,
        "kappa": 600.0,
        "cs": 10.19646997739904,
        "taustar": 0.0005313231502202202,
        "Rstar": 2.632455303076338,
        "Qp": 2.0,
        "a": 0.02,
        "rho_d": 3.5,
        "kappa_d": 214285.71428571426,
        "drag_constant": 0.008319334585758188,
        "phi_norm": 0.7,
        "Rstarstar": 0.9990603174603173,
        "Upstarstar": 60.10096058114388,
        "R0": 0.21526487682855544
    },
    "R sonic drift": 0.4226978079673296,
    "w sonic drift": 7.745966692414831,
    "R critical": 0.8933671843019271,
    "w critical": 38.7741595142002,
    "R equilib drift": 0.7683295631115106,
    "w equilib drift": 30.0,
    "t min": [
        137659.99343901582,
        493988.8635657878
    ],
    "R min": [
        0.24273695828967534,
        0.24272266337549797
    ],
    "t max": [
        319626.8862875467
    ],
    "R max": [
        3.9760435546301798
    ],
    "R end": 2.2241119396087226,
    "v end": 29.17312211271854,
    "t end": 551080.8384268048,
    "v max": 40.44910600091039
}