{
    "star": "MS10",
    "grain": "sil",
    "stream": {
        "L4": 0.64,
        "eta": 0.0066,
        "vinf": 50.0,
        "n": 25.118864315096026,
        "T": 8000.0,
        "kappa": 600.0,
        "cs": 10.19646997739904,
        "taustar": 0.007136906206852391,
        "Rstar": 0.07055247545729927,
        "Qp": 2.0,
        "a": 0.002,
        "rho_d": 3.5,
        "kappa_d": 2142857.1428571427,
        "drag_constant": 54.03729395505998,
        "phi_norm": 0.7,
        "Rstarstar": 3.596617142857144,
        "Upstarstar": 0.009252868961495818,
        "R0": 0.006256964863062541
    },
    "R sonic drift": 0.018881217525718474,
    "w sonic drift": 7.745966692414831,
    "R critical": 0.039905246299377625,
    "w critical": 38.7741595142002,
    "R equilib drift": 0.039905246299377625,
    "w equilib drift": 50.0,
    "t min": [
        3429.4839623804587,
        4575.599188395634,
        5210.6888110586815,
        5842.824528500041,
        6477.914151163088,
        7115.957679047825,
        7703.784818163856,
        8034.622202992979,
        8055.299539544798,
        8439.307218364316,
        8826.268802405522,
        10864.46340537065
    ],
    "R min": [
        0.017413156779608415,
        0.03927665418017011,
        0.03930949287546927,
        0.039311625415846166,
        0.03931176842462434,
        0.039311777938863667,
        0.03931177859350558,
        0.039311778624608495,
        0.03931177862400289,
        0.03931177863575809,
        0.0393117786422706,
        0.03931177864824608
    ],
    "t max": [
        4265.439140118331,
        4894.620952338002,
        5526.756669779361,
        6161.846292442409,
        6799.889820327146,
        7417.256011660062,
        7848.526174026597,
        8046.437823879732,
        8270.934620728065,
        8445.215028807694,
        9399.326415413108,
        12181.905134243763
    ],
    "R max": [
        0.03942762440564365,
        0.03932049385551327,
        0.039312369695915325,
        0.03931181824712663,
        0.03931178117096724,
        0.03931177882064625,
        0.03931177863117134,
        0.03931177862414315,
        0.03931177863660515,
        0.039311778636549506,
        0.039311778642500884,
        0.039311778643982956
    ],
    "R end": 0.03931177863772205,
    "v end": -8.103591863247555e-09,
    "t end": 14769.526108442975,
    "v max": 111.52291385067265
}