{
    "star": "MS20",
    "grain": "gra",
    "stream": {
        "L4": 5.45,
        "eta": 0.1199,
        "vinf": 500.0,
        "n": 0.0501187233627274,
        "T": 9000.0,
        "kappa": 600.0,
        "cs": 10.814989597775858,
        "taustar": 9.302897875976265e-05,
        "Rstar": 0.4609146587616415,
        "Qp": 2.0,
        "a": 0.02,
        "rho_d": 2.2,
        "kappa_d": 340909.0909090908,
        "drag_constant": 2.614287644501199e-06,
        "phi_norm": 1.5,
        "Rstarstar": 0.04872547727272726,
        "Upstarstar": 191256.68938981625,
        "R0": 0.15964186301745847
    },
    "R sonic drift": 0.4226978079673296,
    "w sonic drift": 9.672835454459698,
    "R critical": 1.0023744672545452,
    "w critical": 48.41952977064848,
    "R equilib drift": 0.3556558820077846,
    "w equilib drift": 500.0,
    "t min": [
        8325.729306952166
    ],
    "R min": [
        0.04107067607168529
    ],
    "t max": [
        19792.61939293712
    ],
    "R max": [
        2.563735355983978
    ],
    "R end": 0.5118754442944037,
    "v end": -263.2163019683164,
    "t end": 33064.850305608285,
    "v max": 462.0338279527802
}