{
    "star": "MS20",
    "grain": "gra",
    "stream": {
        "L4": 5.45,
        "eta": 0.1199,
        "vinf": 80.0,
        "n": 0.00794328234724283,
        "T": 9000.0,
        "kappa": 600.0,
        "cs": 10.814989597775858,
        "taustar": 0.00023147189695956545,
        "Rstar": 7.236032983920229,
        "Qp": 2.0,
        "a": 0.02,
        "rho_d": 2.2,
        "kappa_d": 340909.0909090908,
        "drag_constant": 0.0006322275834511021,
        "phi_norm": 1.5,
        "Rstarstar": 1.9033389559659086,
        "Upstarstar": 790.8544535034056,
        "R0": 2.5072660692932036
    },
    "R sonic drift": 1.0617688884619771,
    "w sonic drift": 9.672835454459698,
    "R critical": 2.5178508235883377,
    "w critical": 48.41952977064848,
    "R equilib drift": 2.3716718775017402,
    "w equilib drift": 80.0,
    "t min": [
        127282.01560121222,
        387348.4504144557
    ],
    "R min": [
        0.5676054518003082,
        0.5676010273035339
    ],
    "t max": [
        248957.80865555213,
        509024.2434687957
    ],
    "R max": [
        6.037145732295194,
        6.037146019043689
    ],
    "R end": 6.00805127772909,
    "v end": -5.605658056794825,
    "t end": 519094.6802659552,
    "v max": 90.2094559139654
}