{
    "star": "MS10",
    "grain": "sil",
    "stream": {
        "L4": 0.64,
        "eta": 0.0066,
        "vinf": 90.0,
        "n": 63.09573444801995,
        "T": 8000.0,
        "kappa": 600.0,
        "cs": 10.19646997739904,
        "taustar": 0.006284018923596569,
        "Rstar": 0.02473089031168974,
        "Qp": 2.0,
        "a": 0.002,
        "rho_d": 3.5,
        "kappa_d": 2142857.1428571427,
        "drag_constant": 12.930150270653275,
        "phi_norm": 0.7,
        "Rstarstar": 1.1100670194003524,
        "Upstarstar": 0.03866931083815922,
        "R0": 0.0021704656920701953
    },
    "R sonic drift": 0.011913242870580215,
    "w sonic drift": 7.745966692414831,
    "R critical": 0.025178508235883353,
    "w critical": 38.7741595142002,
    "R equilib drift": 0.01982296667329539,
    "w equilib drift": 90.0,
    "t min": [
        1191.789006608754,
        3924.3095873563666,
        4299.138102032622,
        4546.607756749817,
        4817.89248284147,
        4957.676597430682,
        5138.8782274537325
    ],
    "R min": [
        0.010861152852647707,
        0.019120230469125997,
        0.019120230498224762,
        0.019120230466319933,
        0.01912023049904928,
        0.019120230495588808,
        0.01912023049943852
    ],
    "t max": [
        3855.9706868905305,
        4125.184537210492,
        4403.717328503068,
        4753.695333919019,
        4872.770690791309,
        5053.9723208143605,
        5169.941364029113
    ],
    "R max": [
        0.019120230461189554,
        0.019120230502374973,
        0.019120230488102814,
        0.01912023050400725,
        0.01912023050023941,
        0.019120230503295157,
        0.019120230490549544
    ],
    "R end": 0.019120230488062367,
    "v end": -7.612944419457537e-09,
    "t end": 5177.189429230035,
    "v max": 85.39509494545278
}