{
    "star": "MS10",
    "grain": "gra",
    "stream": {
        "L4": 0.64,
        "eta": 0.0066,
        "vinf": 500.0,
        "n": 50.11872336272776,
        "T": 8000.0,
        "kappa": 600.0,
        "cs": 10.19646997739904,
        "taustar": 0.0010081147969630178,
        "Rstar": 0.004994732757786033,
        "Qp": 2.0,
        "a": 0.02,
        "rho_d": 2.2,
        "kappa_d": 340909.0909090908,
        "drag_constant": 0.0002728879253791279,
        "phi_norm": 1.0,
        "Rstarstar": 0.005721890909090908,
        "Upstarstar": 1832.2540262832856,
        "R0": 0.000410840088941295
    },
    "R sonic drift": 0.008433930068571646,
    "w sonic drift": 7.745966692414831,
    "R critical": 0.018881217525718474,
    "w critical": 43.32928075712418,
    "R equilib drift": 0.005310292934226944,
    "w equilib drift": 500.0,
    "t min": [
        164.4048400140496,
        226.68339899208445,
        289.7536345672977,
        353.2197084411001,
        416.949674513962,
        480.5476944872942,
        544.1457144606264,
        607.4798422348991
    ],
    "R min": [
        0.002744774294526881,
        0.004598782530573857,
        0.004975826705310075,
        0.005037181676378827,
        0.005046700041738449,
        0.005048165815382041,
        0.005048391039272939,
        0.005048425636168963
    ],
    "t max": [
        191.45379041764525,
        257.5587862820424,
        321.42069845443405,
        385.0187184277662,
        448.7486845006282,
        512.3467044739604,
        575.8127783477628,
        639.410798321095
    ],
    "R max": [
        0.0065094643030549106,
        0.0052400481697114434,
        0.005077276732955582,
        0.00505285202747076,
        0.0050491111459729145,
        0.005048536256845468,
        0.005048447894828771,
        0.0050484344831078125
    ],
    "R end": 0.00504843171524256,
    "v end": -0.00015706821076405165,
    "t end": 659.7304976486741,
    "v max": 239.12305455242583
}