{
    "star": "MS40",
    "grain": "gra",
    "stream": {
        "L4": 22.2,
        "eta": 0.4468,
        "vinf": 30.0,
        "n": 0.00501187233627273,
        "T": 10000.0,
        "kappa": 600.0,
        "cs": 11.4,
        "taustar": 0.0009895670799892928,
        "Rstar": 49.02837578953376,
        "Qp": 2.0,
        "a": 0.02,
        "rho_d": 2.2,
        "kappa_d": 340909.0909090908,
        "drag_constant": 0.0912982244559068,
        "phi_norm": 1.5,
        "Rstarstar": 55.132803030303,
        "Upstarstar": 5.476557764181702,
        "R0": 32.8206067997102
    },
    "R sonic drift": 2.6670428643266484,
    "w sonic drift": 8.6559494714014,
    "R critical": 5.970765237835927,
    "w critical": 48.41952977064848,
    "R equilib drift": 4.320634647030491,
    "w equilib drift": 30.0,
    "t min": [
        835195.8227832834,
        1547998.2527190582,
        2260800.682654833,
        2973603.1125906077
    ],
    "R min": [
        2.2080244573146888,
        2.2077774623092212,
        2.2075784530588773,
        2.207428055377231
    ],
    "t max": [
        1099454.2846131318,
        1811561.2975440912,
        2524363.727479866,
        3237166.1574156405
    ],
    "R max": [
        14.464930178621037,
        14.464788353205083,
        14.464836086885066,
        14.46487475161397
    ],
    "R end": 7.754411145339342,
    "v end": -28.799501527449678,
    "t end": 3477085.0240769503,
    "v max": 80.07746914422944
}