{
    "star": "MS40",
    "grain": "gra",
    "stream": {
        "L4": 22.2,
        "eta": 0.4468,
        "vinf": 90.0,
        "n": 3.981071705535002,
        "T": 10000.0,
        "kappa": 600.0,
        "cs": 11.4,
        "taustar": 0.009296596558610124,
        "Rstar": 0.5798641394167267,
        "Qp": 2.0,
        "a": 0.02,
        "rho_d": 2.2,
        "kappa_d": 340909.0909090908,
        "drag_constant": 0.8953179934015072,
        "phi_norm": 1.5,
        "Rstarstar": 6.125867003367,
        "Upstarstar": 0.5584607968174432,
        "R0": 0.3929931227878094
    },
    "R sonic drift": 0.09463025179229617,
    "w sonic drift": 8.6559494714014,
    "R critical": 0.21185074503545798,
    "w critical": 48.41952977064848,
    "R equilib drift": 0.1982296667329539,
    "w equilib drift": 90.0,
    "t min": [
        9491.390904274294,
        22198.669021348633,
        24657.87688996043,
        26845.667167722095,
        29707.889034868935,
        34626.30477209253,
        40581.04221983481
    ],
    "R min": [
        0.0848401188696453,
        0.19047242179931598,
        0.19047242119905913,
        0.19047242111146967,
        0.1904724215809191,
        0.19047242164639216,
        0.19047242191295694
    ],
    "t max": [
        21853.228451175735,
        23498.18354723714,
        25801.120681723103,
        29313.099811814198,
        30415.219726175335,
        37611.89827144398
    ],
    "R max": [
        0.19047242171688952,
        0.19047242212213486,
        0.1904724226245266,
        0.19047242162111466,
        0.19047242156028843,
        0.1904724221298642
    ],
    "R end": 0.19047242196227013,
    "v end": 5.1085604776412883e-08,
    "t end": 41123.87740153507,
    "v max": 169.04324408187978
}