{
    "star": "MS20",
    "grain": "gra",
    "stream": {
        "L4": 5.45,
        "eta": 0.1199,
        "vinf": 100.0,
        "n": 15848.931924611368,
        "T": 9000.0,
        "kappa": 600.0,
        "cs": 10.814989597775858,
        "taustar": 0.26157019598435033,
        "Rstar": 0.004098175237304694,
        "Qp": 2.0,
        "a": 0.02,
        "rho_d": 2.2,
        "kappa_d": 340909.0909090908,
        "drag_constant": 516.693963466278,
        "phi_norm": 1.5,
        "Rstarstar": 1.2181369318181818,
        "Upstarstar": 0.0009676908099442744,
        "R0": 0.0025992556672978363
    },
    "R sonic drift": 0.0007516748085768887,
    "w sonic drift": 9.672835454459698,
    "R critical": 0.001782501876267492,
    "w critical": 48.41952977064848,
    "R equilib drift": 0.001499788418664912,
    "w equilib drift": 100.0,
    "t min": [
        66.97153990121545,
        201.79659784106357,
        217.1430174321235,
        227.60915799614136,
        232.54823556567789,
        254.59768900110876,
        276.5295453515507
    ],
    "R min": [
        0.000738315599920737,
        0.0014677802030308455,
        0.0014677802052445094,
        0.0014677802052779968,
        0.001467780205701007,
        0.001467780204574961,
        0.00146778020495499
    ],
    "t max": [
        199.0918648863174,
        212.49793257505937,
        223.72845419150553,
        227.66795653863585,
        243.42596592715714,
        266.00460624503836,
        287.46607425552446
    ],
    "R max": [
        0.0014677802023928177,
        0.0014677802057889208,
        0.0014677802051851253,
        0.0014677802052781666,
        0.0014677802064142953,
        0.0014677802056607561,
        0.0014677802060794822
    ],
    "R end": 0.00146778020555794,
    "v end": -4.921038157972242e-07,
    "t end": 293.992712472412,
    "v max": 212.85213688630185
}