{
    "star": "MS10",
    "grain": "sil",
    "stream": {
        "L4": 0.64,
        "eta": 0.0066,
        "vinf": 300.0,
        "n": 15.848931924611271,
        "T": 8000.0,
        "kappa": 600.0,
        "cs": 10.19646997739904,
        "taustar": 0.0009448410181136375,
        "Rstar": 0.014803384036363061,
        "Qp": 2.0,
        "a": 0.002,
        "rho_d": 3.5,
        "kappa_d": 2142857.1428571427,
        "drag_constant": 0.026308045908009413,
        "phi_norm": 0.7,
        "Rstarstar": 0.09990603174603173,
        "Upstarstar": 19.005592500041065,
        "R0": 0.0012166996820672019
    },
    "R sonic drift": 0.02377004454874038,
    "w sonic drift": 7.745966692414831,
    "R critical": 0.05023772863019165,
    "w critical": 38.7741595142002,
    "R equilib drift": 0.015142852138387312,
    "w equilib drift": 300.0,
    "t min": [
        769.7804939563579,
        1109.4259937052177,
        1182.5613385416511,
        1363.5403274589269,
        1764.5451419434387
    ],
    "R min": [
        0.014871356704564898,
        0.015086480990945806,
        0.015086480982565138,
        0.015086481011264495,
        0.015086481041111757
    ],
    "t max": [
        973.0719609593251,
        1126.1603522694863,
        1263.134176073315,
        1501.1339423206914,
        2063.904222926467
    ],
    "R max": [
        0.01508649451443386,
        0.015086481014201777,
        0.015086481026763578,
        0.015086481029637246,
        0.015086481036347969
    ],
    "R end": 0.015086481045199537,
    "v end": -1.4974425673523716e-08,
    "t end": 3098.9552896793793,
    "v max": 4.035751023333246
}