{
    "star": "MS10",
    "grain": "sil",
    "stream": {
        "L4": 0.64,
        "eta": 0.0066,
        "vinf": 120.0,
        "n": 0.003981071705534978,
        "T": 8000.0,
        "kappa": 600.0,
        "cs": 10.19646997739904,
        "taustar": 3.7436802439158156e-05,
        "Rstar": 2.335075970226039,
        "Qp": 2.0,
        "a": 0.002,
        "rho_d": 3.5,
        "kappa_d": 2142857.1428571427,
        "drag_constant": 0.0002581360295150762,
        "phi_norm": 0.7,
        "Rstarstar": 0.6244126984126983,
        "Upstarstar": 1936.9632396503487,
        "R0": 0.18978990625156603
    },
    "R sonic drift": 1.4997884186649117,
    "w sonic drift": 7.745966692414831,
    "R critical": 3.1697863849222285,
    "w critical": 38.7741595142002,
    "R equilib drift": 2.0000000000000004,
    "w equilib drift": 120.0,
    "t min": [
        122891.14552501793,
        374343.8315157468
    ],
    "R min": [
        0.3804032600519092,
        1.1997498588695776
    ],
    "t max": [
        222807.41499722822,
        464679.0888467862
    ],
    "R max": [
        5.414252440861869,
        2.5761796097959193
    ],
    "R end": 2.4688445525097094,
    "v end": -8.152148627140493,
    "t end": 488827.15005973727,
    "v max": 104.438219180271
}