{
    "star": "MS10",
    "grain": "sil",
    "stream": {
        "L4": 0.64,
        "eta": 0.0066,
        "vinf": 250.0,
        "n": 316.2277660168418,
        "T": 8000.0,
        "kappa": 600.0,
        "cs": 10.19646997739904,
        "taustar": 0.005064539759790883,
        "Rstar": 0.003976877851746124,
        "Qp": 2.0,
        "a": 0.02,
        "rho_d": 3.5,
        "kappa_d": 214285.71428571426,
        "drag_constant": 0.010884627607138639,
        "phi_norm": 0.7,
        "Rstarstar": 0.01438646857142857,
        "Upstarstar": 45.936344177000315,
        "R0": 0.00034384196440898166
    },
    "R sonic drift": 0.0053214501195976175,
    "w sonic drift": 7.745966692414831,
    "R critical": 0.011246826503806984,
    "w critical": 38.7741595142002,
    "R equilib drift": 0.0040967174139352365,
    "w equilib drift": 250.0,
    "t min": [
        202.30323619433577,
        273.4007521243616,
        348.99389552537264,
        415.9287934267084,
        460.21904925197043,
        566.6155660652878
    ],
    "R min": [
        0.0031132705555698514,
        0.003894905742863113,
        0.0038965486514065915,
        0.003896551213970374,
        0.003896551216101287,
        0.003896551206666981
    ],
    "t max": [
        235.27117098156089,
        311.1973238248671,
        385.79143889899257,
        436.0758646855682,
        491.1889273854243,
        699.3198288199261
    ],
    "R max": [
        0.003938858188468796,
        0.0038966162357321013,
        0.003896551305912942,
        0.0038965512132510976,
        0.003896551232984453,
        0.003896551218855824
    ],
    "R end": 0.003896551217634815,
    "v end": -4.5555070669894425e-08,
    "t end": 832.5236057380072,
    "v max": 49.89450454400563
}