{
    "star": "MS20",
    "grain": "gra",
    "stream": {
        "L4": 5.45,
        "eta": 0.1199,
        "vinf": 200.0,
        "n": 1000.0000000000123,
        "T": 9000.0,
        "kappa": 600.0,
        "cs": 10.814989597775858,
        "taustar": 0.03285173130901952,
        "Rstar": 0.008157564740778903,
        "Qp": 2.0,
        "a": 0.02,
        "rho_d": 2.2,
        "kappa_d": 340909.0909090908,
        "drag_constant": 2.0375740693601743,
        "phi_norm": 1.5,
        "Rstarstar": 0.30453423295454535,
        "Upstarstar": 0.24538985233405855,
        "R0": 0.0031017285417177264
    },
    "R sonic drift": 0.002992471312188866,
    "w sonic drift": 9.672835454459698,
    "R critical": 0.007096267784671507,
    "w critical": 48.41952977064848,
    "R equilib drift": 0.003990524629937758,
    "w equilib drift": 200.0,
    "t min": [
        133.19221068149176,
        352.9944704880309,
        402.5026472176188,
        480.68577264401284
    ],
    "R min": [
        0.002861849239378891,
        0.003911179294847145,
        0.00391117932051078,
        0.003911179341261976
    ],
    "t max": [
        333.79981095220955,
        375.7003482316244,
        477.4086356500922,
        562.9653193128079
    ],
    "R max": [
        0.003911179330775472,
        0.003911179321447099,
        0.00391117934103002,
        0.003911179339790865
    ],
    "R end": 0.003911179337253241,
    "v end": -4.2987114062252855e-08,
    "t end": 585.2030346286984,
    "v max": 120.72725219062622
}