{
    "star": "MS10",
    "grain": "gra",
    "stream": {
        "L4": 0.64,
        "eta": 0.0066,
        "vinf": 20.0,
        "n": 19.952623149688993,
        "T": 8000.0,
        "kappa": 600.0,
        "cs": 10.19646997739904,
        "taustar": 0.015901935880574366,
        "Rstar": 0.19790294864944022,
        "Qp": 2.0,
        "a": 0.02,
        "rho_d": 2.2,
        "kappa_d": 340909.0909090908,
        "drag_constant": 42.43696869175721,
        "phi_norm": 1.0,
        "Rstarstar": 3.576181818181817,
        "Upstarstar": 0.01178217991091145,
        "R0": 0.019523977715203093
    },
    "R sonic drift": 0.0133668783513723,
    "w sonic drift": 7.745966692414831,
    "R critical": 0.029924713121888692,
    "w critical": 43.32928075712418,
    "R equilib drift": 0.016905349831431733,
    "w equilib drift": 20.0,
    "t min": [
        6284.070271240024,
        8291.62683043817,
        10293.955377763401,
        12301.511936961546,
        14303.840484286777,
        16311.397043484922,
        18313.725590810154,
        20321.282150008297,
        22323.610697333534,
        24331.167256531677
    ],
    "R min": [
        0.012358814951553639,
        0.012350584427451752,
        0.012360401232727204,
        0.012351244920179588,
        0.012362078644236123,
        0.012352058702160724,
        0.012363840924769795,
        0.012353015020958136,
        0.012365683013729305,
        0.012354105613447785
    ],
    "t max": [
        6702.311221072971,
        8704.639768398203,
        10712.196327596348,
        12714.52487492158,
        14722.081434119726,
        16729.63799331787,
        18731.9665406431,
        20739.523099841248,
        22741.851647166477,
        24749.408206364624
    ],
    "R max": [
        0.039716073066319586,
        0.03970592278802771,
        0.03971525136866953,
        0.03970427929837678,
        0.0397143230808692,
        0.03971856349422878,
        0.039713292364766284,
        0.03971837658358295,
        0.03971216115155474,
        0.03971806566283818
    ],
    "R end": 0.01482169979354742,
    "v end": -14.41400715660519,
    "t end": 26140.05936455917,
    "v max": 120.41562794286219
}