{
    "star": "MS10",
    "grain": "gra",
    "stream": {
        "L4": 0.64,
        "eta": 0.0066,
        "vinf": 80.0,
        "n": 0.001584893192461114,
        "T": 8000.0,
        "kappa": 600.0,
        "cs": 10.19646997739904,
        "taustar": 3.543153817926126e-05,
        "Rstar": 5.551269013636171,
        "Qp": 2.0,
        "a": 0.02,
        "rho_d": 2.2,
        "kappa_d": 340909.0909090908,
        "drag_constant": 1.3167532198426868e-05,
        "phi_norm": 1.0,
        "Rstarstar": 0.22351136363636356,
        "Upstarstar": 37972.1873822139,
        "R0": 0.4511839589362519
    },
    "R sonic drift": 1.4997884186649117,
    "w sonic drift": 7.745966692414831,
    "R critical": 3.357608036245125,
    "w critical": 43.32928075712418,
    "R equilib drift": 2.9857579950245214,
    "w equilib drift": 80.0,
    "t min": [
        185656.5515926882
    ],
    "R min": [
        0.18422403046028418
    ],
    "t max": [],
    "R max": [],
    "R end": 32.8627353649091,
    "v end": 42.6518675172677,
    "t end": 733240.7250896058,
    "v max": 78.54315454634131
}