{
    "star": "MS10",
    "grain": "gra",
    "stream": {
        "L4": 0.64,
        "eta": 0.0066,
        "vinf": 100.0,
        "n": 0.25118864315095923,
        "T": 8000.0,
        "kappa": 600.0,
        "cs": 10.19646997739904,
        "taustar": 0.00035684531034261874,
        "Rstar": 0.35276237728649706,
        "Qp": 2.0,
        "a": 0.02,
        "rho_d": 2.2,
        "kappa_d": 340909.0909090908,
        "drag_constant": 0.0008547996525690617,
        "phi_norm": 1.0,
        "Rstarstar": 0.1430472727272727,
        "Upstarstar": 584.9323856148898,
        "R0": 0.02878470539006791
    },
    "R sonic drift": 0.1191324287058022,
    "w sonic drift": 7.745966692414831,
    "R critical": 0.26670428643266486,
    "w critical": 43.32928075712418,
    "R equilib drift": 0.21116856380720678,
    "w equilib drift": 100.0,
    "t min": [
        11499.57316020576,
        31283.68484506543
    ],
    "R min": [
        0.05308831102026178,
        0.14192650750428057
    ],
    "t max": [
        19523.181337626476,
        39186.14678984216
    ],
    "R max": [
        0.4397563204886171,
        0.24427607635921691
    ],
    "R end": 0.1910927639346041,
    "v end": -4.885712080292036,
    "t end": 46594.70486307034,
    "v max": 95.91071003448533
}