{
    "star": "MS10",
    "grain": "gra",
    "stream": {
        "L4": 0.64,
        "eta": 0.0066,
        "vinf": 70.0,
        "n": 0.001,
        "T": 8000.0,
        "kappa": 600.0,
        "cs": 10.19646997739904,
        "taustar": 3.216488134342694e-05,
        "Rstar": 7.987009861682421,
        "Qp": 2.0,
        "a": 0.2,
        "rho_d": 2.2,
        "kappa_d": 34090.90909090909,
        "drag_constant": 1.4173339070153267e-07,
        "phi_norm": 1.0,
        "Rstarstar": 0.029193320964749532,
        "Upstarstar": 3527750.218386563,
        "R0": 0.6491246999529064
    },
    "R sonic drift": 1.8881217525718474,
    "w sonic drift": 7.745966692414831,
    "R critical": 4.226978079673296,
    "w critical": 43.32928075712418,
    "R equilib drift": 3.990524629937758,
    "w equilib drift": 70.0,
    "t min": [
        264796.5038013705
    ],
    "R min": [
        0.029095351131880217
    ],
    "t max": [],
    "R max": [],
    "R end": 54.76047964008834,
    "v end": 66.38507248074964,
    "t end": 1054966.1506030697,
    "v max": 69.43513930187883
}