{
    "star": "MS10",
    "grain": "sil",
    "stream": {
        "L4": 0.64,
        "eta": 0.0066,
        "vinf": 10.0,
        "n": 25.118864315096026,
        "T": 8000.0,
        "kappa": 600.0,
        "cs": 10.19646997739904,
        "taustar": 0.03568453103426195,
        "Rstar": 0.35276237728649634,
        "Qp": 2.0,
        "a": 0.002,
        "rho_d": 3.5,
        "kappa_d": 2142857.1428571427,
        "drag_constant": 33773.30872191248,
        "phi_norm": 0.7,
        "Rstarstar": 89.91542857142858,
        "Upstarstar": 1.4804590338393308e-05,
        "R0": 0.04381155384127418
    },
    "R sonic drift": 0.018881217525718474,
    "w sonic drift": 7.745966692414831,
    "R critical": 0.039905246299377625,
    "w critical": 38.7741595142002,
    "R equilib drift": 0.018881217525718474,
    "w equilib drift": 10.0,
    "t min": [
        20337.63745132598,
        20751.184182362384,
        21297.656648374777,
        24000.479926219843,
        31178.469614923128,
        45401.523257353714
    ],
    "R min": [
        0.017952651867566637,
        0.017952651818207627,
        0.017952651865364305,
        0.017952651861581972,
        0.017952651840741803,
        0.017952651865196338
    ],
    "t max": [
        20381.94602965131,
        21149.961387290346,
        22464.44921094177,
        24916.190544943307,
        38046.299255349106,
        57202.37461799966
    ],
    "R max": [
        0.017952651888582506,
        0.017952651868327178,
        0.017952651883062606,
        0.01795265186011495,
        0.01795265186261065,
        0.017952651865483348
    ],
    "R end": 0.01795265186393077,
    "v end": -1.4922744478349933e-10,
    "t end": 73847.63054221489,
    "v max": 1.0393527519111516e-06
}