{
    "star": "MS10",
    "grain": "sil",
    "stream": {
        "L4": 0.64,
        "eta": 0.0066,
        "vinf": 200.0,
        "n": 0.0031622776601683824,
        "T": 8000.0,
        "kappa": 600.0,
        "cs": 10.19646997739904,
        "taustar": 2.001935117677644e-05,
        "Rstar": 1.571998998474407,
        "Qp": 2.0,
        "a": 0.002,
        "rho_d": 3.5,
        "kappa_d": 2142857.1428571427,
        "drag_constant": 2.6573797868990536e-05,
        "phi_norm": 0.7,
        "Rstarstar": 0.22478857142857142,
        "Upstarstar": 18815.526574899537,
        "R0": 0.1277412765825783
    },
    "R sonic drift": 1.6827902832903914,
    "w sonic drift": 7.745966692414831,
    "R critical": 3.556558820077846,
    "w critical": 38.7741595142002,
    "R equilib drift": 1.5412948524015342,
    "w equilib drift": 200.0,
    "t min": [
        82994.94696962583,
        280511.07373873534
    ],
    "R min": [
        0.18477671692774264,
        0.6532718643289794
    ],
    "t max": [
        162106.70450926916
    ],
    "R max": [
        6.543109791936288
    ],
    "R end": 2.4725684569820845,
    "v end": 13.266173271126705,
    "t end": 329083.8499985164,
    "v max": 174.89274512805932
}