{
    "star": "MS20",
    "grain": "gra",
    "stream": {
        "L4": 5.45,
        "eta": 0.1199,
        "vinf": 80.0,
        "n": 794.3282347242919,
        "T": 9000.0,
        "kappa": 600.0,
        "cs": 10.814989597775858,
        "taustar": 0.07319784087120348,
        "Rstar": 0.022882345453292346,
        "Qp": 2.0,
        "a": 0.02,
        "rho_d": 2.2,
        "kappa_d": 340909.0909090908,
        "drag_constant": 63.2227583451109,
        "phi_norm": 1.5,
        "Rstarstar": 1.9033389559659082,
        "Upstarstar": 0.007908544535033972,
        "R0": 0.009712047176310513
    },
    "R sonic drift": 0.0033576080362451217,
    "w sonic drift": 9.672835454459698,
    "R critical": 0.007962143411069949,
    "w critical": 48.41952977064848,
    "R equilib drift": 0.00749988499547335,
    "w equilib drift": 80.0,
    "t min": [
        375.2518173956896,
        1199.6239201783465
    ],
    "R min": [
        0.003276156849706331,
        0.007219128263012446
    ],
    "t max": [
        1102.1175424298601,
        1615.5854710447843
    ],
    "R max": [
        0.007219128268115581,
        0.007219128261778753
    ],
    "R end": 0.007219128261877669,
    "v end": -1.6735637288810727e-07,
    "t end": 1641.5215109172773,
    "v max": 209.2661222542706
}