{
    "star": "MS10",
    "grain": "sil",
    "stream": {
        "L4": 0.64,
        "eta": 0.0066,
        "vinf": 500.0,
        "n": 0.0019952623149688807,
        "T": 8000.0,
        "kappa": 600.0,
        "cs": 10.19646997739904,
        "taustar": 6.360774352229716e-06,
        "Rstar": 0.7916117945977647,
        "Qp": 2.0,
        "a": 0.002,
        "rho_d": 3.5,
        "kappa_d": 2142857.1428571427,
        "drag_constant": 4.2923348316599476e-07,
        "phi_norm": 0.7,
        "Rstarstar": 0.03596617142857142,
        "Upstarstar": 1164867.18676287,
        "R0": 0.06431588166714688
    },
    "R sonic drift": 2.11850745035458,
    "w sonic drift": 7.745966692414831,
    "R critical": 4.477442277136685,
    "w critical": 38.7741595142002,
    "R equilib drift": 0.9443184586210962,
    "w equilib drift": 500.0,
    "t min": [
        41561.77558425897
    ],
    "R min": [
        0.03576878041884137
    ],
    "t max": [
        101352.4001089824
    ],
    "R max": [
        12.002607520773143
    ],
    "R end": 5.060038542567325,
    "v end": -186.6480225147007,
    "t end": 165716.8085496769,
    "v max": 473.52316875747016
}