{
    "star": "MS10",
    "grain": "gra",
    "stream": {
        "L4": 0.64,
        "eta": 0.0066,
        "vinf": 10.0,
        "n": 0.06309573444801955,
        "T": 8000.0,
        "kappa": 600.0,
        "cs": 10.19646997739904,
        "taustar": 0.0017884631392348243,
        "Rstar": 7.038534775385819,
        "Qp": 2.0,
        "a": 0.02,
        "rho_d": 2.2,
        "kappa_d": 340909.0909090908,
        "drag_constant": 2.1471596489473264,
        "phi_norm": 1.0,
        "Rstarstar": 14.30472727272727,
        "Upstarstar": 0.23286577700225117,
        "R0": 0.5845380615994739
    },
    "R sonic drift": 0.23770044548740382,
    "w sonic drift": 7.745966692414831,
    "R critical": 0.5321450119597623,
    "w critical": 43.32928075712418,
    "R equilib drift": 0.23770044548740382,
    "w equilib drift": 10.0,
    "t min": [
        245437.25894260692,
        265704.42653711006,
        285599.71949685167,
        305309.07513921254,
        325204.36809895415,
        344913.723741315,
        364809.0167010566,
        384518.3723434175,
        404413.66530315916,
        424123.02094552,
        444018.3139052616,
        463727.66954762244,
        483622.9625073641,
        503332.318149725,
        523041.67379208584,
        542936.9667518274,
        562646.3223941883,
        582355.6780365491,
        602065.03367891,
        620658.7654169862,
        639624.3717898241,
        660263.4140190887,
        683133.7040569226,
        705632.119459995,
        738357.0873190092
    ],
    "R min": [
        0.2228385671197057,
        0.22407828674405142,
        0.22477037197613894,
        0.22514585358768435,
        0.2253423451774653,
        0.2254435360433094,
        0.22549477412479216,
        0.22552067399143946,
        0.22553366338615086,
        0.22554019555566707,
        0.2255434630191968,
        0.22554510231448519,
        0.22554591992933867,
        0.22554633110208025,
        0.2255465380642461,
        0.22554663973767217,
        0.22554669175767547,
        0.22554671742624507,
        0.2255467276033183,
        0.22554673170479428,
        0.22554673342069234,
        0.22554673507865478,
        0.225546736667407,
        0.22554673770068653,
        0.22554673838097927
    ],
    "t max": [
        255477.87408116812,
        275559.1043582905,
        295454.3973180321,
        315163.752960393,
        335059.0459201346,
        354768.40156249545,
        374663.69452223706,
        394373.0501645979,
        414268.3431243396,
        433977.6987667004,
        453872.991726442,
        473582.3473688029,
        493477.64032854454,
        513186.9959709054,
        533082.2889306471,
        552791.6445730078,
        572501.0002153687,
        592210.3558577296,
        611361.8995479482,
        630141.5686034051,
        649479.0496110045,
        671791.527696696,
        694475.880417149,
        713813.3614247484
    ],
    "R max": [
        0.22865562854024754,
        0.22686596140376697,
        0.22616677668367113,
        0.22584826839683506,
        0.22569589872271753,
        0.22562087504560352,
        0.2255837924145857,
        0.22556524220588722,
        0.22555600547871898,
        0.22555136799773426,
        0.2255490546415609,
        0.22554789371347947,
        0.2255473163173069,
        0.22554702431849408,
        0.22554687918941316,
        0.2255468060719556,
        0.2255467698546904,
        0.22554675276380662,
        0.22554674700005464,
        0.22554674411905035,
        0.22554674216884973,
        0.22554674084808293,
        0.22554673954557614,
        0.22554673871400963
    ],
    "R end": 0.22554673841816048,
    "v end": 2.1452776535230956e-10,
    "t end": 929686.5869038141,
    "v max": 0.9037521793616914
}