{
    "star": "MS40",
    "grain": "gra",
    "stream": {
        "L4": 22.2,
        "eta": 0.4468,
        "vinf": 50.0,
        "n": 794.3282347242919,
        "T": 10000.0,
        "kappa": 600.0,
        "cs": 11.4,
        "taustar": 0.2363722501724555,
        "Rstar": 0.07389222714280917,
        "Qp": 2.0,
        "a": 0.02,
        "rho_d": 2.2,
        "kappa_d": 340909.0909090908,
        "drag_constant": 1875.2852301344576,
        "phi_norm": 1.5,
        "Rstarstar": 19.84780909090908,
        "Upstarstar": 0.0002666261067731815,
        "R0": 0.06567052140629735
    },
    "R sonic drift": 0.00669930878315656,
    "w sonic drift": 8.6559494714014,
    "R critical": 0.01499788418664912,
    "w critical": 48.41952977064848,
    "R equilib drift": 0.01499788418664912,
    "w equilib drift": 50.0,
    "t min": [
        1211.586402398493,
        1520.7715137372086,
        1829.9566250759244,
        2138.093651291458,
        2447.278762630174,
        2755.4157888457075,
        3064.6009001844236,
        3373.7860115231388,
        3681.9230377386725,
        3991.1081490773886,
        4299.245175292922,
        4608.430286631638,
        4917.615397970354,
        5225.752424185887
    ],
    "R min": [
        0.006356398426447934,
        0.006339203156056146,
        0.006322437747401463,
        0.00634654935937284,
        0.0063295220300473,
        0.006353938437981411,
        0.006336777539540858,
        0.006320220755750884,
        0.006344105564040212,
        0.006327140513546582,
        0.00635148113201808,
        0.006334358592880244,
        0.006318368363231462,
        0.006341666831167738
    ],
    "t max": [
        1339.4527874267076,
        1647.5898136422413,
        1956.7749249809572,
        2264.9119511964905,
        2574.0970625352065,
        2883.282173873922,
        3191.419200089456,
        3500.6043114281715,
        3808.7413376437053,
        4117.926448982421,
        4426.063475197955,
        4735.24858653667,
        5044.433697875386
    ],
    "R max": [
        0.014835872770369149,
        0.014834565364566538,
        0.014835671698016572,
        0.014833866907067492,
        0.01483529605527384,
        0.014835895690702983,
        0.014834769816841219,
        0.014835759066573747,
        0.014834111888510526,
        0.014835438387209824,
        0.014833336550599846,
        0.014834960031175827,
        0.014835826334888383
    ],
    "R end": 0.009043859300170208,
    "v end": 139.88802235198742,
    "t end": 5240.425615910436,
    "v max": 261.14291432113373
}