{
    "star": "MS10",
    "grain": "gra",
    "stream": {
        "L4": 0.64,
        "eta": 0.0066,
        "vinf": 60.0,
        "n": 3162.277660168418,
        "T": 8000.0,
        "kappa": 600.0,
        "cs": 10.19646997739904,
        "taustar": 0.06673117058925516,
        "Rstar": 0.005239996661581326,
        "Qp": 2.0,
        "a": 0.02,
        "rho_d": 2.2,
        "kappa_d": 340909.0909090908,
        "drag_constant": 83.0346454175945,
        "phi_norm": 1.0,
        "Rstarstar": 0.3973535353535352,
        "Upstarstar": 0.006021582888509008,
        "R0": 0.0008941190756809732
    },
    "R sonic drift": 0.001061768888461977,
    "w sonic drift": 7.745966692414831,
    "R critical": 0.002377004454874038,
    "w critical": 43.32928075712418,
    "R equilib drift": 0.002377004454874038,
    "w equilib drift": 60.0,
    "t min": [
        159.60431102577232,
        298.4448348409064,
        311.59523340764395
    ],
    "R min": [
        0.0009906817244424565,
        0.002276411604491534,
        0.002276411606150911
    ],
    "t max": [
        296.9221571121263,
        307.02720022130353,
        346.8936716657289
    ],
    "R max": [
        0.002276411604383397,
        0.002276411606204196,
        0.0022764116082262527
    ],
    "R end": 0.002276411605585715,
    "v end": -3.868764552861337e-09,
    "t end": 692.1262403546068,
    "v max": 154.41033192340944
}