{
    "star": "MS10",
    "grain": "gra",
    "stream": {
        "L4": 0.64,
        "eta": 0.0066,
        "vinf": 120.0,
        "n": 7943.282347242919,
        "T": 8000.0,
        "kappa": 600.0,
        "cs": 10.19646997739904,
        "taustar": 0.05288088899593592,
        "Rstar": 0.0016531071893382153,
        "Qp": 2.0,
        "a": 0.02,
        "rho_d": 2.2,
        "kappa_d": 340909.0909090908,
        "drag_constant": 13.035849948104062,
        "phi_norm": 1.0,
        "Rstarstar": 0.09933838383838381,
        "Upstarstar": 0.03835576521596278,
        "R0": 0.00024660249884161494
    },
    "R sonic drift": 0.0006699308783156552,
    "w sonic drift": 7.745966692414831,
    "R critical": 0.001499788418664912,
    "w critical": 43.32928075712418,
    "R equilib drift": 0.0010418282498530697,
    "w equilib drift": 120.0,
    "t min": [
        50.00239441847869,
        158.26085360049498,
        165.85947074356514,
        168.96005589964545,
        171.97330062879396,
        173.06505596544196,
        173.54542831356707,
        193.67739672135633,
        215.2504821735209
    ],
    "R min": [
        0.0006184095256745214,
        0.0010205190152207863,
        0.001020519015284432,
        0.0010205190156206863,
        0.001020519016102972,
        0.001020519015903479,
        0.0010205190159268643,
        0.0010205190155419457,
        0.0010205190146791692
    ],
    "t max": [
        155.16026844441467,
        165.20441754157633,
        166.64553458595168,
        171.01255593254373,
        172.23532190958946,
        173.3707474597034,
        177.0390453908407,
        200.44627980857396
    ],
    "R max": [
        0.001020519015501992,
        0.00102051901536233,
        0.0010205190154415976,
        0.0010205190161651147,
        0.0010205190161354633,
        0.0010205190159305252,
        0.0010205190161823492,
        0.0010205190151105726
    ],
    "R end": 0.0010205190153564825,
    "v end": 1.7504574851376964e-07,
    "t end": 218.35106732960125,
    "v max": 111.91356225386824
}