{
    "star": "MS10",
    "grain": "sil",
    "stream": {
        "L4": 0.64,
        "eta": 0.0066,
        "vinf": 300.0,
        "n": 2.5118864315095975,
        "T": 8000.0,
        "kappa": 600.0,
        "cs": 10.19646997739904,
        "taustar": 0.0003761479843441056,
        "Rstar": 0.03718441950136593,
        "Qp": 2.0,
        "a": 0.002,
        "rho_d": 3.5,
        "kappa_d": 2142857.1428571427,
        "drag_constant": 0.004169544286655852,
        "phi_norm": 0.7,
        "Rstarstar": 0.09990603174603176,
        "Upstarstar": 119.91718174098608,
        "R0": 0.0030348953136883567
    },
    "R sonic drift": 0.05970765237835921,
    "w sonic drift": 7.745966692414831,
    "R critical": 0.12619146889603874,
    "w critical": 38.7741595142002,
    "R equilib drift": 0.038037124820770915,
    "w equilib drift": 300.0,
    "t min": [
        1916.4758857729169,
        2508.076890316953,
        3135.485324083391,
        3759.780068352229,
        4285.993593446661,
        4715.682744115487,
        4863.582995251497,
        6091.9335020547705
    ],
    "R min": [
        0.0293192444710614,
        0.03779657243870045,
        0.037894641332878364,
        0.03789551969842295,
        0.03789552673139291,
        0.037895526943990746,
        0.03789552694533465,
        0.03789552694032788
    ],
    "t max": [
        2188.9237168129334,
        2821.0026848257717,
        3449.96796334101,
        4029.1142098946457,
        4502.395013529875,
        4791.968136806691,
        5201.418305741117
    ],
    "R max": [
        0.03897673749679401,
        0.03790490504950175,
        0.03789561029918326,
        0.03789552811841186,
        0.03789552697987169,
        0.03789552694564414,
        0.03789552701520509
    ],
    "R end": 0.03789552710479954,
    "v end": 8.260107361925242e-08,
    "t end": 7784.223744000475,
    "v max": 64.53987293651159
}