{
    "star": "MS10",
    "grain": "gra",
    "stream": {
        "L4": 0.64,
        "eta": 0.0066,
        "vinf": 20.0,
        "n": 0.06309573444801955,
        "T": 8000.0,
        "kappa": 600.0,
        "cs": 10.19646997739904,
        "taustar": 0.0008942315696174122,
        "Rstar": 3.5192673876929095,
        "Qp": 2.0,
        "a": 0.02,
        "rho_d": 2.2,
        "kappa_d": 340909.0909090908,
        "drag_constant": 0.1341974780592079,
        "phi_norm": 1.0,
        "Rstarstar": 3.5761818181818175,
        "Upstarstar": 3.7258524320360187,
        "R0": 0.2890707600222938
    },
    "R sonic drift": 0.23770044548740382,
    "w sonic drift": 7.745966692414831,
    "R critical": 0.5321450119597623,
    "w critical": 43.32928075712418,
    "R equilib drift": 0.3006243552474004,
    "w equilib drift": 20.0,
    "t min": [
        114351.45018916913,
        237441.9542952341,
        360625.4270599895
    ],
    "R min": [
        0.19344189333845546,
        0.19346178149292062,
        0.19342828307043383
    ],
    "t max": [
        160370.93624090793,
        283554.4090056633,
        406644.9131117283
    ],
    "R max": [
        1.567623875996088,
        1.5676314706497203,
        1.5676294221539122
    ],
    "R end": 0.4809153980721493,
    "v end": -18.08112730478459,
    "t end": 464843.29345190705,
    "v max": 48.848244070125624
}