{
    "star": "MS10",
    "grain": "gra",
    "stream": {
        "L4": 0.64,
        "eta": 0.0066,
        "vinf": 100.0,
        "n": 0.0501187233627274,
        "T": 8000.0,
        "kappa": 600.0,
        "cs": 10.19646997739904,
        "taustar": 0.00015939694506606606,
        "Rstar": 0.7897365909229015,
        "Qp": 2.0,
        "a": 0.02,
        "rho_d": 2.2,
        "kappa_d": 340909.0909090908,
        "drag_constant": 0.00017055495336195373,
        "phi_norm": 1.0,
        "Rstarstar": 0.1430472727272727,
        "Upstarstar": 2931.6064420532784,
        "R0": 0.0642845073976663
    },
    "R sonic drift": 0.26670428643266486,
    "w sonic drift": 7.745966692414831,
    "R critical": 0.5970765237835921,
    "w critical": 43.32928075712418,
    "R equilib drift": 0.47274752759631067,
    "w equilib drift": 100.0,
    "t min": [
        26161.587721154974
    ],
    "R min": [
        0.07932895759855907
    ],
    "t max": [
        63109.09318699665
    ],
    "R max": [
        1.717165406796074
    ],
    "R end": 0.5707299414932099,
    "v end": -46.552430855190856,
    "t end": 104312.55072230852,
    "v max": 95.94571800337634
}