{
    "star": "MS10",
    "grain": "sil",
    "stream": {
        "L4": 0.64,
        "eta": 0.0066,
        "vinf": 60.0,
        "n": 0.002511886431509582,
        "T": 8000.0,
        "kappa": 600.0,
        "cs": 10.19646997739904,
        "taustar": 5.947421839043633e-05,
        "Rstar": 5.879372954774962,
        "Qp": 2.0,
        "a": 0.02,
        "rho_d": 3.5,
        "kappa_d": 214285.71428571426,
        "drag_constant": 2.60596517915989e-05,
        "phi_norm": 0.7,
        "Rstarstar": 0.24976507936507927,
        "Upstarstar": 19186.749078557903,
        "R0": 0.47799231420879273
    },
    "R sonic drift": 1.8881217525718474,
    "w sonic drift": 7.745966692414831,
    "R critical": 3.990524629937758,
    "w critical": 38.7741595142002,
    "R equilib drift": 3.7990250605955245,
    "w equilib drift": 60.0,
    "t min": [
        312129.31842509494
    ],
    "R min": [
        0.21206287956209108
    ],
    "t max": [],
    "R max": [],
    "R end": 42.61211920312397,
    "v end": 33.658822980598416,
    "t end": 1230793.842370248,
    "v max": 58.9184714769182
}