{
    "star": "MS20",
    "grain": "gra",
    "stream": {
        "L4": 5.45,
        "eta": 0.1199,
        "vinf": 10.0,
        "n": 39.810717055350096,
        "T": 9000.0,
        "kappa": 600.0,
        "cs": 10.814989597775858,
        "taustar": 0.13109564292473963,
        "Rstar": 0.8176934611132723,
        "Qp": 2.0,
        "a": 0.02,
        "rho_d": 2.2,
        "kappa_d": 340909.0909090908,
        "drag_constant": 12978.76556073843,
        "phi_norm": 1.5,
        "Rstarstar": 121.81369318181818,
        "Upstarstar": 3.8524465031753935e-05,
        "R0": 0.4010659680151204
    },
    "R sonic drift": 0.01499788418664912,
    "w sonic drift": 9.672835454459698,
    "R critical": 0.03556558820077846,
    "w critical": 48.41952977064848,
    "R equilib drift": 0.01499788418664912,
    "w equilib drift": 10.0,
    "t min": [
        17480.458886136203,
        17715.095918164876,
        17785.487027773477,
        17879.341840584948,
        18301.688498236563,
        19603.9240259957,
        21140.796585783515,
        25821.80537475556,
        32896.11189042008
    ],
    "R min": [
        0.014871073739465094,
        0.014871073710051527,
        0.014871073716676557,
        0.014871073706049035,
        0.014871073680239636,
        0.014871073675829351,
        0.014871073689660709,
        0.01487107369023654,
        0.014871073693504754
    ],
    "t max": [
        17527.386292541938,
        17762.02332457061,
        17797.218879374916,
        17902.805543787817,
        18618.44849147527,
        20073.198090053047,
        22560.350629556993,
        28215.103101448036,
        40181.5917349104
    ],
    "R max": [
        0.014871073744085583,
        0.014871073715325391,
        0.014871073716305786,
        0.014871073710370608,
        0.014871073700010897,
        0.014871073690297006,
        0.01487107369704654,
        0.014871073690899832,
        0.014871073693757425
    ],
    "R end": 0.014871073690446678,
    "v end": -3.2193002609989157e-10,
    "t end": 58659.25800716847,
    "v max": 2.9290755248951004e-07
}