{
    "star": "MS10",
    "grain": "gra",
    "stream": {
        "L4": 0.64,
        "eta": 0.0066,
        "vinf": 140.0,
        "n": 2511.886431509613,
        "T": 8000.0,
        "kappa": 600.0,
        "cs": 10.19646997739904,
        "taustar": 0.025488950738758582,
        "Rstar": 0.0025197312663321116,
        "Qp": 2.0,
        "a": 0.2,
        "rho_d": 2.2,
        "kappa_d": 34090.90909090909,
        "drag_constant": 0.02225113631218942,
        "phi_norm": 1.0,
        "Rstarstar": 0.007298330241187383,
        "Upstarstar": 22.47076252578141,
        "R0": 0.00027853343439294124
    },
    "R sonic drift": 0.001191324287058021,
    "w sonic drift": 7.745966692414831,
    "R critical": 0.0026670428643266486,
    "w critical": 43.32928075712418,
    "R equilib drift": 0.0016719906960341773,
    "w equilib drift": 140.0,
    "t min": [
        78.7450512185888,
        122.07812674124418,
        171.6016416242789,
        221.1251565073136,
        311.3857562134898
    ],
    "R min": [
        0.0008651369990328625,
        0.0016295682198642504,
        0.0016363798138524488,
        0.001636410778594044,
        0.0016364109258455108
    ],
    "t max": [
        96.31791133837531,
        146.77332031867144,
        196.36339906579624,
        246.28629713337156,
        332.0205540814209
    ],
    "R max": [
        0.0017455654979556625,
        0.0016368732872021569,
        0.0016364130314053308,
        0.0016364109464064663,
        0.001636410926633267
    ],
    "R end": 0.0016364109266089784,
    "v end": -8.781561820975224e-09,
    "t end": 332.8193204505021,
    "v max": 101.10803038069429
}