{
    "star": "MS10",
    "grain": "gra",
    "stream": {
        "L4": 0.64,
        "eta": 0.0066,
        "vinf": 70.0,
        "n": 0.0501187233627274,
        "T": 8000.0,
        "kappa": 600.0,
        "cs": 10.19646997739904,
        "taustar": 0.0002277099215229515,
        "Rstar": 1.1281951298898591,
        "Qp": 2.0,
        "a": 0.2,
        "rho_d": 2.2,
        "kappa_d": 34090.90909090909,
        "drag_constant": 7.103496599831478e-06,
        "phi_norm": 1.0,
        "Rstarstar": 0.02919332096474953,
        "Upstarstar": 70387.87067369922,
        "R0": 0.09191226211206424
    },
    "R sonic drift": 0.26670428643266486,
    "w sonic drift": 7.745966692414831,
    "R critical": 0.5970765237835921,
    "w critical": 43.32928075712418,
    "R equilib drift": 0.5636765862528911,
    "w equilib drift": 70.0,
    "t min": [
        37731.33977555502
    ],
    "R min": [
        0.025491921111342908
    ],
    "t max": [],
    "R max": [],
    "R end": 6.62319529684078,
    "v end": 49.215002143375244,
    "t end": 149017.92960329787,
    "v max": 68.9966859262181
}