{
    "star": "MS20",
    "grain": "gra",
    "stream": {
        "L4": 5.45,
        "eta": 0.1199,
        "vinf": 500.0,
        "n": 25118.86431509618,
        "T": 9000.0,
        "kappa": 600.0,
        "cs": 10.814989597775858,
        "taustar": 0.06585947333853585,
        "Rstar": 0.0006510592603678001,
        "Qp": 2.0,
        "a": 0.02,
        "rho_d": 2.2,
        "kappa_d": 340909.0909090908,
        "drag_constant": 1.3102475924535284,
        "phi_norm": 1.5,
        "Rstarstar": 0.04872547727272726,
        "Upstarstar": 0.38160726482520446,
        "R0": 0.0002709923707296426
    },
    "R sonic drift": 0.0005970765237835921,
    "w sonic drift": 9.672835454459698,
    "R critical": 0.0014158915687682763,
    "w critical": 48.41952977064848,
    "R equilib drift": 0.000502377286301916,
    "w equilib drift": 500.0,
    "t min": [
        16.4122573418506,
        17.084814273332242,
        17.794735478785086,
        18.0095800541195,
        18.299153177396317,
        18.35519958835312,
        19.382717122561182,
        44.3046878613531
    ],
    "R min": [
        0.0004927689764041889,
        0.0004927689748076478,
        0.0004927689748401759,
        0.00049276897489602,
        0.0004927689748020822,
        0.0004927689748071347,
        0.0004927689741748521,
        0.0004927689747620051
    ],
    "t max": [
        16.4215984103434,
        17.449115944551465,
        17.916169369191493,
        18.280471040410717,
        18.34585851986032,
        18.439269204788324,
        31.068393807054694
    ],
    "R max": [
        0.0004927689764041427,
        0.000492768975333827,
        0.000492768975106125,
        0.0004927689748009709,
        0.0004927689748079824,
        0.0004927689748234964,
        0.0004927689757110256
    ],
    "R end": 0.0004927689748748551,
    "v end": 6.966224974996273e-08,
    "t end": 46.705342464002854,
    "v max": 5.522554736415581e-06
}