{
    "star": "MS10",
    "grain": "sil",
    "stream": {
        "L4": 0.64,
        "eta": 0.0066,
        "vinf": 200.0,
        "n": 31622.776601684312,
        "T": 8000.0,
        "kappa": 600.0,
        "cs": 10.19646997739904,
        "taustar": 0.06330674699738618,
        "Rstar": 0.0004971097314682645,
        "Qp": 2.0,
        "a": 0.002,
        "rho_d": 3.5,
        "kappa_d": 2142857.1428571427,
        "drag_constant": 265.7379786899094,
        "phi_norm": 0.7,
        "Rstarstar": 0.22478857142857145,
        "Upstarstar": 0.0018815526574899235,
        "R0": 8.214245419980047e-05
    },
    "R sonic drift": 0.0005321450119597618,
    "w sonic drift": 7.745966692414831,
    "R critical": 0.0011246826503806984,
    "w critical": 38.7741595142002,
    "R equilib drift": 0.0004874002279481889,
    "w equilib drift": 200.0,
    "t min": [
        53.094192955941416,
        55.466885232294736,
        58.54722257352536,
        76.17590992502767,
        86.1037539234534
    ],
    "R min": [
        0.0004651666314258266,
        0.00046516662799556374,
        0.0004651666264348607,
        0.0004651666254197181,
        0.0004651666254641556
    ],
    "t max": [
        53.82265111096217,
        55.570950683011986,
        59.44218544969372,
        77.79933095621678
    ],
    "R max": [
        0.0004651666311021159,
        0.00046516662792147224,
        0.0004651666264353573,
        0.0004651666254584591
    ],
    "R end": 0.0004651666260073769,
    "v end": 3.401515390267898e-07,
    "t end": 104.06545071725091,
    "v max": 4.410311812723621e-07
}