{
    "star": "MS10",
    "grain": "sil",
    "stream": {
        "L4": 0.64,
        "eta": 0.0066,
        "vinf": 250.0,
        "n": 0.31622776601683955,
        "T": 8000.0,
        "kappa": 600.0,
        "cs": 10.19646997739904,
        "taustar": 0.00016015480941421184,
        "Rstar": 0.1257599198779523,
        "Qp": 2.0,
        "a": 0.02,
        "rho_d": 3.5,
        "kappa_d": 214285.71428571426,
        "drag_constant": 1.0884627607138566e-05,
        "phi_norm": 0.7,
        "Rstarstar": 0.01438646857142857,
        "Upstarstar": 45936.34417700063,
        "R0": 0.010236944834119134
    },
    "R sonic drift": 0.16827902832903915,
    "w sonic drift": 7.745966692414831,
    "R critical": 0.3556558820077846,
    "w critical": 38.7741595142002,
    "R equilib drift": 0.1295495795811018,
    "w equilib drift": 250.0,
    "t min": [
        6634.33041597009,
        23104.318940695834
    ],
    "R min": [
        0.012625093333616007,
        0.046358956327847145
    ],
    "t max": [
        13252.864807140251
    ],
    "R max": [
        0.6768773314202713
    ],
    "R end": 0.22663886696279856,
    "v end": 30.19078065513097,
    "t end": 26326.70799988131,
    "v max": 222.16524211114495
}