{
    "star": "MS10",
    "grain": "gra",
    "stream": {
        "L4": 0.64,
        "eta": 0.0066,
        "vinf": 170.0,
        "n": 50118.723362727964,
        "T": 8000.0,
        "kappa": 600.0,
        "cs": 10.19646997739904,
        "taustar": 0.09376290886239232,
        "Rstar": 0.0004645509358369982,
        "Qp": 2.0,
        "a": 0.2,
        "rho_d": 2.2,
        "kappa_d": 34090.90909090909,
        "drag_constant": 0.20420607196029222,
        "phi_norm": 1.0,
        "Rstarstar": 0.004949732620320855,
        "Upstarstar": 2.44850701646729,
        "R0": 9.967562423397772e-05
    },
    "R sonic drift": 0.00026670428643266484,
    "w sonic drift": 7.745966692414831,
    "R critical": 0.0005970765237835921,
    "w critical": 43.32928075712418,
    "R equilib drift": 0.00032436104308189033,
    "w equilib drift": 170.0,
    "t min": [
        14.223323092606535,
        35.245370079349414,
        37.859319879802555,
        38.89017332223478,
        40.301460773183656,
        43.23448425819916,
        50.37682596647957
    ],
    "R min": [
        0.00022475986905875852,
        0.0003203557263979487,
        0.00032035572828228743,
        0.00032035572692535105,
        0.0003203557272529894,
        0.0003203557280932735,
        0.0003203557254110434
    ],
    "t max": [
        33.797266434027954,
        36.88982676132463,
        38.12930530520147,
        39.60195308010465,
        41.49185105789706,
        46.95291988982968,
        58.95499925529059
    ],
    "R max": [
        0.00032035572771106863,
        0.00032035572846326235,
        0.0003203557283439313,
        0.00032035572729437704,
        0.0003203557276902347,
        0.00032035572663751354,
        0.0003203557287347322
    ],
    "R end": 0.0003203557287130639,
    "v end": -8.867147269555514e-07,
    "t end": 61.36032395429911,
    "v max": 81.09786413929605
}