{
    "star": "MS10",
    "grain": "sil",
    "stream": {
        "L4": 0.64,
        "eta": 0.0066,
        "vinf": 20.0,
        "n": 0.15848931924611206,
        "T": 8000.0,
        "kappa": 600.0,
        "cs": 10.19646997739904,
        "taustar": 0.0014172615271704535,
        "Rstar": 2.220507605454464,
        "Qp": 2.0,
        "a": 0.002,
        "rho_d": 3.5,
        "kappa_d": 2142857.1428571427,
        "drag_constant": 13.318448240929715,
        "phi_norm": 0.7,
        "Rstarstar": 22.478857142857144,
        "Upstarstar": 0.037541911111192386,
        "R0": 0.1835690039351608
    },
    "R sonic drift": 0.23770044548740382,
    "w sonic drift": 7.745966692414831,
    "R critical": 0.5023772863019165,
    "w critical": 38.7741595142002,
    "R equilib drift": 0.31697863849222285,
    "w equilib drift": 20.0,
    "t min": [
        112770.98299143264,
        158697.50038448104,
        204716.98643621986,
        250643.50382926824,
        296570.0212223167,
        342496.53861536505,
        388516.0246671039,
        434442.5420601523
    ],
    "R min": [
        0.2147892725354865,
        0.21484767010386263,
        0.2147289152892897,
        0.21475047211208523,
        0.21479176445871645,
        0.21485101823054112,
        0.21472949212840728,
        0.21475208288767927
    ],
    "t max": [
        125135.81459725337,
        171062.33199030178,
        216988.8493833502,
        262915.3667763986,
        308934.8528281374,
        354861.37022118585,
        400787.88761423423,
        446714.4050072827
    ],
    "R max": [
        0.7922489826503382,
        0.7922387984052127,
        0.7922171729512195,
        0.7921844853364396,
        0.7922487677789974,
        0.7922379891370088,
        0.7922158039817057,
        0.7921826072296939
    ],
    "R end": 0.45744905929103413,
    "v end": -17.7629429139481,
    "t end": 464843.29345190705,
    "v max": 82.28605861465823
}