{
    "star": "MS20",
    "grain": "gra",
    "stream": {
        "L4": 5.45,
        "eta": 0.1199,
        "vinf": 40.0,
        "n": 10000.000000000144,
        "T": 9000.0,
        "kappa": 600.0,
        "cs": 10.814989597775858,
        "taustar": 0.5194314800818332,
        "Rstar": 0.012898242370571179,
        "Qp": 2.0,
        "a": 0.02,
        "rho_d": 2.2,
        "kappa_d": 340909.0909090908,
        "drag_constant": 12734.837933501114,
        "phi_norm": 1.5,
        "Rstarstar": 7.613355823863633,
        "Upstarstar": 3.926237637344931e-05,
        "R0": 0.010797721664748239
    },
    "R sonic drift": 0.0009463025179229607,
    "w sonic drift": 9.672835454459698,
    "R critical": 0.002244036908603926,
    "w critical": 48.41952977064848,
    "R equilib drift": 0.0020000000000000005,
    "w equilib drift": 40.0,
    "t min": [
        214.11146769109206,
        264.4470936305709,
        314.7827195700498,
        364.93328806122173,
        415.2689140007006,
        465.60453994017945,
        515.9401658796584,
        566.2757918191372,
        616.4263603103092,
        666.7619862497879,
        717.0976121892669,
        767.4332381287456,
        817.5838066199177,
        867.9194325593966,
        918.2550584988753
    ],
    "R min": [
        0.0009352430821183692,
        0.000934020924742512,
        0.0009328160239778504,
        0.0009371729952037308,
        0.0009359365259799966,
        0.0009347083222458865,
        0.000933492054782328,
        0.0009323058921850652,
        0.000936632551377828,
        0.0009353993961831053,
        0.0009341758160980504,
        0.0009329677351017164,
        0.0009373309161610626,
        0.0009360935534055387,
        0.0009348641338002491
    ],
    "t max": [
        230.58158059040684,
        280.9172065298857,
        331.25283246936453,
        381.58845840884345,
        431.73902690001535,
        482.0746528394942,
        532.4102787789732,
        582.7459047184519,
        633.0815306579308,
        683.2320991491027,
        733.5677250885816,
        783.9033510280605,
        834.2389769675394,
        884.3895454587113
    ],
    "R max": [
        0.002182769281034882,
        0.0021832195463436397,
        0.002183592122680694,
        0.002183845322407756,
        0.0021824895509369585,
        0.002182973709647291,
        0.0021833934272179603,
        0.0021837211790074864,
        0.002183895666951497,
        0.002182707597046699,
        0.002183165983304032,
        0.002183550114179118,
        0.002183822295606288,
        0.002182424131236258
    ],
    "R end": 0.0017983763215354634,
    "v end": 66.01007614740178,
    "t end": 925.2872415345378,
    "v max": 263.9987111907957
}