{
    "star": "MS10",
    "grain": "gra",
    "stream": {
        "L4": 0.64,
        "eta": 0.0066,
        "vinf": 10.0,
        "n": 3981.0717055350265,
        "T": 8000.0,
        "kappa": 600.0,
        "cs": 10.19646997739904,
        "taustar": 0.44924162926990063,
        "Rstar": 0.028020911642712296,
        "Qp": 2.0,
        "a": 0.02,
        "rho_d": 2.2,
        "kappa_d": 340909.0909090908,
        "drag_constant": 135476.61502748425,
        "phi_norm": 1.0,
        "Rstarstar": 14.304727272727268,
        "Upstarstar": 3.690673847280319e-06,
        "R0": 0.0190982987353395
    },
    "R sonic drift": 0.0009463025179229607,
    "w sonic drift": 7.745966692414831,
    "R critical": 0.00211850745035458,
    "w critical": 43.32928075712418,
    "R equilib drift": 0.0009463025179229607,
    "w equilib drift": 10.0,
    "t min": [
        1022.9975742405851,
        1028.919412586406,
        1034.1010211389996,
        1036.3217105186823,
        1038.5423998983651,
        1040.7630892780483,
        1049.6458467967798,
        1054.0872255561455,
        1055.5676851426008,
        1058.5286043155113,
        1060.7492936951942,
        1071.112510800381,
        1079.2550385258849,
        1085.9171066649335,
        1089.6182556310716,
        1091.8389450107545,
        1095.5400939768926,
        1098.5010131498032,
        1106.6435408753073,
        1111.8251494279007,
        1121.4481367398598,
        1127.3699750856808,
        1131.8113538450468,
        1134.7722730179573,
        1143.6550305366889,
        1149.5768688825099,
        1155.4987072283309,
        1169.5630732996558,
        1210.2757119271755,
        1272.4550145582964,
        1394.5929304408553,
        1854.275632035214
    ],
    "R min": [
        0.0008979177385377469,
        0.0008979177385626073,
        0.0008979177384721176,
        0.0008979177379697833,
        0.0008979177379023227,
        0.0008979177378859031,
        0.0008979177378501117,
        0.0008979177381804745,
        0.0008979177383412019,
        0.0008979177385542413,
        0.0008979177385440136,
        0.0008979177384591604,
        0.0008979177385534443,
        0.0008979177386439977,
        0.0008979177385490147,
        0.0008979177383954774,
        0.0008979177379943986,
        0.0008979177385328544,
        0.0008979177392820381,
        0.0008979177389710922,
        0.0008979177378747129,
        0.0008979177376654084,
        0.0008979177382071436,
        0.0008979177379715972,
        0.0008979177378928058,
        0.0008979177386236946,
        0.000897917738742166,
        0.0008979177385813491,
        0.0008979177387284504,
        0.000897917737294928,
        0.0008979177385914984,
        0.0008979177385864401
    ],
    "t max": [
        1025.218263620268,
        1031.8803317593165,
        1034.8412509322272,
        1037.8021701051377,
        1040.0228594848206,
        1045.2044680374138,
        1052.6067659696903,
        1054.8274553493732,
        1057.7883745222837,
        1059.268834108739,
        1067.4113618342428,
        1074.813659766519,
        1083.6964172852506,
        1087.397566251389,
        1091.0987152175271,
        1092.5791748039821,
        1097.7607833565758,
        1103.6826217023968,
        1108.1240004617625,
        1114.0458388075836,
        1125.149285705998,
        1131.071124051819,
        1133.2918134315019,
        1137.7331921908678,
        1148.0964092960546,
        1154.0182476418756,
        1156.9791668147861,
        1193.25042668294,
        1218.4182396526794,
        1374.6067260237096,
        1632.9469238601523
    ],
    "R max": [
        0.0008979177385960314,
        0.0008979177387600104,
        0.000897917738414029,
        0.0008979177380349162,
        0.0008979177380010849,
        0.0008979177382343108,
        0.0008979177383675385,
        0.000897917738430512,
        0.0008979177386897943,
        0.0008979177387142,
        0.000897917738537467,
        0.0008979177388014457,
        0.0008979177389381217,
        0.0008979177389471147,
        0.0008979177386562779,
        0.0008979177381007228,
        0.0008979177385779765,
        0.0008979177395033488,
        0.0008979177395899534,
        0.0008979177393593343,
        0.0008979177385932032,
        0.0008979177381868142,
        0.0008979177383159037,
        0.000897917738468457,
        0.0008979177385725208,
        0.000897917739045805,
        0.0008979177388301891,
        0.0008979177414546581,
        0.0008979177387329316,
        0.0008979177385831386,
        0.0008979177385819988
    ],
    "R end": 0.0008979177385865609,
    "v end": 1.705364626815051e-11,
    "t end": 3701.1489661381515,
    "v max": 3.702692260579797e-07
}