{
    "star": "MS10",
    "grain": "sil",
    "stream": {
        "L4": 0.64,
        "eta": 0.0066,
        "vinf": 70.0,
        "n": 100000.00000000163,
        "T": 8000.0,
        "kappa": 600.0,
        "cs": 10.19646997739904,
        "taustar": 0.3216488134342721,
        "Rstar": 0.0007987009861682355,
        "Qp": 2.0,
        "a": 0.02,
        "rho_d": 3.5,
        "kappa_d": 214285.71428571426,
        "drag_constant": 559.9915191799425,
        "phi_norm": 0.7,
        "Rstarstar": 0.18350087463556847,
        "Upstarstar": 0.0008928706647775763,
        "R0": 0.0004418506992912328
    },
    "R sonic drift": 0.0002992471312188866,
    "w sonic drift": 7.745966692414831,
    "R critical": 0.000632455532033676,
    "w critical": 38.7741595142002,
    "R equilib drift": 0.0005760212503192846,
    "w equilib drift": 70.0,
    "t min": [
        38.456199418457324,
        116.40524363099995,
        125.66817166483708,
        136.63654854244925,
        153.59071645997784
    ],
    "R min": [
        0.00028209618974192656,
        0.0005585407927616207,
        0.0005585407930328168,
        0.0005585407932219325,
        0.0005585407928522595
    ],
    "t max": [
        114.90043582766901,
        124.39744507535761,
        130.71763784934754,
        146.40107917739667
    ],
    "R max": [
        0.0005585407927131946,
        0.0005585407929502556,
        0.0005585407933624771,
        0.000558540793420276
    ],
    "R end": 0.0005585407941572618,
    "v end": 1.2633367751125738e-07,
    "t end": 167.200867036771,
    "v max": 106.18850472558604
}