{
    "star": "MS10",
    "grain": "gra",
    "stream": {
        "L4": 0.64,
        "eta": 0.0066,
        "vinf": 40.0,
        "n": 3.981071705535002,
        "T": 8000.0,
        "kappa": 600.0,
        "cs": 10.19646997739904,
        "taustar": 0.0035515669206446186,
        "Rstar": 0.22152475726325355,
        "Qp": 2.0,
        "a": 0.02,
        "rho_d": 2.2,
        "kappa_d": 340909.0909090908,
        "drag_constant": 0.529205527451107,
        "phi_norm": 1.0,
        "Rstarstar": 0.8940454545454543,
        "Upstarstar": 0.9448125049037678,
        "R0": 0.018800458000831875
    },
    "R sonic drift": 0.029924713121888692,
    "w sonic drift": 7.745966692414831,
    "R critical": 0.0669930878315656,
    "w critical": 43.32928075712418,
    "R equilib drift": 0.0632455532033676,
    "w equilib drift": 40.0,
    "t min": [
        6905.395808618649,
        10381.501834313121,
        13851.755829661308,
        17327.86185535578,
        20803.967881050252,
        24274.22187639844,
        27750.32790209291
    ],
    "R min": [
        0.025454048320095898,
        0.025449910944350177,
        0.0254607400011716,
        0.025453494649063386,
        0.02544969330096164,
        0.025459884377136886,
        0.025452972295361878
    ],
    "t max": [
        8339.143243458962,
        11815.249269153435,
        15285.50326450162,
        18761.609290196095,
        22237.715315890568,
        25707.96931123875,
        29184.075336933223
    ],
    "R max": [
        0.09600522136176656,
        0.09600563106188706,
        0.0960045956274319,
        0.09600527333952447,
        0.09600565515360955,
        0.09600467465580452,
        0.0960053234811709
    ],
    "R end": 0.09579947847432123,
    "v end": -5.766005034855354,
    "t end": 29260.15173143495,
    "v max": 96.308898407448
}