{
    "star": "MS10",
    "grain": "gra",
    "stream": {
        "L4": 0.64,
        "eta": 0.0066,
        "vinf": 20.0,
        "n": 0.001584893192461114,
        "T": 8000.0,
        "kappa": 600.0,
        "cs": 10.19646997739904,
        "taustar": 0.00014172615271704504,
        "Rstar": 22.205076054544683,
        "Qp": 2.0,
        "a": 0.2,
        "rho_d": 2.2,
        "kappa_d": 34090.90909090909,
        "drag_constant": 3.370888242797279e-05,
        "phi_norm": 1.0,
        "Rstarstar": 0.3576181818181817,
        "Upstarstar": 14832.885696177302,
        "R0": 1.8070986551321584
    },
    "R sonic drift": 1.4997884186649117,
    "w sonic drift": 7.745966692414831,
    "R critical": 3.357608036245125,
    "w critical": 43.32928075712418,
    "R equilib drift": 1.8968114487296992,
    "w equilib drift": 20.0,
    "t min": [
        751425.0950718279
    ],
    "R min": [
        0.28731785929954845
    ],
    "t max": [],
    "R max": [],
    "R end": 38.745393460766,
    "v end": 15.527902965348723,
    "t end": 2932962.900358423,
    "v max": 19.69292507441289
}