{
    "star": "MS10",
    "grain": "gra",
    "stream": {
        "L4": 0.64,
        "eta": 0.0066,
        "vinf": 80.0,
        "n": 0.000316227766016836,
        "T": 8000.0,
        "kappa": 600.0,
        "cs": 10.19646997739904,
        "taustar": 1.5826686749346362e-05,
        "Rstar": 12.427743286706752,
        "Qp": 2.0,
        "a": 0.02,
        "rho_d": 2.2,
        "kappa_d": 340909.0909090908,
        "drag_constant": 2.6272680776660275e-06,
        "phi_norm": 1.0,
        "thetaB": 0.0,
        "b_hat": [
            1.0,
            0.0,
            0.0
        ],
        "Rstarstar": 0.22351136363636354,
        "Upstarstar": 190311.75548868327,
        "R0": 1.0098313463455497
    },
    "R sonic drift": 2.8250750892455114,
    "w sonic drift": 8.188326831331352,
    "R critical": 6.32455532033676,
    "w critical": 45.80374875007897,
    "R equilib drift": 5.636765862528911,
    "w equilib drift": 80.0,
    "t min": [
        349159.32707570685
    ],
    "R min": [
        0.20297716610909208
    ],
    "t max": [],
    "R max": [],
    "R end": 72.69210708546399,
    "v end": 60.870017960655446,
    "t end": 1381168.2241918785,
    "v max": 78.67622560118646
}