{
    "star": "MS10",
    "grain": "gra",
    "stream": {
        "L4": 0.64,
        "eta": 0.0066,
        "vinf": 70.0,
        "n": 79432.82347242952,
        "T": 8000.0,
        "kappa": 600.0,
        "cs": 10.19646997739904,
        "taustar": 0.28666980672290115,
        "Rstar": 0.000896157245949937,
        "Qp": 2.0,
        "a": 0.02,
        "rho_d": 2.2,
        "kappa_d": 340909.0909090908,
        "drag_constant": 1125.8283403743726,
        "phi_norm": 1.0,
        "Rstarstar": 0.2919332096474952,
        "Upstarstar": 0.00044411743963891935,
        "R0": 0.0004570893902672285
    },
    "R sonic drift": 0.00021185074503545775,
    "w sonic drift": 7.745966692414831,
    "R critical": 0.00047427474113233113,
    "w critical": 43.32928075712418,
    "R equilib drift": 0.0004477442277136681,
    "w equilib drift": 70.0,
    "t min": [
        27.177556602146982,
        73.10478640020024,
        73.2468293789571,
        75.23543108155323,
        75.99299363492317,
        76.04034129450879,
        80.13591384866508,
        89.06094768055482
    ],
    "R min": [
        0.00020063221303658722,
        0.0004339927937972324,
        0.00043399279380095315,
        0.0004339927937397799,
        0.00043399279413940583,
        0.00043399279413807503,
        0.0004339927941669686,
        0.0004339927943488335
    ],
    "t max": [
        73.010091081029,
        73.22315554916429,
        74.31215171963359,
        75.96931980513035,
        76.01666746471598,
        76.44279640098658,
        80.84612874244941,
        100.75581959820343
    ],
    "R max": [
        0.0004339927938083689,
        0.0004339927938016466,
        0.00043399279392537885,
        0.0004339927941379939,
        0.0004339927941399312,
        0.00043399279420089744,
        0.00043399279415779553,
        0.00043399279431901834
    ],
    "R end": 0.00043399279383337454,
    "v end": -4.858994717731032e-08,
    "t end": 118.36914896405479,
    "v max": 160.89975662402213
}