{
    "star": "MS20",
    "grain": "gra",
    "stream": {
        "L4": 5.45,
        "eta": 0.1199,
        "vinf": 90.0,
        "n": 3162.277660168418,
        "T": 9000.0,
        "kappa": 600.0,
        "cs": 10.814989597775858,
        "taustar": 0.1298212386021343,
        "Rstar": 0.010194079481457055,
        "Qp": 2.0,
        "a": 0.02,
        "rho_d": 2.2,
        "kappa_d": 340909.0909090908,
        "drag_constant": 157.13153386315628,
        "phi_norm": 1.5,
        "Rstarstar": 1.5038727553310878,
        "Upstarstar": 0.0031820474713588885,
        "R0": 0.004985104195809143
    },
    "R sonic drift": 0.0016827902832903898,
    "w sonic drift": 9.672835454459698,
    "R critical": 0.003990524629937758,
    "w critical": 48.41952977064848,
    "R equilib drift": 0.003556558820077846,
    "w equilib drift": 90.0,
    "t min": [
        166.73581733258146,
        514.3946224199026
    ],
    "R min": [
        0.0016565044533764738,
        0.003452102458249255
    ],
    "t max": [
        463.35006079791054,
        604.1979485972754
    ],
    "R max": [
        0.003452102459767812,
        0.003452102470271923
    ],
    "R end": 0.003452102463300757,
    "v end": -6.89743456611828e-08,
    "t end": 731.2974444411467,
    "v max": 212.11933920402527
}