{
    "star": "MS20",
    "grain": "gra",
    "stream": {
        "L4": 5.45,
        "eta": 0.1199,
        "vinf": 90.0,
        "n": 1995.2623149689073,
        "T": 9000.0,
        "kappa": 600.0,
        "cs": 10.814989597775858,
        "taustar": 0.10312067528855318,
        "Rstar": 0.012833585709055784,
        "Qp": 2.0,
        "a": 0.02,
        "rho_d": 2.2,
        "kappa_d": 340909.0909090908,
        "drag_constant": 99.14329534039683,
        "phi_norm": 1.5,
        "Rstarstar": 1.5038727553310882,
        "Upstarstar": 0.005043205375444792,
        "R0": 0.005882546760319395
    },
    "R sonic drift": 0.00211850745035458,
    "w sonic drift": 9.672835454459698,
    "R critical": 0.005023772863019165,
    "w critical": 48.41952977064848,
    "R equilib drift": 0.004477442277136681,
    "w equilib drift": 90.0,
    "t min": [
        210.0920872835348,
        623.6475895086173,
        654.0290044093914,
        712.5822767636106
    ],
    "R min": [
        0.002071439837799051,
        0.004345939512352217,
        0.004345939514390061,
        0.004345939512412029
    ],
    "t max": [
        611.3108937610303,
        638.7462320653657,
        681.4643427137268
    ],
    "R max": [
        0.00434593950926754,
        0.004345939513716294,
        0.004345939516469815
    ],
    "R end": 0.004345939515873579,
    "v end": 2.9008067357416893e-08,
    "t end": 920.6489363870938,
    "v max": 209.1872053622401
}