{
    "star": "MS10",
    "grain": "sil",
    "stream": {
        "L4": 0.64,
        "eta": 0.0066,
        "vinf": 100.0,
        "n": 316.2277660168418,
        "T": 8000.0,
        "kappa": 600.0,
        "cs": 10.19646997739904,
        "taustar": 0.012661349399477207,
        "Rstar": 0.009942194629365311,
        "Qp": 2.0,
        "a": 0.002,
        "rho_d": 3.5,
        "kappa_d": 2142857.1428571427,
        "drag_constant": 42.51807659038533,
        "phi_norm": 0.7,
        "Rstarstar": 0.8991542857142856,
        "Upstarstar": 0.01175970410931208,
        "R0": 0.0009431654793864417
    },
    "R sonic drift": 0.0053214501195976175,
    "w sonic drift": 7.745966692414831,
    "R critical": 0.011246826503806984,
    "w critical": 38.7741595142002,
    "R equilib drift": 0.007962143411069949,
    "w equilib drift": 100.0,
    "t min": [
        477.4522878907473,
        1707.5059153686536
    ],
    "R min": [
        0.004930398551040488,
        0.007939578446170709
    ],
    "t max": [
        1517.6905332603876
    ],
    "R max": [
        0.007939578447863365
    ],
    "R end": 0.00793957845379672,
    "v end": 1.0611098990940455e-08,
    "t end": 2081.309014345019,
    "v max": 78.69888081565819
}