{
    "star": "MS10",
    "grain": "sil",
    "stream": {
        "L4": 0.64,
        "eta": 0.0066,
        "vinf": 30.0,
        "n": 39.810717055350096,
        "T": 8000.0,
        "kappa": 600.0,
        "cs": 10.19646997739904,
        "taustar": 0.014974720975663325,
        "Rstar": 0.09340303880904118,
        "Qp": 2.0,
        "a": 0.02,
        "rho_d": 3.5,
        "kappa_d": 214285.71428571426,
        "drag_constant": 6.608282355586003,
        "phi_norm": 0.7,
        "Rstarstar": 0.9990603174603174,
        "Upstarstar": 0.07566262654884112,
        "R0": 0.009112202337881181
    },
    "R sonic drift": 0.01499788418664912,
    "w sonic drift": 7.745966692414831,
    "R critical": 0.03169786384922229,
    "w critical": 38.7741595142002,
    "R equilib drift": 0.02726136163359473,
    "w equilib drift": 30.0,
    "t min": [
        4645.813234167742,
        6323.46801317276,
        8005.033409378257,
        9686.598805583752,
        11368.164201789246,
        13045.818980794265,
        14727.384376999762,
        16408.949773205255,
        18090.51516941075
    ],
    "R min": [
        0.013324822777426606,
        0.013335234957139723,
        0.013329862995165389,
        0.013326223632749658,
        0.013324411313075766,
        0.013333200126611364,
        0.013328412206102798,
        0.013325391092327239,
        0.013324224722798865
    ],
    "t max": [
        5255.869517442294,
        6933.524296447312,
        8615.08969265281,
        10296.655088858304,
        11974.309867863321,
        13655.875264068818,
        15337.440660274313,
        17019.00605647981,
        18696.66083548483
    ],
    "R max": [
        0.04138258742358348,
        0.04138152522399123,
        0.04138215185025351,
        0.04138250465958604,
        0.04138096983651303,
        0.04138177048093769,
        0.04138230672003367,
        0.041382561177923397,
        0.04138127421666134
    ],
    "R end": 0.018239572782174966,
    "v end": -25.321697956457218,
    "t end": 19553.086002389486,
    "v max": 90.29340415906266
}