{
    "star": "MS40",
    "grain": "gra",
    "stream": {
        "L4": 22.2,
        "eta": 0.4468,
        "vinf": 170.0,
        "n": 5.011872336272761,
        "T": 10000.0,
        "kappa": 600.0,
        "cs": 11.4,
        "taustar": 0.005522269182861539,
        "Rstar": 0.27360236024749834,
        "Qp": 2.0,
        "a": 0.02,
        "rho_d": 2.2,
        "kappa_d": 340909.0909090908,
        "drag_constant": 0.08854247651403234,
        "phi_norm": 1.5,
        "Rstarstar": 1.7169385026737962,
        "Upstarstar": 5.647007173113792,
        "R0": 0.18439579032096073
    },
    "R sonic drift": 0.08433930068571646,
    "w sonic drift": 8.6559494714014,
    "R critical": 0.18881217525718474,
    "w critical": 48.41952977064848,
    "R equilib drift": 0.1219070124841899,
    "w equilib drift": 170.0,
    "t min": [
        4490.048151644211,
        11203.776157127779,
        14471.38250430533
    ],
    "R min": [
        0.07161421262760286,
        0.12056546970143947,
        0.12056546972623397
    ],
    "t max": [
        9907.599767629794,
        12399.052588161847,
        18278.4155525015
    ],
    "R max": [
        0.12056546973499978,
        0.12056546987729562,
        0.12056546986565103
    ],
    "R end": 0.12056546980113846,
    "v end": -2.729510010362127e-08,
    "t end": 19403.838166137477,
    "v max": 141.78236883662257
}