{
    "star": "MS10",
    "grain": "sil",
    "stream": {
        "L4": 0.64,
        "eta": 0.0066,
        "vinf": 500.0,
        "n": 0.001584893192461114,
        "T": 8000.0,
        "kappa": 600.0,
        "cs": 10.19646997739904,
        "taustar": 5.669046108681802e-06,
        "Rstar": 0.8882030421817874,
        "Qp": 2.0,
        "a": 0.002,
        "rho_d": 3.5,
        "kappa_d": 2142857.1428571427,
        "drag_constant": 3.4095227496779923e-07,
        "phi_norm": 0.7,
        "Rstarstar": 0.035966171428571427,
        "Upstarstar": 1466480.902780959,
        "R0": 0.07216299169522196
    },
    "R sonic drift": 2.3770044548740383,
    "w sonic drift": 7.745966692414831,
    "R critical": 5.023772863019165,
    "w critical": 38.7741595142002,
    "R equilib drift": 1.0595427373108546,
    "w equilib drift": 500.0,
    "t min": [
        46633.07919909531
    ],
    "R min": [
        0.03537877485613279
    ],
    "t max": [
        122012.06766525656
    ],
    "R max": [
        15.097148316865765
    ],
    "R end": 9.405515834369831,
    "v end": -157.09404459301473,
    "t end": 185937.31738076278,
    "v max": 476.0996367723619
}