{
    "star": "MS10",
    "grain": "sil",
    "stream": {
        "L4": 0.64,
        "eta": 0.0066,
        "vinf": 250.0,
        "n": 2511.886431509613,
        "T": 8000.0,
        "kappa": 600.0,
        "cs": 10.19646997739904,
        "taustar": 0.014273812413704807,
        "Rstar": 0.0014110495091459827,
        "Qp": 2.0,
        "a": 0.002,
        "rho_d": 3.5,
        "kappa_d": 2142857.1428571427,
        "drag_constant": 8.645967032809626,
        "phi_norm": 0.7,
        "Rstarstar": 0.14386468571428573,
        "Upstarstar": 0.05783043100934866,
        "R0": 0.00013649859841642937
    },
    "R sonic drift": 0.0018881217525718475,
    "w sonic drift": 7.745966692414831,
    "R critical": 0.003990524629937758,
    "w critical": 38.7741595142002,
    "R equilib drift": 0.00145357019037057,
    "w equilib drift": 250.0,
    "t min": [
        147.2817143533934,
        155.19818034751884,
        161.3423032086311,
        177.94325055452103,
        192.24015182749383,
        197.379946913232,
        202.2243514768013,
        206.59613120490042,
        209.66819263545653,
        211.7359262906386,
        212.74025406601268,
        216.75756516750917
    ],
    "R min": [
        0.0013825485473377933,
        0.0013825485450718329,
        0.0013825485433832624,
        0.0013825485470845681,
        0.001382548541901481,
        0.0013825485428471662,
        0.0013825485414793747,
        0.0013825485427151308,
        0.0013825485432376844,
        0.0013825485424491506,
        0.0013825485425984021,
        0.0013825485432839184
    ],
    "t max": [
        149.46760421744298,
        157.6203826293035,
        168.49075384511752,
        183.55567047572936,
        195.0759008403149,
        199.74307109058284,
        204.88286617632102,
        208.19124002461226,
        209.84542694875788,
        212.5039416482776,
        213.68550373695302,
        235.78071479518374
    ],
    "R max": [
        0.0013825485462377544,
        0.0013825485444214517,
        0.0013825485461131921,
        0.0013825485484574324,
        0.0013825485438532226,
        0.0013825485444502333,
        0.0013825485442561418,
        0.0013825485435236293,
        0.0013825485432219812,
        0.0013825485426565698,
        0.0013825485430710356,
        0.0013825485442060899
    ],
    "R end": 0.001382548541070037,
    "v end": -4.962714763180189e-08,
    "t end": 295.3905221688596,
    "v max": 2.3381166754327383e-06
}