{
    "star": "MS40",
    "grain": "gra",
    "stream": {
        "L4": 22.2,
        "eta": 0.4468,
        "vinf": 60.0,
        "n": 501.18723362727764,
        "T": 10000.0,
        "kappa": 600.0,
        "cs": 11.4,
        "taustar": 0.1564642935144105,
        "Rstar": 0.07752066873679106,
        "Qp": 2.0,
        "a": 0.02,
        "rho_d": 2.2,
        "kappa_d": 340909.0909090908,
        "drag_constant": 570.6139028494225,
        "phi_norm": 1.5,
        "Rstarstar": 13.783200757575747,
        "Upstarstar": 0.0008762492422690646,
        "R0": 0.06360705444187983
    },
    "R sonic drift": 0.008433930068571646,
    "w sonic drift": 8.6559494714014,
    "R critical": 0.018881217525718474,
    "w critical": 48.41952977064848,
    "R equilib drift": 0.018881217525718474,
    "w equilib drift": 60.0,
    "t min": [
        1266.6825554854545,
        1687.810523151191,
        2107.838939987514,
        2528.966907653251,
        2948.9953244895732,
        3369.0237413258956,
        3790.1517089916324,
        4210.180125827956,
        4630.208542664278,
        5051.336510330015,
        5471.364927166337
    ],
    "R min": [
        0.007983996789811026,
        0.007949892395872234,
        0.00796987365905659,
        0.00793853867156945,
        0.007955913064692543,
        0.007976063934428408,
        0.007942574630082305,
        0.007962018100125954,
        0.007982278768837007,
        0.00794825629489878,
        0.007968169802709488
    ],
    "t max": [
        1486.5927213683456,
        1907.7206890340829,
        2327.749105870405,
        2747.7775227067277,
        3168.9054903724646,
        3588.933907208787,
        4010.061874874524,
        4430.090291710847,
        4850.118708547169,
        5271.246676212906
    ],
    "R max": [
        0.018568687847086436,
        0.01856878972276101,
        0.01856874514575264,
        0.018568655871455432,
        0.018568780891523563,
        0.01856872261620024,
        0.018568794857428555,
        0.018568767809695658,
        0.018568695935872466,
        0.01856879141446481
    ],
    "R end": 0.012233831844644577,
    "v end": 108.55281526655378,
    "t end": 5497.7541470722845,
    "v max": 248.4569163838179
}