{
    "star": "MS10",
    "grain": "sil",
    "stream": {
        "L4": 0.64,
        "eta": 0.0066,
        "vinf": 250.0,
        "n": 1.2589254117941753,
        "T": 8000.0,
        "kappa": 600.0,
        "cs": 10.19646997739904,
        "taustar": 0.00031955085578520023,
        "Rstar": 0.06302926634481827,
        "Qp": 2.0,
        "a": 0.002,
        "rho_d": 3.5,
        "kappa_d": 2142857.1428571427,
        "drag_constant": 0.004333248299206425,
        "phi_norm": 0.7,
        "Rstarstar": 0.1438646857142857,
        "Upstarstar": 115.38687965136182,
        "R0": 0.005140701944261012
    },
    "R sonic drift": 0.08433930068571646,
    "w sonic drift": 7.745966692414831,
    "R critical": 0.1782501876267492,
    "w critical": 38.7741595142002,
    "R equilib drift": 0.06492859540782857,
    "w equilib drift": 250.0,
    "t min": [
        3235.3183604690976,
        4422.833256236711,
        5700.071499684544,
        6979.948665122972,
        8265.103674542588
    ],
    "R min": [
        0.0424862924416379,
        0.06141167351111508,
        0.06175172458265419,
        0.061756118662186076,
        0.0617561740732821
    ],
    "t max": [
        3763.102758588037,
        5061.452377960627,
        6341.329543399055,
        7639.679162771646,
        9534.425152018637
    ],
    "R max": [
        0.06495663219462482,
        0.06179545990324605,
        0.06175667970694887,
        0.06175618078500057,
        0.06175617507188727
    ],
    "R end": 0.06175617496637923,
    "v end": -1.3888515955652572e-08,
    "t end": 13194.60995297348,
    "v max": 77.61963488705076
}