{
    "star": "MS40",
    "grain": "gra",
    "stream": {
        "L4": 22.2,
        "eta": 0.4468,
        "vinf": 20.0,
        "n": 630.9573444802007,
        "T": 10000.0,
        "kappa": 600.0,
        "cs": 11.4,
        "taustar": 0.5266674742874632,
        "Rstar": 0.20727110620926095,
        "Qp": 2.0,
        "a": 0.02,
        "rho_d": 2.2,
        "kappa_d": 340909.0909090908,
        "drag_constant": 58187.187752235164,
        "phi_norm": 1.5,
        "Rstarstar": 124.04880681818177,
        "Upstarstar": 8.592956960371285e-06,
        "R0": 0.2192147471602133
    },
    "R sonic drift": 0.007516748085768888,
    "w sonic drift": 8.6559494714014,
    "R critical": 0.016827902832903904,
    "w critical": 48.41952977064848,
    "R equilib drift": 0.008974787249790074,
    "w equilib drift": 20.0,
    "t min": [
        3530.8524767936683,
        4221.735351103836,
        4912.618225414005,
        5603.501099724173,
        6294.383974034341,
        6988.206775469233,
        7679.089649779402,
        8369.97252408957,
        9060.855398399739,
        9751.738272709907,
        10442.621147020076,
        11133.504021330244,
        11824.386895640411,
        12515.26976995058,
        13206.152644260746,
        13897.035518570918,
        14587.918392881083
    ],
    "R min": [
        0.007126713608762489,
        0.0071286972010080885,
        0.007130693987838238,
        0.00713270241548544,
        0.0071347219089523935,
        0.007111132655037103,
        0.007112425423943322,
        0.0071141427542962665,
        0.007115957127541634,
        0.007117821605200833,
        0.007119719152540485,
        0.007121641728541519,
        0.007123584660201009,
        0.00712554496978181,
        0.007127520201252934,
        0.007129509450549736,
        0.007131510933158748
    ],
    "t max": [
        3621.9902176601163,
        4312.873091970285,
        5003.755966280452,
        5694.63884059062,
        6385.521714900789,
        7076.404589210958,
        7770.2273906458495,
        8461.110264956018,
        9151.993139266186,
        9842.876013576353,
        10533.758887886523,
        11224.64176219669,
        11915.52463650686,
        12606.407510817025,
        13297.290385127195,
        13988.173259437363,
        14679.056133747532
    ],
    "R max": [
        0.016848850651783574,
        0.016841505990674743,
        0.016833953147702606,
        0.01682621507918958,
        0.01681830864709492,
        0.01681024759064732,
        0.01689111423149218,
        0.016888432152358846,
        0.016884081910747438,
        0.016878840976060093,
        0.016872997994447532,
        0.016866703119246075,
        0.016860047716699265,
        0.016853093421217245,
        0.016845884599795333,
        0.016838451799033826,
        0.016830821579778363
    ],
    "R end": 0.016550727134029726,
    "v end": -18.13175066004219,
    "t end": 14699.635623620601,
    "v max": 283.64638156921563
}