{
    "star": "MS10",
    "grain": "sil",
    "stream": {
        "L4": 0.64,
        "eta": 0.0066,
        "vinf": 80.0,
        "n": 0.10000000000000041,
        "T": 8000.0,
        "kappa": 600.0,
        "cs": 10.19646997739904,
        "taustar": 0.00028144271175498635,
        "Rstar": 0.6988633628972104,
        "Qp": 2.0,
        "a": 0.002,
        "rho_d": 3.5,
        "kappa_d": 2142857.1428571427,
        "drag_constant": 0.03282567474489809,
        "phi_norm": 0.7,
        "Rstarstar": 1.4049285714285713,
        "Upstarstar": 15.231979354139925,
        "R0": 0.05697295416667401
    },
    "R sonic drift": 0.2992471312188869,
    "w sonic drift": 7.745966692414831,
    "R critical": 0.632455532033676,
    "w critical": 38.7741595142002,
    "R equilib drift": 0.5309511965911208,
    "w equilib drift": 80.0,
    "t min": [
        35082.92192599051,
        62324.12318795645,
        92315.77871267727,
        122482.99514778671
    ],
    "R min": [
        0.2027883121866707,
        0.4961127370093696,
        0.5170975640402357,
        0.517994380850168
    ],
    "t max": [
        46026.218673547184,
        77159.02011579397,
        107384.75685436628,
        137581.23344120715
    ],
    "R max": [
        0.6308259779005331,
        0.5226112950939708,
        0.5182260996346503,
        0.5180419265083531
    ],
    "R end": 0.5180346568801384,
    "v end": -0.0008018520189008352,
    "t end": 146300.75865717477,
    "v max": 78.59968317492961
}