{
    "star": "MS20",
    "grain": "gra",
    "stream": {
        "L4": 5.45,
        "eta": 0.1199,
        "vinf": 300.0,
        "n": 0.003981071705534978,
        "T": 9000.0,
        "kappa": 600.0,
        "cs": 10.814989597775858,
        "taustar": 4.3698547641579695e-05,
        "Rstar": 2.725644870377585,
        "Qp": 2.0,
        "a": 0.02,
        "rho_d": 2.2,
        "kappa_d": 340909.0909090908,
        "drag_constant": 1.6023167358936205e-06,
        "phi_norm": 1.5,
        "Rstarstar": 0.13534854797979792,
        "Upstarstar": 312048.1667572095,
        "R0": 0.9439166972666887
    },
    "R sonic drift": 1.4997884186649117,
    "w sonic drift": 9.672835454459698,
    "R critical": 3.556558820077846,
    "w critical": 48.41952977064848,
    "R equilib drift": 1.6040122537395647,
    "w equilib drift": 300.0,
    "t min": [
        49273.776726021504
    ],
    "R min": [
        0.11886054558439606
    ],
    "t max": [],
    "R max": [],
    "R end": 21.39873705310909,
    "v end": 33.929833833371084,
    "t end": 195530.86002389484,
    "v max": 285.1631310600893
}