{
    "star": "MS20",
    "grain": "gra",
    "stream": {
        "L4": 5.45,
        "eta": 0.1199,
        "vinf": 50.0,
        "n": 1258.9254117941816,
        "T": 9000.0,
        "kappa": 600.0,
        "cs": 10.814989597775858,
        "taustar": 0.14744099513795794,
        "Rstar": 0.029081748912423863,
        "Qp": 2.0,
        "a": 0.02,
        "rho_d": 2.2,
        "kappa_d": 340909.0909090908,
        "drag_constant": 656.6793662285755,
        "phi_norm": 1.5,
        "Rstarstar": 4.8725477272727264,
        "Upstarstar": 0.000761406594624082,
        "R0": 0.014809941870347926
    },
    "R sonic drift": 0.0026670428643266486,
    "w sonic drift": 9.672835454459698,
    "R critical": 0.00632455532033676,
    "w critical": 48.41952977064848,
    "R equilib drift": 0.00632455532033676,
    "w equilib drift": 50.0,
    "t min": [
        480.2549835255083,
        616.2785496673986,
        752.3021158092888,
        888.3256819511791,
        1024.3492480930693,
        1159.9555640320705,
        1295.9791301739606,
        1432.002696315851,
        1568.0262624577413,
        1704.0498285996314,
        1839.6561445386326,
        1975.6797106805227
    ],
    "R min": [
        0.002627182939563485,
        0.002623985871138026,
        0.00262083173274142,
        0.0026177949046000564,
        0.0026158157765188814,
        0.002627847314691477,
        0.002624643965289515,
        0.0026214783493231117,
        0.0026184011984103626,
        0.00261597804964453,
        0.0026285125785108776,
        0.0026253036965964292
    ],
    "t max": [
        540.339012741558,
        676.3625788834482,
        812.3861450253386,
        948.4097111672287,
        1084.4332773091191,
        1220.0395932481201,
        1356.0631593900105,
        1492.0867255319006,
        1628.110291673791,
        1764.1338578156813,
        1899.7401737546822,
        2035.7637398965726
    ],
    "R max": [
        0.0061580237915050415,
        0.006158146295749524,
        0.006158237889546899,
        0.006158296442281523,
        0.006158319198985019,
        0.006157994803902138,
        0.0061581234399387605,
        0.006158221633314494,
        0.006158287188190795,
        0.006158317567311488,
        0.006157964602907821,
        0.006158099278684271
    ],
    "R end": 0.003769915330118992,
    "v end": -46.06516126149224,
    "t end": 2086.25101444617,
    "v max": 237.58941645345524
}