{
    "star": "MS10",
    "grain": "sil",
    "stream": {
        "L4": 0.64,
        "eta": 0.0066,
        "vinf": 250.0,
        "n": 0.03981071705534985,
        "T": 8000.0,
        "kappa": 600.0,
        "cs": 10.19646997739904,
        "taustar": 5.682507073031379e-05,
        "Rstar": 0.35443961162120635,
        "Qp": 2.0,
        "a": 0.02,
        "rho_d": 3.5,
        "kappa_d": 214285.71428571426,
        "drag_constant": 1.3702934292543056e-06,
        "phi_norm": 0.7,
        "Rstarstar": 0.01438646857142857,
        "Upstarstar": 364885.35179804004,
        "R0": 0.02881495817618594
    },
    "R sonic drift": 0.4742747411323311,
    "w sonic drift": 7.745966692414831,
    "R critical": 1.0023744672545452,
    "w critical": 38.7741595142002,
    "R equilib drift": 0.3651203238438632,
    "w equilib drift": 250.0,
    "t min": [
        18653.564358060743
    ],
    "R min": [
        0.01379193107811296
    ],
    "t max": [],
    "R max": [],
    "R end": 5.475965573926777,
    "v end": 0.7012214322698602,
    "t end": 74198.74446324877,
    "v max": 237.98812271289546
}