{
    "star": "MS10",
    "grain": "gra",
    "stream": {
        "L4": 0.64,
        "eta": 0.0066,
        "vinf": 20.0,
        "n": 0.12589254117941726,
        "T": 8000.0,
        "kappa": 600.0,
        "cs": 10.19646997739904,
        "taustar": 0.0012631356656715312,
        "Rstar": 2.491450511237772,
        "Qp": 2.0,
        "a": 0.02,
        "rho_d": 2.2,
        "kappa_d": 340909.0909090908,
        "drag_constant": 0.26775917073540073,
        "phi_norm": 1.0,
        "Rstarstar": 3.576181818181817,
        "Upstarstar": 1.8673496733155759,
        "R0": 0.20557756709593336
    },
    "R sonic drift": 0.16827902832903915,
    "w sonic drift": 7.745966692414831,
    "R critical": 0.37672981789796045,
    "w critical": 43.32928075712418,
    "R equilib drift": 0.21282574498059664,
    "w equilib drift": 20.0,
    "t min": [
        80625.54324963651,
        155656.66104929824,
        230753.5956189597,
        305784.71341862145
    ],
    "R min": [
        0.14092716248151238,
        0.1409432176088679,
        0.1409291212106911,
        0.1409521602626746
    ],
    "t max": [
        106688.984169519,
        181785.91873918043,
        256817.03653884216
    ],
    "R max": [
        1.0182482461972484,
        1.0182519976982174,
        1.0182454589601777
    ],
    "R end": 0.9993606816175779,
    "v end": 11.752526284355216,
    "t end": 329083.8499985164,
    "v max": 55.29823733044716
}