{
    "star": "MS10",
    "grain": "sil",
    "stream": {
        "L4": 0.64,
        "eta": 0.0066,
        "vinf": 500.0,
        "n": 10000.000000000144,
        "T": 8000.0,
        "kappa": 600.0,
        "cs": 10.19646997739904,
        "taustar": 0.014240000000000102,
        "Rstar": 0.0003535999999999975,
        "Qp": 2.0,
        "a": 0.002,
        "rho_d": 3.5,
        "kappa_d": 2142857.1428571427,
        "drag_constant": 2.1512634200816634,
        "phi_norm": 0.7,
        "Rstarstar": 0.035966171428571427,
        "Upstarstar": 0.23242155996917374,
        "R0": 3.41916995009501e-05
    },
    "R sonic drift": 0.0009463025179229607,
    "w sonic drift": 7.745966692414831,
    "R critical": 0.0020000000000000005,
    "w critical": 38.7741595142002,
    "R equilib drift": 0.0004218115612313317,
    "w equilib drift": 500.0,
    "t min": [
        30.11254798849999,
        31.667030554278014,
        33.97654750914822
    ],
    "R min": [
        0.00040828262894152884,
        0.00040828262869275535,
        0.00040828262883056606
    ],
    "t max": [
        30.630708843759333,
        32.4516741350993,
        40.77185701097787
    ],
    "R max": [
        0.0004082826291605901,
        0.0004082826291992335,
        0.00040828262886894996
    ],
    "R end": 0.00040828262896485334,
    "v end": -1.5050177857584608e-08,
    "t end": 74.022979322763,
    "v max": 1.2544770710946574e-06
}