{
    "star": "MS40",
    "grain": "gra",
    "stream": {
        "L4": 22.2,
        "eta": 0.4468,
        "vinf": 50.0,
        "n": 0.39810717055349937,
        "T": 10000.0,
        "kappa": 600.0,
        "cs": 11.4,
        "taustar": 0.00529171553032038,
        "Rstar": 3.300644545218503,
        "Qp": 2.0,
        "a": 0.02,
        "rho_d": 2.2,
        "kappa_d": 340909.0909090908,
        "drag_constant": 0.9398690167531644,
        "phi_norm": 1.5,
        "Rstarstar": 19.847809090909088,
        "Upstarstar": 0.5319890230314015,
        "R0": 2.2237257242210355
    },
    "R sonic drift": 0.2992471312188869,
    "w sonic drift": 8.6559494714014,
    "R critical": 0.669930878315656,
    "w critical": 48.41952977064848,
    "R equilib drift": 0.669930878315656,
    "w equilib drift": 50.0,
    "t min": [
        54634.55531293534,
        74437.82600477053,
        94287.912939376,
        114091.18363121116,
        133894.45432304635,
        153744.5412576518,
        173547.811949487,
        193397.89888409246,
        213201.16957592763,
        233004.4402677628
    ],
    "R min": [
        0.26624735935968036,
        0.26636510496736804,
        0.26622528851081756,
        0.26629736806512844,
        0.2664649199135163,
        0.26625111414437264,
        0.26637376844185917,
        0.2662266144656368,
        0.2663037067984865,
        0.2664761206911217
    ],
    "t max": [
        62312.41912726387,
        82115.68981909906,
        101965.77675370453,
        121769.04744553969,
        141619.13438014517,
        161422.40507198035,
        181225.67576381552,
        201075.762698421,
        220879.03339025617
    ],
    "R max": [
        0.8014557103336225,
        0.8014456129160789,
        0.8014584264314755,
        0.801451129066871,
        0.8014598161386267,
        0.8014553240857942,
        0.8014449321858539,
        0.8014581874357093,
        0.8014505985130016
    ],
    "R end": 0.36966216518754325,
    "v end": 146.03882456091551,
    "t end": 234081.2138514796,
    "v max": 147.19135072554465
}