{
    "star": "MS10",
    "grain": "sil",
    "stream": {
        "L4": 0.64,
        "eta": 0.0066,
        "vinf": 170.0,
        "n": 7943.282347242919,
        "T": 8000.0,
        "kappa": 600.0,
        "cs": 10.19646997739904,
        "taustar": 0.037327686350072414,
        "Rstar": 0.0011668991924740342,
        "Qp": 2.0,
        "a": 0.02,
        "rho_d": 3.5,
        "kappa_d": 214285.71428571426,
        "drag_constant": 1.2787272623804087,
        "phi_norm": 0.7,
        "Rstarstar": 0.031112605042016805,
        "Upstarstar": 0.39101379528675034,
        "R0": 0.00014759450450168966
    },
    "R sonic drift": 0.001061768888461977,
    "w sonic drift": 7.745966692414831,
    "R critical": 0.002244036908603926,
    "w critical": 38.7741595142002,
    "R equilib drift": 0.001086497392416164,
    "w equilib drift": 170.0,
    "t min": [
        56.47750121293591,
        144.07625525687544,
        157.21851116196174,
        160.63842905547864,
        164.6934745577915,
        170.4584790068628,
        183.4053110323196
    ],
    "R min": [
        0.0009238348596714593,
        0.0010560852419306303,
        0.0010560852444616222,
        0.001056085244120767,
        0.0010560852454228216,
        0.001056085245675111,
        0.0010560852418088316
    ],
    "t max": [
        139.87464184484043,
        151.16037089344613,
        158.83075816890542,
        162.8369477013109,
        166.2080096249204,
        174.61123644899044,
        212.57232506702783
    ],
    "R max": [
        0.0010560852423562007,
        0.0010560852457314888,
        0.0010560852452558417,
        0.0010560852457627177,
        0.0010560852458748086,
        0.0010560852451418007,
        0.0010560852446680569
    ],
    "R end": 0.0010560852442103765,
    "v end": -7.46977578858046e-08,
    "t end": 244.27984953692007,
    "v max": 26.799502467233356
}