{
    "star": "MS40",
    "grain": "gra",
    "stream": {
        "L4": 22.2,
        "eta": 0.4468,
        "vinf": 80.0,
        "n": 0.31622776601683955,
        "T": 10000.0,
        "kappa": 600.0,
        "cs": 11.4,
        "taustar": 0.0029476540192093434,
        "Rstar": 2.31461505676642,
        "Qp": 2.0,
        "a": 0.02,
        "rho_d": 2.2,
        "kappa_d": 340909.0909090908,
        "drag_constant": 0.11391670180505176,
        "phi_norm": 1.5,
        "Rstarstar": 7.753050426136362,
        "Upstarstar": 4.389172018477689,
        "R0": 1.5539846379764966
    },
    "R sonic drift": 0.33576080362451216,
    "w sonic drift": 8.6559494714014,
    "R critical": 0.7516748085768887,
    "w critical": 48.41952977064848,
    "R equilib drift": 0.7096267784671515,
    "w equilib drift": 80.0,
    "t min": [
        38280.28163459091,
        56337.01825468096,
        77085.85015267534,
        97834.68205066973,
        118616.34437888247,
        139562.15885818691,
        160967.59936054822
    ],
    "R min": [
        0.2831431010857096,
        0.6785526751815365,
        0.7040085004247069,
        0.7049872143707175,
        0.7050269340298815,
        0.7050285521209686,
        0.7050286177236311
    ],
    "t max": [
        46192.41531721218,
        66711.43420367816,
        87460.26610167253,
        108241.92842988526,
        129023.590758098,
        150363.3704000226
    ],
    "R max": [
        0.791991213485748,
        0.7100120378048774,
        0.705233751050935,
        0.7050369711451712,
        0.7050289572576571,
        0.7050286308973092
    ],
    "R end": 0.7050286185797722,
    "v end": 1.4305642633245902e-07,
    "t end": 164152.15109172775,
    "v max": 138.4198191311588
}