{
    "star": "MS10",
    "grain": "gra",
    "stream": {
        "L4": 0.64,
        "eta": 0.0066,
        "vinf": 70.0,
        "n": 1258.9254117941816,
        "T": 8000.0,
        "kappa": 600.0,
        "cs": 10.19646997739904,
        "taustar": 0.03608959044775817,
        "Rstar": 0.007118430032107893,
        "Qp": 2.0,
        "a": 0.2,
        "rho_d": 2.2,
        "kappa_d": 34090.90909090909,
        "drag_constant": 0.1784317672539127,
        "phi_norm": 1.0,
        "Rstarstar": 0.02919332096474953,
        "Upstarstar": 2.802191603519165,
        "R0": 0.0008880790433308249
    },
    "R sonic drift": 0.0016827902832903898,
    "w sonic drift": 7.745966692414831,
    "R critical": 0.0037672981789796047,
    "w critical": 43.32928075712418,
    "R equilib drift": 0.003556558820077846,
    "w equilib drift": 70.0,
    "t min": [
        220.20410762757848,
        339.05038945561404,
        473.88074399786314,
        608.8991464543972,
        744.1055968252161,
        879.8761909388896
    ],
    "R min": [
        0.0013828598598605794,
        0.0033643389142503865,
        0.0034447569947709017,
        0.0034472455125474683,
        0.0034473247147438213,
        0.0034473272332216512
    ],
    "t max": [
        271.7292361416319,
        406.3715427695962,
        541.3899452261302,
        676.4083476826643,
        812.1789417963378,
        932.1535111100824
    ],
    "R max": [
        0.0038193853202415284,
        0.0034616408513033765,
        0.0034477854786387437,
        0.0034473418843920423,
        0.003447327756684811,
        0.003447327314067202
    ],
    "R end": 0.003447327313600237,
    "v end": -3.535663037348091e-07,
    "t end": 940.2395714243316,
    "v max": 104.5513484065816
}