{
    "star": "MS10",
    "grain": "sil",
    "stream": {
        "L4": 0.64,
        "eta": 0.0066,
        "vinf": 250.0,
        "n": 158.48931924611304,
        "T": 8000.0,
        "kappa": 600.0,
        "cs": 10.19646997739904,
        "taustar": 0.0035854195727898076,
        "Rstar": 0.005617489275970088,
        "Qp": 2.0,
        "a": 0.02,
        "rho_d": 3.5,
        "kappa_d": 214285.71428571426,
        "drag_constant": 0.005455236399484844,
        "phi_norm": 0.7,
        "Rstarstar": 0.014386468571428569,
        "Upstarstar": 91.65505642380897,
        "R0": 0.0004769458729923864
    },
    "R sonic drift": 0.007516748085768888,
    "w sonic drift": 7.745966692414831,
    "R critical": 0.015886564694485638,
    "w critical": 38.7741595142002,
    "R equilib drift": 0.00578676715689336,
    "w equilib drift": 250.0,
    "t min": [
        287.64246988300795,
        390.89271050331905,
        501.6691645629239,
        612.9160069624846,
        707.6992574635904,
        796.3674595452698,
        855.1660020397521,
        994.4009506666866,
        1102.590268856534
    ],
    "R min": [
        0.0039440336480919035,
        0.005485507150938086,
        0.005503864783756062,
        0.0055040234313850096,
        0.005504024844972525,
        0.0055040248515629405,
        0.005504024857846434,
        0.005504024878160141,
        0.0055040249156718965
    ],
    "t max": [
        333.97572136866006,
        446.16334044813254,
        557.1749886777153,
        671.949743626945,
        739.9208587505666,
        823.6499832627096,
        923.1371171633739,
        1096.710414607086,
        1139.0453652031133
    ],
    "R max": [
        0.005711606132076371,
        0.005505750582257676,
        0.005504039876910608,
        0.005504025068924574,
        0.005504025011451036,
        0.00550402486753536,
        0.00550402492051804,
        0.005504024914330088,
        0.0055040249179631445
    ],
    "R end": 0.005504024890385512,
    "v end": -9.393963621129675e-07,
    "t end": 1175.9708498896482,
    "v max": 70.4726171871102
}