{
    "star": "MS10",
    "grain": "gra",
    "stream": {
        "L4": 0.64,
        "eta": 0.0066,
        "vinf": 250.0,
        "n": 1.5848931924611238,
        "T": 8000.0,
        "kappa": 600.0,
        "cs": 10.19646997739904,
        "taustar": 0.00035854195727898,
        "Rstar": 0.056174892759701,
        "Qp": 2.0,
        "a": 0.02,
        "rho_d": 2.2,
        "kappa_d": 340909.0909090908,
        "drag_constant": 0.00013807158242497736,
        "phi_norm": 1.0,
        "Rstarstar": 0.022887563636363628,
        "Upstarstar": 3621.3099844182657,
        "R0": 0.004583854770201634
    },
    "R sonic drift": 0.047427474113233115,
    "w sonic drift": 7.745966692414831,
    "R critical": 0.1061768888461977,
    "w critical": 43.32928075712418,
    "R equilib drift": 0.044774422771366805,
    "w equilib drift": 250.0,
    "t min": [
        1854.9686115812199,
        3698.0654240483204,
        5323.0179277934685,
        6958.358255763473
    ],
    "R min": [
        0.013141138109046215,
        0.03243186539130659,
        0.04066543150729756,
        0.04290657533784412
    ],
    "t max": [
        2598.440031102973,
        4460.828517130518,
        6128.816292664351
    ],
    "R max": [
        0.08807199685970006,
        0.05064308170024046,
        0.0451060463458027
    ],
    "R end": 0.04359651829574158,
    "v end": 1.7912023513085407,
    "t end": 7419.8744463248795,
    "v max": 188.00871833379833
}