{
    "star": "MS40",
    "grain": "gra",
    "stream": {
        "L4": 22.2,
        "eta": 0.4468,
        "vinf": 90.0,
        "n": 0.006309573444801942,
        "T": 10000.0,
        "kappa": 600.0,
        "cs": 11.4,
        "taustar": 0.0003701041751725645,
        "Rstar": 14.565528639198595,
        "Qp": 2.0,
        "a": 0.02,
        "rho_d": 2.2,
        "kappa_d": 340909.0909090908,
        "drag_constant": 0.0014189833928299842,
        "phi_norm": 1.5,
        "Rstarstar": 6.125867003367,
        "Upstarstar": 352.36494135622877,
        "R0": 9.741441775139698
    },
    "R sonic drift": 2.3770044548740383,
    "w sonic drift": 8.6559494714014,
    "R critical": 5.321450119597618,
    "w critical": 48.41952977064848,
    "R equilib drift": 4.9793041018917314,
    "w equilib drift": 90.0,
    "t min": [
        250602.1844254059,
        600164.3411012401,
        949519.9007577623
    ],
    "R min": [
        1.3913986973530117,
        1.3912184686339546,
        1.3912902186383969
    ],
    "t max": [
        407202.7250638706,
        756558.2847203928
    ],
    "R max": [
        9.709375835566108,
        9.709370013344035
    ],
    "R end": 8.013159468273164,
    "v end": 49.55739169782413,
    "t end": 1032985.0965597936,
    "v max": 103.56591231012096
}