{
    "star": "MS10",
    "grain": "sil",
    "stream": {
        "L4": 0.64,
        "eta": 0.0066,
        "vinf": 100.0,
        "n": 630.9573444802007,
        "T": 8000.0,
        "kappa": 600.0,
        "cs": 10.19646997739904,
        "taustar": 0.017884631392348315,
        "Rstar": 0.007038534775385789,
        "Qp": 2.0,
        "a": 0.002,
        "rho_d": 3.5,
        "kappa_d": 2142857.1428571427,
        "drag_constant": 84.83471592575631,
        "phi_norm": 0.7,
        "Rstarstar": 0.8991542857142856,
        "Upstarstar": 0.00589381357082139,
        "R0": 0.0007111110314003953
    },
    "R sonic drift": 0.0037672981789796047,
    "w sonic drift": 7.745966692414831,
    "R critical": 0.007962143411069949,
    "w critical": 38.7741595142002,
    "R equilib drift": 0.0056367658625289105,
    "w equilib drift": 100.0,
    "t min": [
        337.7156436682755,
        1431.3131599448639
    ],
    "R min": [
        0.00351311349361384,
        0.005620791089106691
    ],
    "t max": [
        1296.050088004429
    ],
    "R max": [
        0.005620791087512401
    ],
    "R end": 0.0056207910902277315,
    "v end": 7.448673038890898e-09,
    "t end": 1473.453942706263,
    "v max": 78.9830796059955
}