{
    "star": "MS20",
    "grain": "gra",
    "stream": {
        "L4": 5.45,
        "eta": 0.1199,
        "vinf": 90.0,
        "n": 10.000000000000082,
        "T": 9000.0,
        "kappa": 600.0,
        "cs": 10.814989597775858,
        "taustar": 0.007300384735337655,
        "Rstar": 0.1812792164617538,
        "Qp": 2.0,
        "a": 0.02,
        "rho_d": 2.2,
        "kappa_d": 340909.0909090908,
        "drag_constant": 0.4968935392434483,
        "phi_norm": 1.5,
        "Rstarstar": 1.503872755331088,
        "Upstarstar": 1.0062517632273535,
        "R0": 0.06410466667629873
    },
    "R sonic drift": 0.029924713121888692,
    "w sonic drift": 9.672835454459698,
    "R critical": 0.07096267784671514,
    "w critical": 48.41952977064848,
    "R equilib drift": 0.0632455532033676,
    "w equilib drift": 90.0,
    "t min": [
        2993.638634922812,
        6361.8072120079905,
        6957.413856141201,
        8008.178416096731,
        8377.506553506844,
        8634.995888743471,
        8783.247324182743,
        9420.468406333992,
        9763.787519982829,
        11150.068486458815
    ],
    "R min": [
        0.027631514639188812,
        0.06138802729988272,
        0.06138802714083865,
        0.06138802724992989,
        0.061388027273895536,
        0.06138802731734122,
        0.06138802733391818,
        0.061388027324294714,
        0.06138802735049438,
        0.06138802725111558
    ],
    "t max": [
        4840.279321973374,
        6595.888425859472,
        7368.356431569354,
        8330.690310736549,
        8632.394986367344,
        8762.440105173722,
        9105.759218822559,
        9610.334279791303,
        9979.662417201416
    ],
    "R max": [
        0.06138813166789524,
        0.06138802737442739,
        0.061388027271607234,
        0.06138802727142786,
        0.061388027317292905,
        0.061388027333387114,
        0.06138802736734759,
        0.06138802734706758,
        0.06138802734794356
    ],
    "R end": 0.061388027359856004,
    "v end": 4.721587708174724e-08,
    "t end": 13004.51188063776,
    "v max": 153.93273097597068
}