{
    "star": "MS10",
    "grain": "gra",
    "stream": {
        "L4": 0.64,
        "eta": 0.0066,
        "vinf": 10.0,
        "n": 1995.2623149689073,
        "T": 8000.0,
        "kappa": 600.0,
        "cs": 10.19646997739904,
        "taustar": 0.31803871761148794,
        "Rstar": 0.039580589729887976,
        "Qp": 2.0,
        "a": 0.2,
        "rho_d": 2.2,
        "kappa_d": 34090.90909090909,
        "drag_constant": 678.9914990681183,
        "phi_norm": 1.0,
        "Rstarstar": 1.4304727272727276,
        "Upstarstar": 0.0007363862444319624,
        "R0": 0.021726788993306462
    },
    "R sonic drift": 0.00133668783513723,
    "w sonic drift": 7.745966692414831,
    "R critical": 0.002992471312188866,
    "w critical": 43.32928075712418,
    "R equilib drift": 0.00133668783513723,
    "w equilib drift": 10.0,
    "t min": [
        1386.4687486962184,
        1416.7912175591073,
        1446.0680840474133,
        1475.3449505357198,
        1509.8498288969379,
        1618.5924758535039,
        2097.478363412228
    ],
    "R min": [
        0.001268106334219278,
        0.0012683324554246121,
        0.001268342133934321,
        0.0012683425035029214,
        0.001268342517175841,
        0.0012683425177013076,
        0.0012683425177154178
    ],
    "t max": [
        1401.1071819403717,
        1431.4296508032603,
        1460.7065172915666,
        1491.0289861544554,
        1520.3058526427615,
        1949.002826221532
    ],
    "R max": [
        0.001268393675756812,
        0.0012683444884823512,
        0.0012683425929274198,
        0.0012683425205156293,
        0.0012683425181382268,
        0.0012683425177014158
    ],
    "R end": 0.00126834251773321,
    "v end": 1.2531420424157456e-11,
    "t end": 5228.011872911835,
    "v max": 0.03322312468395041
}