{
    "star": "MS10",
    "grain": "gra",
    "stream": {
        "L4": 0.64,
        "eta": 0.0066,
        "vinf": 80.0,
        "n": 0.0003981071705534945,
        "T": 8000.0,
        "kappa": 600.0,
        "cs": 10.19646997739904,
        "taustar": 1.7757834603222964e-05,
        "Rstar": 11.076237863162756,
        "Qp": 2.0,
        "a": 0.02,
        "rho_d": 2.2,
        "kappa_d": 340909.0909090908,
        "drag_constant": 3.30753454656937e-06,
        "phi_norm": 1.0,
        "thetaB": 0.0,
        "b_hat": [
            1.0,
            0.0,
            0.0
        ],
        "Rstarstar": 0.22351136363636356,
        "Upstarstar": 151170.00078460498,
        "R0": 0.9000345290031515
    },
    "R sonic drift": 2.5178508235883377,
    "w sonic drift": 8.188326831331352,
    "R critical": 5.636765862528911,
    "w critical": 45.80374875007897,
    "R equilib drift": 5.023772863019165,
    "w equilib drift": 80.0,
    "t min": [
        311188.57781437115
    ],
    "R min": [
        0.20054776353544615
    ],
    "t max": [],
    "R max": [],
    "R end": 63.74604758684671,
    "v end": 58.89270629500803,
    "t end": 1230967.4755315313,
    "v max": 78.66830187201734
}