{
    "star": "MS10",
    "grain": "sil",
    "stream": {
        "L4": 0.64,
        "eta": 0.0066,
        "vinf": 140.0,
        "n": 50118.723362727964,
        "T": 8000.0,
        "kappa": 600.0,
        "cs": 10.19646997739904,
        "taustar": 0.11385496076147639,
        "Rstar": 0.0005640975649449264,
        "Qp": 2.0,
        "a": 0.02,
        "rho_d": 3.5,
        "kappa_d": 214285.71428571426,
        "drag_constant": 17.541287522033027,
        "phi_norm": 0.7,
        "Rstarstar": 0.04587521865889212,
        "Upstarstar": 0.0285041790331506,
        "R0": 0.00013990244464937831
    },
    "R sonic drift": 0.0004226978079673296,
    "w sonic drift": 7.745966692414831,
    "R critical": 0.0008933671843019262,
    "w critical": 38.7741595142002,
    "R equilib drift": 0.0004991531962932976,
    "w equilib drift": 140.0,
    "t min": [
        27.042323999943914,
        90.07809933256426,
        93.95141036836411,
        96.21871438932008,
        96.40765639106642,
        96.4785096417213,
        96.57298064259446,
        96.64383389324934,
        97.09257114739688,
        97.21065989848834,
        97.3051308993615,
        97.65939715263589,
        98.06089890634684,
        98.32069415874805,
        98.72219591245901,
        100.65885143035891,
        100.72970468101379,
        101.10758868450645,
        101.72165019018205,
        103.42212820589904,
        104.98089972030628,
        106.46881798405866,
        109.75168526440119,
        117.09680558228989
    ],
    "R min": [
        0.00038867573412558986,
        0.0004898107091462208,
        0.0004898107078831969,
        0.0004898107076627296,
        0.0004898107076763293,
        0.0004898107076821913,
        0.0004898107076762447,
        0.0004898107076741264,
        0.0004898107075637453,
        0.0004898107075715964,
        0.0004898107075685328,
        0.0004898107075063119,
        0.0004898107075086997,
        0.0004898107074920631,
        0.0004898107075557854,
        0.000489810707750563,
        0.0004898107077526867,
        0.0004898107076627639,
        0.0004898107077119372,
        0.0004898107073869819,
        0.0004898107070570039,
        0.0004898107068114968,
        0.0004898107068753735,
        0.0004898107071859904
    ],
    "t max": [
        83.60683577275236,
        91.6841063474081,
        94.68356062513112,
        96.36042089062984,
        96.45489189150301,
        96.5021273919396,
        96.59659839281275,
        96.66745164346763,
        97.18704214827005,
        97.23427764870664,
        97.3287486495798,
        97.87195690460051,
        98.08451665656513,
        98.65134266180414,
        99.57243492031749,
        100.7060869307955,
        100.75332243123208,
        101.5327081884357,
        101.8161211910552,
        103.44574595611734,
        105.54772572554528,
        107.55523449410008,
        114.85311931155218
    ],
    "R max": [
        0.000489810708313299,
        0.0004898107091783494,
        0.0004898107080956157,
        0.0004898107076806961,
        0.0004898107076826724,
        0.0004898107076826944,
        0.0004898107076777901,
        0.0004898107076744642,
        0.000489810707572005,
        0.0004898107075718154,
        0.0004898107075690719,
        0.0004898107075230927,
        0.0004898107075086754,
        0.0004898107075568949,
        0.0004898107078425666,
        0.0004898107077526695,
        0.0004898107077531283,
        0.0004898107077390642,
        0.000489810707720745,
        0.0004898107073876065,
        0.0004898107070539881,
        0.0004898107069733545,
        0.0004898107070249772
    ],
    "R end": 0.0004898107075195976,
    "v end": 9.740484280978421e-08,
    "t end": 118.08875109145815,
    "v max": 44.24564139348676
}