{
    "star": "MS10",
    "grain": "gra",
    "stream": {
        "L4": 0.64,
        "eta": 0.0066,
        "vinf": 140.0,
        "n": 0.31622776601683955,
        "T": 8000.0,
        "kappa": 600.0,
        "cs": 10.19646997739904,
        "taustar": 0.0002859907310968068,
        "Rstar": 0.22457128549634336,
        "Qp": 2.0,
        "a": 0.2,
        "rho_d": 2.2,
        "kappa_d": 34090.90909090909,
        "drag_constant": 2.801252094471099e-06,
        "phi_norm": 1.0,
        "Rstarstar": 0.007298330241187382,
        "Upstarstar": 178491.61130012627,
        "R0": 0.018308594328751454
    },
    "R sonic drift": 0.1061768888461977,
    "w sonic drift": 7.745966692414831,
    "R critical": 0.23770044548740382,
    "w critical": 43.32928075712418,
    "R equilib drift": 0.14901632763913553,
    "w equilib drift": 140.0,
    "t min": [
        7480.895906461365
    ],
    "R min": [
        0.006653534277394367
    ],
    "t max": [],
    "R max": [],
    "R end": 2.17003071822378,
    "v end": 64.43633955457582,
    "t end": 29662.553158054583,
    "v max": 135.02547462052243
}