{
    "star": "MS10",
    "grain": "sil",
    "stream": {
        "L4": 0.64,
        "eta": 0.0066,
        "vinf": 140.0,
        "n": 31.622776601684052,
        "T": 8000.0,
        "kappa": 600.0,
        "cs": 10.19646997739904,
        "taustar": 0.002859907310968073,
        "Rstar": 0.022457128549634307,
        "Qp": 2.0,
        "a": 0.02,
        "rho_d": 3.5,
        "kappa_d": 214285.71428571426,
        "drag_constant": 0.011067804193665437,
        "phi_norm": 0.7,
        "Rstarstar": 0.04587521865889214,
        "Upstarstar": 45.176079306333456,
        "R0": 0.0018897651689443332
    },
    "R sonic drift": 0.016827902832903904,
    "w sonic drift": 7.745966692414831,
    "R critical": 0.03556558820077846,
    "w critical": 38.7741595142002,
    "R equilib drift": 0.019871646664905915,
    "w equilib drift": 140.0,
    "t min": [
        1135.809402280593,
        1787.395425277655,
        2510.439655702967,
        3234.424125699702,
        3939.6038042679515
    ],
    "R min": [
        0.010047266736275097,
        0.01925586792110702,
        0.019495828802793914,
        0.019499654030973392,
        0.01949971433595933
    ],
    "t max": [
        1405.6581592793764,
        2147.5071811331745,
        2872.4318907013344,
        3594.5358815552213,
        4499.986588836853
    ],
    "R max": [
        0.02162244052029193,
        0.01953069104505787,
        0.019500203612545487,
        0.019499723119123985,
        0.019499715503902046
    ],
    "R end": 0.019499715336550417,
    "v end": -1.1946805044940116e-06,
    "t end": 4701.19785712166,
    "v max": 82.85054278932601
}