{
    "star": "MS10",
    "grain": "sil",
    "stream": {
        "L4": 0.64,
        "eta": 0.0066,
        "vinf": 70.0,
        "n": 12.589254117941765,
        "T": 8000.0,
        "kappa": 600.0,
        "cs": 10.19646997739904,
        "taustar": 0.003608959044775809,
        "Rstar": 0.07118430032107909,
        "Qp": 2.0,
        "a": 0.02,
        "rho_d": 3.5,
        "kappa_d": 214285.71428571426,
        "drag_constant": 0.07049875538848441,
        "phi_norm": 0.7,
        "Rstarstar": 0.1835008746355685,
        "Upstarstar": 7.092323789898742,
        "R0": 0.0060455622793147016
    },
    "R sonic drift": 0.026670428643266485,
    "w sonic drift": 7.745966692414831,
    "R critical": 0.056367658625289106,
    "w critical": 38.7741595142002,
    "R equilib drift": 0.05133794797320357,
    "w equilib drift": 70.0,
    "t min": [
        3549.6070831505554,
        6097.813679366948,
        8929.154341829608,
        11775.396797252597,
        14624.619611267653
    ],
    "R min": [
        0.019395490193516503,
        0.04758552284116745,
        0.049676272109413486,
        0.04977509216383733,
        0.04977976843666251
    ],
    "t max": [
        4601.673666149838,
        7501.562576230015,
        10350.785390245072,
        13200.008204260124
    ],
    "R max": [
        0.05926794621848799,
        0.05025638472022974,
        0.04980256035221277,
        0.04978106854802655
    ],
    "R end": 0.049779811334003984,
    "v end": 0.0002629586452060287,
    "t end": 14901.792960329787,
    "v max": 78.3232698394174
}