{
    "star": "MS10",
    "grain": "sil",
    "stream": {
        "L4": 0.64,
        "eta": 0.0066,
        "vinf": 170.0,
        "n": 12589.254117941868,
        "T": 8000.0,
        "kappa": 600.0,
        "cs": 10.19646997739904,
        "taustar": 0.04699277290958848,
        "Rstar": 0.0009269009756590882,
        "Qp": 2.0,
        "a": 0.002,
        "rho_d": 3.5,
        "kappa_d": 2142857.1428571427,
        "drag_constant": 202.66461331611504,
        "phi_norm": 0.7,
        "Rstarstar": 0.31112605042016805,
        "Upstarstar": 0.002467130259292494,
        "R0": 0.00013012078112293696
    },
    "R sonic drift": 0.0008433930068571646,
    "w sonic drift": 7.745966692414831,
    "R critical": 0.001782501876267492,
    "w critical": 38.7741595142002,
    "R equilib drift": 0.0008630355557504664,
    "w equilib drift": 170.0,
    "t min": [
        44.240751018793446,
        112.85272277425557,
        126.16375575622587,
        177.93319598348066
    ],
    "R min": [
        0.0007919762239282096,
        0.000838878326048642,
        0.0008388783248680606,
        0.0008388783280909041
    ],
    "t max": [
        109.63168563867674,
        119.56645077973914,
        136.95228977659832
    ],
    "R max": [
        0.0008388783259453723,
        0.0008388783274029832,
        0.0008388783275348609
    ],
    "R end": 0.0008388783287455607,
    "v end": 4.7213295217280705e-08,
    "t end": 194.03838166137479,
    "v max": 12.696413194025752
}