{
    "star": "MS20",
    "grain": "gra",
    "stream": {
        "L4": 5.45,
        "eta": 0.1199,
        "vinf": 50.0,
        "n": 100000.00000000163,
        "T": 9000.0,
        "kappa": 600.0,
        "cs": 10.814989597775858,
        "taustar": 1.3140692523607835,
        "Rstar": 0.003263025896311555,
        "Qp": 2.0,
        "a": 0.02,
        "rho_d": 2.2,
        "kappa_d": 340909.0909090908,
        "drag_constant": 52161.89617562068,
        "phi_norm": 1.5,
        "Rstarstar": 4.8725477272727264,
        "Upstarstar": 9.585541106799122e-06,
        "R0": 0.003347483089083468
    },
    "R sonic drift": 0.0002992471312188866,
    "w sonic drift": 9.672835454459698,
    "R critical": 0.0007096267784671508,
    "w critical": 48.41952977064848,
    "R equilib drift": 0.0007096267784671508,
    "w equilib drift": 50.0,
    "t min": [
        53.838679185840256,
        68.53897941571316,
        83.23927964558607,
        97.93957987545897,
        112.63988010533188,
        127.34018033520479,
        141.9936643223074,
        156.69396455218032,
        171.39426478205323,
        186.09456501192614,
        200.79486524179902,
        215.49516547167192,
        230.1486494587745
    ],
    "R min": [
        0.0002966927107964009,
        0.0002963828224307841,
        0.00029607392742181474,
        0.00029576626597397634,
        0.0002954603302304962,
        0.00029515803667688745,
        0.00029674604736608764,
        0.0002964360228095717,
        0.00029612695785562963,
        0.00029581906652739173,
        0.00029551276781425933,
        0.0002952093738101373,
        0.00029679940644138786
    ],
    "t max": [
        60.252504445370796,
        74.95280467524371,
        89.6531049051166,
        104.35340513498952,
        119.05370536486241,
        133.707189351965,
        148.40748958183792,
        163.10778981171083,
        177.80809004158374,
        192.50839027145665,
        207.20869050132956,
        221.86217448843217
    ],
    "R max": [
        0.0006863971329605996,
        0.0006864338604200854,
        0.0006864651813419249,
        0.0006864893520425378,
        0.0006865033019233905,
        0.0006863486639633022,
        0.0006863903610480074,
        0.0006864278968163092,
        0.000686460244744164,
        0.0006864858134810738,
        0.0006865018386133636,
        0.0006863411346964043
    ],
    "R end": 0.0006335956615893584,
    "v end": 33.481773819844776,
    "t end": 234.08121385147936,
    "v max": 266.4736448862392
}