{
    "star": "MS20",
    "grain": "gra",
    "stream": {
        "L4": 5.45,
        "eta": 0.1199,
        "vinf": 60.0,
        "n": 19.952623149688993,
        "T": 9000.0,
        "kappa": 600.0,
        "cs": 10.814989597775858,
        "taustar": 0.015468101293282946,
        "Rstar": 0.19250378563583714,
        "Qp": 2.0,
        "a": 0.02,
        "rho_d": 2.2,
        "kappa_d": 340909.0909090908,
        "drag_constant": 5.01912932660757,
        "phi_norm": 1.5,
        "Rstarstar": 3.3837136994949484,
        "Upstarstar": 0.09961887161372471,
        "R0": 0.06968426907170269
    },
    "R sonic drift": 0.021185074503545776,
    "w sonic drift": 9.672835454459698,
    "R critical": 0.05023772863019165,
    "w critical": 48.41952977064848,
    "R equilib drift": 0.05023772863019165,
    "w equilib drift": 60.0,
    "t min": [
        3181.7627241537934,
        4131.872426505273,
        4827.883022413916,
        5515.607777895074,
        6203.332533376232,
        6891.057288857391,
        7578.78204433855,
        8266.506799819708,
        8954.231555300867,
        9639.194363972865,
        10326.919119454022,
        11017.405821744342,
        11691.320843179694,
        12381.807545470014,
        13022.57920519543
    ],
    "R min": [
        0.02022664555494297,
        0.0478493924557783,
        0.04829574640763228,
        0.048405902896172845,
        0.048437692322710155,
        0.048447278892526056,
        0.04845020860043421,
        0.04845110736480564,
        0.048451383088983356,
        0.048451467602764406,
        0.048451493684872636,
        0.04845150146504362,
        0.04845150388373634,
        0.04845150441278426,
        0.048451504473907975
    ],
    "t max": [
        3792.1529689784356,
        4488.163564887078,
        5173.126373559076,
        5860.851129040234,
        6548.575884521392,
        7233.53869319339,
        7921.263448674548,
        8608.988204155707,
        9296.712959636865,
        9984.437715118023,
        10674.924417408343,
        11348.839438843695,
        12055.897821988983,
        12716.00310937853,
        13417.537598905492
    ],
    "R max": [
        0.04904231779423445,
        0.04868443719007887,
        0.04852911555979137,
        0.04847598077769959,
        0.04845908667234449,
        0.04845383881237394,
        0.04845222179172243,
        0.048451724376028425,
        0.04845157174812326,
        0.04845152483366999,
        0.04845151031161863,
        0.048451506381204205,
        0.04845150497963681,
        0.048451504743172745,
        0.04845150482551777
    ],
    "R end": 0.048451504261641035,
    "v end": -1.0171016366494508e-06,
    "t end": 13809.734045806394,
    "v max": 176.2744034780924
}