{
    "star": "MS40",
    "grain": "gra",
    "stream": {
        "L4": 22.2,
        "eta": 0.4468,
        "vinf": 100.0,
        "n": 0.6309573444801969,
        "T": 10000.0,
        "kappa": 600.0,
        "cs": 11.4,
        "taustar": 0.003330937576553088,
        "Rstar": 1.3108975775278708,
        "Qp": 2.0,
        "a": 0.02,
        "rho_d": 2.2,
        "kappa_d": 340909.0909090908,
        "drag_constant": 0.09309950040357567,
        "phi_norm": 1.5,
        "Rstarstar": 4.961952272727271,
        "Upstarstar": 5.370598100232087,
        "R0": 0.8806121699840737
    },
    "R sonic drift": 0.23770044548740382,
    "w sonic drift": 8.6559494714014,
    "R critical": 0.5321450119597623,
    "w critical": 48.41952977064848,
    "R equilib drift": 0.47274752759631067,
    "w equilib drift": 100.0,
    "t min": [
        21624.510011382714,
        32780.74905422848,
        45963.704856524564,
        58979.317073177954
    ],
    "R min": [
        0.19989231131432225,
        0.4555243967332908,
        0.4568686217270414,
        0.4568722489603174
    ],
    "t max": [
        26105.599360259097,
        39362.93008950748,
        52564.479623541636,
        85549.75972688895
    ],
    "R max": [
        0.4818430635240532,
        0.4569422388346303,
        0.45687245073041893,
        0.45687226235586725
    ],
    "R end": 0.45687226194681685,
    "v end": -5.339087588315481e-08,
    "t end": 92968.65869038139,
    "v max": 143.65754251065596
}