{
    "star": "MS20",
    "grain": "gra",
    "stream": {
        "L4": 5.45,
        "eta": 0.1199,
        "vinf": 80.0,
        "n": 5.011872336272761,
        "T": 9000.0,
        "kappa": 600.0,
        "cs": 10.814989597775858,
        "taustar": 0.005814311172485178,
        "Rstar": 0.2880716617260254,
        "Qp": 2.0,
        "a": 0.02,
        "rho_d": 2.2,
        "kappa_d": 340909.0909090908,
        "drag_constant": 0.39890863716143937,
        "phi_norm": 1.5,
        "Rstarstar": 1.9033389559659089,
        "Upstarstar": 1.2534198395850944,
        "R0": 0.10143488037550956
    },
    "R sonic drift": 0.04226978079673296,
    "w sonic drift": 9.672835454459698,
    "R critical": 0.10023744672545451,
    "w critical": 48.41952977064848,
    "R equilib drift": 0.09441795806335185,
    "w equilib drift": 80.0,
    "t min": [
        4769.604656583994,
        7088.277284264775,
        9568.141057185398,
        12477.847884078925,
        14536.13481560304,
        16482.827877345728,
        17966.6130348099
    ],
    "R min": [
        0.03873397400471333,
        0.09083877743547042,
        0.09088337205617338,
        0.0908834402066472,
        0.09088344017317809,
        0.09088344026802032,
        0.0908834401861664
    ],
    "t max": [
        5856.611610380867,
        8328.209170725086,
        10795.673624781104,
        13172.209740496699,
        15842.196402674566,
        16747.346679790593,
        19888.50745882338
    ],
    "R max": [
        0.09195850721913497,
        0.09088518099728445,
        0.09088344302177331,
        0.09088344036927218,
        0.09088344024032095,
        0.09088344026558057,
        0.09088344018494747
    ],
    "R end": 0.09088344018155925,
    "v end": -2.765251402198744e-08,
    "t end": 20665.531441005176,
    "v max": 148.81537500268473
}