{
    "star": "MS10",
    "grain": "gra",
    "stream": {
        "L4": 0.64,
        "eta": 0.0066,
        "vinf": 70.0,
        "n": 50.11872336272776,
        "T": 8000.0,
        "kappa": 600.0,
        "cs": 10.19646997739904,
        "taustar": 0.007200819978307269,
        "Rstar": 0.03567666255561452,
        "Qp": 2.0,
        "a": 0.02,
        "rho_d": 2.2,
        "kappa_d": 340909.0909090908,
        "drag_constant": 0.7103496599831527,
        "phi_norm": 1.0,
        "Rstarstar": 0.29193320964749525,
        "Upstarstar": 0.7038787067369873,
        "R0": 0.0031664714592009586
    },
    "R sonic drift": 0.008433930068571646,
    "w sonic drift": 7.745966692414831,
    "R critical": 0.018881217525718474,
    "w critical": 43.32928075712418,
    "R equilib drift": 0.01782501876267492,
    "w equilib drift": 70.0,
    "t min": [
        1095.1526260967992,
        1650.2687162611835,
        2221.406832797036,
        2799.1422543093745,
        3582.3366022323007,
        4058.2850326788443,
        4561.565155170833
    ],
    "R min": [
        0.007315928235491607,
        0.017264992701762114,
        0.017277526559009358,
        0.01727756428647973,
        0.017277564313963767,
        0.017277564302431256,
        0.01727756429122475
    ],
    "t max": [
        1366.5846022722537,
        1935.8377745291098,
        2506.975891064962,
        3040.41512202089,
        3831.149247059801,
        4308.98262178534
    ],
    "R max": [
        0.017494573951313146,
        0.017278248030850003,
        0.017277566406530456,
        0.017277564397088656,
        0.01727756434088609,
        0.017277564391348182
    ],
    "R end": 0.017277564314881536,
    "v end": 5.534973787595201e-07,
    "t end": 4712.36069749053,
    "v max": 115.87371518323124
}