{
    "star": "MS40",
    "grain": "gra",
    "stream": {
        "L4": 22.2,
        "eta": 0.4468,
        "vinf": 20.0,
        "n": 39810.717055350346,
        "T": 10000.0,
        "kappa": 600.0,
        "cs": 11.4,
        "taustar": 4.183468451374573,
        "Rstar": 0.026093886273752594,
        "Qp": 2.0,
        "a": 0.02,
        "rho_d": 2.2,
        "kappa_d": 340909.0909090908,
        "drag_constant": 3671363.3466920857,
        "phi_norm": 1.5,
        "Rstarstar": 124.04880681818177,
        "Upstarstar": 1.3618918989603743e-07,
        "R0": 0.03138604714155959
    },
    "R sonic drift": 0.0009463025179229607,
    "w sonic drift": 8.6559494714014,
    "R critical": 0.00211850745035458,
    "w critical": 48.41952977064848,
    "R equilib drift": 0.0011298587734207002,
    "w equilib drift": 20.0,
    "t min": [
        444.507990833192,
        528.524072364528,
        612.910268792478,
        697.2964652204278,
        781.3125467517638,
        865.6987431797137,
        949.7148247110497,
        1034.1010211389996,
        1118.4872175669495,
        1202.5032990982854,
        1286.8894955262354,
        1370.9055770575715,
        1455.2917734855212,
        1539.677969913471,
        1623.6940514448072,
        1708.080247872757,
        1792.096329404093
    ],
    "R min": [
        0.0008972417794615194,
        0.0008993009894961671,
        0.0008979006750790915,
        0.0008965566167446537,
        0.0008985712888605943,
        0.000897194325624968,
        0.0008992511687628504,
        0.0008978522597133844,
        0.0008965122217790291,
        0.0008985220834466743,
        0.0008971469562507046,
        0.0008992012956369541,
        0.0008978038324653756,
        0.0008964689437995898,
        0.0008984728835251302,
        0.0008970996520282992,
        0.0008991514543618816
    ],
    "t max": [
        455.2413228349927,
        539.2574043663286,
        623.6436007942785,
        707.6596823256147,
        792.0458787535645,
        876.4320751815143,
        960.4481567128504,
        1044.8343531408002,
        1128.8504346721363,
        1213.236631100086,
        1297.622827528036,
        1381.638909059372,
        1466.025105487322,
        1550.0411870186579,
        1634.4273834466078,
        1718.8135798745577,
        1802.8296614058938
    ],
    "R max": [
        0.0020890160057809326,
        0.002079688730544012,
        0.0020861431827454424,
        0.0020764211512363418,
        0.002083092230366092,
        0.002089214633783339,
        0.002079923287943656,
        0.0020863595613466535,
        0.0020766619035496926,
        0.0020833189812067576,
        0.00208941123381258,
        0.002080157778477358,
        0.002086575312320433,
        0.002076902699772241,
        0.002083545321457814,
        0.0020896056904028426,
        0.002080391837908198
    ],
    "R end": 0.0012570075040847617,
    "v end": -15.690556743287003,
    "t end": 1850.5744830690758,
    "v max": 313.5029056060016
}