{
    "star": "MS10",
    "grain": "sil",
    "stream": {
        "L4": 0.64,
        "eta": 0.0066,
        "vinf": 500.0,
        "n": 12.589254117941765,
        "T": 8000.0,
        "kappa": 600.0,
        "cs": 10.19646997739904,
        "taustar": 0.0005052542662686133,
        "Rstar": 0.009965802044951072,
        "Qp": 2.0,
        "a": 0.002,
        "rho_d": 3.5,
        "kappa_d": 2142857.1428571427,
        "drag_constant": 0.002708280187004017,
        "phi_norm": 0.7,
        "Rstarstar": 0.03596617142857142,
        "Upstarstar": 184.61900744217888,
        "R0": 0.0008146762978298431
    },
    "R sonic drift": 0.026670428643266485,
    "w sonic drift": 7.745966692414831,
    "R critical": 0.056367658625289106,
    "w critical": 38.7741595142002,
    "R equilib drift": 0.011888265043843963,
    "w equilib drift": 500.0,
    "t min": [
        525.7352556404348,
        630.4650565656326,
        737.6983587081658,
        837.8384074015818,
        1081.0952756860052
    ],
    "R min": [
        0.010652026893510734,
        0.011502083365903417,
        0.011506942033522934,
        0.011506967734973844,
        0.011506967903589503
    ],
    "t max": [
        576.6397803929214,
        683.8730825354545,
        791.5236348808768,
        895.4189354002962,
        1677.3458156147206
    ],
    "R max": [
        0.01157432670911692,
        0.011507324266355846,
        0.011506969804918861,
        0.01150696802954855,
        0.01150696799151314
    ],
    "R end": 0.01150696792722979,
    "v end": -2.3062836384513582e-07,
    "t end": 2086.25101444617,
    "v max": 32.75411703129001
}