{
    "star": "MS10",
    "grain": "sil",
    "stream": {
        "L4": 0.64,
        "eta": 0.0066,
        "vinf": 200.0,
        "n": 0.501187233627275,
        "T": 8000.0,
        "kappa": 600.0,
        "cs": 10.19646997739904,
        "taustar": 0.0002520286992407538,
        "Rstar": 0.12486831894465117,
        "Qp": 2.0,
        "a": 0.002,
        "rho_d": 3.5,
        "kappa_d": 2142857.1428571427,
        "drag_constant": 0.004211663134040092,
        "phi_norm": 0.7,
        "Rstarstar": 0.22478857142857148,
        "Upstarstar": 118.71794682695067,
        "R0": 0.010175868752448103
    },
    "R sonic drift": 0.133668783513723,
    "w sonic drift": 7.745966692414831,
    "R critical": 0.2825075089245511,
    "w critical": 38.7741595142002,
    "R equilib drift": 0.12242940192977331,
    "w equilib drift": 200.0,
    "t min": [
        6393.858520571173,
        9358.141252512183,
        12573.36855435296,
        15804.279891812474,
        19009.05116990743,
        22161.542329273263
    ],
    "R min": [
        0.06773569308491739,
        0.11518511604628363,
        0.11680678245573518,
        0.11684372364603783,
        0.11684455383914445,
        0.11684457330873241
    ],
    "t max": [
        7659.037393815837,
        10957.912885623204,
        14188.824223082718,
        17409.279536796406,
        20619.27882676427,
        24069.766662886082
    ],
    "R max": [
        0.12895161925572668,
        0.1170968958260858,
        0.11685024813187457,
        0.11684470064688489,
        0.11684457770566928,
        0.11684457394930489
    ],
    "R end": 0.11684457364813783,
    "v end": -1.367691973808615e-07,
    "t end": 26140.059364559173,
    "v max": 89.05396659371773
}