{
    "star": "MS10",
    "grain": "sil",
    "stream": {
        "L4": 0.64,
        "eta": 0.0066,
        "vinf": 250.0,
        "n": 50118.723362727964,
        "T": 8000.0,
        "kappa": 600.0,
        "cs": 10.19646997739904,
        "taustar": 0.06375877802642678,
        "Rstar": 0.0003158946363691588,
        "Qp": 2.0,
        "a": 0.02,
        "rho_d": 3.5,
        "kappa_d": 214285.71428571426,
        "drag_constant": 1.7250972197028374,
        "phi_norm": 0.7,
        "Rstarstar": 0.014386468571428569,
        "Upstarstar": 0.28983873737048244,
        "R0": 5.2422412280923214e-05
    },
    "R sonic drift": 0.0004226978079673296,
    "w sonic drift": 7.745966692414831,
    "R critical": 0.0008933671843019262,
    "w critical": 38.7741595142002,
    "R equilib drift": 0.00032541383115754013,
    "w equilib drift": 250.0,
    "t min": [
        42.12461928934496,
        42.78591629545713,
        47.03144307469723,
        58.90833730447172
    ],
    "R min": [
        0.0003095140648129621,
        0.00030951406482696014,
        0.0003095140646063092,
        0.0003095140650770756
    ],
    "t max": [
        42.75946441521264,
        44.26722158914837,
        51.36955143479304
    ],
    "R max": [
        0.0003095140650959329,
        0.000309514064917787,
        0.00030951406544436867
    ],
    "R end": 0.00030951406653828534,
    "v end": 1.4682442385313494e-07,
    "t end": 66.12970061121658,
    "v max": 9.088630358237333e-07
}