{
    "star": "MS10",
    "grain": "sil",
    "stream": {
        "L4": 0.64,
        "eta": 0.0066,
        "vinf": 30.0,
        "n": 0.25118864315095923,
        "T": 8000.0,
        "kappa": 600.0,
        "cs": 10.19646997739904,
        "taustar": 0.001189484367808729,
        "Rstar": 1.1758745909549901,
        "Qp": 2.0,
        "a": 0.002,
        "rho_d": 3.5,
        "kappa_d": 2142857.1428571427,
        "drag_constant": 4.1695442866558405,
        "phi_norm": 0.7,
        "Rstarstar": 9.990603174603171,
        "Upstarstar": 0.1199171817409864,
        "R0": 0.09693728755002652
    },
    "R sonic drift": 0.18881217525718474,
    "w sonic drift": 7.745966692414831,
    "R critical": 0.3990524629937762,
    "w critical": 38.7741595142002,
    "R equilib drift": 0.3432002092064296,
    "w equilib drift": 30.0,
    "t min": [
        58585.786896823796,
        81823.17464077407,
        105060.56238472434,
        128347.18188236943,
        151584.56962631972,
        174821.95737027,
        198059.34511422028,
        221345.96461186535,
        244583.35235581562
    ],
    "R min": [
        0.165989393425039,
        0.16601686026774587,
        0.16606135516060228,
        0.16597994840073635,
        0.16599275307781994,
        0.16602309348307032,
        0.1660703458994717,
        0.16598083675123895,
        0.16599659447026457
    ],
    "t max": [
        67152.11203972073,
        90438.7315373658,
        113676.11928131607,
        136913.50702526636,
        160150.89476921663,
        183437.51426686172,
        206674.902010812,
        229912.28975476229
    ],
    "R max": [
        0.5494003413233497,
        0.5494132414649318,
        0.5494110815864821,
        0.5494063186488897,
        0.5493989223105937,
        0.5494130673544719,
        0.5494104692026008,
        0.5494052784883583
    ],
    "R end": 0.2647835870568524,
    "v end": 85.55058484231142,
    "t end": 246158.76847404958,
    "v max": 85.90541926137601
}