{
    "star": "MS20",
    "grain": "gra",
    "stream": {
        "L4": 5.45,
        "eta": 0.1199,
        "vinf": 500.0,
        "n": 251.1886431509608,
        "T": 9000.0,
        "kappa": 600.0,
        "cs": 10.814989597775858,
        "taustar": 0.006585947333853572,
        "Rstar": 0.006510592603678014,
        "Qp": 2.0,
        "a": 0.02,
        "rho_d": 2.2,
        "kappa_d": 340909.0909090908,
        "drag_constant": 0.013102475924535232,
        "phi_norm": 1.5,
        "Rstarstar": 0.04872547727272726,
        "Upstarstar": 38.16072648252059,
        "R0": 0.002297580278977597
    },
    "R sonic drift": 0.005970765237835921,
    "w sonic drift": 9.672835454459698,
    "R critical": 0.014158915687682763,
    "w critical": 48.41952977064848,
    "R equilib drift": 0.005023772863019165,
    "w equilib drift": 500.0,
    "t min": [
        111.53235780403881,
        134.4179756114002,
        157.86405752832962,
        181.40355013018709,
        204.9430427320445,
        224.27905451214167,
        242.4007273881748,
        264.3522383462561,
        315.07424026216324
    ],
    "R min": [
        0.004537517589639646,
        0.004912099279768656,
        0.00492716875218932,
        0.004927672462550563,
        0.004927689205079803,
        0.004927689736643085,
        0.004927689728947025,
        0.004927689732658482,
        0.004927689748305881
    ],
    "t max": [
        122.46140794061547,
        146.0943112274009,
        169.63380382925834,
        193.07988574618778,
        216.61937834804522,
        232.96624821044622,
        254.0770630041755,
        277.0560914964649,
        423.6174561485059
    ],
    "R max": [
        0.005018789973899683,
        0.004930557087424985,
        0.004927784643456882,
        0.0049276928974319265,
        0.004927689829830424,
        0.0049276897763158925,
        0.004927689763629673,
        0.00492768975197487,
        0.00492768974837405
    ],
    "R end": 0.004927689748049056,
    "v end": -1.5808740867248493e-08,
    "t end": 467.0534246400285,
    "v max": 72.37664641164481
}