{
    "star": "MS40",
    "grain": "gra",
    "stream": {
        "L4": 22.2,
        "eta": 0.4468,
        "vinf": 10.0,
        "n": 12.589254117941765,
        "T": 10000.0,
        "kappa": 600.0,
        "cs": 11.4,
        "taustar": 0.14878751619253583,
        "Rstar": 2.934734117309671,
        "Qp": 2.0,
        "a": 0.02,
        "rho_d": 2.2,
        "kappa_d": 340909.0909090908,
        "drag_constant": 18575.792469768494,
        "phi_norm": 1.5,
        "Rstarstar": 496.19522727272715,
        "Upstarstar": 2.6916752047791996e-05,
        "R0": 2.3874530579150557
    },
    "R sonic drift": 0.05321450119597623,
    "w sonic drift": 8.6559494714014,
    "R critical": 0.1191324287058022,
    "w critical": 48.41952977064848,
    "R equilib drift": 0.05321450119597623,
    "w equilib drift": 10.0,
    "t min": [
        66310.50519703234,
        66685.14081961445,
        67226.28116334416,
        67559.29060563935,
        68183.68330994286,
        68641.57129309878,
        68849.70219453328,
        69349.21635797608,
        69432.46871854988,
        69682.22580027128,
        69807.10434113198,
        70015.23524256649,
        70140.1137834272,
        70264.99232428789,
        70847.7588483045,
        70931.01120887829,
        71139.14211031281,
        71680.2824540425,
        71846.78717519011,
        73095.57258379713,
        78173.96657879897,
        87081.96916019566,
        87290.10006163016,
        87581.48332363846,
        87747.98804478606,
        88080.99748708126,
        94824.43869355912,
        128541.64472594847,
        172582.1434694891
    ],
    "R min": [
        0.05094491300449777,
        0.050944912971121636,
        0.05094491293975437,
        0.050944912915775346,
        0.05094491287510314,
        0.05094491289649623,
        0.05094491289339124,
        0.05094491291148232,
        0.050944912910978926,
        0.05094491291326734,
        0.05094491291475968,
        0.050944912918597235,
        0.050944912919384966,
        0.05094491291940006,
        0.05094491290936062,
        0.05094491291333749,
        0.05094491290991425,
        0.05094491291241085,
        0.0509449129162801,
        0.050944912896664495,
        0.050944912826448745,
        0.050944912891184045,
        0.05094491289773598,
        0.05094491291289928,
        0.050944912914582634,
        0.050944912910769725,
        0.050944912771958076,
        0.050944912891016166,
        0.050944912907550134
    ],
    "t max": [
        66352.13137731925,
        66726.76699990136,
        67267.90734363106,
        67642.54296621316,
        68599.94511281187,
        68683.19747338568,
        69224.33781711537,
        69390.84253826298,
        69515.72107912369,
        69765.47816084509,
        69890.3567017058,
        70056.86142285338,
        70223.36614400099,
        70431.49704543549,
        70889.3850285914,
        70972.6373891652,
        71222.3944708866,
        71805.1609949032,
        72263.04897805912,
        74302.73181211723,
        85000.66014585063,
        87248.47388134326,
        87498.23096306466,
        87623.10950392536,
        87831.24040535986,
        89121.65199425377,
        106729.52625561265,
        145899.7619055859
    ],
    "R max": [
        0.05094491299949917,
        0.05094491297371134,
        0.05094491293811985,
        0.05094491291784391,
        0.05094491289597841,
        0.0509449128963745,
        0.050944912915353746,
        0.050944912911297796,
        0.050944912913694254,
        0.05094491291417401,
        0.050944912920850655,
        0.050944912924977985,
        0.05094491291974071,
        0.05094491293255121,
        0.050944912911796925,
        0.05094491291376325,
        0.05094491294050146,
        0.05094491291815815,
        0.05094491292320515,
        0.05094491291881485,
        0.0509449130464681,
        0.050944912897031645,
        0.05094491291105467,
        0.050944912916150865,
        0.05094491291698214,
        0.05094491293337191,
        0.050944912998673875,
        0.050944912891185294
    ],
    "R end": 0.05094491291805284,
    "v end": 3.7426266372385035e-10,
    "t end": 208130.90143450204,
    "v max": 3.096578701723201e-07
}