{
    "star": "MS20",
    "grain": "gra",
    "stream": {
        "L4": 5.45,
        "eta": 0.1199,
        "vinf": 10.0,
        "n": 630.9573444802007,
        "T": 9000.0,
        "kappa": 600.0,
        "cs": 10.814989597775858,
        "taustar": 0.5219011547665976,
        "Rstar": 0.20539531101045325,
        "Qp": 2.0,
        "a": 0.02,
        "rho_d": 2.2,
        "kappa_d": 340909.0909090908,
        "drag_constant": 205699.57183763135,
        "phi_norm": 1.5,
        "Rstarstar": 121.81369318181815,
        "Upstarstar": 2.430729415395547e-06,
        "R0": 0.1722323794789404
    },
    "R sonic drift": 0.0037672981789796047,
    "w sonic drift": 9.672835454459698,
    "R critical": 0.008933671843019271,
    "w critical": 48.41952977064848,
    "R equilib drift": 0.0037672981789796047,
    "w equilib drift": 10.0,
    "t min": [
        4440.990183316677,
        4476.353077941627,
        4485.193801597865,
        4499.928341024928,
        4508.769064681165,
        4514.6628804519905,
        4520.556696222816,
        4529.397419879053,
        4564.760314504004,
        4738.627879743342,
        5024.477944628357,
        5059.840839253307,
        5086.36301022202,
        5106.991365419908,
        5139.4073521594455,
        5151.194983701096,
        5189.504786211459,
        5198.345509867697,
        5210.1331414093465,
        5233.708404492647,
        5254.336759690535,
        5274.965114888422,
        5292.646562200897,
        5307.38110162796,
        5328.009456825848,
        5333.903272596673,
        5351.584719909148,
        5357.478535679973,
        5372.213075107035,
        5389.89452241951,
        5407.575969731985,
        5439.991956471524,
        5457.673403783999,
        5481.248666867299,
        5498.930114179774,
        5504.823929950599,
        5510.717745721425,
        5522.5053772630745,
        5554.921364002612,
        5572.602811315088,
        5593.231166512975,
        5613.859521710863,
        5631.540969023337,
        5655.116232106638,
        5663.956955762876,
        5672.797679419114,
        5693.426034617,
        5705.213666158651,
        5725.842021356539,
        5808.355442148089,
        5814.249257918915,
        5884.975047168815,
        5905.6034023667025,
        5940.9662969916535,
        5949.807020647891,
        5955.700836418716,
        5973.382283731191,
        5982.223007387429,
        5994.0106389290795,
        6008.745178356142,
        6017.585902012379,
        6029.373533554029,
        6041.161165095679,
        6055.895704522742,
        6061.789520293566,
        6076.524059720628,
        6100.099322803929,
        6117.780770116405,
        6126.621493772643,
        6167.878204168417,
        6191.4534672517175,
        6203.241098793368,
        6223.869453991256,
        6232.710177647494,
        6244.497809189143,
        6268.073072272444,
        6273.966888043268,
        6291.648335355744,
        6321.117414209868,
        6329.958137866107,
        6341.745769407757,
        6353.533400949407,
        6368.26794037647,
        6374.161756147294,
        6383.002479803533,
        6397.737019230595,
        6424.259190199307,
        6524.454058303333,
        6604.020571209472,
        6612.861294865709,
        6621.702018521947,
        6633.489650063596,
        6648.224189490659,
        6654.1180052614845,
        6665.905636803135,
        6674.746360459372,
        6689.4808998864355,
        6695.374715657261,
        6707.16234719891,
        6727.790702396798,
        6763.153597021747,
        6769.047412792573,
        6774.941228563398,
        6798.516491646698,
        6822.091754729999,
        6830.932478386236,
        6845.667017813298,
        6866.295373011187,
        6892.817543979899,
        7102.048003844188,
        7909.500764447222,
        8926.183984914542,
        9621.654245871898
    ],
    "R min": [
        0.0037354448243961565,
        0.0037354448223715373,
        0.0037354448219642363,
        0.0037354448222199316,
        0.003735444822741243,
        0.00373544482265323,
        0.003735444822746988,
        0.0037354448229466003,
        0.0037354448201937745,
        0.0037354448182759267,
        0.0037354448175013592,
        0.0037354448200598274,
        0.0037354448215198496,
        0.0037354448243944742,
        0.0037354448235344517,
        0.0037354448229983527,
        0.003735444822874432,
        0.0037354448232780092,
        0.003735444823306624,
        0.0037354448250934533,
        0.0037354448240707098,
        0.003735444822662981,
        0.0037354448233208448,
        0.003735444823435411,
        0.00373544482246233,
        0.0037354448223029554,
        0.0037354448210260606,
        0.0037354448212880377,
        0.0037354448214021105,
        0.003735444821535005,
        0.0037354448223937135,
        0.003735444822333552,
        0.0037354448225834034,
        0.0037354448233465434,
        0.003735444823275987,
        0.003735444823348157,
        0.003735444823528027,
        0.0037354448238543425,
        0.003735444824199326,
        0.0037354448245520496,
        0.003735444823852506,
        0.003735444823893235,
        0.0037354448232229933,
        0.0037354448222922305,
        0.0037354448219119336,
        0.003735444822272874,
        0.0037354448240134066,
        0.0037354448249077143,
        0.0037354448220687743,
        0.003735444818854028,
        0.003735444818734151,
        0.0037354448276559755,
        0.0037354448265087235,
        0.0037354448228858156,
        0.003735444823583416,
        0.0037354448236287707,
        0.0037354448233440562,
        0.0037354448233042187,
        0.0037354448238546703,
        0.003735444823068706,
        0.003735444823425759,
        0.003735444823905252,
        0.0037354448248625685,
        0.0037354448260606657,
        0.003735444825657414,
        0.003735444825718228,
        0.0037354448225348797,
        0.0037354448242535804,
        0.0037354448249959267,
        0.0037354448242763612,
        0.0037354448217336764,
        0.003735444821870051,
        0.0037354448227728165,
        0.0037354448214128146,
        0.0037354448215958136,
        0.003735444822361665,
        0.003735444821888294,
        0.0037354448219434006,
        0.0037354448231990815,
        0.003735444822934357,
        0.003735444823507216,
        0.0037354448221589265,
        0.0037354448224980485,
        0.003735444822537735,
        0.0037354448235888153,
        0.003735444821440794,
        0.003735444823243088,
        0.003735444822027705,
        0.0037354448228023246,
        0.003735444822702304,
        0.003735444822796619,
        0.0037354448229039183,
        0.003735444823149464,
        0.00373544482331985,
        0.0037354448230636967,
        0.0037354448228192412,
        0.003735444822842208,
        0.0037354448228634303,
        0.003735444823076888,
        0.003735444823325812,
        0.003735444822164131,
        0.0037354448219046434,
        0.0037354448223393894,
        0.003735444821868712,
        0.003735444822852286,
        0.0037354448231017223,
        0.003735444821936637,
        0.003735444823259479,
        0.003735444824372785,
        0.0037354448192426846,
        0.0037354448235126956,
        0.0037354448227174047,
        0.0037354448237433445
    ],