{
    "star": "MS10",
    "grain": "gra",
    "stream": {
        "L4": 0.64,
        "eta": 0.0066,
        "vinf": 200.0,
        "n": 0.39810717055349937,
        "T": 8000.0,
        "kappa": 600.0,
        "cs": 10.19646997739904,
        "taustar": 0.00022462081463494942,
        "Rstar": 0.14010455821356205,
        "Qp": 2.0,
        "a": 0.02,
        "rho_d": 2.2,
        "kappa_d": 340909.0909090908,
        "drag_constant": 8.467288439217697e-05,
        "phi_norm": 1.0,
        "Rstarstar": 0.03576181818181817,
        "Upstarstar": 5905.078155648559,
        "R0": 0.01141366144445569
    },
    "R sonic drift": 0.09463025179229617,
    "w sonic drift": 7.745966692414831,
    "R critical": 0.21185074503545798,
    "w critical": 43.32928075712418,
    "R equilib drift": 0.10301150397823809,
    "w equilib drift": 200.0,
    "t min": [
        4641.240803537246,
        12132.366311000873,
        17998.687422329847
    ],
    "R min": [
        0.022538347533973595,
        0.06338036327874357,
        0.08788600898054588
    ],
    "t max": [
        7665.07950887212,
        14823.10160938331
    ],
    "R max": [
        0.27639463126272995,
        0.13359290571854518
    ],
    "R end": 0.09025205374823929,
    "v end": 8.510158255136522,
    "t end": 18505.744830690775,
    "v max": 166.7923419594882
}