{
    "star": "MS10",
    "grain": "gra",
    "stream": {
        "L4": 0.64,
        "eta": 0.0066,
        "vinf": 300.0,
        "n": 79432.82347242952,
        "T": 8000.0,
        "kappa": 600.0,
        "cs": 10.19646997739904,
        "taustar": 0.06688962156867694,
        "Rstar": 0.00020910335738831865,
        "Qp": 2.0,
        "a": 0.2,
        "rho_d": 2.2,
        "kappa_d": 34090.90909090909,
        "drag_constant": 0.03337177586714653,
        "phi_norm": 1.0,
        "Rstarstar": 0.0015894141414141407,
        "Upstarstar": 14.982720787485398,
        "R0": 3.573248162564364e-05
    },
    "R sonic drift": 0.00021185074503545775,
    "w sonic drift": 7.745966692414831,
    "R critical": 0.00047427474113233113,
    "w critical": 43.32928075712418,
    "R equilib drift": 0.00020000000000000004,
    "w equilib drift": 300.0,
    "t min": [
        6.567909512185522,
        9.661289938446155,
        11.98684915175995,
        12.240948258202788,
        12.76571815194343,
        14.489172960860069,
        15.903289727150645,
        16.057958748463676,
        17.648840110540572
    ],
    "R min": [
        0.000157265813254398,
        0.00017243563564615203,
        0.00017243564221166265,
        0.0001724356421862269,
        0.00017243564199655005,
        0.00017243564204432374,
        0.00017243564214157922,
        0.0001724356421197365,
        0.00017243564186823147
    ],
    "t max": [
        8.020693533804355,
        10.456730619484603,
        12.080755343271434,
        12.30723498162266,
        13.45620485423375,
        15.118896833348842,
        15.930909195242258,
        16.096626003791933
    ],
    "R max": [
        0.00017245005026257017,
        0.00017243564235018587,
        0.00017243564219659028,
        0.00017243564218312167,
        0.00017243564213612745,
        0.00017243564237064718,
        0.00017243564213821917,
        0.000172435642117874
    ],
    "R end": 0.000172435642130098,
    "v end": 1.1989641488561755e-08,
    "t end": 27.619468091612788,
    "v max": 31.822756757498663
}