{
    "star": "MS10",
    "grain": "sil",
    "stream": {
        "L4": 0.64,
        "eta": 0.0066,
        "vinf": 170.0,
        "n": 10000.000000000144,
        "T": 8000.0,
        "kappa": 600.0,
        "cs": 10.19646997739904,
        "taustar": 0.041882352941176766,
        "Rstar": 0.0010399999999999925,
        "Qp": 2.0,
        "a": 0.02,
        "rho_d": 3.5,
        "kappa_d": 214285.71428571426,
        "drag_constant": 1.6098222453646855,
        "phi_norm": 0.7,
        "Rstarstar": 0.0311126050420168,
        "Upstarstar": 0.3105932977629658,
        "R0": 0.00013826251013515216
    },
    "R sonic drift": 0.0009463025179229607,
    "w sonic drift": 7.745966692414831,
    "R critical": 0.0020000000000000005,
    "w critical": 38.7741595142002,
    "R equilib drift": 0.0009683418202707743,
    "w equilib drift": 170.0,
    "t min": [
        50.24854008145207,
        128.36455473147376,
        132.76239056182615,
        133.02364813590648,
        134.02513550321444,
        139.29382991383466,
        161.76198128474388
    ],
    "R min": [
        0.0008294974887640838,
        0.0009412369640170585,
        0.0009412369650087465,
        0.0009412369649988684,
        0.0009412369650538019,
        0.0009412369636147339,
        0.0009412369603117664
    ],
    "t max": [
        126.66638049995154,
        131.7609031945182,
        132.80593349083955,
        133.72033500012074,
        135.85393852177683,
        141.1661758614104,
        190.67448614963487
    ],
    "R max": [
        0.0009412369639265845,
        0.0009412369651229662,
        0.0009412369650079932,
        0.0009412369650724024,
        0.0009412369665059243,
        0.0009412369636547334,
        0.0009412369738393163
    ],
    "R end": 0.0009412369560346688,
    "v end": -1.0845413534099704e-06,
    "t end": 217.71464506695006,
    "v max": 25.521949131407325
}