{
    "star": "MS10",
    "grain": "gra",
    "stream": {
        "L4": 0.64,
        "eta": 0.0066,
        "vinf": 40.0,
        "n": 0.39810717055349937,
        "T": 8000.0,
        "kappa": 600.0,
        "cs": 10.19646997739904,
        "taustar": 0.001123104073174747,
        "Rstar": 0.7005227910678102,
        "Qp": 2.0,
        "a": 0.02,
        "rho_d": 2.2,
        "kappa_d": 340909.0909090908,
        "drag_constant": 0.05292055274511062,
        "phi_norm": 1.0,
        "Rstarstar": 0.8940454545454544,
        "Upstarstar": 9.448125049037692,
        "R0": 0.057702864798325273
    },
    "R sonic drift": 0.09463025179229617,
    "w sonic drift": 7.745966692414831,
    "R critical": 0.21185074503545798,
    "w critical": 43.32928075712418,
    "R equilib drift": 0.20000000000000004,
    "w equilib drift": 40.0,
    "t min": [
        22188.388051998245,
        42914.82226237192,
        63641.25647274559,
        84349.18493828857
    ],
    "R min": [
        0.07167676261795335,
        0.07167008950545964,
        0.07166669295630063,
        0.07168095800693446
    ],
    "t max": [
        31718.846639803993,
        52445.28085017767,
        73171.71506055135
    ],
    "R max": [
        0.4386971401124663,
        0.4386978299983435,
        0.43869824465628804
    ],
    "R end": 0.4310469853315624,
    "v end": 10.76419838061388,
    "t end": 92528.72415345389,
    "v max": 72.98211810235246
}