{
    "star": "MS10",
    "grain": "sil",
    "stream": {
        "L4": 0.64,
        "eta": 0.0066,
        "vinf": 40.0,
        "n": 63.09573444801995,
        "T": 8000.0,
        "kappa": 600.0,
        "cs": 10.19646997739904,
        "taustar": 0.01413904257809228,
        "Rstar": 0.05564450320130192,
        "Qp": 2.0,
        "a": 0.02,
        "rho_d": 3.5,
        "kappa_d": 214285.71428571426,
        "drag_constant": 3.3138560908498493,
        "phi_norm": 0.7,
        "Rstarstar": 0.5619714285714285,
        "Upstarstar": 0.15088162741302788,
        "R0": 0.005374036491399741
    },
    "R sonic drift": 0.011913242870580215,
    "w sonic drift": 7.745966692414831,
    "R critical": 0.025178508235883353,
    "w critical": 38.7741595142002,
    "R equilib drift": 0.025178508235883353,
    "w equilib drift": 40.0,
    "t min": [
        2742.0983811916876,
        3760.1926824497737,
        4778.286983707861,
        5796.381284965946,
        6816.805321467186,
        7834.899622725273,
        8852.99392398336,
        9871.088225241445,
        10889.182526499531
    ],
    "R min": [
        0.01043507514445373,
        0.010435265206633806,
        0.01043545860332386,
        0.010435654267280926,
        0.010427317984977027,
        0.010427321535972025,
        0.010427327543095773,
        0.010427335560452614,
        0.010427346313255054
    ],
    "t max": [
        3191.7372831203165,
        4209.831584378403,
        5227.925885636489,
        6248.349922137729,
        7266.444223395814,
        8284.5385246539,
        9302.632825911987,
        10320.727127170074,
        11338.82142842816
    ],
    "R max": [
        0.029188178594373528,
        0.029188169352612904,
        0.02918815864694459,
        0.029188607138730917,
        0.029188607049330934,
        0.02918860705208658,
        0.029188605624332255,
        0.02918860601798499,
        0.029188605629679405
    ],
    "R end": 0.01938696267816391,
    "v end": -37.12406495662796,
    "t end": 11648.676215767578,
    "v max": 91.8020201201209
}