{
    "star": "MS40",
    "grain": "gra",
    "stream": {
        "L4": 22.2,
        "eta": 0.4468,
        "vinf": 80.0,
        "n": 0.1995262314968889,
        "T": 10000.0,
        "kappa": 600.0,
        "cs": 11.4,
        "taustar": 0.0023414048136564903,
        "Rstar": 2.9139277134846457,
        "Qp": 2.0,
        "a": 0.02,
        "rho_d": 2.2,
        "kappa_d": 340909.0909090908,
        "drag_constant": 0.07187657966285743,
        "phi_norm": 1.5,
        "Rstarstar": 7.753050426136361,
        "Upstarstar": 6.9563688526261,
        "R0": 1.954583503701222
    },
    "R sonic drift": 0.4226978079673296,
    "w sonic drift": 8.6559494714014,
    "R critical": 0.9463025179229617,
    "w critical": 48.41952977064848,
    "R equilib drift": 0.8933671843019271,
    "w equilib drift": 80.0,
    "t min": [
        48316.0125090701,
        73197.31236404034,
        101633.08362686346,
        130192.84807833261,
        158793.94359268376,
        187395.03910703494
    ],
    "R min": [
        0.34949715017226746,
        0.8192805753746449,
        0.8835923979381406,
        0.8873324879492651,
        0.8875632062000642,
        0.8875775037522544
    ],
    "t max": [
        59186.08204703883,
        87332.53586968787,
        115933.63138403905,
        144493.39583550818,
        173094.49134985937,
        201819.58005285653
    ],
    "R max": [
        1.0445740422308796,
        0.9031607725397764,
        0.888564638259492,
        0.8876396630791249,
        0.8875822291509298,
        0.8875786744634742
    ],
    "R end": 0.8875785713797781,
    "v end": -3.1334122155844144e-05,
    "t end": 206655.31441005174,
    "v max": 132.62466718182503
}