{
    "star": "MS10",
    "grain": "sil",
    "stream": {
        "L4": 0.64,
        "eta": 0.0066,
        "vinf": 90.0,
        "n": 0.025118864315095874,
        "T": 8000.0,
        "kappa": 600.0,
        "cs": 10.19646997739904,
        "taustar": 0.00012538266144803493,
        "Rstar": 1.2394806500455333,
        "Qp": 2.0,
        "a": 0.002,
        "rho_d": 3.5,
        "kappa_d": 2142857.1428571427,
        "drag_constant": 0.005147585539081276,
        "phi_norm": 0.7,
        "Rstarstar": 1.1100670194003526,
        "Upstarstar": 97.13291721019914,
        "R0": 0.1008514117480461
    },
    "R sonic drift": 0.5970765237835921,
    "w sonic drift": 7.745966692414831,
    "R critical": 1.2619146889603874,
    "w critical": 38.7741595142002,
    "R equilib drift": 0.9935017829274532,
    "w equilib drift": 90.0,
    "t min": [
        63519.265751043866,
        133525.38462208814,
        203687.1879680124
    ],
    "R min": [
        0.3134556178363307,
        0.8301570546355606,
        0.9425868569945932
    ],
    "t max": [
        91179.20745472556,
        167412.7053209702,
        239079.45859073458
    ],
    "R max": [
        1.4598535225501932,
        1.0063171505309627,
        0.9636521306614917
    ],
    "R end": 0.9586338078921054,
    "v end": -0.2721724093802723,
    "t end": 259474.12480001582,
    "v max": 80.97504509171146
}