{
    "star": "MS10",
    "grain": "sil",
    "stream": {
        "L4": 0.64,
        "eta": 0.0066,
        "vinf": 300.0,
        "n": 158.48931924611304,
        "T": 8000.0,
        "kappa": 600.0,
        "cs": 10.19646997739904,
        "taustar": 0.0029878496439915063,
        "Rstar": 0.004681241063308406,
        "Qp": 2.0,
        "a": 0.02,
        "rho_d": 3.5,
        "kappa_d": 214285.71428571426,
        "drag_constant": 0.002630804590800948,
        "phi_norm": 0.7,
        "Rstarstar": 0.009990603174603173,
        "Upstarstar": 190.05592500041024,
        "R0": 0.00039454613158164615
    },
    "R sonic drift": 0.007516748085768888,
    "w sonic drift": 7.745966692414831,
    "R critical": 0.015886564694485638,
    "w critical": 38.7741595142002,
    "R equilib drift": 0.004788590302845517,
    "w equilib drift": 300.0,
    "t min": [
        242.0539999356192,
        320.6480517365774,
        404.5339723620389,
        488.4198929875005,
        570.5418573381276,
        620.5206184584376,
        692.2548403017062,
        857.2827495695534
    ],
    "R min": [
        0.0033855687803059542,
        0.004736223162512748,
        0.004770115075282311,
        0.00477075206040436,
        0.004770763892768805,
        0.004770764224477214,
        0.004770764170839569,
        0.004770764186058052
    ],
    "t max": [
        277.33312543230863,
        362.39501690765985,
        446.47693267476967,
        529.9708630169347,
        611.8968322259136,
        642.6680694646926,
        775.7487706438711
    ],
    "R max": [
        0.0050380023655391785,
        0.004775518627678875,
        0.004770852918605243,
        0.004770765922815334,
        0.004770764235552199,
        0.004770764206277831,
        0.004770764199300268
    ],
    "R end": 0.004770764193735415,
    "v end": 5.936049333191076e-08,
    "t end": 979.9757082413734,
    "v max": 83.21633698623303
}