{
    "star": "MS10",
    "grain": "sil",
    "stream": {
        "L4": 0.64,
        "eta": 0.0066,
        "vinf": 80.0,
        "n": 0.00794328234724283,
        "T": 8000.0,
        "kappa": 600.0,
        "cs": 10.19646997739904,
        "taustar": 7.932133349390343e-05,
        "Rstar": 2.479660784007337,
        "Qp": 2.0,
        "a": 0.002,
        "rho_d": 3.5,
        "kappa_d": 2142857.1428571427,
        "drag_constant": 0.002607436027374827,
        "phi_norm": 0.7,
        "Rstarstar": 1.404928571428571,
        "Upstarstar": 191.7592588085091,
        "R0": 0.20164537914886657
    },
    "R sonic drift": 1.0617688884619771,
    "w sonic drift": 7.745966692414831,
    "R critical": 2.2440369086039262,
    "w critical": 38.7741595142002,
    "R equilib drift": 1.8838859358011792,
    "w equilib drift": 80.0,
    "t min": [
        128320.20496174414,
        328586.9326083497,
        511308.2600619659
    ],
    "R min": [
        0.4899756647600855,
        1.3286981592151332,
        1.7139097906266816
    ],
    "t max": [
        208883.6993390204,
        413926.09804407274
    ],
    "R max": [
        3.5731539614347025,
        2.13868349863747
    ],
    "R end": 1.7187020966044473,
    "v end": 1.1826530614405997,
    "t end": 519094.6802659553,
    "v max": 76.63068833879731
}