{
    "star": "MS20",
    "grain": "gra",
    "stream": {
        "L4": 5.45,
        "eta": 0.1199,
        "vinf": 170.0,
        "n": 15.848931924611271,
        "T": 9000.0,
        "kappa": 600.0,
        "cs": 10.814989597775858,
        "taustar": 0.00486563286663043,
        "Rstar": 0.07623275294343482,
        "Qp": 2.0,
        "a": 0.02,
        "rho_d": 2.2,
        "kappa_d": 340909.0909090908,
        "drag_constant": 0.06186395798257619,
        "phi_norm": 1.5,
        "Rstarstar": 0.4215006684491977,
        "Upstarstar": 8.08225041373563,
        "R0": 0.026769679292508376
    },
    "R sonic drift": 0.02377004454874038,
    "w sonic drift": 9.672835454459698,
    "R critical": 0.056367658625289106,
    "w critical": 48.41952977064848,
    "R equilib drift": 0.03556558820077846,
    "w equilib drift": 170.0,
    "t min": [
        1264.3737581891871,
        2284.841505931844,
        2944.3721081706676,
        3657.496407772181
    ],
    "R min": [
        0.020721857102339286,
        0.034295521350980275,
        0.03429552242347404,
        0.034295522398907645
    ],
    "t max": [
        1584.8421934395606,
        2760.622288641443,
        3145.621910512199,
        5009.370080022904
    ],
    "R max": [
        0.03434539881907916,
        0.03429552243827498,
        0.034295522404375306,
        0.03429552245548828
    ],
    "R end": 0.03429552245881523,
    "v end": -8.16211414745088e-09,
    "t end": 5468.744628845965,
    "v max": 131.88438692569258
}