{
    "star": "MS20",
    "grain": "gra",
    "stream": {
        "L4": 5.45,
        "eta": 0.1199,
        "vinf": 80.0,
        "n": 0.002511886431509582,
        "T": 9000.0,
        "kappa": 600.0,
        "cs": 10.814989597775858,
        "taustar": 0.0001301662132805659,
        "Rstar": 12.867688465667857,
        "Qp": 2.0,
        "a": 0.02,
        "rho_d": 2.2,
        "kappa_d": 340909.0909090908,
        "drag_constant": 0.00019992791632896567,
        "phi_norm": 1.5,
        "Rstarstar": 1.9033389559659084,
        "Upstarstar": 2500.9013707584954,
        "R0": 4.457315539304211
    },
    "R sonic drift": 1.8881217525718474,
    "w sonic drift": 9.672835454459698,
    "R critical": 4.477442277136685,
    "w critical": 48.41952977064848,
    "R equilib drift": 4.217495267129698,
    "w equilib drift": 80.0,
    "t min": [
        229481.5119099328
    ],
    "R min": [
        0.7990066755267455
    ],
    "t max": [
        599827.3790791405
    ],
    "R max": [
        15.74449470320271
    ],
    "R end": 7.36527221947578,
    "v end": -57.24962343437521,
    "t end": 923095.3817776861,
    "v max": 85.74721160689533
}