{
    "star": "MS20",
    "grain": "gra",
    "stream": {
        "L4": 5.45,
        "eta": 0.1199,
        "vinf": 500.0,
        "n": 25.118864315096026,
        "T": 9000.0,
        "kappa": 600.0,
        "cs": 10.814989597775858,
        "taustar": 0.002082659412489063,
        "Rstar": 0.020588301545068487,
        "Qp": 2.0,
        "a": 0.02,
        "rho_d": 2.2,
        "kappa_d": 340909.0909090908,
        "drag_constant": 0.0013102475924535203,
        "phi_norm": 1.5,
        "Rstarstar": 0.04872547727272727,
        "Upstarstar": 381.60726482520664,
        "R0": 0.007172000666237965
    },
    "R sonic drift": 0.018881217525718474,
    "w sonic drift": 9.672835454459698,
    "R critical": 0.044774422771366805,
    "w critical": 48.41952977064848,
    "R equilib drift": 0.015886564694485638,
    "w equilib drift": 500.0,
    "t min": [
        358.60409391299544,
        478.8280364357213,
        598.4611979141093,
        718.9805309590041,
        839.2044734817299,
        959.7238065266246,
        1080.5385300936882,
        1201.057863138583,
        1322.1679772278153,
        1439.1426240066835
    ],
    "R min": [
        0.01118058400207399,
        0.014692482171487288,
        0.01541965817598276,
        0.015554056021353827,
        0.01557772504088275,
        0.015581853308929975,
        0.015582572419176488,
        0.015582697501761573,
        0.015582719100791578,
        0.015582722646393175
    ],
    "t max": [
        413.2513405142344,
        537.6107503473244,
        658.4254739143879,
        778.9448069592826,
        899.4641400041774,
        1019.983473049072,
        1140.7981966161356,
        1261.31752966103,
        1381.836862705925
    ],
    "R max": [
        0.01842704759833402,
        0.015990644035780512,
        0.015651932068184177,
        0.01559471868499873,
        0.015584809115959669,
        0.015583085714564151,
        0.015582785772565907,
        0.015582733452401014,
        0.015582724825363055
    ],
    "R end": 0.01558272335776123,
    "v end": 1.376430551155291e-05,
    "t end": 1476.9526108442976,
    "v max": 215.51735610002066
}