{
    "star": "MS10",
    "grain": "sil",
    "stream": {
        "L4": 0.64,
        "eta": 0.0066,
        "vinf": 50.0,
        "n": 39.810717055350096,
        "T": 8000.0,
        "kappa": 600.0,
        "cs": 10.19646997739904,
        "taustar": 0.008984832585397996,
        "Rstar": 0.05604182328542471,
        "Qp": 2.0,
        "a": 0.002,
        "rho_d": 3.5,
        "kappa_d": 2142857.1428571427,
        "drag_constant": 85.64333932839465,
        "phi_norm": 0.7,
        "Rstarstar": 3.5966171428571427,
        "Upstarstar": 0.005838165628768606,
        "R0": 0.005083689694757174
    },
    "R sonic drift": 0.01499788418664912,
    "w sonic drift": 7.745966692414831,
    "R critical": 0.03169786384922229,
    "w critical": 38.7741595142002,
    "R equilib drift": 0.03169786384922229,
    "w equilib drift": 50.0,
    "t min": [
        2721.7895715326176,
        3627.4885151632993,
        4087.3770979395,
        4547.265680715701,
        5011.847004132475,
        5488.160179150684,
        5654.752471891043,
        6055.981796660075,
        6567.490526482584,
        7231.513327123732,
        7266.7088819280325,
        7855.647832320004,
        9094.531361431402,
        9770.286013673984
    ],
    "R min": [
        0.013911465368350608,
        0.031212896513690726,
        0.031225860191958024,
        0.03122642901996036,
        0.031226454563208182,
        0.031226455725667866,
        0.03122645570382719,
        0.031226455673651645,
        0.03122645571634953,
        0.03122645572431305,
        0.031226455725198683,
        0.03122645569813666,
        0.031226455727786217,
        0.031226455772466705
    ],
    "t max": [
        3402.2369644157725,
        3859.7791768716866,
        4317.321389327601,
        4777.209972103801,
        5246.484036161149,
        5537.433955876705,
        5856.540319435702,
        6297.657939649608,
        6865.479557159,
        7259.669770967172,
        7449.725766910398,
        8559.558928406026,
        9608.386461574199,
        9990.844823780937
    ],
    "R max": [
        0.03128321509193541,
        0.03122925146155264,
        0.03122658171465459,
        0.031226461370072327,
        0.0312264559658233,
        0.031226455731781927,
        0.0312264557829666,
        0.03122645576391969,
        0.031226455736600694,
        0.031226455726073216,
        0.031226455726334812,
        0.031226455734636692,
        0.031226455814261915,
        0.03122645578709535
    ],
    "R end": 0.031226455662080356,
    "v end": -1.018050396442815e-07,
    "t end": 11731.851601433696,
    "v max": 113.76922792553677
}