{
    "star": "MS40",
    "grain": "gra",
    "stream": {
        "L4": 22.2,
        "eta": 0.4468,
        "vinf": 100.0,
        "n": 63095.73444802033,
        "T": 10000.0,
        "kappa": 600.0,
        "cs": 11.4,
        "taustar": 1.0533349485749284,
        "Rstar": 0.004145422124185211,
        "Qp": 2.0,
        "a": 0.02,
        "rho_d": 2.2,
        "kappa_d": 340909.0909090908,
        "drag_constant": 9309.950040357662,
        "phi_norm": 1.5,
        "Rstarstar": 4.96195227272727,
        "Upstarstar": 5.370598100232034e-05,
        "R0": 0.004836449412713469
    },
    "R sonic drift": 0.0007516748085768887,
    "w sonic drift": 8.6559494714014,
    "R critical": 0.0016827902832903898,
    "w critical": 48.41952977064848,
    "R equilib drift": 0.0014949589454176478,
    "w equilib drift": 100.0,
    "t min": [
        67.20673407119338,
        197.56310278146083,
        200.56182844867945,
        201.67900075607463,
        201.8553963835581,
        206.08889144316078,
        206.3240856131387,
        206.50048124062215,
        206.6768768681056,
        206.79447395309458,
        207.50005646302836,
        209.20521419536837,
        209.55800545033526,
        210.02839379029112,
        210.79277484271938,
        211.02796901269733,
        211.4395588101587,
        213.0859180000042,
        213.26231362748763,
        213.85029905243246,
        214.20309030739938,
        214.32068739238832,
        214.6734786473552,
        216.67262909216763,
        218.789376621969,
        221.78810228918758,
        224.0224469039779,
        224.61043232892274,
        225.6688060938234,
        228.13834487859168,
        228.66753176104206,
        229.31431572848135,
        229.7847040684372,
        230.01989823841512,
        230.31389095088755,
        230.54908512086547
    ],
    "R min": [
        0.0007148573604356292,
        0.001444756949563705,
        0.0014447569482150717,
        0.0014447569480181464,
        0.0014447569479962088,
        0.001444756947619386,
        0.0014447569476221194,
        0.0014447569476209593,
        0.0014447569475963542,
        0.0014447569476001756,
        0.0014447569475403727,
        0.001444756947577115,
        0.0014447569474830182,
        0.0014447569474491226,
        0.001444756947435578,
        0.0014447569474909318,
        0.0014447569474572099,
        0.0014447569479197127,
        0.0014447569479144598,
        0.0014447569480941995,
        0.0014447569480562552,
        0.0014447569480681354,
        0.0014447569480411262,
        0.001444756948350777,
        0.001444756947530406,
        0.001444756946181527,
        0.001444756946279043,
        0.001444756946384332,
        0.0014447569465717584,
        0.0014447569470152845,
        0.0014447569470763593,
        0.0014447569471246551,
        0.0014447569471796738,
        0.0014447569471889151,
        0.0014447569471618587,
        0.0014447569471792469
    ],
    "t max": [
        190.97766602207884,
        198.79787217384498,
        200.67942553366842,
        201.7377992985691,
        202.090590553536,
        206.1476899856553,
        206.3828841556332,
        206.55927978311666,
        206.73567541060007,
        206.85327249558907,
        208.14684043046768,
        209.32281128035734,
        209.6756025353242,
        210.381185045258,
        210.91037192770833,
        211.08676755519178,
        213.0271194575097,
        213.14471654249866,
        213.55630633996003,
        213.90909759492695,
        214.26188884989384,
        214.4382844773773,
        215.61425532726696,
        217.14301743212351,
        218.9657722494524,
        223.61085710651653,
        224.31643961645034,
        225.49241046633995,
        228.0207477936027,
        228.60873321854754,
        229.25551718598683,
        229.72590552594272,
        229.90230115342618,
        230.1374953234041,
        230.49028657837096
    ],
    "R max": [
        0.0014447569458552918,
        0.0014447569497071904,
        0.001444756948219111,
        0.0014447569480161542,
        0.0014447569480499178,
        0.0014447569476192773,
        0.0014447569476255231,
        0.0014447569476051848,
        0.0014447569476075666,
        0.0014447569476113275,
        0.0014447569476162827,
        0.0014447569475786446,
        0.0014447569474912477,
        0.0014447569475240615,
        0.0014447569474853447,
        0.0014447569474913685,
        0.0014447569479105447,
        0.001444756947916845,
        0.0014447569481633312,
        0.001444756948084779,
        0.0014447569480674916,
        0.0014447569480733604,
        0.0014447569485998117,
        0.0014447569483846353,
        0.0014447569475493265,
        0.0014447569463988364,
        0.0014447569463893434,
        0.0014447569465916084,
        0.001444756947035749,
        0.001444756947095294,
        0.0014447569471271202,
        0.001444756947180016,
        0.001444756947211421,
        0.001444756947193615,
        0.0014447569471759424
    ],
    "R end": 0.00144475694850828,
    "v end": 1.1207505807173808e-08,
    "t end": 293.992712472412,
    "v max": 232.7065416580461
}