{
    "star": "MS10",
    "grain": "sil",
    "stream": {
        "L4": 0.64,
        "eta": 0.0066,
        "vinf": 140.0,
        "n": 0.03981071705534985,
        "T": 8000.0,
        "kappa": 600.0,
        "cs": 10.19646997739904,
        "taustar": 0.00010147334058984604,
        "Rstar": 0.6329278778950114,
        "Qp": 2.0,
        "a": 0.002,
        "rho_d": 3.5,
        "kappa_d": 2142857.1428571427,
        "drag_constant": 0.0013933539952167406,
        "phi_norm": 0.7,
        "Rstarstar": 0.4587521865889212,
        "Upstarstar": 358.84635327164193,
        "R0": 0.05148356875935015
    },
    "R sonic drift": 0.4742747411323311,
    "w sonic drift": 7.745966692414831,
    "R critical": 1.0023744672545452,
    "w critical": 38.7741595142002,
    "R equilib drift": 0.5600590977648906,
    "w equilib drift": 140.0,
    "t min": [
        32806.44487339357,
        62777.437726227276,
        92642.43237268491,
        122878.42074145879
    ],
    "R min": [
        0.19115179491102355,
        0.4821368815550173,
        0.5414218035976814,
        0.5486501910133504
    ],
    "t max": [
        44651.744435919354,
        77219.69334496677,
        107694.17767808681
    ],
    "R max": [
        0.8321728344297669,
        0.5747801483495495,
        0.5523479397588718
    ],
    "R end": 0.5496221077818726,
    "v end": 0.09586249352198394,
    "t end": 132497.7579700871,
    "v max": 102.5578270294264
}