{
    "star": "MS20",
    "grain": "gra",
    "stream": {
        "L4": 5.45,
        "eta": 0.1199,
        "vinf": 60.0,
        "n": 316.2277660168418,
        "T": 9000.0,
        "kappa": 600.0,
        "cs": 10.814989597775858,
        "taustar": 0.061579620397037724,
        "Rstar": 0.04835476471528875,
        "Qp": 2.0,
        "a": 0.02,
        "rho_d": 2.2,
        "kappa_d": 340909.0909090908,
        "drag_constant": 79.5478390182229,
        "phi_norm": 1.5,
        "Rstarstar": 3.383713699494948,
        "Upstarstar": 0.00628552586935089,
        "R0": 0.019896955973478448
    },
    "R sonic drift": 0.0053214501195976175,
    "w sonic drift": 9.672835454459698,
    "R critical": 0.012619146889603867,
    "w critical": 48.41952977064848,
    "R equilib drift": 0.012619146889603867,
    "w equilib drift": 60.0,
    "t min": [
        796.4475828226937,
        1016.3725686718172,
        1107.9501653029981,
        1199.527761934179,
        1291.1053585653597,
        1383.3767248679887,
        1473.566782156273,
        1551.9627550299354,
        1614.4020254602858,
        1709.4484704487083,
        1811.4326121516142,
        1903.7039784542433,
        1991.8127267281823,
        2199.9436281626845,
        2467.7387213417433
    ],
    "R min": [
        0.005198900836252517,
        0.012165275247951223,
        0.012170053364670494,
        0.012170433409052139,
        0.012170464894518456,
        0.012170467497937367,
        0.012170467682728697,
        0.012170467700406352,
        0.012170467692254373,
        0.01217046769270285,
        0.012170467704304617,
        0.012170467666536823,
        0.012170467693025749,
        0.012170467704918426,
        0.012170467703199073
    ],
    "t max": [
        971.9713096991235,
        1062.8551366588558,
        1153.7389636185885,
        1245.3165602497693,
        1337.5879265523984,
        1429.8592928550274,
        1514.499192771725,
        1576.244693530627,
        1660.1908237758762,
        1767.0313531789202,
        1857.2214104672048,
        1945.3301587411438,
        2118.7725766032286,
        2263.076668264483
    ],
    "R max": [
        0.012185647992803817,
        0.012171885333560057,
        0.012170586583627236,
        0.012170477554623065,
        0.01217046848836575,
        0.012170467759689755,
        0.01217046771309279,
        0.012170467703599053,
        0.012170467712744052,
        0.012170467702493129,
        0.012170467846458748,
        0.01217046773056266,
        0.012170467706195733,
        0.012170467703984281
    ],
    "R end": 0.012170467946835658,
    "v end": 2.15121272455618e-07,
    "t end": 3468.848357241697,
    "v max": 214.33796634138903
}