{
    "star": "MS40",
    "grain": "gra",
    "stream": {
        "L4": 22.2,
        "eta": 0.4468,
        "vinf": 250.0,
        "n": 1258.9254117941816,
        "T": 10000.0,
        "kappa": 600.0,
        "cs": 11.4,
        "taustar": 0.05951500647701446,
        "Rstar": 0.011738936469238662,
        "Qp": 2.0,
        "a": 0.02,
        "rho_d": 2.2,
        "kappa_d": 340909.0909090908,
        "drag_constant": 4.755402872260752,
        "phi_norm": 1.5,
        "Rstarstar": 0.7939123636363636,
        "Upstarstar": 0.105143562686687,
        "R0": 0.008544390175905482
    },
    "R sonic drift": 0.0053214501195976175,
    "w sonic drift": 8.6559494714014,
    "R critical": 0.011913242870580215,
    "w critical": 48.41952977064848,
    "R equilib drift": 0.00612965466767288,
    "w equilib drift": 250.0,
    "t min": [
        189.81538210826568,
        463.8821531172177,
        517.663178047893,
        549.6320845082325,
        554.6272261426604,
        635.2155111780996
    ],
    "R min": [
        0.004932062398334123,
        0.006026022402088935,
        0.006026022406247061,
        0.006026022422982747,
        0.0060260224215148,
        0.006026022413993246
    ],
    "t max": [
        458.5540020404944,
        495.8510595775571,
        542.8053909411808,
        550.1315986716752,
        566.116051901845
    ],
    "R max": [
        0.006026022400459532,
        0.0060260224201960704,
        0.006026022425474296,
        0.006026022423033656,
        0.006026022421901172
    ],
    "R end": 0.006026022418116552,
    "v end": 1.5400246570369906e-08,
    "t end": 832.5236057380073,
    "v max": 96.70834604576228
}