{
    "star": "MS20",
    "grain": "gra",
    "stream": {
        "L4": 5.45,
        "eta": 0.1199,
        "vinf": 50.0,
        "n": 0.001584893192461114,
        "T": 9000.0,
        "kappa": 600.0,
        "cs": 10.814989597775858,
        "taustar": 0.00016543151746543396,
        "Rstar": 25.91913600076795,
        "Qp": 2.0,
        "a": 0.02,
        "rho_d": 2.2,
        "kappa_d": 340909.0909090908,
        "drag_constant": 0.0008267103415460328,
        "phi_norm": 1.5,
        "Rstarstar": 4.872547727272727,
        "Upstarstar": 604.8067562151803,
        "R0": 8.97919882399449
    },
    "R sonic drift": 2.3770044548740383,
    "w sonic drift": 9.672835454459698,
    "R critical": 5.636765862528911,
    "w critical": 48.41952977064848,
    "R equilib drift": 5.636765862528911,
    "w equilib drift": 50.0,
    "t min": [
        458149.55002619955,
        1755992.0253439238
    ],
    "R min": [
        1.3306818652102714,
        1.3306165402692907
    ],
    "t max": [
        1121573.8984407613
    ],
    "R max": [
        22.470064955160705
    ],
    "R end": 7.1154499371401085,
    "v end": 60.32284161602015,
    "t end": 1859373.1738076282,
    "v max": 64.32941436470752
}