{
    "star": "MS40",
    "grain": "gra",
    "stream": {
        "L4": 22.2,
        "eta": 0.4468,
        "vinf": 100.0,
        "n": 15.848931924611271,
        "T": 10000.0,
        "kappa": 600.0,
        "cs": 11.4,
        "taustar": 0.01669423389377775,
        "Rstar": 0.2615584535225352,
        "Qp": 2.0,
        "a": 0.02,
        "rho_d": 2.2,
        "kappa_d": 340909.0909090908,
        "drag_constant": 2.33855371844063,
        "phi_norm": 1.5,
        "Rstarstar": 4.961952272727271,
        "Upstarstar": 0.21380736138633774,
        "R0": 0.17920401971799016
    },
    "R sonic drift": 0.047427474113233115,
    "w sonic drift": 8.6559494714014,
    "R critical": 0.1061768888461977,
    "w critical": 48.41952977064848,
    "R equilib drift": 0.09432553263076297,
    "w equilib drift": 100.0,
    "t min": [
        4262.717869413642,
        13155.437393334007,
        14884.268139327705,
        16234.685288558832,
        17399.605576631835,
        17533.163316665683
    ],
    "R min": [
        0.043295736955084575,
        0.09115800049204567,
        0.09115800071178055,
        0.09115800082216967,
        0.09115800072615889,
        0.09115800072973433
    ],
    "t max": [
        12643.466056537593,
        14138.570757472053,
        15492.697843926342,
        16780.046060363708,
        17522.033504996198
    ],
    "R max": [
        0.09115800053681289,
        0.09115800087590183,
        0.09115800088465065,
        0.09115800106810476,
        0.0911580007291929
    ],
    "R end": 0.09115800100394214,
    "v end": 1.6545450524699774e-07,
    "t end": 18549.686115812194,
    "v max": 181.24432637928106
}