{
    "star": "MS20",
    "grain": "gra",
    "stream": {
        "L4": 5.45,
        "eta": 0.1199,
        "vinf": 50.0,
        "n": 7.943282347242878,
        "T": 9000.0,
        "kappa": 600.0,
        "cs": 10.814989597775858,
        "taustar": 0.011711654539392529,
        "Rstar": 0.3661175272526785,
        "Qp": 2.0,
        "a": 0.02,
        "rho_d": 2.2,
        "kappa_d": 340909.0909090908,
        "drag_constant": 4.143366690905167,
        "phi_norm": 1.5,
        "Rstarstar": 4.872547727272726,
        "Upstarstar": 0.12067481285147108,
        "R0": 0.13111577175984565
    },
    "R sonic drift": 0.033576080362451216,
    "w sonic drift": 9.672835454459698,
    "R critical": 0.07962143411069948,
    "w critical": 48.41952977064848,
    "R equilib drift": 0.07962143411069948,
    "w equilib drift": 50.0,
    "t min": [
        6077.5692420201285,
        8026.38357978112,
        9969.945048707177,
        11918.75938646817,
        13862.320855394224,
        15811.135193155216,
        17754.69666208127,
        19703.510999842267,
        21647.07246876832,
        23595.886806529314,
        25544.701144290306
    ],
    "R min": [
        0.03193068534107395,
        0.03191854546992789,
        0.031939439255737105,
        0.03191987637612091,
        0.031950446455015574,
        0.03192363035396328,
        0.0319636100848539,
        0.03192977054378882,
        0.0319788085108701,
        0.031938244424256315,
        0.03191958264838175
    ],
    "t max": [
        6881.258173765228,
        8824.819642691284,
        10773.633980452276,
        12717.195449378332,
        14666.009787139323,
        16614.824124900315,
        18558.385593826373,
        20507.199931587365,
        22450.76140051342,
        24399.575738274412
    ],
    "R max": [
        0.08209385178587925,
        0.08209292872983319,
        0.0820937285203085,
        0.08209254113036295,
        0.08209354060291481,
        0.0820939130428483,
        0.08209328811692301,
        0.08209386255762101,
        0.08209297198113892,
        0.08209374706433328
    ],
    "R end": 0.08171271865393115,
    "v end": 8.552835218401139,
    "t end": 26264.34417467644,
    "v max": 166.32110490754025
}