{
    "star": "MS10",
    "grain": "sil",
    "stream": {
        "L4": 0.64,
        "eta": 0.0066,
        "vinf": 70.0,
        "n": 5.011872336272761,
        "T": 8000.0,
        "kappa": 600.0,
        "cs": 10.19646997739904,
        "taustar": 0.00227709921522952,
        "Rstar": 0.11281951298898568,
        "Qp": 2.0,
        "a": 0.02,
        "rho_d": 3.5,
        "kappa_d": 214285.71428571426,
        "drag_constant": 0.02806606003525265,
        "phi_norm": 0.7,
        "Rstarstar": 0.1835008746355685,
        "Upstarstar": 17.815111895719248,
        "R0": 0.009425951204598472
    },
    "R sonic drift": 0.04226978079673296,
    "w sonic drift": 7.745966692414831,
    "R critical": 0.08933671843019271,
    "w critical": 38.7741595142002,
    "R equilib drift": 0.08136516425765311,
    "w equilib drift": 70.0,
    "t min": [
        5687.154252564625,
        10736.629249235375,
        16116.75274896221,
        21558.282399256597
    ],
    "R min": [
        0.02807049015131557,
        0.07031744992429631,
        0.07803303674823785,
        0.07881138096875653
    ],
    "t max": [
        7746.622071599654,
        13362.923073509402,
        18832.794024065744
    ],
    "R max": [
        0.10625322842063496,
        0.08167717829968542,
        0.07916669112372504
    ],
    "R end": 0.07891221424318201,
    "v end": 0.031362176331284415,
    "t end": 23617.750218291632,
    "v max": 75.6124102384844
}