{
    "star": "MS10",
    "grain": "sil",
    "stream": {
        "L4": 0.64,
        "eta": 0.0066,
        "vinf": 70.0,
        "n": 15.848931924611271,
        "T": 8000.0,
        "kappa": 600.0,
        "cs": 10.19646997739904,
        "taustar": 0.004049318649058446,
        "Rstar": 0.06344307444155597,
        "Qp": 2.0,
        "a": 0.002,
        "rho_d": 3.5,
        "kappa_d": 2142857.1428571427,
        "drag_constant": 8.875267465842413,
        "phi_norm": 0.7,
        "Rstarstar": 1.8350087463556846,
        "Upstarstar": 0.056336330361232874,
        "R0": 0.005417346207228787
    },
    "R sonic drift": 0.02377004454874038,
    "w sonic drift": 7.745966692414831,
    "R critical": 0.05023772863019165,
    "w critical": 38.7741595142002,
    "R equilib drift": 0.04575499429297907,
    "w equilib drift": 70.0,
    "t min": [
        3073.2782315648938,
        9092.3348199193,
        9652.803019452744,
        10053.89637551696,
        10577.177111574249,
        11528.113677607294,
        12776.549951449559
    ],
    "R min": [
        0.02144714130547422,
        0.04436647221304042,
        0.04436647226007759,
        0.04436647221879613,
        0.04436647225748985,
        0.04436647212276629,
        0.04436647219201945
    ],
    "t max": [
        8821.397586021618,
        9480.146939027749,
        9721.865451622742,
        10308.89612506772,
        11073.895373720003,
        11892.019570195358
    ],
    "R max": [
        0.04436647224272393,
        0.044366472290281005,
        0.04436647226150511,
        0.04436647224755238,
        0.04436647235218811,
        0.04436647220109218
    ],
    "R end": 0.044366472297929026,
    "v end": 2.2327961410450825e-07,
    "t end": 13281.236955768773,
    "v max": 96.22170312914615
}