{
    "star": "MS10",
    "grain": "gra",
    "stream": {
        "L4": 0.64,
        "eta": 0.0066,
        "vinf": 100.0,
        "n": 3981.0717055350265,
        "T": 8000.0,
        "kappa": 600.0,
        "cs": 10.19646997739904,
        "taustar": 0.044924162926990065,
        "Rstar": 0.00280209116427123,
        "Qp": 2.0,
        "a": 0.02,
        "rho_d": 2.2,
        "kappa_d": 340909.0909090908,
        "drag_constant": 13.54766150274843,
        "phi_norm": 1.0,
        "Rstarstar": 0.14304727272727272,
        "Upstarstar": 0.03690673847280318,
        "R0": 0.00038486437769832586
    },
    "R sonic drift": 0.0009463025179229607,
    "w sonic drift": 7.745966692414831,
    "R critical": 0.00211850745035458,
    "w critical": 43.32928075712418,
    "R equilib drift": 0.0016773715251824017,
    "w equilib drift": 100.0,
    "t min": [
        84.90435728320917,
        327.03352264796695
    ],
    "R min": [
        0.000872477251336012,
        0.0016179047988051519
    ],
    "t max": [
        292.1686993869456
    ],
    "R max": [
        0.0016179048011970086
    ],
    "R end": 0.001617904803210603,
    "v end": 1.4456720692199066e-07,
    "t end": 370.11489661381506,
    "v max": 125.61484405895314
}