{
    "star": "MS20",
    "grain": "gra",
    "stream": {
        "L4": 5.45,
        "eta": 0.1199,
        "vinf": 60.0,
        "n": 1.995262314968893,
        "T": 9000.0,
        "kappa": 600.0,
        "cs": 10.814989597775858,
        "taustar": 0.00489144311649702,
        "Rstar": 0.6087504208140513,
        "Qp": 2.0,
        "a": 0.02,
        "rho_d": 2.2,
        "kappa_d": 340909.0909090908,
        "drag_constant": 0.5019129326607554,
        "phi_norm": 1.5,
        "Rstarstar": 3.3837136994949484,
        "Upstarstar": 0.99618871613725,
        "R0": 0.2137829651326352
    },
    "R sonic drift": 0.0669930878315656,
    "w sonic drift": 9.672835454459698,
    "R critical": 0.15886564694485644,
    "w critical": 48.41952977064848,
    "R equilib drift": 0.15886564694485644,
    "w equilib drift": 60.0,
    "t min": [
        10122.755481400325,
        14262.691717969568,
        18402.627954538813,
        22542.564191108057,
        26682.500427677303,
        30822.436664246543,
        34962.37290081579,
        39102.30913738503,
        43242.245373954276
    ],
    "R min": [
        0.06144269581553822,
        0.06144042674294061,
        0.061438354814165645,
        0.061436475756397005,
        0.061434789263489394,
        0.06143329988847253,
        0.061431995068064967,
        0.061430887189794565,
        0.06142997538950967
    ],
    "t max": [
        11878.298062730322,
        16018.234299299565,
        20158.17053586881,
        24298.106772438052,
        28438.0430090073,
        32577.97924557654,
        36717.915482145785,
        40857.85171871503
    ],
    "R max": [
        0.17043294737668663,
        0.170433072574521,
        0.1704331948072457,
        0.17043330710844398,
        0.17043341805641166,
        0.17043351763585643,
        0.17043361911270513,
        0.17043370750462672
    ],
    "R end": 0.11106137718010521,
    "v end": 121.68561578648286,
    "t end": 43670.2134659203,
    "v max": 141.56339408105742
}