{
    "star": "MS10",
    "grain": "sil",
    "stream": {
        "L4": 0.64,
        "eta": 0.0066,
        "vinf": 20.0,
        "n": 2511.886431509613,
        "T": 8000.0,
        "kappa": 600.0,
        "cs": 10.19646997739904,
        "taustar": 0.1784226551713101,
        "Rstar": 0.017638118864324783,
        "Qp": 2.0,
        "a": 0.002,
        "rho_d": 3.5,
        "kappa_d": 2142857.1428571427,
        "drag_constant": 211083.17951195373,
        "phi_norm": 0.7,
        "Rstarstar": 22.47885714285714,
        "Upstarstar": 2.3687344541429217e-06,
        "R0": 0.006241835147640289
    },
    "R sonic drift": 0.0018881217525718475,
    "w sonic drift": 7.745966692414831,
    "R critical": 0.003990524629937758,
    "w critical": 38.7741595142002,
    "R equilib drift": 0.0025178508235883354,
    "w equilib drift": 20.0,
    "t min": [
        886.9100428120007,
        1054.5441641428285,
        1222.1782854736564,
        1389.8124068044842,
        1557.4465281353116,
        1725.0806494661394,
        1892.7147707969673,
        2060.3488921277954,
        2227.9830134586227,
        2395.6171347894506,
        2563.2512561202784,
        2730.8853774511063,
        2898.519498781934,
        3066.153620112762,
        3233.7877414435893,
        3401.421862774417,
        3569.055984105245
    ],
    "R min": [
        0.001792680755355894,
        0.0017928757906402711,
        0.0017930716196146272,
        0.00179326813897683,
        0.001793465506715846,
        0.0017936633008417582,
        0.001793861655527638,
        0.0017940605577674866,
        0.0017942599276813654,
        0.0017944598413551934,
        0.00179466022195627,
        0.0017948610385198952,
        0.0017950623663164726,
        0.0017952640567337212,
        0.0017954661395224876,
        0.0017956686442065718,
        0.0017958715333174825
    ],
    "t max": [
        919.4030002505751,
        1087.0371215814032,
        1254.6712429122306,
        1422.3053642430584,
        1589.9394855738863,
        1757.573606904714,
        1925.207728235542,
        2092.8418495663695,
        2260.4759708971974,
        2428.110092228025,
        2595.744213558853,
        2763.378334889681,
        2931.0124562205083,
        3098.646577551336,
        3266.280698882164,
        3433.914820212992,
        3601.5489415438196
    ],
    "R max": [
        0.004003998129552584,
        0.004003596736662303,
        0.004003188904108161,
        0.004002775201629165,
        0.004002355493597097,
        0.004001930860487419,
        0.004001501237838174,
        0.0040010668373956825,
        0.004000627993777672,
        0.004000184659093174,
        0.0039997371688526755,
        0.003999285646886653,
        0.0039988301128148366,
        0.003998371033712167,
        0.003997908394175029,
        0.003997442170035845,
        0.003996972637756842
    ],
    "R end": 0.0024276926174735835,
    "v end": -15.728474890984902,
    "t end": 3692.3815271107437,
    "v max": 153.77328002738813
}