{
    "star": "MS10",
    "grain": "gra",
    "stream": {
        "L4": 0.64,
        "eta": 0.0066,
        "vinf": 60.0,
        "n": 25.118864315096026,
        "T": 8000.0,
        "kappa": 600.0,
        "cs": 10.19646997739904,
        "taustar": 0.005947421839043659,
        "Rstar": 0.05879372954774939,
        "Qp": 2.0,
        "a": 0.2,
        "rho_d": 2.2,
        "kappa_d": 34090.90909090909,
        "drag_constant": 0.006595676331551431,
        "phi_norm": 1.0,
        "Rstarstar": 0.03973535353535354,
        "Upstarstar": 75.80723717568931,
        "R0": 0.005138683520438362
    },
    "R sonic drift": 0.011913242870580215,
    "w sonic drift": 7.745966692414831,
    "R critical": 0.026670428643266485,
    "w critical": 43.32928075712418,
    "R equilib drift": 0.026670428643266485,
    "w equilib drift": 60.0,
    "t min": [
        1883.97923329681,
        4358.158061525844,
        6832.336889754878
    ],
    "R min": [
        0.00742549845933277,
        0.007425492420811508,
        0.007425486536792954
    ],
    "t max": [
        3065.9315799900273,
        5540.11040821906
    ],
    "R max": [
        0.05286923414191052,
        0.0528692308269108
    ],
    "R end": 0.05116260963154877,
    "v end": 13.788919865229198,
    "t end": 7765.784143845053,
    "v max": 76.1218238634463
}