{
    "star": "MS20",
    "grain": "gra",
    "stream": {
        "L4": 5.45,
        "eta": 0.1199,
        "vinf": 70.0,
        "n": 0.012589254117941701,
        "T": 9000.0,
        "kappa": 600.0,
        "cs": 10.814989597775858,
        "taustar": 0.00033303526079839777,
        "Rstar": 6.568897493170319,
        "Qp": 2.0,
        "a": 0.02,
        "rho_d": 2.2,
        "kappa_d": 340909.0909090908,
        "drag_constant": 0.0017093902702742846,
        "phi_norm": 1.5,
        "Rstarstar": 2.485993738404452,
        "Upstarstar": 292.5019573907901,
        "R0": 2.276772979067437
    },
    "R sonic drift": 0.8433930068571646,
    "w sonic drift": 9.672835454459698,
    "R critical": 2.0000000000000004,
    "w critical": 48.41952977064848,
    "R equilib drift": 1.9294721107744013,
    "w equilib drift": 70.0,
    "t min": [
        114321.87052112028,
        293862.8130955095
    ],
    "R min": [
        0.5264021874160271,
        0.5264249897006846
    ],
    "t max": [
        200463.82407124716,
        380004.76664563635
    ],
    "R max": [
        4.3665963912561505,
        4.366595278884422
    ],
    "R end": 0.5754226357803816,
    "v end": -40.630442756956235,
    "t end": 471236.06974905304,
    "v max": 87.56457485322315
}