{
    "star": "MS10",
    "grain": "sil",
    "stream": {
        "L4": 0.64,
        "eta": 0.0066,
        "vinf": 90.0,
        "n": 25.118864315096026,
        "T": 8000.0,
        "kappa": 600.0,
        "cs": 10.19646997739904,
        "taustar": 0.003964947892695772,
        "Rstar": 0.03919581969849959,
        "Qp": 2.0,
        "a": 0.002,
        "rho_d": 3.5,
        "kappa_d": 2142857.1428571427,
        "drag_constant": 5.147585539081311,
        "phi_norm": 0.7,
        "Rstarstar": 1.1100670194003528,
        "Upstarstar": 0.09713291721019854,
        "R0": 0.003343427849585369
    },
    "R sonic drift": 0.018881217525718474,
    "w sonic drift": 7.745966692414831,
    "R critical": 0.039905246299377625,
    "w critical": 38.7741595142002,
    "R equilib drift": 0.0314172849348894,
    "w equilib drift": 90.0,
    "t min": [
        1893.7814587936882,
        7808.156135996854
    ],
    "R min": [
        0.01692275847703974,
        0.03030352315145425
    ],
    "t max": [
        7125.475818095489,
        7996.877858493624
    ],
    "R max": [
        0.030303523252083846,
        0.030303523144132212
    ],
    "R end": 0.030303523119746847,
    "v end": -9.282695547765808e-08,
    "t end": 8205.29228246832,
    "v max": 84.21336364083878
}