{
    "star": "MS10",
    "grain": "gra",
    "stream": {
        "L4": 0.64,
        "eta": 0.0066,
        "vinf": 300.0,
        "n": 39810.717055350346,
        "T": 8000.0,
        "kappa": 600.0,
        "cs": 10.19646997739904,
        "taustar": 0.04735422560859511,
        "Rstar": 0.0002953663430176702,
        "Qp": 2.0,
        "a": 0.02,
        "rho_d": 2.2,
        "kappa_d": 340909.0909090908,
        "drag_constant": 1.672550802808451,
        "phi_norm": 1.0,
        "Rstarstar": 0.01589414141414141,
        "Upstarstar": 0.29894458162970533,
        "R0": 4.1621772902317993e-05
    },
    "R sonic drift": 0.0002992471312188866,
    "w sonic drift": 7.745966692414831,
    "R critical": 0.0006699308783156552,
    "w critical": 43.32928075712418,
    "R equilib drift": 0.00025178508235883354,
    "w equilib drift": 300.0,
    "t min": [
        18.39878340872628,
        19.818876106091924,
        19.943719420146046,
        20.287038533794885,
        36.13433671154004
    ],
    "R min": [
        0.00024357181864544399,
        0.00024357181860466272,
        0.00024357181862827762,
        0.00024357181867033567,
        0.00024357181783670606
    ],
    "t max": [
        18.843537715044096,
        19.9203112987609,
        20.060760027071787,
        21.285785046227865
    ],
    "R max": [
        0.00024357181880438672,
        0.00024357181862686588,
        0.00024357181866733872,
        0.00024357181880385714
    ],
    "R end": 0.00024357181807380243,
    "v end": 2.688807982113766e-08,
    "t end": 39.01353564191324,
    "v max": 1.3971595353013364e-06
}