{
    "star": "MS40",
    "grain": "gra",
    "stream": {
        "L4": 22.2,
        "eta": 0.4468,
        "vinf": 10.0,
        "n": 0.0019952623149688807,
        "T": 10000.0,
        "kappa": 600.0,
        "cs": 11.4,
        "taustar": 0.0018731238509251884,
        "Rstar": 233.11421707877213,
        "Qp": 2.0,
        "a": 0.02,
        "rho_d": 2.2,
        "kappa_d": 340909.0909090908,
        "drag_constant": 2.944064702990629,
        "phi_norm": 1.5,
        "Rstarstar": 496.19522727272704,
        "Upstarstar": 0.1698332239410676,
        "R0": 156.2574832165698
    },
    "R sonic drift": 4.226978079673296,
    "w sonic drift": 8.6559494714014,
    "R critical": 9.463025179229607,
    "w critical": 48.41952977064848,
    "R equilib drift": 4.226978079673296,
    "w equilib drift": 10.0,
    "t min": [
        4523271.521807213,
        4873758.935046661,
        5220939.863255548,
        5432554.905211441,
        5488765.150730975,
        5832639.593909302,
        6229417.797576601,
        6431113.38444081,
        7105636.330675221,
        7502414.53434252,
        8266212.576402072,
        9271384.025692564,
        11986008.235783003
    ],
    "R min": [
        4.04530524616092,
        4.046695190945543,
        4.046698266002132,
        4.046698274478455,
        4.046698274758003,
        4.0466982667448965,
        4.046698270764325,
        4.0466982744440365,
        4.046698266876307,
        4.046698275115976,
        4.046698262635103,
        4.046698273064308,
        4.0466982755874685
    ],
    "t max": [
        4698515.228426937,
        5049002.641666385,
        5422635.450119759,
        5449087.330364246,
        5594572.671708922,
        6044254.635865194,
        6335225.318554548,
        6685712.731793996,
        7366848.648089526,
        7819837.09727636,
        8679523.205222175,
        10527848.337305678,
        12597707.966436757
    ],
    "R max": [
        4.046764485969178,
        4.046698418801917,
        4.046698274378776,
        4.046698274600833,
        4.046698276277718,
        4.0466982805536755,
        4.046698275877309,
        4.0466982821441375,
        4.046698279031303,
        4.0466982846215185,
        4.046698279238418,
        4.04669827968222,
        4.04669827500147
    ],
    "R end": 4.046698273675165,
    "v end": -5.980987245076732e-11,
    "t end": 16532425.152804144,
    "v max": 0.015738079521219833
}