{
    "star": "MS40",
    "grain": "gra",
    "stream": {
        "L4": 22.2,
        "eta": 0.4468,
        "vinf": 70.0,
        "n": 1000.0000000000123,
        "T": 10000.0,
        "kappa": 600.0,
        "cs": 11.4,
        "taustar": 0.18943859055598244,
        "Rstar": 0.047040369115586074,
        "Qp": 2.0,
        "a": 0.02,
        "rho_d": 2.2,
        "kappa_d": 340909.0909090908,
        "drag_constant": 614.5471237449343,
        "phi_norm": 1.5,
        "Rstarstar": 10.126433209647487,
        "Upstarstar": 0.0008136072575738286,
        "R0": 0.039972261573957876
    },
    "R sonic drift": 0.005970765237835921,
    "w sonic drift": 8.6559494714014,
    "R critical": 0.0133668783513723,
    "w critical": 48.41952977064848,
    "R equilib drift": 0.0133668783513723,
    "w equilib drift": 70.0,
    "t min": [
        766.6348355877036,
        1479.8921369308325,
        1513.2530958336918,
        1597.3227122688968,
        1641.3591780206712,
        1698.0728081555314,
        1725.428794455876,
        1741.4420547292484,
        1797.4884656860518,
        1835.5199588353114,
        1837.521616369483,
        1845.5282465061691,
        1853.5348766428554,
        1860.2070684234272,
        1864.8776026698274,
        1867.546479382056,
        1878.2219862309712,
        1882.8925204773714,
        1898.9057807507438,
        1989.6475889665207,
        2005.6608492398932,
        2010.3313834862934,
        2015.0019177326935,
        2028.3463012938373,
        2041.023465676924,
        2045.693999923324,
        2059.038383484468,
        2260.538575257737,
        2312.5816711461976,
        2335.934342378199,
        2418.6695204572893,
        2518.08517798781,
        2682.888314967934,
        2829.6765341405144,
        2865.7063697556027,
        2882.386849207032,
        2945.1054519444074,
        3063.8704656385858
    ],
    "R min": [
        0.005650676316767744,
        0.012954034548235908,
        0.012954034544388572,
        0.012954034533332756,
        0.01295403454009012,
        0.012954034542427911,
        0.012954034543830505,
        0.01295403454317947,
        0.012954034539731133,
        0.012954034544610903,
        0.012954034544577806,
        0.012954034545261759,
        0.012954034544890471,
        0.01295403454552784,
        0.012954034545679735,
        0.012954034545738362,
        0.0129540345449912,
        0.012954034544893009,
        0.0129540345411144,
        0.01295403454943041,
        0.012954034547748215,
        0.0129540345477272,
        0.012954034547519706,
        0.01295403454578919,
        0.012954034544940549,
        0.012954034544688558,
        0.012954034543302816,
        0.012954034533409492,
        0.012954034539162784,
        0.012954034535760247,
        0.01295403454120585,
        0.012954034543606729,
        0.012954034542147996,
        0.012954034536744076,
        0.012954034542084651,
        0.012954034542000038,
        0.012954034539649687,
        0.012954034538582182
    ],
    "t max": [
        1449.8672739182596,
        1481.8937944650042,
        1520.5925067923208,
        1640.6919588426138,
        1669.3823834990726,
        1715.4205067850185,
        1734.1026437706196,
        1761.458630070964,
        1828.1805478766823,
        1836.1871780133686,
        1844.8610273281117,
        1846.8626848622835,
        1859.53984924537,
        1863.543164313713,
        1866.2120410259417,
        1868.2136985601135,
        1878.8892054090284,
        1883.5597396554285,
        1953.6177533514326,
        1990.9820273226348,
        2008.3297259521219,
        2010.9986026643505,
        2015.6691369107507,
        2031.6823971841231,
        2041.6906848549809,
        2047.0284382794384,
        2122.4242053999,
        2305.9094793656254,
        2324.591616351227,
        2387.310219088602,
        2465.3748629212923,
        2589.4776300399285,
        2744.9396985272524,
        2863.704712221431,
        2876.3818766045174,
        2923.754438246577,
        2970.45978071058
    ],
    "R max": [
        0.012954034551163129,
        0.012954034548276412,
        0.012954034544648746,
        0.012954034540112154,
        0.012954034547295521,
        0.012954034545349366,
        0.012954034543915378,
        0.012954034545501104,
        0.012954034545148969,
        0.012954034544618546,
        0.012954034545274487,
        0.012954034545274933,
        0.012954034545529363,
        0.012954034545727161,
        0.01295403454575489,
        0.012954034545723624,
        0.012954034545011131,
        0.01295403454490582,
        0.012954034562667407,
        0.012954034549488241,
        0.012954034547822436,
        0.012954034547763402,
        0.012954034547524813,
        0.012954034545971051,
        0.012954034544959893,
        0.012954034544712714,
        0.012954034551740276,
        0.012954034539579287,
        0.01295403454113202,
        0.012954034554858145,
        0.012954034552867465,
        0.012954034545631118,
        0.012954034549050775,
        0.012954034542171327,
        0.012954034542494166,
        0.012954034541906552,
        0.01295403454126865
    ],
    "R end": 0.012954034551110776,
    "v end": 5.7036429476171195e-08,
    "t end": 3336.095890285917,
    "v max": 246.30978628380228
}