{
    "star": "MS20",
    "grain": "gra",
    "stream": {
        "L4": 5.45,
        "eta": 0.1199,
        "vinf": 30.0,
        "n": 199.52623149688992,
        "T": 9000.0,
        "kappa": 600.0,
        "cs": 10.814989597775858,
        "taustar": 0.09782886232994054,
        "Rstar": 0.12175008416281008,
        "Qp": 2.0,
        "a": 0.02,
        "rho_d": 2.2,
        "kappa_d": 340909.0909090908,
        "drag_constant": 803.0606922572111,
        "phi_norm": 1.5,
        "Rstarstar": 13.534854797979794,
        "Upstarstar": 0.0006226179475857794,
        "R0": 0.05507057147780258
    },
    "R sonic drift": 0.00669930878315656,
    "w sonic drift": 9.672835454459698,
    "R critical": 0.015886564694485638,
    "w critical": 48.41952977064848,
    "R equilib drift": 0.011913242870580215,
    "w equilib drift": 30.0,
    "t min": [
        2043.7659902050698,
        2503.1766358665514,
        2964.33409006667,
        3425.491544266788,
        3884.9021899282698,
        4346.059644128388,
        4807.217098328506,
        5266.627743989988,
        5727.785198190106,
        6188.942652390224,
        6648.353298051706,
        7109.510752251824,
        7570.668206451943,
        8030.078852113424,
        8491.236306313542
    ],
    "R min": [
        0.006567627069063542,
        0.0065879286053109705,
        0.006577437399472819,
        0.006568366518355432,
        0.006589364456730494,
        0.00657880355512499,
        0.006569323076671777,
        0.006590805673928989,
        0.006580183304405383,
        0.006570417217026589,
        0.006592251897910589,
        0.006581575133052104,
        0.006571600079640574,
        0.006593703399732965,
        0.00658297754251949
    ],
    "t max": [
        2153.814928139189,
        2614.9723823393074,
        3074.3830280007887,
        3535.5404822009073,
        3996.697936401025,
        4456.108582062507,
        4917.266036262626,
        5378.423490462744,
        5837.834136124225,
        6298.991590324344,
        6760.149044524462,
        7219.5596901859435,
        7680.717144386061,
        8141.87459858618,
        8603.032052786297
    ],
    "R max": [
        0.01595085405743765,
        0.015954450398436175,
        0.015944200224797676,
        0.01595019125133643,
        0.015954132840246504,
        0.01594327934392083,
        0.015949492839590927,
        0.015953758551072988,
        0.015942333687199016,
        0.015948760565201427,
        0.01595333165834584,
        0.015941363666881796,
        0.015947995563315335,
        0.015952855504971233,
        0.015955036010451014
    ],
    "R end": 0.01222491613097755,
    "v end": -27.44993042972944,
    "t end": 8734.04269318406,
    "v max": 229.2426144922684
}