{
    "star": "MS10",
    "grain": "gra",
    "stream": {
        "L4": 0.64,
        "eta": 0.0066,
        "vinf": 30.0,
        "n": 12.589254117941765,
        "T": 8000.0,
        "kappa": 600.0,
        "cs": 10.19646997739904,
        "taustar": 0.008420904437810222,
        "Rstar": 0.16609670074918453,
        "Qp": 2.0,
        "a": 0.2,
        "rho_d": 2.2,
        "kappa_d": 34090.90909090909,
        "drag_constant": 0.05289070039217812,
        "phi_norm": 1.0,
        "Rstarstar": 0.15894141414141413,
        "Upstarstar": 9.453457721160065,
        "R0": 0.014963570407934786
    },
    "R sonic drift": 0.016827902832903904,
    "w sonic drift": 7.745966692414831,
    "R critical": 0.03767298178979601,
    "w critical": 43.32928075712418,
    "R equilib drift": 0.030587750842292826,
    "w equilib drift": 30.0,
    "t min": [
        5317.995015976021,
        11460.893549281654,
        17599.404297920642
    ],
    "R min": [
        0.012775937453262425,
        0.012774100091854139,
        0.0127745315213133
    ],
    "t max": [
        8020.8703706305005,
        14163.768903936134,
        20302.279652575122
    ],
    "R max": [
        0.10239471684457292,
        0.10239495822907921,
        0.10239489507524506
    ],
    "R end": 0.06175838247221646,
    "v end": -29.184089348634316,
    "t end": 21938.92333323441,
    "v max": 59.782480065490574
}