{
    "star": "MS10",
    "grain": "gra",
    "stream": {
        "L4": 0.64,
        "eta": 0.0066,
        "vinf": 170.0,
        "n": 0.006309573444801942,
        "T": 8000.0,
        "kappa": 600.0,
        "cs": 10.19646997739904,
        "taustar": 3.326833547786405e-05,
        "Rstar": 1.3092824282659328,
        "Qp": 2.0,
        "a": 0.2,
        "rho_d": 2.2,
        "kappa_d": 34090.90909090909,
        "drag_constant": 2.5708021323347692e-08,
        "phi_norm": 1.0,
        "Rstarstar": 0.004949732620320855,
        "Upstarstar": 19449182.561005052,
        "R0": 0.10641017374502415
    },
    "R sonic drift": 0.7516748085768887,
    "w sonic drift": 7.745966692414831,
    "R critical": 1.6827902832903914,
    "w critical": 43.32928075712418,
    "R equilib drift": 0.9141736273891341,
    "w equilib drift": 170.0,
    "t min": [
        43303.397178289386
    ],
    "R min": [
        0.005609429247054324
    ],
    "t max": [],
    "R max": [],
    "R end": 21.381454446562927,
    "v end": 154.61378635969774,
    "t end": 172936.8896896541,
    "v max": 168.71874605864605
}