{
    "star": "MS10",
    "grain": "sil",
    "stream": {
        "L4": 0.64,
        "eta": 0.0066,
        "vinf": 80.0,
        "n": 0.12589254117941726,
        "T": 8000.0,
        "kappa": 600.0,
        "cs": 10.19646997739904,
        "taustar": 0.0003157839164178828,
        "Rstar": 0.622862627809443,
        "Qp": 2.0,
        "a": 0.02,
        "rho_d": 3.5,
        "kappa_d": 214285.71428571426,
        "drag_constant": 0.0004132507609564221,
        "phi_norm": 0.7,
        "Rstarstar": 0.1404928571428571,
        "Upstarstar": 1209.9191271730672,
        "R0": 0.05079866627461454
    },
    "R sonic drift": 0.26670428643266486,
    "w sonic drift": 7.745966692414831,
    "R critical": 0.5636765862528911,
    "w critical": 38.7741595142002,
    "R equilib drift": 0.47321075206507085,
    "w equilib drift": 80.0,
    "t min": [
        32780.21906448545
    ],
    "R min": [
        0.07846378798012077
    ],
    "t max": [
        76408.94340409098
    ],
    "R max": [
        1.6169710359918779
    ],
    "R end": 0.38667175918020075,
    "v end": -33.64497567216607,
    "t end": 130390.68840288564,
    "v max": 76.54151938782526
}