{
    "star": "MS40",
    "grain": "gra",
    "stream": {
        "L4": 22.2,
        "eta": 0.4468,
        "vinf": 100.0,
        "n": 0.003981071705534978,
        "T": 10000.0,
        "kappa": 600.0,
        "cs": 11.4,
        "taustar": 0.0002645857765160185,
        "Rstar": 16.503222726092545,
        "Qp": 2.0,
        "a": 0.02,
        "rho_d": 2.2,
        "kappa_d": 340909.0909090908,
        "drag_constant": 0.0005874181354707256,
        "phi_norm": 1.5,
        "Rstarstar": 4.961952272727271,
        "Upstarstar": 851.1824368502458,
        "R0": 11.035632257716367
    },
    "R sonic drift": 2.992471312188866,
    "w sonic drift": 8.6559494714014,
    "R critical": 6.699308783156559,
    "w critical": 48.41952977064848,
    "R equilib drift": 5.9515387585386055,
    "w equilib drift": 100.0,
    "t min": [
        286749.4869680623,
        801025.9137997624
    ],
    "R min": [
        1.5181123567649168,
        3.3154927472585265
    ],
    "t max": [
        506551.7467746014,
        1001633.5140704802
    ],
    "R max": [
        13.369488834530895,
        7.8570798617334345
    ],
    "R end": 5.509258854316481,
    "v end": -16.235820938469768,
    "t end": 1170406.069257397,
    "v max": 106.54662148638438
}