{
    "star": "MS10",
    "grain": "sil",
    "stream": {
        "L4": 0.64,
        "eta": 0.0066,
        "vinf": 70.0,
        "n": 251.1886431509608,
        "T": 8000.0,
        "kappa": 600.0,
        "cs": 10.19646997739904,
        "taustar": 0.0161206279004617,
        "Rstar": 0.01593617978629965,
        "Qp": 2.0,
        "a": 0.002,
        "rho_d": 3.5,
        "kappa_d": 2142857.1428571427,
        "drag_constant": 140.6635098788527,
        "phi_norm": 0.7,
        "Rstarstar": 1.8350087463556848,
        "Upstarstar": 0.003554582140248228,
        "R0": 0.0015763163239417366
    },
    "R sonic drift": 0.005970765237835921,
    "w sonic drift": 7.745966692414831,
    "R critical": 0.012619146889603867,
    "w critical": 38.7741595142002,
    "R equilib drift": 0.01149313493383324,
    "w equilib drift": 70.0,
    "t min": [
        768.6364931218753,
        2470.71261634575,
        2531.4295615489536,
        2890.393479343719
    ],
    "R min": [
        0.005561873822792546,
        0.011144353957992126,
        0.011144353960862797,
        0.01114435396641437
    ],
    "t max": [
        2444.69106840152,
        2502.739136892495,
        2672.2128081190194,
        3131.259602622362
    ],
    "R max": [
        0.011144353956561968,
        0.011144353962358803,
        0.011144353980363128,
        0.01114435396569122
    ],
    "R end": 0.011144353965871982,
    "v end": -3.9289733800906905e-09,
    "t end": 3336.0958902859174,
    "v max": 103.87558504634919
}