{
    "star": "MS10",
    "grain": "sil",
    "stream": {
        "L4": 0.64,
        "eta": 0.0066,
        "vinf": 70.0,
        "n": 158.48931924611304,
        "T": 8000.0,
        "kappa": 600.0,
        "cs": 10.19646997739904,
        "taustar": 0.01280506990282074,
        "Rstar": 0.02006246169989317,
        "Qp": 2.0,
        "a": 0.002,
        "rho_d": 3.5,
        "kappa_d": 2142857.1428571427,
        "drag_constant": 88.7526746584243,
        "phi_norm": 0.7,
        "Rstarstar": 1.8350087463556848,
        "Upstarstar": 0.0056336330361232735,
        "R0": 0.0019065444624029376
    },
    "R sonic drift": 0.007516748085768888,
    "w sonic drift": 7.745966692414831,
    "R critical": 0.015886564694485638,
    "w critical": 38.7741595142002,
    "R equilib drift": 0.014468999629381942,
    "w equilib drift": 70.0,
    "t min": [
        967.6560136234816,
        2934.047270474671,
        3106.243002065655,
        3423.75513153586,
        3877.3438879218666
    ],
    "R min": [
        0.006988774634352537,
        0.014029910388604594,
        0.014029910406522187,
        0.014029910402072956,
        0.01402991040073298
    ],
    "t max": [
        2845.8494567329476,
        3076.843730818414,
        3239.799691445979,
        3668.189072477208,
        4092.378557615974
    ],
    "R max": [
        0.01402991037305303,
        0.014029910401032755,
        0.014029910440280144,
        0.01402991042243031,
        0.01402991041608875
    ],
    "R end": 0.01402991041391992,
    "v end": -3.7424936127320515e-07,
    "t end": 4199.895892463028,
    "v max": 102.83755057151457
}