{
    "star": "MS10",
    "grain": "sil",
    "stream": {
        "L4": 0.64,
        "eta": 0.0066,
        "vinf": 50.0,
        "n": 63095.73444802033,
        "T": 8000.0,
        "kappa": 600.0,
        "cs": 10.19646997739904,
        "taustar": 0.3576926278469671,
        "Rstar": 0.001407706955077155,
        "Qp": 2.0,
        "a": 0.02,
        "rho_d": 3.5,
        "kappa_d": 214285.71428571426,
        "drag_constant": 1357.355454812107,
        "phi_norm": 0.7,
        "Rstarstar": 0.3596617142857143,
        "Upstarstar": 0.0003683633481763352,
        "R0": 0.0008360884696322741
    },
    "R sonic drift": 0.0003767298178979601,
    "w sonic drift": 7.745966692414831,
    "R critical": 0.0007962143411069948,
    "w critical": 38.7741595142002,
    "R equilib drift": 0.0007962143411069948,
    "w equilib drift": 50.0,
    "t min": [
        68.25038662615404,
        95.77450627590699,
        102.08088915068979,
        104.73310624756105,
        107.38532334443232,
        109.74284965276235,
        112.21825227650888,
        118.11206804733392,
        118.4656969935834,
        125.24358513003223,
        133.61280352460378,
        203.33664409346406
    ],
    "R min": [
        0.00035432974636437315,
        0.0007843730996206082,
        0.0007843731039412835,
        0.0007843731041067012,
        0.0007843731043900313,
        0.0007843731045587694,
        0.0007843731045756973,
        0.0007843731043298089,
        0.0007843731043197034,
        0.0007843731044072757,
        0.0007843731046421388,
        0.0007843731047378584
    ],
    "t max": [
        90.23431945133146,
        100.31274441944227,
        103.3775286202713,
        106.14762203255907,
        108.7409009717221,
        111.15736543776036,
        113.51489174609038,
        118.34782067816691,
        120.70534698649693,
        133.4949272091873,
        148.9367245287489,
        241.3517558152856
    ],
    "R max": [
        0.0007843749647243093,
        0.0007843731052474521,
        0.0007843731046034341,
        0.00078437310459455,
        0.000784373104590744,
        0.0007843731046498525,
        0.0007843731046492282,
        0.0007843731043252424,
        0.0007843731043630194,
        0.0007843731046414074,
        0.000784373104681502,
        0.0007843731046361825
    ],
    "R end": 0.0007843731044783418,
    "v end": -5.1453385149002354e-09,
    "t end": 294.6907885412523,
    "v max": 122.97307429971995
}