{
    "star": "MS10",
    "grain": "gra",
    "stream": {
        "L4": 0.64,
        "eta": 0.0066,
        "vinf": 170.0,
        "n": 3.981071705535002,
        "T": 8000.0,
        "kappa": 600.0,
        "cs": 10.19646997739904,
        "taustar": 0.0008356628048575573,
        "Rstar": 0.05212347229723613,
        "Qp": 2.0,
        "a": 0.02,
        "rho_d": 2.2,
        "kappa_d": 340909.0909090908,
        "drag_constant": 0.001622066486601973,
        "phi_norm": 1.0,
        "Rstarstar": 0.04949732620320854,
        "Upstarstar": 308.2487703987015,
        "R0": 0.004278309553604616
    },
    "R sonic drift": 0.029924713121888692,
    "w sonic drift": 7.745966692414831,
    "R critical": 0.0669930878315656,
    "w critical": 43.32928075712418,
    "R equilib drift": 0.03639390761945149,
    "w equilib drift": 170.0,
    "t min": [
        1681.2538947803328,
        2943.915501261549,
        4238.246919028554,
        5546.347819963293,
        6855.825669214804
    ],
    "R min": [
        0.01523777989741049,
        0.03317948229990062,
        0.03571053526783674,
        0.03592561686127928,
        0.035942985657118925
    ],
    "t max": [
        2189.3478236697206,
        3577.311726977317,
        4890.920421179149,
        6200.398270430662
    ],
    "R max": [
        0.04876677367276732,
        0.03678714185853306,
        0.036011230163908774,
        0.035949861321571616
    ],
    "R end": 0.03594300177091187,
    "v end": 0.0010754892701402225,
    "t end": 6884.741583867047,
    "v max": 120.89557957953872
}