{
    "star": "MS10",
    "grain": "gra",
    "stream": {
        "L4": 0.64,
        "eta": 0.0066,
        "vinf": 70.0,
        "n": 10000.000000000144,
        "T": 8000.0,
        "kappa": 600.0,
        "cs": 10.19646997739904,
        "taustar": 0.10171428571428644,
        "Rstar": 0.0025257142857142674,
        "Qp": 2.0,
        "a": 0.2,
        "rho_d": 2.2,
        "kappa_d": 34090.90909090909,
        "drag_constant": 1.4173339070153477,
        "phi_norm": 1.0,
        "Rstarstar": 0.029193320964749532,
        "Upstarstar": 0.3527750218386512,
        "R0": 0.0005752691794159523
    },
    "R sonic drift": 0.0005970765237835921,
    "w sonic drift": 7.745966692414831,
    "R critical": 0.00133668783513723,
    "w critical": 43.32928075712418,
    "R equilib drift": 0.0012619146889603862,
    "w equilib drift": 70.0,
    "t min": [
        77.33070273682756,
        124.97015205011047,
        168.8064520484674,
        182.41772328083394,
        208.17238355384126,
        226.05385752577374,
        256.21216437395844,
        261.9502493052502,
        265.28634519553617
    ],
    "R min": [
        0.0005277803779930127,
        0.0012231411404750809,
        0.0012231578802570397,
        0.0012231578788639542,
        0.0012231578840135636,
        0.0012231578796045035,
        0.0012231578826387222,
        0.0012231578826752542,
        0.0012231578827516941
    ],
    "t max": [
        103.81930410569774,
        146.12099999452317,
        178.74801780151944,
        201.83380136229798,
        210.50765067704134,
        240.7994013608375,
        260.48236711352445,
        264.35223834625606,
        306.6539342350815
    ],
    "R max": [
        0.001224380405306039,
        0.0012231581122806579,
        0.001223157880190225,
        0.0012231578847519133,
        0.0012231578839342228,
        0.0012231578835559176,
        0.0012231578826615431,
        0.001223157882757756,
        0.0012231578839148548
    ],
    "R end": 0.0012231578838729797,
    "v end": -1.61908348279086e-09,
    "t end": 333.60958902859176,
    "v max": 121.66206234279126
}