{
    "star": "MS10",
    "grain": "gra",
    "stream": {
        "L4": 0.64,
        "eta": 0.0066,
        "vinf": 200.0,
        "n": 5011.872336272797,
        "T": 8000.0,
        "kappa": 600.0,
        "cs": 10.19646997739904,
        "taustar": 0.025202869924075496,
        "Rstar": 0.0012486831894465058,
        "Qp": 2.0,
        "a": 0.02,
        "rho_d": 2.2,
        "kappa_d": 340909.0909090908,
        "drag_constant": 1.065968458512223,
        "phi_norm": 1.0,
        "Rstarstar": 0.03576181818181817,
        "Upstarstar": 0.46905703072851934,
        "R0": 0.00013757022154447046
    },
    "R sonic drift": 0.0008433930068571646,
    "w sonic drift": 7.745966692414831,
    "R critical": 0.0018881217525718475,
    "w critical": 43.32928075712418,
    "R equilib drift": 0.0009180909955917271,
    "w equilib drift": 200.0,
    "t min": [
        37.90151708991633,
        142.23789529305418
    ],
    "R min": [
        0.0007514584747559584,
        0.0009045043808874903
    ],
    "t max": [
        125.44775412789541
    ],
    "R max": [
        0.0009045043808540072
    ],
    "R end": 0.0009045043809154789,
    "v end": 4.798051145553291e-09,
    "t end": 164.93262441216856,
    "v max": 52.20142403681184
}