{
    "star": "MS40",
    "grain": "gra",
    "stream": {
        "L4": 22.2,
        "eta": 0.4468,
        "vinf": 90.0,
        "n": 501.18723362727764,
        "T": 10000.0,
        "kappa": 600.0,
        "cs": 11.4,
        "taustar": 0.104309529009607,
        "Rstar": 0.051680445824527375,
        "Qp": 2.0,
        "a": 0.02,
        "rho_d": 2.2,
        "kappa_d": 340909.0909090908,
        "drag_constant": 112.71385735297233,
        "phi_norm": 1.5,
        "Rstarstar": 6.1258670033669995,
        "Upstarstar": 0.00443601178898714,
        "R0": 0.03988103022744265
    },
    "R sonic drift": 0.008433930068571646,
    "w sonic drift": 8.6559494714014,
    "R critical": 0.018881217525718474,
    "w critical": 48.41952977064848,
    "R equilib drift": 0.01766723764416849,
    "w equilib drift": 90.0,
    "t min": [
        840.0568336726452,
        2265.0747085937815,
        2478.3875695001866,
        2610.333669029921,
        3274.462369996253,
        3278.8605733139107,
        3310.381030423792,
        3371.222842984725,
        3419.6030794789617,
        3451.1235365888424,
        3463.58511265554,
        3467.9833159731975,
        3470.9154515183027,
        3477.5127564947893,
        3479.7118581536183,
        3482.6439936987235,
        3484.8430953575526,
        3488.5082647889344,
        3491.440400334039,
        3492.906468106592,
        3495.8386036516968,
        3498.7707391968024,
        3503.16894251446,
        3505.368044173289,
        3511.9653491497756,
        3514.1644508086047,
        3517.09658635371,
        3520.028721898815,
        3523.693891330197,
        3525.8929929890255,
        3530.291196306683,
        3533.2233318517888,
        3535.422433510618,
        3538.3545690557225,
        3540.5536707145516,
        3561.078619530288,
        3575.7392972558146,
        3591.866042753893,
        3596.264246071551,
        3609.4588560245243,
        3630.7168387265374,
        3642.445380906958
    ],
    "R min": [
        0.007924461579465667,
        0.016975872448063707,
        0.016975872427399948,
        0.01697587242823017,
        0.016975872461935406,
        0.01697587246178127,
        0.016975872470011262,
        0.016975872462217986,
        0.016975872468381503,
        0.01697587246484355,
        0.016975872465699,
        0.016975872465792904,
        0.016975872465822904,
        0.01697587246578882,
        0.016975872465823848,
        0.016975872465748998,
        0.016975872465777333,
        0.016975872465877624,
        0.016975872465837268,
        0.016975872465859226,
        0.01697587246581268,
        0.016975872465759313,
        0.016975872465770828,
        0.016975872465773107,
        0.016975872465753515,
        0.016975872465793632,
        0.01697587246568219,
        0.016975872465781215,
        0.016975872465869412,
        0.01697587246581564,
        0.01697587246580338,
        0.01697587246572486,
        0.01697587246581253,
        0.016975872465764805,
        0.016975872465787037,
        0.016975872462611046,
        0.01697587246448527,
        0.016975872463690374,
        0.01697587246339829,
        0.016975872464634938,
        0.01697587246914158,
        0.016975872468621724
    ],
    "t max": [
        2262.1425730486762,
        2388.957435374477,
        2507.7089249512383,
        3063.3486107486774,
        3275.1954038825293,
        3300.8515899022,
        3321.3765387179365,
        3397.6120628906724,
        3421.8021811377903,
        3462.8520787692637,
        3466.517248200645,
        3469.44938374575,
        3473.1145531771317,
        3478.9788242673417,
        3480.444892039895,
        3484.1100614712764,
        3487.7752309026573,
        3489.2412986752106,
        3492.173434220316,
        3493.639501992868,
        3496.5716375379734,
        3500.9698408556314,
        3504.6350102870124,
        3507.567145832118,
        3513.431416922328,
        3514.8974846948813,
        3518.5626541262627,
        3522.2278235576437,
        3524.426925216473,
        3527.3590607615783,
        3531.0242301929597,
        3534.689399624341,
        3536.155467396894,
        3539.0876029419987,
        3542.7527723733806,
        3575.006263369538,
        3579.404466687196,
        3592.599076640169,
        3608.725822138248,
        3621.9204320912218,
        3635.115042044195,
        3643.1784147932344
    ],
    "R max": [
        0.01697587244822332,
        0.016975872455672326,
        0.016975872441001166,
        0.01697587260578517,
        0.016975872461937984,
        0.016975872473862286,
        0.01697587247268886,
        0.016975872470503174,
        0.016975872468518536,
        0.01697587246571718,
        0.016975872465850906,
        0.016975872465852256,
        0.01697587246585631,
        0.01697587246582347,
        0.016975872465810515,
        0.016975872465820552,
        0.01697587246588027,
        0.01697587246588607,
        0.01697587246586157,
        0.016975872465861762,
        0.01697587246583072,
        0.0169758724658343,
        0.016975872465804818,
        0.016975872465834173,
        0.016975872465804346,
        0.016975872465804523,
        0.01697587246582967,
        0.016975872465875307,
        0.01697587246586866,
        0.01697587246585344,
        0.01697587246581685,
        0.016975872465814123,
        0.016975872465822498,
        0.016975872465820822,
        0.01697587246584085,
        0.016975872464508702,
        0.016975872464903036,
        0.016975872463716082,
        0.01697587246466283,
        0.016975872469497416,
        0.016975872469303262,
        0.016975872468636913
    ],
    "R end": 0.01697587246421616,
    "v end": -1.2697517192816358e-07,
    "t end": 3665.1694313815233,
    "v max": 223.87913097519174
}