{
    "star": "MS10",
    "grain": "gra",
    "stream": {
        "L4": 0.64,
        "eta": 0.0066,
        "vinf": 500.0,
        "n": 0.31622776601683955,
        "T": 8000.0,
        "kappa": 600.0,
        "cs": 10.19646997739904,
        "taustar": 8.007740470710592e-05,
        "Rstar": 0.06287995993897615,
        "Qp": 2.0,
        "a": 0.02,
        "rho_d": 2.2,
        "kappa_d": 340909.0909090908,
        "drag_constant": 1.7218064073792277e-06,
        "phi_norm": 1.0,
        "Rstarstar": 0.005721890909090908,
        "Upstarstar": 290392.69331158616,
        "R0": 0.005113429807018457
    },
    "R sonic drift": 0.1061768888461977,
    "w sonic drift": 7.745966692414831,
    "R critical": 0.23770044548740382,
    "w critical": 43.32928075712418,
    "R equilib drift": 0.06685262718969322,
    "w equilib drift": 500.0,
    "t min": [
        2088.006441901778,
        7503.202146436222
    ],
    "R min": [
        0.005259904257022109,
        0.01742565905282689
    ],
    "t max": [
        4317.206636835896
    ],
    "R max": [
        0.4664217045902149
    ],
    "R end": 0.14247629564218578,
    "v end": 111.07036722640244,
    "t end": 8305.514884255283,
    "v max": 457.4373669839044
}