{
    "star": "MS40",
    "grain": "gra",
    "stream": {
        "L4": 22.2,
        "eta": 0.4468,
        "vinf": 140.0,
        "n": 0.00794328234724283,
        "T": 10000.0,
        "kappa": 600.0,
        "cs": 11.4,
        "taustar": 0.0002669552450728869,
        "Rstar": 8.345276398349796,
        "Qp": 2.0,
        "a": 0.02,
        "rho_d": 2.2,
        "kappa_d": 340909.0909090908,
        "drag_constant": 0.00030509508247449573,
        "phi_norm": 1.5,
        "Rstarstar": 2.5316083024118727,
        "Upstarstar": 1638.8333628477842,
        "R0": 5.580469299602216
    },
    "R sonic drift": 2.11850745035458,
    "w sonic drift": 8.6559494714014,
    "R critical": 4.742747411323311,
    "w critical": 48.41952977064848,
    "R equilib drift": 3.533734010777082,
    "w equilib drift": 140.0,
    "t min": [
        145712.42237475162,
        378426.1692380836,
        575037.3256673788
    ],
    "R min": [
        0.9475232052208667,
        2.4133697589157053,
        3.1299206579608088
    ],
    "t max": [
        240644.47984392368,
        469925.5213872981
    ],
    "R max": [
        7.411015590709295,
        4.054144499888808
    ],
    "R end": 3.1711425519433876,
    "v end": 4.467670055132845,
    "t end": 591845.7448202746,
    "v max": 131.69003098570394
}