{
    "star": "MS10",
    "grain": "gra",
    "stream": {
        "L4": 0.64,
        "eta": 0.0066,
        "vinf": 500.0,
        "n": 0.006309573444801942,
        "T": 8000.0,
        "kappa": 600.0,
        "cs": 10.19646997739904,
        "taustar": 1.1311234062473776e-05,
        "Rstar": 0.44515602561041717,
        "Qp": 2.0,
        "a": 0.2,
        "rho_d": 2.2,
        "kappa_d": 34090.90909090909,
        "drag_constant": 3.4354554383157153e-10,
        "phi_norm": 1.0,
        "Rstarstar": 0.0005721890909090908,
        "Upstarstar": 1455411106.264073,
        "R0": 0.03616968209097788
    },
    "R sonic drift": 0.7516748085768887,
    "w sonic drift": 7.745966692414831,
    "R critical": 1.6827902832903914,
    "w critical": 43.32928075712418,
    "R equilib drift": 0.47328035593947665,
    "w equilib drift": 500.0,
    "t min": [
        14699.635623620597
    ],
    "R min": [
        0.002090881391009261
    ],
    "t max": [],
    "R max": [],
    "R end": 21.733566862687656,
    "v end": 464.70003800886064,
    "t end": 58798.54249448239,
    "v max": 499.0549485188045
}