{
    "star": "MS10",
    "grain": "gra",
    "stream": {
        "L4": 0.64,
        "eta": 0.0066,
        "vinf": 40.0,
        "n": 0.501187233627275,
        "T": 8000.0,
        "kappa": 600.0,
        "cs": 10.19646997739904,
        "taustar": 0.0012601434962037689,
        "Rstar": 0.6243415947232558,
        "Qp": 2.0,
        "a": 0.02,
        "rho_d": 2.2,
        "kappa_d": 340909.0909090908,
        "drag_constant": 0.0666230286570133,
        "phi_norm": 1.0,
        "Rstarstar": 0.8940454545454544,
        "Upstarstar": 7.504912491656377,
        "R0": 0.051514529331378824
    },
    "R sonic drift": 0.08433930068571646,
    "w sonic drift": 7.745966692414831,
    "R critical": 0.18881217525718474,
    "w critical": 43.32928075712418,
    "R equilib drift": 0.1782501876267492,
    "w equilib drift": 40.0,
    "t min": [
        19742.43514213658,
        36944.90786832576,
        54163.873856956154,
        71382.83984558657
    ],
    "R min": [
        0.06486745116829973,
        0.06488083712958662,
        0.06486949122330467,
        0.06486525548898392
    ],
    "t max": [
        27576.734801714585,
        44779.20752790377,
        61998.17351653417,
        79217.13950516457
    ],
    "R max": [
        0.37493864516473585,
        0.3749376633942199,
        0.37493850274266843,
        0.3749387686913035
    ],
    "R end": 0.29216566046139425,
    "v end": -39.10815592637287,
    "t end": 82466.31220608429,
    "v max": 75.03587532478589
}