{
    "star": "MS40",
    "grain": "gra",
    "stream": {
        "L4": 22.2,
        "eta": 0.4468,
        "vinf": 140.0,
        "n": 5011.872336272797,
        "T": 10000.0,
        "kappa": 600.0,
        "cs": 11.4,
        "taustar": 0.21205008856913554,
        "Rstar": 0.010506080526328595,
        "Qp": 2.0,
        "a": 0.02,
        "rho_d": 2.2,
        "kappa_d": 340909.0909090908,
        "drag_constant": 192.50198305207581,
        "phi_norm": 1.5,
        "Rstarstar": 2.5316083024118727,
        "Upstarstar": 0.002597375840355574,
        "R0": 0.009129039040451746
    },
    "R sonic drift": 0.0026670428643266486,
    "w sonic drift": 8.6559494714014,
    "R critical": 0.005970765237835921,
    "w critical": 48.41952977064848,
    "R equilib drift": 0.0044487075446885925,
    "w equilib drift": 140.0,
    "t min": [
        170.02945767736287,
        513.9628392017744,
        545.8526761368801,
        553.4525905466483,
        606.9500272742322
    ],
    "R min": [
        0.0025101784482285745,
        0.0042805775618586185,
        0.004280577564138033,
        0.004280577564268293,
        0.004280577564362143
    ],
    "t max": [
        508.300157876849,
        544.0644609816405,
        546.29972992569,
        584.7463557633408,
        692.3373009369219
    ],
    "R max": [
        0.004280577560978278,
        0.004280577564212207,
        0.004280577564280886,
        0.00428057756454388,
        0.0042805775669431745
    ],
    "R end": 0.004280577562997089,
    "v end": -1.0788885634652849e-07,
    "t end": 745.0896480164893,
    "v max": 192.7877001496584
}