{
    "star": "MS10",
    "grain": "gra",
    "stream": {
        "L4": 0.64,
        "eta": 0.0066,
        "vinf": 60.0,
        "n": 100.00000000000102,
        "T": 8000.0,
        "kappa": 600.0,
        "cs": 10.19646997739904,
        "taustar": 0.011866666666666727,
        "Rstar": 0.02946666666666651,
        "Qp": 2.0,
        "a": 0.2,
        "rho_d": 2.2,
        "kappa_d": 34090.90909090909,
        "drag_constant": 0.02625786042240614,
        "phi_norm": 1.0,
        "Rstarstar": 0.039735353535353526,
        "Upstarstar": 19.041917047184242,
        "R0": 0.0027685117802729864
    },
    "R sonic drift": 0.005970765237835921,
    "w sonic drift": 7.745966692414831,
    "R critical": 0.0133668783513723,
    "w critical": 43.32928075712418,
    "R equilib drift": 0.0133668783513723,
    "w equilib drift": 60.0,
    "t min": [
        929.4363150336566,
        1722.648714547305,
        2515.861114060953,
        3309.8519359490015
    ],
    "R min": [
        0.0043063469150139665,
        0.004306475545016817,
        0.004306616450392888,
        0.00430574067143293
    ],
    "t max": [
        1299.965365248079,
        2093.1777647617273,
        2886.3901642753754,
        3679.602563789024
    ],
    "R max": [
        0.020262141385686522,
        0.02026214239669411,
        0.0202621403307854,
        0.020262138910183712
    ],
    "R end": 0.015940384872200345,
    "v end": -56.773597070953294,
    "t end": 3892.111872000237,
    "v max": 84.89426622441292
}