{
    "star": "MS10",
    "grain": "gra",
    "stream": {
        "L4": 0.64,
        "eta": 0.0066,
        "vinf": 80.0,
        "n": 15848.931924611368,
        "T": 8000.0,
        "kappa": 600.0,
        "cs": 10.19646997739904,
        "taustar": 0.1120443616496817,
        "Rstar": 0.0017554653987406491,
        "Qp": 2.0,
        "a": 0.2,
        "rho_d": 2.2,
        "kappa_d": 34090.90909090909,
        "drag_constant": 1.316753219842706,
        "phi_norm": 1.0,
        "Rstarstar": 0.02235113636363636,
        "Upstarstar": 0.37972187382213335,
        "R0": 0.0004300690794492885
    },
    "R sonic drift": 0.00047427474113233113,
    "w sonic drift": 7.745966692414831,
    "R critical": 0.001061768888461977,
    "w critical": 43.32928075712418,
    "R equilib drift": 0.0009441795806335175,
    "w equilib drift": 80.0,
    "t min": [
        53.65496708998678,
        133.41861738797922,
        145.05854542565137,
        161.70688871459282,
        187.25908133912415
    ],
    "R min": [
        0.00041939929351503323,
        0.0009169076216291692,
        0.000916907621540673,
        0.0009169076214328957,
        0.0009169076229834562
    ],
    "t max": [
        130.40429339415974,
        138.75165214627523,
        154.4725111294261,
        176.59301182253213,
        211.60554436612765
    ],
    "R max": [
        0.000916907622162137,
        0.0009169076231959081,
        0.0009169076210858701,
        0.0009169076223006531,
        0.0009169076254857886
    ],
    "R end": 0.0009169076222693839,
    "v end": -2.282755166248386e-07,
    "t end": 231.87107644765248,
    "v max": 120.8109125792391
}