{
    "star": "MS20",
    "grain": "gra",
    "stream": {
        "L4": 5.45,
        "eta": 0.1199,
        "vinf": 60.0,
        "n": 12589.254117941868,
        "T": 9000.0,
        "kappa": 600.0,
        "cs": 10.814989597775858,
        "taustar": 0.38854113759813325,
        "Rstar": 0.007663713742031988,
        "Qp": 2.0,
        "a": 0.02,
        "rho_d": 2.2,
        "kappa_d": 340909.0909090908,
        "drag_constant": 3166.8565115189904,
        "phi_norm": 1.5,
        "Rstarstar": 3.383713699494948,
        "Upstarstar": 0.00015788527146124912,
        "R0": 0.005741120357725096
    },
    "R sonic drift": 0.0008433930068571646,
    "w sonic drift": 9.672835454459698,
    "R critical": 0.0020000000000000005,
    "w critical": 48.41952977064848,
    "R equilib drift": 0.0020000000000000005,
    "w equilib drift": 60.0,
    "t min": [
        126.00852505089676,
        168.34123198335334,
        171.0901090568895,
        173.2892107157184,
        186.0440003369261,
        452.2452561381661
    ],
    "R min": [
        0.000835077874827641,
        0.001928889141181924,
        0.0019288891414082762,
        0.0019288891414566362,
        0.0019288891408711848,
        0.0019288891397181763
    ],
    "t max": [
        161.52401684098373,
        169.88060314453358,
        172.40957005218684,
        173.83898613042564,
        246.73920612060414
    ],
    "R max": [
        0.0019288893464004615,
        0.0019288891414998776,
        0.0019288891415367392,
        0.001928889141479054,
        0.001928889142514442
    ],
    "R end": 0.0019288891454723553,
    "v end": 6.552967758618219e-08,
    "t end": 549.7754147072284,
    "v max": 243.86799067599446
}