{
    "star": "MS10",
    "grain": "gra",
    "stream": {
        "L4": 0.64,
        "eta": 0.0066,
        "vinf": 60.0,
        "n": 0.001,
        "T": 8000.0,
        "kappa": 600.0,
        "cs": 10.19646997739904,
        "taustar": 3.7525694900664765e-05,
        "Rstar": 9.318178171962824,
        "Qp": 2.0,
        "a": 0.02,
        "rho_d": 2.2,
        "kappa_d": 340909.0909090908,
        "drag_constant": 2.6257860422405863e-05,
        "phi_norm": 1.0,
        "Rstarstar": 0.3973535353535352,
        "Upstarstar": 19041.91704718445,
        "R0": 0.7573621241033495
    },
    "R sonic drift": 1.8881217525718474,
    "w sonic drift": 7.745966692414831,
    "R critical": 4.226978079673296,
    "w critical": 43.32928075712418,
    "R equilib drift": 4.226978079673296,
    "w equilib drift": 60.0,
    "t min": [
        312129.31842509494
    ],
    "R min": [
        0.3064661557842424
    ],
    "t max": [],
    "R max": [],
    "R end": 43.702036921050606,
    "v end": 35.36516295715252,
    "t end": 1230793.8423702482,
    "v max": 60.11212063457899
}