{
    "star": "MS10",
    "grain": "sil",
    "stream": {
        "L4": 0.64,
        "eta": 0.0066,
        "vinf": 170.0,
        "n": 0.015848931924611172,
        "T": 8000.0,
        "kappa": 600.0,
        "cs": 10.19646997739904,
        "taustar": 5.27267584233793e-05,
        "Rstar": 0.8261013641132517,
        "Qp": 2.0,
        "a": 0.02,
        "rho_d": 3.5,
        "kappa_d": 214285.71428571426,
        "drag_constant": 2.551396317750924e-06,
        "phi_norm": 0.7,
        "Rstarstar": 0.031112605042016798,
        "Upstarstar": 195971.1223698692,
        "R0": 0.06715636367678955
    },
    "R sonic drift": 0.7516748085768887,
    "w sonic drift": 7.745966692414831,
    "R critical": 1.5886564694485645,
    "w critical": 38.7741595142002,
    "R equilib drift": 0.769181248705382,
    "w equilib drift": 170.0,
    "t min": [
        43545.50882385491
    ],
    "R min": [
        0.029417067851200372
    ],
    "t max": [],
    "R max": [],
    "R end": 11.966553242093195,
    "v end": 36.530653649207785,
    "t end": 172936.8896896541,
    "v max": 162.51274661283549
}