{
    "star": "MS20",
    "grain": "gra",
    "stream": {
        "L4": 5.45,
        "eta": 0.1199,
        "vinf": 500.0,
        "n": 199.52623149688992,
        "T": 9000.0,
        "kappa": 600.0,
        "cs": 10.814989597775858,
        "taustar": 0.005869731739796432,
        "Rstar": 0.007305005049768605,
        "Qp": 2.0,
        "a": 0.02,
        "rho_d": 2.2,
        "kappa_d": 340909.0909090908,
        "drag_constant": 0.010407666571653457,
        "phi_norm": 1.5,
        "Rstarstar": 0.048725477272727254,
        "Upstarstar": 48.041508301371884,
        "R0": 0.002572625180586285
    },
    "R sonic drift": 0.00669930878315656,
    "w sonic drift": 9.672835454459698,
    "R critical": 0.015886564694485638,
    "w critical": 48.41952977064848,
    "R equilib drift": 0.0056367658625289105,
    "w equilib drift": 500.0,
    "t min": [
        125.24617222025941,
        151.97234286140264,
        179.4321730887733,
        206.892003316144,
        234.45664205583287,
        260.134727573794,
        276.9040895447074,
        303.1062176242596,
        334.75838834435865,
        370.70770806950424,
        408.5435810163776,
        521.4223487830883
    ],
    "R min": [
        0.0050030035569076595,
        0.005502095547801184,
        0.005527813010399455,
        0.005528910500789274,
        0.005528956803781134,
        0.005528958782157383,
        0.005528958788398282,
        0.0055289588100374985,
        0.005528958819159783,
        0.0055289588370504485,
        0.005528958845266075,
        0.005528958824953983
    ],
    "t max": [
        137.92800221076266,
        165.70225797508797,
        193.16208820245865,
        220.72672694214754,
        248.29136568183645,
        266.84247236215936,
        289.9003450721653,
        318.8274944719909,
        348.3834949457258,
        385.5905168186898,
        447.6371561110694
    ],
    "R max": [
        0.005670392944151012,
        0.005534557180427134,
        0.005529194247306577,
        0.005528968731733911,
        0.0055289592105889586,
        0.005528958863392405,
        0.0055289588803532005,
        0.005528958861561956,
        0.00552895884031863,
        0.005528958836739852,
        0.005528958845333225
    ],
    "R end": 0.005528958826300908,
    "v end": 9.071670597347812e-08,
    "t end": 524.0425615910436,
    "v max": 85.69205980041802
}