{
    "star": "MS20",
    "grain": "gra",
    "stream": {
        "L4": 5.45,
        "eta": 0.1199,
        "vinf": 70.0,
        "n": 398.1071705535018,
        "T": 9000.0,
        "kappa": 600.0,
        "cs": 10.814989597775858,
        "taustar": 0.05922297470947363,
        "Rstar": 0.036939625213489424,
        "Qp": 2.0,
        "a": 0.02,
        "rho_d": 2.2,
        "kappa_d": 340909.0909090908,
        "drag_constant": 54.05566664197609,
        "phi_norm": 1.5,
        "Rstarstar": 2.4859937384044524,
        "Upstarstar": 0.0092497240541241,
        "R0": 0.01510352228849442
    },
    "R sonic drift": 0.004742747411323311,
    "w sonic drift": 9.672835454459698,
    "R critical": 0.011246826503806984,
    "w critical": 48.41952977064848,
    "R equilib drift": 0.010850219036906967,
    "w equilib drift": 70.0,
    "t min": [
        606.839731502999,
        1286.2882343736057,
        1405.0062255148036,
        1694.9113199533542,
        2159.71345491242
    ],
    "R min": [
        0.004633156805230954,
        0.010608538122359706,
        0.010608538128416677,
        0.010608538128778808,
        0.010608538135071566
    ],
    "t max": [
        1260.8486648433488,
        1338.22735549788,
        1613.2927010437807,
        1986.9363785194262
    ],
    "R max": [
        0.010608538122961147,
        0.01060853814386793,
        0.010608538127756606,
        0.010608538134481073
    ],
    "R end": 0.010608538150079552,
    "v end": 2.0097912089807354e-08,
    "t end": 2649.9551594017416,
    "v max": 209.58472522492087
}