{
    "star": "MS40",
    "grain": "gra",
    "stream": {
        "L4": 22.2,
        "eta": 0.4468,
        "vinf": 40.0,
        "n": 158.48931924611304,
        "T": 10000.0,
        "kappa": 600.0,
        "cs": 11.4,
        "taustar": 0.13197950723979804,
        "Rstar": 0.2067801136006254,
        "Qp": 2.0,
        "a": 0.02,
        "rho_d": 2.2,
        "kappa_d": 340909.0909090908,
        "drag_constant": 913.4975462658736,
        "phi_norm": 1.5,
        "Rstarstar": 31.012201704545447,
        "Upstarstar": 0.0005473468451490233,
        "R0": 0.16500002646012465
    },
    "R sonic drift": 0.01499788418664912,
    "w sonic drift": 8.6559494714014,
    "R critical": 0.033576080362451216,
    "w critical": 48.41952977064848,
    "R equilib drift": 0.029924713121888692,
    "w equilib drift": 40.0,
    "t min": [
        3413.968816017204,
        4188.271021711828,
        4965.50619030681,
        5739.808396001434,
        6517.043564596416,
        7291.345770291039,
        8068.580938886022,
        8842.883144580645,
        9620.118313175628,
        10394.42051887025,
        11171.655687465232,
        11945.957893159857,
        12723.193061754839,
        13497.495267449462,
        14274.730436044445
    ],
    "R min": [
        0.014120260389522722,
        0.014159506909698357,
        0.014120260594989276,
        0.014159507545303268,
        0.014120260858515789,
        0.014159507114433294,
        0.014120260707833381,
        0.014159507799605401,
        0.014120261459882754,
        0.014159508322791592,
        0.014120261671376559,
        0.01415950939238036,
        0.014120262242941804,
        0.014159510196909222,
        0.014120262892792418
    ],
    "t max": [
        3657.4047367469534,
        4431.706942441577,
        5208.942111036559,
        5983.244316731183,
        6760.479485326166,
        7534.7816910207885,
        8312.016859615771,
        9086.319065310394,
        9863.554233905377,
        10637.8564396,
        11415.091608194982,
        12189.393813889605,
        12966.62898248459,
        13740.931188179213,
        14518.166356774194
    ],
    "R max": [
        0.033671486863118556,
        0.0336620679242304,
        0.033671486757454246,
        0.03366206768635529,
        0.033671486755016265,
        0.03366206781691909,
        0.033671486723406724,
        0.03366206757098479,
        0.03367148661267876,
        0.03366206743609004,
        0.03367148649992732,
        0.033662067106900055,
        0.03367148639107966,
        0.03366206688199416,
        0.03367148628146369
    ],
    "R end": 0.028074311744596844,
    "v end": -37.586063889066025,
    "t end": 14664.814501792116,
    "v max": 250.72933333161157
}