{
    "star": "MS10",
    "grain": "gra",
    "stream": {
        "L4": 0.64,
        "eta": 0.0066,
        "vinf": 500.0,
        "n": 0.25118864315095923,
        "T": 8000.0,
        "kappa": 600.0,
        "cs": 10.19646997739904,
        "taustar": 7.136906206852376e-05,
        "Rstar": 0.07055247545729941,
        "Qp": 2.0,
        "a": 0.2,
        "rho_d": 2.2,
        "kappa_d": 34090.90909090909,
        "drag_constant": 1.3676794441104993e-08,
        "phi_norm": 1.0,
        "Rstarstar": 0.000572189090909091,
        "Upstarstar": 36558274.10093058,
        "R0": 0.005736747648032621
    },
    "R sonic drift": 0.1191324287058022,
    "w sonic drift": 7.745966692414831,
    "R critical": 0.26670428643266486,
    "w critical": 43.32928075712418,
    "R equilib drift": 0.07500988142540496,
    "w equilib drift": 500.0,
    "t min": [
        2331.5990313480397
    ],
    "R min": [
        0.0008611550940597123
    ],
    "t max": [],
    "R max": [],
    "R end": 2.8507371506776487,
    "v end": 312.1384549195306,
    "t end": 9318.940972614068,
    "v max": 494.80791226344877
}