{
    "star": "MS10",
    "grain": "gra",
    "stream": {
        "L4": 0.64,
        "eta": 0.0066,
        "vinf": 40.0,
        "n": 6.309573444801981,
        "T": 8000.0,
        "kappa": 600.0,
        "cs": 10.19646997739904,
        "taustar": 0.00447115784808707,
        "Rstar": 0.17596336938464513,
        "Qp": 2.0,
        "a": 0.2,
        "rho_d": 2.2,
        "kappa_d": 34090.90909090909,
        "drag_constant": 0.00838734237870053,
        "phi_norm": 1.0,
        "Rstarstar": 0.08940454545454546,
        "Upstarstar": 59.61363891257602,
        "R0": 0.015103407013725461
    },
    "R sonic drift": 0.02377004454874038,
    "w sonic drift": 7.745966692414831,
    "R critical": 0.05321450119597623,
    "w critical": 43.32928075712418,
    "R equilib drift": 0.05023772863019165,
    "w equilib drift": 40.0,
    "t min": [
        5680.3850459823025,
        15479.2816719485
    ],
    "R min": [
        0.01524217108656715,
        0.015241857179371893
    ],
    "t max": [
        10547.29432842377,
        20341.54252145545
    ],
    "R max": [
        0.16299555100963345,
        0.16299548303400338
    ],
    "R end": 0.08993569047873926,
    "v end": -39.236142324245826,
    "t end": 23242.164672595347,
    "v max": 59.06520414499775
}