{
    "star": "MS40",
    "grain": "gra",
    "stream": {
        "L4": 22.2,
        "eta": 0.4468,
        "vinf": 10.0,
        "n": 0.002511886431509582,
        "T": 10000.0,
        "kappa": 600.0,
        "cs": 11.4,
        "taustar": 0.0021016795279312217,
        "Rstar": 207.76326466376923,
        "Qp": 2.0,
        "a": 0.02,
        "rho_d": 2.2,
        "kappa_d": 340909.0909090908,
        "drag_constant": 3.70635786856115,
        "phi_norm": 1.5,
        "Rstarstar": 496.1952272727271,
        "Upstarstar": 0.13490332497064172,
        "R0": 139.31212804351864
    },
    "R sonic drift": 3.7672981789796047,
    "w sonic drift": 8.6559494714014,
    "R critical": 8.433930068571646,
    "w critical": 48.41952977064848,
    "R equilib drift": 3.7672981789796047,
    "w equilib drift": 10.0,
    "t min": [
        4046104.5266713984,
        4358476.762525125,
        4706211.893003804,
        4903654.721326443,
        5009743.405201294,
        5442938.864356935,
        7570606.3576247785
    ],
    "R min": [
        3.6059291391701134,
        3.606622916700668,
        3.606623632065223,
        3.6066236312914786,
        3.6066236324373286,
        3.606623630236124,
        3.6066236320193084
    ],
    "t max": [
        4202290.644598262,
        4517609.788337402,
        4806406.761107829,
        4956699.063263869,
        5045106.299826245,
        7119729.451156662,
        13617661.338491283
    ],
    "R max": [
        3.606645833731147,
        3.6066236576704087,
        3.6066236376881524,
        3.6066236324687644,
        3.606623632509244,
        3.606623631436636,
        3.6066236327846912
    ],
    "R end": 3.6066236327205754,
    "v end": -1.6913645679455647e-10,
    "t end": 14734539.427062629,
    "v max": 0.00900046809845532
}