{
    "star": "MS10",
    "grain": "sil",
    "stream": {
        "L4": 0.64,
        "eta": 0.0066,
        "vinf": 100.0,
        "n": 6.309573444801981,
        "T": 8000.0,
        "kappa": 600.0,
        "cs": 10.19646997739904,
        "taustar": 0.0017884631392348282,
        "Rstar": 0.07038534775385806,
        "Qp": 2.0,
        "a": 0.02,
        "rho_d": 3.5,
        "kappa_d": 214285.71428571426,
        "drag_constant": 0.008483471592575597,
        "phi_norm": 0.7,
        "Rstarstar": 0.0899154285714286,
        "Upstarstar": 58.93813570821411,
        "R0": 0.005845380615994728
    },
    "R sonic drift": 0.03767298178979601,
    "w sonic drift": 7.745966692414831,
    "R critical": 0.07962143411069948,
    "w critical": 38.7741595142002,
    "R equilib drift": 0.056367658625289106,
    "w equilib drift": 100.0,
    "t min": [
        3580.493080776215,
        6657.064913146889,
        9919.29194229855,
        13213.934958189753
    ],
    "R min": [
        0.02150804403869537,
        0.05265429941032694,
        0.055986822121663074,
        0.05619460579015102
    ],
    "t max": [
        4797.566037451587,
        8260.182802811301,
        11563.666542358738
    ],
    "R max": [
        0.0736612681022287,
        0.05712049053307762,
        0.0562622428562552
    ],
    "R end": 0.056211050352385994,
    "v end": 0.001946029661268964,
    "t end": 14734.539427062613,
    "v max": 82.99147056489164
}