{
    "star": "MS10",
    "grain": "gra",
    "stream": {
        "L4": 0.64,
        "eta": 0.0066,
        "vinf": 40.0,
        "n": 0.06309573444801955,
        "T": 8000.0,
        "kappa": 600.0,
        "cs": 10.19646997739904,
        "taustar": 0.0004471157848087061,
        "Rstar": 1.7596336938464547,
        "Qp": 2.0,
        "a": 0.02,
        "rho_d": 2.2,
        "kappa_d": 340909.0909090908,
        "drag_constant": 0.008387342378700494,
        "phi_norm": 1.0,
        "Rstarstar": 0.8940454545454544,
        "Upstarstar": 59.6136389125763,
        "R0": 0.14374221317067787
    },
    "R sonic drift": 0.23770044548740382,
    "w sonic drift": 7.745966692414831,
    "R critical": 0.5321450119597623,
    "w critical": 43.32928075712418,
    "R equilib drift": 0.5023772863019165,
    "w equilib drift": 40.0,
    "t min": [
        56803.85045982304,
        154792.81671948504
    ],
    "R min": [
        0.15242171086567907,
        0.15241857179369234
    ],
    "t max": [
        105472.94328423771,
        203415.42521455453
    ],
    "R max": [
        1.6299555100969982,
        1.629954830341209
    ],
    "R end": 0.8993569047969212,
    "v end": -39.236142321259045,
    "t end": 232421.64672595353,
    "v max": 59.065204145226495
}