{
    "star": "MS20",
    "grain": "gra",
    "stream": {
        "L4": 5.45,
        "eta": 0.1199,
        "vinf": 50.0,
        "n": 0.39810717055349937,
        "T": 9000.0,
        "kappa": 600.0,
        "cs": 10.814989597775858,
        "taustar": 0.0026219128584947875,
        "Rstar": 1.635386922226548,
        "Qp": 2.0,
        "a": 0.02,
        "rho_d": 2.2,
        "kappa_d": 340909.0909090908,
        "drag_constant": 0.20766024897181418,
        "phi_norm": 1.5,
        "Rstarstar": 4.872547727272727,
        "Upstarstar": 2.40777906448463,
        "R0": 0.5705786766851173
    },
    "R sonic drift": 0.14997884186649119,
    "w sonic drift": 9.672835454459698,
    "R critical": 0.3556558820077846,
    "w critical": 48.41952977064848,
    "R equilib drift": 0.3556558820077846,
    "w equilib drift": 50.0,
    "t min": [
        27429.069044151976,
        41178.799121032265,
        54951.99290111542,
        68701.72297799571,
        82474.91675807886,
        96224.64683495916,
        109997.84061504231
    ],
    "R min": [
        0.13363184319172652,
        0.13367169663009154,
        0.13362897553891268,
        0.13366436139165408,
        0.13362670330096627,
        0.1336576265375727,
        0.13362505790970025
    ],
    "t max": [
        33130.74892244875,
        46880.47899932904,
        60653.6727794122,
        74403.4028562925,
        88176.59663637565,
        101926.32671325593,
        115699.52049333909
    ],
    "R max": [
        0.4786506501644772,
        0.47864689680847555,
        0.4786509901043774,
        0.47864755369858025,
        0.4786512850571178,
        0.47864816189370263,
        0.47865153218547546
    ],
    "R end": 0.4365161925370193,
    "v end": -48.77778534882644,
    "t end": 117318.51601433694,
    "v max": 119.54132736015492
}