{
    "star": "MS10",
    "grain": "gra",
    "stream": {
        "L4": 0.64,
        "eta": 0.0066,
        "vinf": 100.0,
        "n": 7943.282347242919,
        "T": 8000.0,
        "kappa": 600.0,
        "cs": 10.19646997739904,
        "taustar": 0.06345706679512311,
        "Rstar": 0.0019837286272058586,
        "Qp": 2.0,
        "a": 0.02,
        "rho_d": 2.2,
        "kappa_d": 340909.0909090908,
        "drag_constant": 27.03113845238859,
        "phi_norm": 1.0,
        "Rstarstar": 0.14304727272727275,
        "Upstarstar": 0.01849718615738945,
        "R0": 0.00032825896182563953
    },
    "R sonic drift": 0.0006699308783156552,
    "w sonic drift": 7.745966692414831,
    "R critical": 0.001499788418664912,
    "w critical": 43.32928075712418,
    "R equilib drift": 0.0011874881000988734,
    "w equilib drift": 100.0,
    "t min": [
        60.05527755833352,
        184.2009603992516
    ],
    "R min": [
        0.000621551958182125,
        0.001145388883131436
    ],
    "t max": [
        179.74659862572773,
        195.72989675425455
    ],
    "R max": [
        0.0011453888818338193,
        0.0011453888847241544
    ],
    "R end": 0.0011453888833229402,
    "v end": -1.248774847153409e-08,
    "t end": 262.0212807955215,
    "v max": 127.9658010300124
}