{
    "star": "MS10",
    "grain": "gra",
    "stream": {
        "L4": 0.64,
        "eta": 0.0066,
        "vinf": 140.0,
        "n": 0.00794328234724283,
        "T": 8000.0,
        "kappa": 600.0,
        "cs": 10.19646997739904,
        "taustar": 4.5326476282230526e-05,
        "Rstar": 1.4169490194327639,
        "Qp": 2.0,
        "a": 0.02,
        "rho_d": 2.2,
        "kappa_d": 340909.0909090908,
        "drag_constant": 7.036427127339722e-06,
        "phi_norm": 1.0,
        "Rstarstar": 0.07298330241187381,
        "Upstarstar": 71058.79034222817,
        "R0": 0.11517772549855936
    },
    "R sonic drift": 0.669930878315656,
    "w sonic drift": 7.745966692414831,
    "R critical": 1.4997884186649117,
    "w critical": 43.32928075712418,
    "R equilib drift": 0.9402294637137943,
    "w equilib drift": 140.0,
    "t min": [
        47238.69376627835
    ],
    "R min": [
        0.06273292652237618
    ],
    "t max": [],
    "R max": [],
    "R end": 10.87993645806237,
    "v end": 33.18532735885792,
    "t end": 187158.057711087,
    "v max": 133.44342014583515
}