{
    "star": "MS10",
    "grain": "sil",
    "stream": {
        "L4": 0.64,
        "eta": 0.0066,
        "vinf": 60.0,
        "n": 0.001,
        "T": 8000.0,
        "kappa": 600.0,
        "cs": 10.19646997739904,
        "taustar": 3.7525694900664765e-05,
        "Rstar": 9.318178171962824,
        "Qp": 2.0,
        "a": 0.02,
        "rho_d": 3.5,
        "kappa_d": 214285.71428571426,
        "drag_constant": 1.0374534240362805e-05,
        "phi_norm": 0.7,
        "Rstarstar": 0.2497650793650793,
        "Upstarstar": 48194.93467520856,
        "R0": 0.7573621241033495
    },
    "R sonic drift": 2.992471312188866,
    "w sonic drift": 7.745966692414831,
    "R critical": 6.32455532033676,
    "w critical": 38.7741595142002,
    "R equilib drift": 6.021048956527018,
    "w equilib drift": 60.0,
    "t min": [
        493521.22587020235
    ],
    "R min": [
        0.22701916252681575
    ],
    "t max": [],
    "R max": [],
    "R end": 74.32846979795995,
    "v end": 41.86059679405865,
    "t end": 1950676.7820956616,
    "v max": 58.87625172727819
}