{
    "star": "MS10",
    "grain": "gra",
    "stream": {
        "L4": 0.64,
        "eta": 0.0066,
        "vinf": 250.0,
        "n": 6309.57344480202,
        "T": 8000.0,
        "kappa": 600.0,
        "cs": 10.19646997739904,
        "taustar": 0.022622468124947694,
        "Rstar": 0.0008903120512208288,
        "Qp": 2.0,
        "a": 0.2,
        "rho_d": 2.2,
        "kappa_d": 34090.90909090909,
        "drag_constant": 0.005496728701305215,
        "phi_norm": 1.0,
        "Rstarstar": 0.002288756363636363,
        "Upstarstar": 90.96319414150342,
        "R0": 9.51606191797991e-05
    },
    "R sonic drift": 0.0007516748085768887,
    "w sonic drift": 7.745966692414831,
    "R critical": 0.0016827902832903898,
    "w critical": 43.32928075712418,
    "R equilib drift": 0.0007096267784671508,
    "w equilib drift": 250.0,
    "t min": [
        28.340897482340516,
        39.65373705827892,
        51.930872731126854,
        64.25504723797036,
        79.26043528256227,
        96.78240094591803
    ],
    "R min": [
        0.0004648127633276951,
        0.0006867019377589874,
        0.0006910245993878477,
        0.0006910786396140432,
        0.0006910792939313085,
        0.0006910793049781021
    ],
    "t max": [
        33.25645563487924,
        45.7687854777051,
        58.09295998454861,
        70.88752283134797,
        85.70475553995753
    ],
    "R max": [
        0.0007335372545988059,
        0.0006915708973044299,
        0.0006910854037963162,
        0.0006910793471804804,
        0.0006910793108646628
    ],
    "R end": 0.0006910793060836665,
    "v end": 1.7001969263443597e-07,
    "t end": 117.5970849889648,
    "v max": 98.8507014823641
}