{
    "star": "MS40",
    "grain": "gra",
    "stream": {
        "L4": 22.2,
        "eta": 0.4468,
        "vinf": 300.0,
        "n": 1258.9254117941816,
        "T": 10000.0,
        "kappa": 600.0,
        "cs": 11.4,
        "taustar": 0.04959583873084538,
        "Rstar": 0.009782447057698884,
        "Qp": 2.0,
        "a": 0.02,
        "rho_d": 2.2,
        "kappa_d": 340909.0909090908,
        "drag_constant": 2.2933077123171066,
        "phi_norm": 1.5,
        "Rstarstar": 0.5513280303030302,
        "Upstarstar": 0.21802569158711416,
        "R0": 0.007023932822021005
    },
    "R sonic drift": 0.0053214501195976175,
    "w sonic drift": 8.6559494714014,
    "R critical": 0.011913242870580215,
    "w critical": 48.41952977064848,
    "R equilib drift": 0.0056367658625289105,
    "w equilib drift": 300.0,
    "t min": [
        158.31823902451106,
        315.8039544432841,
        335.3682591781273,
        356.45885719015683,
        637.8518359296032
    ],
    "R min": [
        0.004897364464799044,
        0.005427412844527682,
        0.005427412862453404,
        0.0054274128696339755,
        0.005427412864944387
    ],
    "t max": [
        314.8326769032564,
        329.2630860693819,
        337.8658299953413,
        399.05631501708484
    ],
    "R max": [
        0.0054274128430497025,
        0.005427412861479554,
        0.0054274128631192015,
        0.005427412885432568
    ],
    "R end": 0.005427412865071006,
    "v end": 8.657987676121069e-09,
    "t end": 693.7696714483394,
    "v max": 57.01149056089948
}