{
    "star": "MS40",
    "grain": "gra",
    "stream": {
        "L4": 22.2,
        "eta": 0.4468,
        "vinf": 50.0,
        "n": 0.0501187233627274,
        "T": 10000.0,
        "kappa": 600.0,
        "cs": 11.4,
        "taustar": 0.0018775715221729197,
        "Rstar": 9.302480248414962,
        "Qp": 2.0,
        "a": 0.02,
        "rho_d": 2.2,
        "kappa_d": 340909.0909090908,
        "drag_constant": 0.11832249889485544,
        "phi_norm": 1.5,
        "Rstarstar": 19.847809090909085,
        "Upstarstar": 4.225739015572293,
        "R0": 6.235534739859408
    },
    "R sonic drift": 0.8433930068571646,
    "w sonic drift": 8.6559494714014,
    "R critical": 1.8881217525718474,
    "w critical": 48.41952977064848,
    "R equilib drift": 1.8881217525718474,
    "w equilib drift": 50.0,
    "t min": [
        155432.5052460276,
        243440.55363236074,
        331448.60201869387,
        419456.650405027,
        507464.69879136,
        595604.6932772229
    ],
    "R min": [
        0.7057353809282412,
        0.705757151889176,
        0.7058143389725208,
        0.7059068077066061,
        0.7060343631592894,
        0.7057431304923897
    ],
    "t max": [
        192245.4670148236,
        280253.51540115674,
        368393.5098870196,
        456401.5582733527,
        544409.6066596858,
        632417.6550460189
    ],
    "R max": [
        2.909924082971345,
        2.9099153566022133,
        2.909933306609485,
        2.9099314860824825,
        2.909927024545314,
        2.9099195587210964
    ],
    "R end": 1.7876338087468568,
    "v end": -48.03854734514574,
    "t end": 659730.4976486741,
    "v max": 114.67209475621638
}