{
    "star": "MS10",
    "grain": "gra",
    "stream": {
        "L4": 0.64,
        "eta": 0.0066,
        "vinf": 90.0,
        "n": 1584.8931924611336,
        "T": 8000.0,
        "kappa": 600.0,
        "cs": 10.19646997739904,
        "taustar": 0.03149470060378798,
        "Rstar": 0.004934461345454343,
        "Qp": 2.0,
        "a": 0.2,
        "rho_d": 2.2,
        "kappa_d": 34090.90909090909,
        "drag_constant": 0.08220425527321618,
        "phi_norm": 1.0,
        "Rstarstar": 0.017660157126823787,
        "Upstarstar": 6.082410190788632,
        "R0": 0.0005845697704864684
    },
    "R sonic drift": 0.001499788418664912,
    "w sonic drift": 7.745966692414831,
    "R critical": 0.0033576080362451217,
    "w critical": 43.32928075712418,
    "R equilib drift": 0.0028000684671835373,
    "w equilib drift": 90.0,
    "t min": [
        152.90513253868582,
        244.28322112318602,
        350.1305933494545,
        456.2386733890881,
        544.8793299332539
    ],
    "R min": [
        0.0011891445608035916,
        0.0027096577950209417,
        0.0027261410820528346,
        0.0027262428274867287,
        0.0027262434594574414
    ],
    "t max": [
        189.92564203654325,
        297.07655332963765,
        403.05427946258874,
        506.9463430886182
    ],
    "R max": [
        0.0029374729997980035,
        0.002727546805087765,
        0.002726251530355742,
        0.002726243508861562
    ],
    "R end": 0.002726243472191797,
    "v end": 5.3837298136464244e-08,
    "t end": 651.769533412983,
    "v max": 103.61516873169191
}