{
    "star": "MS40",
    "grain": "gra",
    "stream": {
        "L4": 22.2,
        "eta": 0.4468,
        "vinf": 30.0,
        "n": 79.43282347242886,
        "T": 10000.0,
        "kappa": 600.0,
        "cs": 11.4,
        "taustar": 0.12457911436734766,
        "Rstar": 0.3894462319229891,
        "Qp": 2.0,
        "a": 0.02,
        "rho_d": 2.2,
        "kappa_d": 340909.0909090908,
        "drag_constant": 1446.979344239545,
        "phi_norm": 1.5,
        "Rstarstar": 55.132803030303,
        "Upstarstar": 0.0003455474343780445,
        "R0": 0.3080512553402218
    },
    "R sonic drift": 0.021185074503545776,
    "w sonic drift": 8.6559494714014,
    "R critical": 0.047427474113233115,
    "w critical": 48.41952977064848,
    "R equilib drift": 0.03432002092064296,
    "w equilib drift": 30.0,
    "t min": [
        6490.575001529006,
        7866.024512491324,
        9235.950129835317,
        10605.875747179312,
        11975.801364523306,
        13345.7269818673,
        14715.652599211293,
        16085.57821655529,
        17461.027727517605,
        18830.953344861602,
        20200.878962205596,
        21570.80457954959,
        22940.730196893583,
        24310.65581423758,
        25680.581431581573,
        27050.507048925567
    ],
    "R min": [
        0.020038749453806768,
        0.019955253450136004,
        0.019965320680589597,
        0.01997809253298944,
        0.01999163420688304,
        0.020005553159239596,
        0.020019710001980637,
        0.02003404035519154,
        0.019953951987363282,
        0.01996151627719734,
        0.019973803218583632,
        0.019987160779777167,
        0.020000978697898922,
        0.02001506748977855,
        0.020029346559933898,
        0.02004377197453695
    ],
    "t max": [
        6799.913044155069,
        8169.838661499063,
        9539.764278843058,
        10915.213789805373,
        12285.139407149369,
        13655.065024493362,
        15024.990641837358,
        16394.916259181355,
        17764.84187652535,
        19134.76749386934,
        20510.21700483166,
        21880.142622175652,
        23250.068239519645,
        24619.99385686364,
        25989.919474207636,
        27359.84509155163
    ],
    "R max": [
        0.04822767996730917,
        0.04821647002469537,
        0.04820422674671506,
        0.04825835906014382,
        0.04825482382762789,
        0.048248704114098234,
        0.048240661486326185,
        0.04823108940616607,
        0.04822024917121467,
        0.04820832821220281,
        0.04825876552660272,
        0.0482563066906842,
        0.048250937945545046,
        0.04824347036003591,
        0.048234363772207675,
        0.048223914931306816
    ],
    "R end": 0.0409640103014886,
    "v end": -27.70798322400594,
    "t end": 27619.46809161279,
    "v max": 248.5704902775104
}