{
    "star": "MS40",
    "grain": "gra",
    "stream": {
        "L4": 22.2,
        "eta": 0.4468,
        "vinf": 100.0,
        "n": 100000.00000000163,
        "T": 10000.0,
        "kappa": 600.0,
        "cs": 11.4,
        "taustar": 1.3260701338918803,
        "Rstar": 0.003292825838091019,
        "Qp": 2.0,
        "a": 0.02,
        "rho_d": 2.2,
        "kappa_d": 340909.0909090908,
        "drag_constant": 14755.27644111594,
        "phi_norm": 1.5,
        "Rstarstar": 4.961952272727272,
        "Upstarstar": 3.388618315592771e-05,
        "R0": 0.0039011410067516265
    },
    "R sonic drift": 0.0005970765237835921,
    "w sonic drift": 8.6559494714014,
    "R critical": 0.00133668783513723,
    "w critical": 48.41952977064848,
    "R equilib drift": 0.0011874881000988734,
    "w equilib drift": 100.0,
    "t min": [
        53.38420643635526,
        160.57296739124178,
        161.1334315008098,
        175.5186769797227,
        175.8923197194347,
        176.63960519885876,
        176.9665425961068,
        177.80723876045883,
        179.2083990343789,
        180.51614862337098,
        181.123318075403,
        181.31013944525904,
        181.59037150004303,
        182.10413026714707,
        182.94482643149914,
        187.2884232806514,
        228.85617807361393
    ],
    "R min": [
        0.0005678321392893658,
        0.0011476112350533336,
        0.001147611235184728,
        0.001147611233332744,
        0.0011476112334021732,
        0.001147611233678983,
        0.0011476112336384452,
        0.0011476112335284333,
        0.0011476112339785817,
        0.0011476112345963766,
        0.0011476112347040676,
        0.0011476112347824363,
        0.0011476112347968432,
        0.001147611234899493,
        0.0011476112348680321,
        0.0011476112350523847,
        0.0011476112354464924
    ],
    "t max": [
        156.4628972544095,
        161.0867261583458,
        167.34524204852218,
        175.7054983495787,
        176.59289985639475,
        176.73301588378678,
        177.3401853358188,
        178.9281669795949,
        180.42273793844296,
        181.07661273293903,
        181.26343410279503,
        181.45025547265104,
        182.05742492468306,
        182.5244783493231,
        184.62621876020324,
        206.48431903335657
    ],
    "R max": [
        0.0011476112350639065,
        0.0011476112351117309,
        0.001147611235430675,
        0.0011476112333790448,
        0.001147611233682889,
        0.0011476112336738465,
        0.0011476112337873057,
        0.0011476112339741044,
        0.0011476112345880794,
        0.0011476112347111559,
        0.0011476112347766332,
        0.0011476112348213564,
        0.0011476112348945704,
        0.0011476112349642208,
        0.0011476112351967225,
        0.00114761123538065
    ],
    "R end": 0.0011476112356784735,
    "v end": 1.4732556377905395e-08,
    "t end": 233.5267123200142,
    "v max": 231.34221135427345
}