{
    "star": "MS10",
    "grain": "gra",
    "stream": {
        "L4": 0.64,
        "eta": 0.0066,
        "vinf": 20.0,
        "n": 79.43282347242886,
        "T": 8000.0,
        "kappa": 600.0,
        "cs": 10.19646997739904,
        "taustar": 0.03172853339756149,
        "Rstar": 0.09918643136029312,
        "Qp": 2.0,
        "a": 0.2,
        "rho_d": 2.2,
        "kappa_d": 34090.90909090909,
        "drag_constant": 1.6894461532742806,
        "phi_norm": 1.0,
        "Rstarstar": 0.3576181818181818,
        "Upstarstar": 0.29595497851823244,
        "R0": 0.01178159543619632
    },
    "R sonic drift": 0.00669930878315656,
    "w sonic drift": 7.745966692414831,
    "R critical": 0.01499788418664912,
    "w critical": 43.32928075712418,
    "R equilib drift": 0.008472745515516543,
    "w equilib drift": 20.0,
    "t min": [
        3178.3181360496797,
        5156.57880605587,
        7134.8394760620595,
        9113.10014606825,
        11091.360816074439,
        13067.001273272674
    ],
    "R min": [
        0.005918594508156936,
        0.005918193239233371,
        0.005917885520834158,
        0.00591767387289074,
        0.005917560897801614,
        0.005920168973885937
    ],
    "t max": [
        3739.0436769520966,
        5717.304346958286,
        7695.565016964476,
        9673.825686970666,
        11652.086356976857
    ],
    "R max": [
        0.03121111273093303,
        0.031211418600164905,
        0.031211680178714285,
        0.031211892048191674,
        0.031212057949473414
    ],
    "R end": 0.006560248653257879,
    "v end": 40.95379903893345,
    "t end": 13101.06403977609,
    "v max": 75.86812494206937
}