{
    "star": "MS10",
    "grain": "gra",
    "stream": {
        "L4": 0.64,
        "eta": 0.0066,
        "vinf": 500.0,
        "n": 25.118864315096026,
        "T": 8000.0,
        "kappa": 600.0,
        "cs": 10.19646997739904,
        "taustar": 0.0007136906206852391,
        "Rstar": 0.007055247545729927,
        "Qp": 2.0,
        "a": 0.02,
        "rho_d": 2.2,
        "kappa_d": 340909.0909090908,
        "drag_constant": 0.0001367679444110505,
        "phi_norm": 1.0,
        "Rstarstar": 0.005721890909090909,
        "Upstarstar": 3655.827410093045,
        "R0": 0.0005782281038415597
    },
    "R sonic drift": 0.011913242870580215,
    "w sonic drift": 7.745966692414831,
    "R critical": 0.026670428643266485,
    "w critical": 43.32928075712418,
    "R equilib drift": 0.007500988142540496,
    "w equilib drift": 500.0,
    "t min": [
        233.15990313480384,
        339.2094514031519,
        443.5815902964294,
        548.699244467516,
        654.1896562775072,
        759.4936892680462,
        864.9841010780373
    ],
    "R min": [
        0.003202195650041284,
        0.006050604436097803,
        0.006885554097871497,
        0.007078394842753681,
        0.00711993409403473,
        0.007128741354238843,
        0.007130601863462493
    ],
    "t max": [
        278.0771986228037,
        389.5317326552679,
        495.7676597430681,
        601.2580715530594,
        706.7484833630506,
        812.2388951730418,
        917.729306983033
    ],
    "R max": [
        0.010519202529248133,
        0.007704396688890184,
        0.007247501665464734,
        0.007155475527989916,
        0.007136236564601912,
        0.007132183599592307,
        0.007131328240344104
    ],
    "R end": 0.007131257930178642,
    "v end": -0.008536205147747068,
    "t end": 931.8940972614064,
    "v max": 284.70240027557924
}