{
    "star": "MS10",
    "grain": "gra",
    "stream": {
        "L4": 0.64,
        "eta": 0.0066,
        "vinf": 40.0,
        "n": 794.3282347242919,
        "T": 8000.0,
        "kappa": 600.0,
        "cs": 10.19646997739904,
        "taustar": 0.05016721617650761,
        "Rstar": 0.015682751804123932,
        "Qp": 2.0,
        "a": 0.2,
        "rho_d": 2.2,
        "kappa_d": 34090.90909090909,
        "drag_constant": 1.0559038457964292,
        "phi_norm": 1.0,
        "Rstarstar": 0.08940454545454544,
        "Upstarstar": 0.47352796562917,
        "R0": 0.0022754896732394736
    },
    "R sonic drift": 0.00211850745035458,
    "w sonic drift": 7.745966692414831,
    "R critical": 0.004742747411323311,
    "w critical": 43.32928075712418,
    "R equilib drift": 0.004477442277136681,
    "w equilib drift": 40.0,
    "t min": [
        487.20741713605025,
        697.2534719727657,
        907.2995268094812,
        1117.3455816461967,
        1327.3916364829124,
        1537.437691319628,
        1747.4837461563434,
        1957.1155089716847
    ],
    "R min": [
        0.0018419850141981903,
        0.0018417950408387044,
        0.001841634567862202,
        0.0018415034561163803,
        0.0018414021907937335,
        0.0018413306026488295,
        0.0018412890443003027,
        0.0018426190951075607
    ],
    "t max": [
        571.7229894963855,
        781.769044333101,
        991.8150991698166,
        1201.8611540065322,
        1411.9072088432476,
        1621.9532636799631,
        1831.5850264953046,
        2041.6310813320201
    ],
    "R max": [
        0.006218678214181562,
        0.006218690693019349,
        0.006218700036858586,
        0.006218707500085085,
        0.006218711938676024,
        0.006218714834167011,
        0.0062186152217795585,
        0.006218635803538976
    ],
    "R end": 0.005379949655713397,
    "v end": -38.59006474593498,
    "t end": 2071.4601068709617,
    "v max": 104.2940516381446
}