{
    "star": "MS10",
    "grain": "sil",
    "stream": {
        "L4": 0.64,
        "eta": 0.0066,
        "vinf": 300.0,
        "n": 0.01995262314968885,
        "T": 8000.0,
        "kappa": 600.0,
        "cs": 10.19646997739904,
        "taustar": 3.352422439238008e-05,
        "Rstar": 0.4172160489303847,
        "Qp": 2.0,
        "a": 0.002,
        "rho_d": 3.5,
        "kappa_d": 2142857.1428571427,
        "drag_constant": 3.3119867528240406e-05,
        "phi_norm": 0.7,
        "Rstarstar": 0.09990603174603173,
        "Upstarstar": 15096.67874044676,
        "R0": 0.03390878173752607
    },
    "R sonic drift": 0.669930878315656,
    "w sonic drift": 7.745966692414831,
    "R critical": 1.4158915687682763,
    "w critical": 38.7741595142002,
    "R equilib drift": 0.42678355997492246,
    "w equilib drift": 300.0,
    "t min": [
        22009.787586823826,
        46272.95818848914,
        65627.59679658501,
        84702.74603849898
    ],
    "R min": [
        0.07976215364926081,
        0.24911757077525973,
        0.3576262192489043,
        0.40225932606709863
    ],
    "t max": [
        31634.70263471266,
        55076.873223218674,
        74850.74588058738
    ],
    "R max": [
        1.2276073030366703,
        0.5836165773150322,
        0.46956554597513966
    ],
    "R end": 0.4102859679209909,
    "v end": 5.245295201126574,
    "t end": 87340.42693184059,
    "v max": 239.2155607202725
}