{
    "star": "MS10",
    "grain": "gra",
    "stream": {
        "L4": 0.64,
        "eta": 0.0066,
        "vinf": 120.0,
        "n": 19.952623149688993,
        "T": 8000.0,
        "kappa": 600.0,
        "cs": 10.19646997739904,
        "taustar": 0.002650322646762394,
        "Rstar": 0.0329838247749067,
        "Qp": 2.0,
        "a": 0.2,
        "rho_d": 2.2,
        "kappa_d": 34090.90909090909,
        "drag_constant": 0.0003274457460783735,
        "phi_norm": 1.0,
        "Rstarstar": 0.009933838383838382,
        "Upstarstar": 1526.9705164541235,
        "R0": 0.0027684418380510972
    },
    "R sonic drift": 0.0133668783513723,
    "w sonic drift": 7.745966692414831,
    "R critical": 0.029924713121888692,
    "w critical": 43.32928075712418,
    "R equilib drift": 0.020787206456018115,
    "w equilib drift": 120.0,
    "t min": [
        1084.8124636292055,
        3186.4732365397626
    ],
    "R min": [
        0.004751850559294719,
        0.01332279397187261
    ],
    "t max": [
        1934.3643929773787,
        3966.318340915778
    ],
    "R max": [
        0.05069386621070026,
        0.02567591003908562
    ],
    "R end": 0.022680092309983794,
    "v end": -12.333605856464212,
    "t end": 4356.676560759862,
    "v max": 109.01971629615167
}