{
    "star": "MS10",
    "grain": "gra",
    "stream": {
        "L4": 0.64,
        "eta": 0.0066,
        "vinf": 170.0,
        "n": 12.589254117941765,
        "T": 8000.0,
        "kappa": 600.0,
        "cs": 10.19646997739904,
        "taustar": 0.0014860419596135685,
        "Rstar": 0.02931118248515021,
        "Qp": 2.0,
        "a": 0.2,
        "rho_d": 2.2,
        "kappa_d": 34090.90909090909,
        "drag_constant": 5.1294246138892336e-05,
        "phi_norm": 1.0,
        "Rstarstar": 0.004949732620320855,
        "Upstarstar": 9747.682004061853,
        "R0": 0.0024252022588932376
    },
    "R sonic drift": 0.016827902832903904,
    "w sonic drift": 7.745966692414831,
    "R critical": 0.03767298178979601,
    "w critical": 43.32928075712418,
    "R equilib drift": 0.020465798239577497,
    "w equilib drift": 170.0,
    "t min": [
        974.0881959956079,
        3487.514495043098
    ],
    "R min": [
        0.003388915733950613,
        0.010266758559620299
    ],
    "t max": [
        2000.829807990978
    ],
    "R max": [
        0.07649322119224884
    ],
    "R end": 0.024713212013287272,
    "v end": 35.69711427358174,
    "t end": 3871.574705864896,
    "v max": 150.60182005524712
}