{
    "star": "MS10",
    "grain": "sil",
    "stream": {
        "L4": 0.64,
        "eta": 0.0066,
        "vinf": 200.0,
        "n": 0.03162277660168389,
        "T": 8000.0,
        "kappa": 600.0,
        "cs": 10.19646997739904,
        "taustar": 6.330674699738576e-05,
        "Rstar": 0.49710973146826787,
        "Qp": 2.0,
        "a": 0.002,
        "rho_d": 3.5,
        "kappa_d": 2142857.1428571427,
        "drag_constant": 0.0002657379786899059,
        "phi_norm": 0.7,
        "Rstarstar": 0.22478857142857148,
        "Upstarstar": 1881.5526574899495,
        "R0": 0.040416867997150156
    },
    "R sonic drift": 0.5321450119597623,
    "w sonic drift": 7.745966692414831,
    "R critical": 1.1246826503806984,
    "w critical": 38.7741595142002,
    "R equilib drift": 0.4874002279481891,
    "w equilib drift": 200.0,
    "t min": [
        26078.801949743105,
        50284.42578657569,
        72658.49769078466,
        95303.13976685848
    ],
    "R min": [
        0.13527690714376178,
        0.3645093926948321,
        0.4442459733040648,
        0.46120041180559246
    ],
    "t max": [
        35652.8234157302,
        60878.28866959184,
        83855.94018796086
    ],
    "R max": [
        0.8615900769998784,
        0.5184434981772135,
        0.4745342882295292
    ],
    "R end": 0.4663826411041633,
    "v end": 0.39169823328166475,
    "t end": 104065.45071725102,
    "v max": 144.77554572290774
}