{
    "star": "MS10",
    "grain": "sil",
    "stream": {
        "L4": 0.64,
        "eta": 0.0066,
        "vinf": 100.0,
        "n": 316.2277660168418,
        "T": 8000.0,
        "kappa": 600.0,
        "cs": 10.19646997739904,
        "taustar": 0.012661349399477207,
        "Rstar": 0.009942194629365311,
        "Qp": 2.0,
        "a": 0.02,
        "rho_d": 3.5,
        "kappa_d": 214285.71428571426,
        "drag_constant": 0.4251807659038533,
        "phi_norm": 0.7,
        "Rstarstar": 0.08991542857142856,
        "Upstarstar": 1.1759704109312081,
        "R0": 0.0009431654793864417
    },
    "R sonic drift": 0.0053214501195976175,
    "w sonic drift": 7.745966692414831,
    "R critical": 0.011246826503806984,
    "w critical": 38.7741595142002,
    "R equilib drift": 0.007962143411069949,
    "w equilib drift": 100.0,
    "t min": [
        485.7775239481273,
        1357.013477352952,
        1524.3507221062914
    ],
    "R min": [
        0.004398687863212287,
        0.007939578432243055,
        0.007939578440485788
    ],
    "t max": [
        1303.7319665857194,
        1468.9879023247138,
        1766.6150913760514
    ],
    "R max": [
        0.007939578436490336,
        0.007939578437958839,
        0.007939578458880448
    ],
    "R end": 0.007939578447141242,
    "v end": -7.633914686129854e-08,
    "t end": 2081.309014345018,
    "v max": 77.42878816764181
}