{
    "star": "MS10",
    "grain": "sil",
    "stream": {
        "L4": 0.64,
        "eta": 0.0066,
        "vinf": 140.0,
        "n": 0.31622776601683955,
        "T": 8000.0,
        "kappa": 600.0,
        "cs": 10.19646997739904,
        "taustar": 0.0002859907310968068,
        "Rstar": 0.22457128549634336,
        "Qp": 2.0,
        "a": 0.002,
        "rho_d": 3.5,
        "kappa_d": 2142857.1428571427,
        "drag_constant": 0.011067804193665404,
        "phi_norm": 0.7,
        "Rstarstar": 0.45875218658892114,
        "Upstarstar": 45.17607930633362,
        "R0": 0.018308594328751454
    },
    "R sonic drift": 0.16827902832903915,
    "w sonic drift": 7.745966692414831,
    "R critical": 0.3556558820077846,
    "w critical": 38.7741595142002,
    "R equilib drift": 0.19871646664905915,
    "w equilib drift": 140.0,
    "t min": [
        11358.094022805939,
        17873.954252776566,
        25104.396557029682,
        32344.241256997044,
        39414.84283410803
    ],
    "R min": [
        0.10047266736275101,
        0.19255867921106998,
        0.19495828802788365,
        0.19499654031960323,
        0.19499714276366167
    ],
    "t max": [
        14056.581592793773,
        21475.071811331756,
        28724.318907013363,
        35945.35881555224,
        45272.53536408162
    ],
    "R max": [
        0.21622440520291972,
        0.19530691045058013,
        0.19500203612273836,
        0.1949972311745943,
        0.1949971553113934
    ],
    "R end": 0.19499715451239527,
    "v end": -4.679090128314062e-07,
    "t end": 47011.97857121663,
    "v max": 82.85054278932623
}