{
    "star": "MS10",
    "grain": "gra",
    "stream": {
        "L4": 0.64,
        "eta": 0.0066,
        "vinf": 250.0,
        "n": 0.10000000000000041,
        "T": 8000.0,
        "kappa": 600.0,
        "cs": 10.19646997739904,
        "taustar": 9.006166776159563e-05,
        "Rstar": 0.22363627612710735,
        "Qp": 2.0,
        "a": 0.02,
        "rho_d": 2.2,
        "kappa_d": 340909.0909090908,
        "drag_constant": 8.711727899504162e-06,
        "phi_norm": 1.0,
        "Rstarstar": 0.02288756363636363,
        "Upstarstar": 57393.89542095984,
        "R0": 0.018188449031532376
    },
    "R sonic drift": 0.18881217525718474,
    "w sonic drift": 7.745966692414831,
    "R critical": 0.4226978079673296,
    "w critical": 43.32928075712418,
    "R equilib drift": 0.1782501876267492,
    "w equilib drift": 250.0,
    "t min": [
        7443.841158655258
    ],
    "R min": [
        0.019128873468967196
    ],
    "t max": [
        18018.82185230043
    ],
    "R max": [
        1.1006541893097175
    ],
    "R end": 0.4012838851621244,
    "v end": -105.16862856058671,
    "t end": 29539.052216885946,
    "v max": 226.74617573970872
}