{
    "star": "MS10",
    "grain": "gra",
    "stream": {
        "L4": 0.64,
        "eta": 0.0066,
        "vinf": 140.0,
        "n": 199.52623149688992,
        "T": 8000.0,
        "kappa": 600.0,
        "cs": 10.19646997739904,
        "taustar": 0.007183762369795756,
        "Rstar": 0.00894034390565107,
        "Qp": 2.0,
        "a": 0.02,
        "rho_d": 2.2,
        "kappa_d": 340909.0909090908,
        "drag_constant": 0.17674705827470716,
        "phi_norm": 1.0,
        "Rstarstar": 0.07298330241187381,
        "Upstarstar": 2.8289013966098415,
        "R0": 0.0007933318156913316
    },
    "R sonic drift": 0.004226978079673296,
    "w sonic drift": 7.745966692414831,
    "R critical": 0.009463025179229607,
    "w critical": 43.32928075712418,
    "R equilib drift": 0.005932446856268916,
    "w equilib drift": 140.0,
    "t min": [
        274.2020800343658
    ],
    "R min": [
        0.0035291792377445054
    ],
    "t max": [
        659.4075860947022
    ],
    "R max": [
        0.005806205069092496
    ],
    "R end": 0.005806205066927194,
    "v end": -1.3859426258055961e-08,
    "t end": 1180.8875109145815,
    "v max": 96.29551719730622
}