{
    "star": "MS10",
    "grain": "sil",
    "stream": {
        "L4": 0.64,
        "eta": 0.0066,
        "vinf": 300.0,
        "n": 79432.82347242952,
        "T": 8000.0,
        "kappa": 600.0,
        "cs": 10.19646997739904,
        "taustar": 0.06688962156867694,
        "Rstar": 0.00020910335738831865,
        "Qp": 2.0,
        "a": 0.002,
        "rho_d": 3.5,
        "kappa_d": 2142857.1428571427,
        "drag_constant": 131.8525675077463,
        "phi_norm": 0.7,
        "Rstarstar": 0.09990603174603171,
        "Upstarstar": 0.003792114248898681,
        "R0": 3.573248162564364e-05
    },
    "R sonic drift": 0.0003357608036245122,
    "w sonic drift": 7.745966692414831,
    "R critical": 0.0007096267784671508,
    "w critical": 38.7741595142002,
    "R equilib drift": 0.0002138984717814303,
    "w equilib drift": 300.0,
    "t min": [
        23.34900197128736,
        29.09213856414994,
        33.92477789229041
    ],
    "R min": [
        0.00021310220876049658,
        0.0002131022087114077,
        0.00021310220881021313
    ],
    "t max": [
        28.803230778228503,
        29.20595072224021,
        39.85176489437573
    ],
    "R max": [
        0.00021310220873862798,
        0.00021310220870425302,
        0.00021310220936094688
    ],
    "R end": 0.00021310220891841635,
    "v end": -2.0184832515667111e-07,
    "t end": 43.773906957794075,
    "v max": 5.503706402255133e-07
}