{
    "star": "MS10",
    "grain": "sil",
    "stream": {
        "L4": 0.64,
        "eta": 0.0066,
        "vinf": 100.0,
        "n": 0.501187233627275,
        "T": 8000.0,
        "kappa": 600.0,
        "cs": 10.19646997739904,
        "taustar": 0.0005040573984815076,
        "Rstar": 0.24973663788930234,
        "Qp": 2.0,
        "a": 0.02,
        "rho_d": 3.5,
        "kappa_d": 214285.71428571426,
        "drag_constant": 0.0006738661014464145,
        "phi_norm": 0.7,
        "Rstarstar": 0.08991542857142858,
        "Upstarstar": 741.9871676684417,
        "R0": 0.02041496726707588
    },
    "R sonic drift": 0.133668783513723,
    "w sonic drift": 7.745966692414831,
    "R critical": 0.2825075089245511,
    "w critical": 38.7741595142002,
    "R equilib drift": 0.20000000000000004,
    "w equilib drift": 100.0,
    "t min": [
        13070.029682279586,
        37401.19693881126
    ],
    "R min": [
        0.04491286878314522,
        0.13384585734780982
    ],
    "t max": [
        22741.85164716648,
        46832.530357544216
    ],
    "R max": [
        0.46848500213855454,
        0.2451612863557328
    ],
    "R end": 0.21201845986224033,
    "v end": -9.020127336014706,
    "t end": 52280.118729118345,
    "v max": 89.20224580171075
}