{
    "star": "MS10",
    "grain": "gra",
    "stream": {
        "L4": 0.64,
        "eta": 0.0066,
        "vinf": 70.0,
        "n": 6.309573444801981,
        "T": 8000.0,
        "kappa": 600.0,
        "cs": 10.19646997739904,
        "taustar": 0.00255494734176404,
        "Rstar": 0.10055049679122578,
        "Qp": 2.0,
        "a": 0.02,
        "rho_d": 2.2,
        "kappa_d": 340909.0909090908,
        "drag_constant": 0.08942772382121346,
        "phi_norm": 1.0,
        "Rstarstar": 0.2919332096474953,
        "Upstarstar": 5.591107305824029,
        "R0": 0.008429644126017996
    },
    "R sonic drift": 0.02377004454874038,
    "w sonic drift": 7.745966692414831,
    "R critical": 0.05321450119597623,
    "w critical": 43.32928075712418,
    "R equilib drift": 0.05023772863019165,
    "w equilib drift": 70.0,
    "t min": [
        3126.403179387969,
        5049.526290583287,
        7209.05541959129,
        9381.865785555061,
        11554.676151518832
    ],
    "R min": [
        0.018815753034465723,
        0.04562119584160044,
        0.048509592491847185,
        0.048683336389953834,
        0.04869408238400442
    ],
    "t max": [
        3947.1836232544792,
        6119.99398921825,
        8295.460602573174,
        10468.270968536946,
        12643.737581891872
    ],
    "R max": [
        0.057927637516530725,
        0.04942925875116649,
        0.04874076811297289,
        0.04869764394287477,
        0.04869496893323851
    ],
    "R end": 0.048694805314096645,
    "v end": -0.00025413521842663735,
    "t end": 13281.236955768773,
    "v max": 99.26216196332929
}