{
    "star": "MS10",
    "grain": "gra",
    "stream": {
        "L4": 0.64,
        "eta": 0.0066,
        "vinf": 60.0,
        "n": 31.622776601684052,
        "T": 8000.0,
        "kappa": 600.0,
        "cs": 10.19646997739904,
        "taustar": 0.0066731170589255035,
        "Rstar": 0.05239996661581338,
        "Qp": 2.0,
        "a": 0.2,
        "rho_d": 2.2,
        "kappa_d": 34090.90909090909,
        "drag_constant": 0.008303464541759425,
        "phi_norm": 1.0,
        "Rstarstar": 0.03973535353535353,
        "Upstarstar": 60.21582888509029,
        "R0": 0.004620778923643575
    },
    "R sonic drift": 0.01061768888461977,
    "w sonic drift": 7.745966692414831,
    "R critical": 0.02377004454874038,
    "w critical": 43.32928075712418,
    "R equilib drift": 0.02377004454874038,
    "w equilib drift": 60.0,
    "t min": [
        1674.945501658148,
        3708.412395819983,
        5741.879289981816
    ],
    "R min": [
        0.006807445705598725,
        0.006807615342314981,
        0.0068080357103294745
    ],
    "t max": [
        2642.5379856738887,
        4677.389132316433,
        6710.856026478266
    ],
    "R max": [
        0.04481677597442606,
        0.044816832019800745,
        0.04481681598873554
    ],
    "R end": 0.04344005966805517,
    "v end": -12.705944387922957,
    "t end": 6921.262403546067,
    "v max": 77.43292550553065
}