{
    "star": "MS10",
    "grain": "sil",
    "stream": {
        "L4": 0.64,
        "eta": 0.0066,
        "vinf": 90.0,
        "n": 15848.931924611368,
        "T": 8000.0,
        "kappa": 600.0,
        "cs": 10.19646997739904,
        "taustar": 0.0995949881330504,
        "Rstar": 0.0015604136877694658,
        "Qp": 2.0,
        "a": 0.02,
        "rho_d": 3.5,
        "kappa_d": 214285.71428571426,
        "drag_constant": 32.479069022234036,
        "phi_norm": 0.7,
        "Rstarstar": 0.11100670194003526,
        "Upstarstar": 0.015394529925033172,
        "R0": 0.0003499067336049602
    },
    "R sonic drift": 0.0007516748085768887,
    "w sonic drift": 7.745966692414831,
    "R critical": 0.0015886564694485628,
    "w critical": 38.7741595142002,
    "R equilib drift": 0.0012507446411901824,
    "w equilib drift": 90.0,
    "t min": [
        75.06613925128917,
        249.10982503495703,
        311.89360207628766
    ],
    "R min": [
        0.0006937674851302583,
        0.0012064049827652489,
        0.0012064049876197732
    ],
    "t max": [
        248.97916160719154,
        268.9706660553155
    ],
    "R max": [
        0.001206404982765678,
        0.0012064049830838423
    ],
    "R end": 0.001206404989759041,
    "v end": 1.7654515146186244e-07,
    "t end": 326.658569413791,
    "v max": 86.47266632868849
}