{
    "star": "MS20",
    "grain": "gra",
    "stream": {
        "L4": 5.45,
        "eta": 0.1199,
        "vinf": 90.0,
        "n": 251.1886431509608,
        "T": 9000.0,
        "kappa": 600.0,
        "cs": 10.814989597775858,
        "taustar": 0.03658859629918651,
        "Rstar": 0.03616995890932229,
        "Qp": 2.0,
        "a": 0.02,
        "rho_d": 2.2,
        "kappa_d": 340909.0909090908,
        "drag_constant": 12.481401391303944,
        "phi_norm": 1.5,
        "Rstarstar": 1.503872755331088,
        "Upstarstar": 0.04005960423229081,
        "R0": 0.013897198391070434
    },
    "R sonic drift": 0.005970765237835921,
    "w sonic drift": 9.672835454459698,
    "R critical": 0.014158915687682763,
    "w critical": 48.41952977064848,
    "R equilib drift": 0.012619146889603867,
    "w equilib drift": 90.0,
    "t min": [
        593.1578492928361,
        1682.9491734529022,
        1785.1819786241085,
        1901.9453347841156,
        2006.253932953722,
        2118.865703116929,
        2217.9848187905345,
        2353.4303119361434,
        2475.3831505921507
    ],
    "R min": [
        0.005771258475781527,
        0.01224852172651653,
        0.012248521729428129,
        0.012248521741256594,
        0.012248521737920686,
        0.012248521739713837,
        0.01224852174443891,
        0.012248521743131943,
        0.012248521746164745
    ],
    "t max": [
        1675.6838979585018,
        1775.840910131308,
        1860.4294748161133,
        1962.1433317377193,
        2065.4140334081258,
        2172.8363210753323,
        2277.6638674945384,
        2428.1588598785474
    ],
    "R max": [
        0.01224852172678114,
        0.012248521729406308,
        0.012248521750779411,
        0.012248521755059213,
        0.012248521758063818,
        0.012248521746604773,
        0.01224852175300026,
        0.01224852174524263
    ],
    "R end": 0.012248521748217561,
    "v end": 1.4833995245332736e-08,
    "t end": 2594.741248000158,
    "v max": 190.52779530711132
}