{
    "star": "MS10",
    "grain": "sil",
    "stream": {
        "L4": 0.64,
        "eta": 0.0066,
        "vinf": 50.0,
        "n": 5011.872336272797,
        "T": 8000.0,
        "kappa": 600.0,
        "cs": 10.19646997739904,
        "taustar": 0.10081147969630198,
        "Rstar": 0.004994732757786023,
        "Qp": 2.0,
        "a": 0.02,
        "rho_d": 3.5,
        "kappa_d": 214285.71428571426,
        "drag_constant": 107.8185762314274,
        "phi_norm": 0.7,
        "Rstarstar": 0.3596617142857143,
        "Upstarstar": 0.004637419797927717,
        "R0": 0.0011301219037006597
    },
    "R sonic drift": 0.00133668783513723,
    "w sonic drift": 7.745966692414831,
    "R critical": 0.0028250750892455114,
    "w critical": 38.7741595142002,
    "R equilib drift": 0.0028250750892455114,
    "w equilib drift": 50.0,
    "t min": [
        242.57975090310916,
        323.3002542208678,
        362.6149035051649,
        401.72043231454535,
        441.6624430235918,
        477.0038032844758,
        499.58881457545493,
        541.2037890838332,
        666.0487126089678
    ],
    "R min": [
        0.001240601359242876,
        0.0027822447838996497,
        0.0027830322932853547,
        0.002783059790046562,
        0.0027830607623470166,
        0.002783060792192772,
        0.0027830607907542958,
        0.002783060794701019,
        0.002783060796021803
    ],
    "t max": [
        303.8520500536358,
        342.95757886301635,
        382.0631076723969,
        421.7959979065268,
        462.36537004032266,
        488.50542940488185,
        516.3184525687727,
        631.9620751975826,
        882.2792836726012
    ],
    "R max": [
        0.0027869605196911367,
        0.0027832113995330658,
        0.0027830661648635653,
        0.0027830609835963007,
        0.0027830608007978264,
        0.0027830608002885064,
        0.0027830608003837523,
        0.002783060795709914,
        0.002783060795985663
    ],
    "R end": 0.002783060796187968,
    "v end": -1.725379490607857e-10,
    "t end": 1045.6023745823668,
    "v max": 114.77091748166335
}