{
    "star": "MS20",
    "grain": "gra",
    "stream": {
        "L4": 5.45,
        "eta": 0.1199,
        "vinf": 30.0,
        "n": 1.5848931924611238,
        "T": 9000.0,
        "kappa": 600.0,
        "cs": 10.814989597775858,
        "taustar": 0.00871900653281164,
        "Rstar": 1.3660584124349033,
        "Qp": 2.0,
        "a": 0.02,
        "rho_d": 2.2,
        "kappa_d": 340909.0909090908,
        "drag_constant": 6.378937820571276,
        "phi_norm": 1.5,
        "Rstarstar": 13.534854797979792,
        "Upstarstar": 0.07838295560548693,
        "R0": 0.48504218276850347
    },
    "R sonic drift": 0.07516748085768887,
    "w sonic drift": 9.672835454459698,
    "R critical": 0.1782501876267492,
    "w critical": 48.41952977064848,
    "R equilib drift": 0.133668783513723,
    "w equilib drift": 30.0,
    "t min": [
        23049.028657837098,
        30790.836752943946,
        38552.24436221562,
        46294.05245732247,
        54055.46006659415,
        61797.268161700995,
        69558.67577097268,
        77300.48386607952,
        85042.29196118638,
        92803.69957045805
    ],
    "R min": [
        0.07162012322248969,
        0.07166542196006837,
        0.07161924479481173,
        0.07166073160817231,
        0.07161865506710395,
        0.07165625585995024,
        0.07161836034001275,
        0.07165200137881728,
        0.07173749497782574,
        0.0716479746930704
    ],
    "t max": [
        25087.378130979156,
        32848.78574025083,
        40590.59383535768,
        48352.00144462936,
        56093.809539736205,
        63855.217149007876,
        71597.02524411473,
        79358.4328533864,
        87100.24094849326,
        94861.64855776493
    ],
    "R max": [
        0.22600970758664501,
        0.22603128216469143,
        0.22601148763064116,
        0.2260321213616488,
        0.22601320265674585,
        0.22603288786629153,
        0.2260148532423699,
        0.22603360117910637,
        0.22601647005711017,
        0.2260342537680786
    ],
    "R end": 0.13693550508183072,
    "v end": -27.44918888894532,
    "t end": 97997.57082413732,
    "v max": 145.0517947464276
}