{
    "star": "MS10",
    "grain": "sil",
    "stream": {
        "L4": 0.64,
        "eta": 0.0066,
        "vinf": 20.0,
        "n": 0.0019952623149688807,
        "T": 8000.0,
        "kappa": 600.0,
        "cs": 10.19646997739904,
        "taustar": 0.0001590193588057429,
        "Rstar": 19.790294864944116,
        "Qp": 2.0,
        "a": 0.02,
        "rho_d": 3.5,
        "kappa_d": 214285.71428571426,
        "drag_constant": 0.0016766932936171674,
        "phi_norm": 0.7,
        "Rstarstar": 2.247885714285714,
        "Upstarstar": 298.2059998112946,
        "R0": 1.610921234393387
    },
    "R sonic drift": 2.11850745035458,
    "w sonic drift": 7.745966692414831,
    "R critical": 4.477442277136685,
    "w critical": 38.7741595142002,
    "R equilib drift": 2.8250750892455114,
    "w equilib drift": 20.0,
    "t min": [
        1063901.910888926
    ],
    "R min": [
        0.9677103260351411
    ],
    "t max": [],
    "R max": [],
    "R end": 36.39905747531582,
    "v end": 1.2671291512916005,
    "t end": 4142920.2137419228,
    "v max": 22.24217228838548
}