{
    "star": "MS20",
    "grain": "gra",
    "stream": {
        "L4": 5.45,
        "eta": 0.1199,
        "vinf": 300.0,
        "n": 15848.931924611368,
        "T": 9000.0,
        "kappa": 600.0,
        "cs": 10.814989597775858,
        "taustar": 0.08719006532811677,
        "Rstar": 0.001366058412434898,
        "Qp": 2.0,
        "a": 0.02,
        "rho_d": 2.2,
        "kappa_d": 340909.0909090908,
        "drag_constant": 6.378937820571332,
        "phi_norm": 1.5,
        "Rstarstar": 0.13534854797979795,
        "Upstarstar": 0.07838295560548626,
        "R0": 0.0006013652149837353
    },
    "R sonic drift": 0.0007516748085768887,
    "w sonic drift": 9.672835454459698,
    "R critical": 0.001782501876267492,
    "w critical": 48.41952977064848,
    "R equilib drift": 0.0008039104641559782,
    "w equilib drift": 300.0,
    "t min": [
        22.24544857707917,
        47.48962282137694,
        48.11680727465142,
        48.43039950128866,
        48.528397072112796,
        48.62639464293694,
        48.685193185431416,
        48.78319075625555,
        49.56717132284866,
        51.44872468267209
    ],
    "R min": [
        0.0007277239228542026,
        0.000776203573436494,
        0.0007762035734223658,
        0.0007762035732368337,
        0.0007762035732391715,
        0.0007762035732447079,
        0.000776203573243326,
        0.0007762035732511119,
        0.0007762035730722748,
        0.000776203573114364
    ],
    "t max": [
        47.156431080574876,
        47.7444165055197,
        48.17560581714591,
        48.50879755794797,
        48.606795128772106,
        48.64599415710177,
        48.7439917279259,
        49.3123776387059,
        50.44914946026589,
        57.25018087546102
    ],
    "R max": [
        0.0007762035736212469,
        0.0007762035735065312,
        0.0007762035734191769,
        0.0007762035732408747,
        0.0007762035732443747,
        0.0007762035732474039,
        0.0007762035732560563,
        0.0007762035738280987,
        0.0007762035730964882,
        0.000776203573569829
    ],
    "R end": 0.0007762035729891513,
    "v end": -1.8495125761022791e-09,
    "t end": 97.99757082413731,
    "v max": 36.31972005844964
}