{
    "star": "MS10",
    "grain": "gra",
    "stream": {
        "L4": 0.64,
        "eta": 0.0066,
        "vinf": 140.0,
        "n": 158.48931924611304,
        "T": 8000.0,
        "kappa": 600.0,
        "cs": 10.19646997739904,
        "taustar": 0.00640253495141037,
        "Rstar": 0.010031230849946586,
        "Qp": 2.0,
        "a": 0.2,
        "rho_d": 2.2,
        "kappa_d": 34090.90909090909,
        "drag_constant": 0.0014039517879205806,
        "phi_norm": 1.0,
        "Rstarstar": 0.007298330241187382,
        "Upstarstar": 356.1375855652134,
        "R0": 0.0008816542604787858
    },
    "R sonic drift": 0.004742747411323311,
    "w sonic drift": 7.745966692414831,
    "R critical": 0.01061768888461977,
    "w critical": 43.32928075712418,
    "R equilib drift": 0.006656314851899396,
    "w equilib drift": 140.0,
    "t min": [
        324.3545115107733,
        641.0241530592815,
        952.3938842889862,
        1267.7385482577936
    ],
    "R min": [
        0.0023459173660848433,
        0.005704753748644704,
        0.00641509576091396,
        0.00650321432906925
    ],
    "t max": [
        450.22738158235603,
        791.5416061133005,
        1109.5362252415096
    ],
    "R max": [
        0.009960986993719865,
        0.006821491146250086,
        0.006548744052949627
    ],
    "R end": 0.006508990713240748,
    "v end": 0.15289483007693688,
    "t end": 1324.9775797008713,
    "v max": 113.61584835487044
}