{
    "star": "MS40",
    "grain": "gra",
    "stream": {
        "L4": 22.2,
        "eta": 0.4468,
        "vinf": 30.0,
        "n": 398.1071705535018,
        "T": 10000.0,
        "kappa": 600.0,
        "cs": 11.4,
        "taustar": 0.2788978967583043,
        "Rstar": 0.17395924182501765,
        "Qp": 2.0,
        "a": 0.02,
        "rho_d": 2.2,
        "kappa_d": 340909.0909090908,
        "drag_constant": 7252.0757465522365,
        "phi_norm": 1.5,
        "Rstarstar": 55.13280303030301,
        "Upstarstar": 6.894577738486924e-05,
        "R0": 0.16025094811699375
    },
    "R sonic drift": 0.009463025179229607,
    "w sonic drift": 8.6559494714014,
    "R critical": 0.021185074503545776,
    "w critical": 48.41952977064848,
    "R equilib drift": 0.015330190227529003,
    "w equilib drift": 30.0,
    "t min": [
        2899.233356808218,
        3491.4171913903224,
        4083.6010259724267,
        4675.784860554531,
        5270.436127780727,
        5862.619962362831,
        6454.803796944935,
        7046.987631527039,
        7639.171466109144,
        8231.355300691248,
        8823.539135273351,
        9418.190402499547,
        10010.374237081653,
        10602.558071663756,
        11194.741906245861,
        11786.925740827965
    ],
    "R min": [
        0.008951884755746235,
        0.008959371962547787,
        0.00896695676436173,
        0.008974614179445282,
        0.008936295378523947,
        0.008942675255138673,
        0.008949932691199095,
        0.008957386340397146,
        0.008964948989512951,
        0.008972588701713174,
        0.008980289930535942,
        0.008940828282260064,
        0.008947992757518352,
        0.008955407751715957,
        0.008962945846529643,
        0.008970567269767204
    ],
    "t max": [
        3030.0072869450996,
        3622.1911215272034,
        4214.374956109308,
        4806.5587906914125,
        5398.742625273517,
        5993.393892499712,
        6585.577727081816,
        7177.761561663921,
        7769.945396246026,
        8362.129230828128,
        8954.313065410233,
        9546.496899992337,
        10141.148167218535,
        10733.332001800638,
        11325.515836382741,
        11917.699670964847
    ],
    "R max": [
        0.021236550924295394,
        0.02123123479831057,
        0.021224631320907128,
        0.021217103853689464,
        0.021208859847571974,
        0.02124004533611922,
        0.021237658068203446,
        0.02123278285413484,
        0.021226473211616092,
        0.02121916522265139,
        0.02121109557369028,
        0.02120241135072839,
        0.021238603563551537,
        0.02123423376490751,
        0.021228247254739836,
        0.021221174252973176
    ],
    "R end": 0.009900497860540204,
    "v end": -22.838635801035206,
    "t end": 12337.163220460505,
    "v max": 270.30202197563835
}