{
    "star": "MS10",
    "grain": "gra",
    "stream": {
        "L4": 0.64,
        "eta": 0.0066,
        "vinf": 90.0,
        "n": 25.118864315096026,
        "T": 8000.0,
        "kappa": 600.0,
        "cs": 10.19646997739904,
        "taustar": 0.003964947892695772,
        "Rstar": 0.03919581969849959,
        "Qp": 2.0,
        "a": 0.02,
        "rho_d": 2.2,
        "kappa_d": 340909.0909090908,
        "drag_constant": 0.1302849645738554,
        "phi_norm": 1.0,
        "Rstarstar": 0.17660157126823792,
        "Upstarstar": 3.837741382019274,
        "R0": 0.003343427849585369
    },
    "R sonic drift": 0.011913242870580215,
    "w sonic drift": 7.745966692414831,
    "R critical": 0.026670428643266485,
    "w critical": 43.32928075712418,
    "R equilib drift": 0.022241734426450235,
    "w equilib drift": 90.0,
    "t min": [
        1210.4268885539823,
        1914.524650929267,
        2737.6977701768424,
        3562.94176519611,
        4127.255412982184,
        4566.281076580891
    ],
    "R min": [
        0.009696443125079111,
        0.0216158379875255,
        0.021655246466775663,
        0.021655321453716604,
        0.021655321611568672,
        0.021655321632551145
    ],
    "t max": [
        1497.2431829333261,
        2325.5934916101314,
        3148.7666108577073,
        3925.345025242212,
        4467.91447742552,
        5135.771913796194
    ],
    "R max": [
        0.022553784713526388,
        0.021657042115948055,
        0.021655324911198866,
        0.02165532162897496,
        0.021655321625962252,
        0.021655321654954214
    ],
    "R end": 0.021655321649951258,
    "v end": -2.2332803552058996e-08,
    "t end": 5177.189429230034,
    "v max": 105.9651290612028
}