{
    "star": "MS10",
    "grain": "gra",
    "stream": {
        "L4": 0.64,
        "eta": 0.0066,
        "vinf": 50.0,
        "n": 0.0501187233627274,
        "T": 8000.0,
        "kappa": 600.0,
        "cs": 10.19646997739904,
        "taustar": 0.0003187938901321321,
        "Rstar": 1.579473181845803,
        "Qp": 2.0,
        "a": 0.02,
        "rho_d": 2.2,
        "kappa_d": 340909.0909090908,
        "drag_constant": 0.0027288792537912597,
        "phi_norm": 1.0,
        "Rstarstar": 0.5721890909090908,
        "Upstarstar": 183.2254026283299,
        "R0": 0.12882150907592088
    },
    "R sonic drift": 0.26670428643266486,
    "w sonic drift": 7.745966692414831,
    "R critical": 0.5970765237835921,
    "w critical": 43.32928075712418,
    "R equilib drift": 0.5970765237835921,
    "w equilib drift": 50.0,
    "t min": [
        51363.49997566471,
        163937.60471518006
    ],
    "R min": [
        0.1467204551636812,
        0.14674279840910995
    ],
    "t max": [
        107567.10230484455
    ],
    "R max": [
        1.882210604222295
    ],
    "R end": 1.818903861515849,
    "v end": 10.832967060091441,
    "t end": 208625.10144461703,
    "v max": 62.90188459460183
}