{
    "star": "MS10",
    "grain": "sil",
    "stream": {
        "L4": 0.64,
        "eta": 0.0066,
        "vinf": 20.0,
        "n": 0.00794328234724283,
        "T": 8000.0,
        "kappa": 600.0,
        "cs": 10.19646997739904,
        "taustar": 0.0003172853339756137,
        "Rstar": 9.918643136029347,
        "Qp": 2.0,
        "a": 0.002,
        "rho_d": 3.5,
        "kappa_d": 2142857.1428571427,
        "drag_constant": 0.6675036230079557,
        "phi_norm": 0.7,
        "Rstarstar": 22.478857142857137,
        "Upstarstar": 0.7490596047207386,
        "R0": 0.808947481212132
    },
    "R sonic drift": 1.0617688884619771,
    "w sonic drift": 7.745966692414831,
    "R critical": 2.2440369086039262,
    "w critical": 38.7741595142002,
    "R equilib drift": 1.4158915687682763,
    "w equilib drift": 20.0,
    "t min": [
        510789.1653817,
        924403.8066176132,
        1338433.7235977391,
        1752463.6405778648
    ],
    "R min": [
        0.8893996018353632,
        0.889569314800676,
        0.8894579404218277,
        0.8893984009422053
    ],
    "t max": [
        659042.6060656568,
        1073072.5230457827,
        1486687.1642816958,
        1900717.0812618218
    ],
    "R max": [
        5.521619730201569,
        5.521638898070653,
        5.5215849176261775,
        5.521621159226432
    ],
    "R end": 2.2865488185780425,
    "v end": -18.135625566101094,
    "t end": 2076378.721063821,
    "v max": 52.389454331520824
}