{
    "star": "MS10",
    "grain": "gra",
    "stream": {
        "L4": 0.64,
        "eta": 0.0066,
        "vinf": 10.0,
        "n": 79.43282347242886,
        "T": 8000.0,
        "kappa": 600.0,
        "cs": 10.19646997739904,
        "taustar": 0.06345706679512297,
        "Rstar": 0.19837286272058624,
        "Qp": 2.0,
        "a": 0.02,
        "rho_d": 2.2,
        "kappa_d": 340909.0909090908,
        "drag_constant": 2703.1138452388473,
        "phi_norm": 1.0,
        "Rstarstar": 14.304727272727272,
        "Upstarstar": 0.00018497186157389526,
        "R0": 0.03282589618256395
    },
    "R sonic drift": 0.00669930878315656,
    "w sonic drift": 7.745966692414831,
    "R critical": 0.01499788418664912,
    "w critical": 43.32928075712418,
    "R equilib drift": 0.00669930878315656,
    "w equilib drift": 10.0,
    "t min": [
        6969.766069160879,
        7090.29585832682,
        7210.825647492759,
        7237.027775572313,
        7284.191606115505,
        7320.874585426879,
        7577.655440606491,
        7766.310762779266,
        7829.195870170191,
        7913.042680024759,
        8138.380981508907,
        8819.636311577264,
        11020.615070259646
    ],
    "R min": [
        0.0063565969475393716,
        0.006356769983535551,
        0.006356770773153319,
        0.006356770775524753,
        0.006356770777370695,
        0.006356770774970591,
        0.0063567707707292,
        0.00635677077701211,
        0.0063567707772012455,
        0.006356770777229114,
        0.00635677077786476,
        0.006356770776855643,
        0.006356770777724179
    ],
    "t max": [
        7032.651176551805,
        7153.180965717745,
        7231.787349956401,
        7263.229903651864,
        7299.912882963237,
        7409.961820897356,
        7692.94480415652,
        7813.47459332246,
        7834.436295786102,
        7996.889489879325,
        8442.325667231711,
        9469.449087950157,
        13195.391700862476
    ],
    "R max": [
        0.00635678302385055,
        0.006356770833245903,
        0.006356770775338279,
        0.006356770777677822,
        0.006356770777719445,
        0.006356770778104009,
        0.006356770787131869,
        0.006356770777486251,
        0.006356770777224653,
        0.006356770777695111,
        0.00635677078864589,
        0.006356770777586914,
        0.006356770777696295
    ],
    "R end": 0.006356770777596862,
    "v end": -4.859340479708808e-11,
    "t end": 26202.12807955218,
    "v max": 0.005522472644317601
}