{
    "star": "MS10",
    "grain": "gra",
    "stream": {
        "L4": 0.64,
        "eta": 0.0066,
        "vinf": 30.0,
        "n": 1.2589254117941753,
        "T": 8000.0,
        "kappa": 600.0,
        "cs": 10.19646997739904,
        "taustar": 0.0026629237982100018,
        "Rstar": 0.5252438862068189,
        "Qp": 2.0,
        "a": 0.2,
        "rho_d": 2.2,
        "kappa_d": 34090.90909090909,
        "drag_constant": 0.005289070039217805,
        "phi_norm": 1.0,
        "Rstarstar": 0.15894141414141413,
        "Upstarstar": 94.53457721160072,
        "R0": 0.04409229373191945
    },
    "R sonic drift": 0.05321450119597623,
    "w sonic drift": 7.745966692414831,
    "R critical": 0.1191324287058022,
    "w critical": 43.32928075712418,
    "R equilib drift": 0.09672696116337913,
    "w equilib drift": 30.0,
    "t min": [
        17205.48785191884,
        60246.95826857388
    ],
    "R min": [
        0.03259739645180999,
        0.0325954321825873
    ],
    "t max": [
        38920.47856825189
    ],
    "R max": [
        0.5369498267647479
    ],
    "R end": 0.3629936467749087,
    "v end": 27.04336301512962,
    "t end": 69376.96714483402,
    "v max": 44.000598802635565
}