{
    "star": "MS10",
    "grain": "gra",
    "stream": {
        "L4": 0.64,
        "eta": 0.0066,
        "vinf": 100.0,
        "n": 0.010000000000000021,
        "T": 8000.0,
        "kappa": 600.0,
        "cs": 10.19646997739904,
        "taustar": 7.120000000000008e-05,
        "Rstar": 1.767999999999998,
        "Qp": 2.0,
        "a": 0.2,
        "rho_d": 2.2,
        "kappa_d": 34090.90909090909,
        "drag_constant": 3.403018710743808e-07,
        "phi_norm": 1.0,
        "Rstarstar": 0.01430472727272727,
        "Upstarstar": 1469283.7227765748,
        "R0": 0.14375893502622433
    },
    "R sonic drift": 0.5970765237835921,
    "w sonic drift": 7.745966692414831,
    "R critical": 1.33668783513723,
    "w critical": 43.32928075712418,
    "R equilib drift": 1.0583498832357805,
    "w equilib drift": 100.0,
    "t min": [
        58708.615477251566
    ],
    "R min": [
        0.013984083735169094
    ],
    "t max": [],
    "R max": [],
    "R end": 16.483027592539646,
    "v end": 86.71094509135912,
    "t end": 233526.7123200142,
    "v max": 98.60985736618618
}