{
    "star": "MS10",
    "grain": "gra",
    "stream": {
        "L4": 0.64,
        "eta": 0.0066,
        "vinf": 300.0,
        "n": 0.015848931924611172,
        "T": 8000.0,
        "kappa": 600.0,
        "cs": 10.19646997739904,
        "taustar": 2.9878496439914938e-05,
        "Rstar": 0.46812410633084267,
        "Qp": 2.0,
        "a": 0.2,
        "rho_d": 2.2,
        "kappa_d": 34090.90909090909,
        "drag_constant": 6.6585446771304395e-09,
        "phi_norm": 1.0,
        "Rstarstar": 0.0015894141414141414,
        "Upstarstar": 75091483.8368974,
        "R0": 0.038044571562099505
    },
    "R sonic drift": 0.4742747411323311,
    "w sonic drift": 7.745966692414831,
    "R critical": 1.0617688884619771,
    "w critical": 43.32928075712418,
    "R equilib drift": 0.3990524629937762,
    "w equilib drift": 300.0,
    "t min": [
        15470.438220587372
    ],
    "R min": [
        0.002070956652491692
    ],
    "t max": [],
    "R max": [],
    "R end": 13.32760663467865,
    "v end": 264.5388330664436,
    "t end": 61832.287052707325,
    "v max": 298.3503448537995
}