{
    "star": "MS10",
    "grain": "gra",
    "stream": {
        "L4": 0.64,
        "eta": 0.0066,
        "vinf": 170.0,
        "n": 3162.277660168418,
        "T": 8000.0,
        "kappa": 600.0,
        "cs": 10.19646997739904,
        "taustar": 0.023552177855031237,
        "Rstar": 0.0018494105864404684,
        "Qp": 2.0,
        "a": 0.02,
        "rho_d": 2.2,
        "kappa_d": 340909.0909090908,
        "drag_constant": 1.2884532089079694,
        "phi_norm": 1.0,
        "Rstarstar": 0.04949732620320855,
        "Upstarstar": 0.388062210209229,
        "R0": 0.00019984949864361603
    },
    "R sonic drift": 0.001061768888461977,
    "w sonic drift": 7.745966692414831,
    "R critical": 0.002377004454874038,
    "w critical": 43.32928075712418,
    "R equilib drift": 0.0012913045709911232,
    "w equilib drift": 170.0,
    "t min": [
        56.08665345367684,
        146.47019778233724,
        162.29953203232964,
        178.81284986102546,
        192.54137740500036,
        208.17528777536324,
        234.45979958553582
    ],
    "R min": [
        0.000949596778244427,
        0.001275359121515079,
        0.0012753591214736306,
        0.0012753591230418356,
        0.0012753591245586206,
        0.0012753591236283168,
        0.0012753591263600754
    ],
    "t max": [
        144.32053510641234,
        157.70707086103556,
        170.89818273602924,
        186.19010131704044,
        200.26062065036703,
        221.80610337952336
    ],
    "R max": [
        0.001275359121434417,
        0.0012753591204105149,
        0.0012753591249775064,
        0.0012753591252892215,
        0.0012753591249764662,
        0.001275359124196547
    ],
    "R end": 0.0012753591282654336,
    "v end": 1.334467230768985e-07,
    "t end": 244.27984953692,
    "v max": 74.64001006137637
}