{
    "star": "MS40",
    "grain": "gra",
    "stream": {
        "L4": 22.2,
        "eta": 0.4468,
        "vinf": 500.0,
        "n": 1584.8931924611336,
        "T": 10000.0,
        "kappa": 600.0,
        "cs": 11.4,
        "taustar": 0.03338846778755557,
        "Rstar": 0.005231169070450693,
        "Qp": 2.0,
        "a": 0.02,
        "rho_d": 2.2,
        "kappa_d": 340909.0909090908,
        "drag_constant": 0.37416859495050253,
        "phi_norm": 1.5,
        "Rstarstar": 0.19847809090909083,
        "Upstarstar": 1.3362960086646052,
        "R0": 0.003671467326490719
    },
    "R sonic drift": 0.004742747411323311,
    "w sonic drift": 8.6559494714014,
    "R critical": 0.01061768888461977,
    "w critical": 48.41952977064848,
    "R equilib drift": 0.003982157921235841,
    "w equilib drift": 500.0,
    "t min": [
        130.88658523317082,
        175.55422940004658,
        361.42208428048474
    ],
    "R min": [
        0.003823212216979543,
        0.0038232122256752392,
        0.0038232122247220915
    ],
    "t max": [
        149.88146381576252,
        190.83917075947585
    ],
    "R max": [
        0.0038232122250314872,
        0.0038232122249979945
    ],
    "R end": 0.003823212224923832,
    "v end": 9.074295224836378e-09,
    "t end": 370.99372231624386,
    "v max": 1.4197874149737116e-06
}