{
    "star": "MS20",
    "grain": "gra",
    "stream": {
        "L4": 5.45,
        "eta": 0.1199,
        "vinf": 170.0,
        "n": 6309.57344480202,
        "T": 9000.0,
        "kappa": 600.0,
        "cs": 10.814989597775858,
        "taustar": 0.09708213897261724,
        "Rstar": 0.003820688255951129,
        "Qp": 2.0,
        "a": 0.02,
        "rho_d": 2.2,
        "kappa_d": 340909.0909090908,
        "drag_constant": 24.62848527168397,
        "phi_norm": 1.5,
        "Rstarstar": 0.42150066844919765,
        "Upstarstar": 0.020301695150325108,
        "R0": 0.0017249364135098638
    },
    "R sonic drift": 0.001191324287058021,
    "w sonic drift": 9.672835454459698,
    "R critical": 0.0028250750892455114,
    "w critical": 48.41952977064848,
    "R equilib drift": 0.001782501876267492,
    "w equilib drift": 170.0,
    "t min": [
        62.21763531715857,
        169.82399490093147,
        181.99343546516866,
        202.76919210411413,
        218.06321875916893,
        232.09644751792896,
        240.97685009183175,
        245.85558977749443,
        266.6313464164399
    ],
    "R min": [
        0.0011624403817344121,
        0.0017188477984116885,
        0.0017188478016396135,
        0.0017188478030472248,
        0.0017188478013472643,
        0.00171884780176634,
        0.0017188478018100738,
        0.0017188478020098367,
        0.0017188478013549003
    ],
    "t max": [
        165.6578801131746,
        178.10140717660633,
        194.32732792892256,
        208.68946048671597,
        228.9170441272724,
        239.33233109666457,
        241.03166739167065,
        253.09147335623004
    ],
    "R max": [
        0.0017188477981985527,
        0.0017188478005532735,
        0.0017188478046606791,
        0.0017188478027143344,
        0.0017188478014880202,
        0.001718847802262146,
        0.0017188478022242592,
        0.0017188478019900591
    ],
    "R end": 0.0017188478015798573,
    "v end": 2.411783187382987e-08,
    "t end": 274.08649919453114,
    "v max": 147.72360130608698
}