{
    "star": "MS10",
    "grain": "gra",
    "stream": {
        "L4": 0.64,
        "eta": 0.0066,
        "vinf": 50.0,
        "n": 0.006309573444801942,
        "T": 8000.0,
        "kappa": 600.0,
        "cs": 10.19646997739904,
        "taustar": 0.00011311234062473778,
        "Rstar": 4.451560256104172,
        "Qp": 2.0,
        "a": 0.02,
        "rho_d": 2.2,
        "kappa_d": 340909.0909090908,
        "drag_constant": 0.0003435455438315715,
        "phi_norm": 1.0,
        "Rstarstar": 0.5721890909090909,
        "Upstarstar": 1455.4111062640727,
        "R0": 0.3621503371044958
    },
    "R sonic drift": 0.7516748085768887,
    "w sonic drift": 7.745966692414831,
    "R critical": 1.6827902832903914,
    "w critical": 43.32928075712418,
    "R equilib drift": 1.6827902832903914,
    "w equilib drift": 50.0,
    "t min": [
        147819.5358311287
    ],
    "R min": [
        0.2736740768405217
    ],
    "t max": [],
    "R max": [],
    "R end": 11.56059428423878,
    "v end": 2.942640461467601,
    "t end": 587985.4249448238,
    "v max": 55.00856465129309
}