{
    "star": "MS40",
    "grain": "gra",
    "stream": {
        "L4": 22.2,
        "eta": 0.4468,
        "vinf": 60.0,
        "n": 0.010000000000000021,
        "T": 10000.0,
        "kappa": 600.0,
        "cs": 11.4,
        "taustar": 0.0006989003267037923,
        "Rstar": 17.354715977700874,
        "Qp": 2.0,
        "a": 0.02,
        "rho_d": 2.2,
        "kappa_d": 340909.0909090908,
        "drag_constant": 0.01138524416752757,
        "phi_norm": 1.5,
        "Rstarstar": 13.78320075757575,
        "Upstarstar": 43.91649337008296,
        "R0": 11.612560014098271
    },
    "R sonic drift": 1.8881217525718474,
    "w sonic drift": 8.6559494714014,
    "R critical": 4.226978079673296,
    "w critical": 48.41952977064848,
    "R equilib drift": 4.226978079673296,
    "w equilib drift": 60.0,
    "t min": [
        293913.5695580152,
        572072.9779336912,
        850232.3863093673,
        1128391.7946850432
    ],
    "R min": [
        1.381917330459357,
        1.3819481336985984,
        1.3820050870767966,
        1.3820882059119493
    ],
    "t max": [
        425116.1931546836,
        703275.6015303597,
        981435.0099060357
    ],
    "R max": [
        7.975081062590666,
        7.975079819470311,
        7.975076555250902
    ],
    "R end": 7.681447462903244,
    "v end": 20.223987733606116,
    "t end": 1230793.842370248,
    "v max": 96.31370724516752
}