{
    "star": "MS10",
    "grain": "sil",
    "stream": {
        "L4": 0.64,
        "eta": 0.0066,
        "vinf": 50.0,
        "n": 2511.886431509613,
        "T": 8000.0,
        "kappa": 600.0,
        "cs": 10.19646997739904,
        "taustar": 0.07136906206852404,
        "Rstar": 0.007055247545729913,
        "Qp": 2.0,
        "a": 0.02,
        "rho_d": 3.5,
        "kappa_d": 214285.71428571426,
        "drag_constant": 54.03729395506016,
        "phi_norm": 0.7,
        "Rstarstar": 0.35966171428571436,
        "Upstarstar": 0.009252868961495783,
        "R0": 0.0012559425554923187
    },
    "R sonic drift": 0.0018881217525718475,
    "w sonic drift": 7.745966692414831,
    "R critical": 0.003990524629937758,
    "w critical": 38.7741595142002,
    "R equilib drift": 0.003990524629937758,
    "w equilib drift": 50.0,
    "t min": [
        342.9483962380459,
        457.5599188395634,
        521.0688811058682,
        584.2824528500041,
        647.7914151163089,
        710.709596338276,
        770.9692628607233,
        840.976816614743,
        878.4914129301882,
        900.3503115706839,
        1234.7323826658328
    ],
    "R min": [
        0.0017413156871072407,
        0.003927665414303115,
        0.003930949293356401,
        0.0039311625332843665,
        0.003931176849782399,
        0.003931177807857312,
        0.003931177858661081,
        0.003931177863122644,
        0.0039311778626679545,
        0.003931177862839146,
        0.003931177866854565
    ],
    "t max": [
        426.5439140118332,
        489.46209523380026,
        552.6756669779362,
        616.1846292442409,
        679.6935915105457,
        740.8394295994997,
        793.7143330677255,
        861.9495436887321,
        896.2148442603199,
        1075.2215006946485,
        1334.5743791589075
    ],
    "R max": [
        0.003942762443753735,
        0.003932049381088368,
        0.00393123696678229,
        0.003931181835683487,
        0.00393117810708695,
        0.003931177882319502,
        0.003931177862097344,
        0.0039311778632568194,
        0.003931177862758543,
        0.0039311778721987664,
        0.003931177865604286
    ],
    "R end": 0.003931177864096085,
    "v end": -1.1589537979029345e-08,
    "t end": 1476.9526108442976,
    "v max": 111.52291240933316
}