{
    "star": "MS40",
    "grain": "gra",
    "stream": {
        "L4": 22.2,
        "eta": 0.4468,
        "vinf": 30.0,
        "n": 7943.282347242919,
        "T": 10000.0,
        "kappa": 600.0,
        "cs": 11.4,
        "taustar": 1.245791143673479,
        "Rstar": 0.03894462319229883,
        "Qp": 2.0,
        "a": 0.02,
        "rho_d": 2.2,
        "kappa_d": 340909.0909090908,
        "drag_constant": 144697.93442395504,
        "phi_norm": 1.5,
        "Rstarstar": 55.132803030303,
        "Upstarstar": 3.4554743437804307e-06,
        "R0": 0.045981522693553746
    },
    "R sonic drift": 0.00211850745035458,
    "w sonic drift": 8.6559494714014,
    "R critical": 0.004742747411323311,
    "w critical": 48.41952977064848,
    "R equilib drift": 0.0034320020920642963,
    "w equilib drift": 30.0,
    "t min": [
        648.5051107910691,
        777.2118320979848,
        905.9185534049006,
        1034.6252747118162,
        1163.331996018732,
        1291.4863279638155,
        1420.1930492707313,
        1548.899770577647,
        1677.6064918845627,
        1805.7608238296464,
        1934.4675451365622,
        2063.174266443478,
        2191.8809877503936,
        2320.035319695477,
        2448.742041002393,
        2577.4487623093087,
        2706.1554836162245
    ],
    "R min": [
        0.002014930624832067,
        0.0020124137689129804,
        0.002009920802810494,
        0.0020074608437314853,
        0.002005108202439592,
        0.0020132722664827135,
        0.002010770501813813,
        0.0020082975884320635,
        0.002005875772552627,
        0.002014133419011499,
        0.0020116235581763508,
        0.0020091395624059717,
        0.002006694572657246,
        0.0020149969982958126,
        0.002012479680497984,
        0.002009985931996379,
        0.0020075248815867976
    ],
    "t max": [
        676.1245788826819,
        804.8313001895976,
        933.5380214965134,
        1062.244742803429,
        1190.3990747485127,
        1319.1057960554283,
        1447.8125173623441,
        1576.5192386692597,
        1704.6735706143434,
        1833.380291921259,
        1962.0870132281748,
        2090.7937345350906,
        2219.5004558420064,
        2347.65478778709,
        2476.3615090940057,
        2605.068230400921,
        2733.774951707837
    ],
    "R max": [
        0.004682297799496761,
        0.004685923898391952,
        0.0046892403377802455,
        0.004691953014937787,
        0.004681006305255802,
        0.004684711655296912,
        0.00468815134619758,
        0.004691135038177693,
        0.004679692734922363,
        0.004683468948220316,
        0.004687012199486173,
        0.004690189435120435,
        0.004692504154418667,
        0.004682199466898145,
        0.004685831860954506,
        0.004689158760933257,
        0.00469189641178102
    ],
    "R end": 0.0038921126067521933,
    "v end": -27.51210674861847,
    "t end": 2761.946809161282,
    "v max": 296.41618178996754
}