{
    "star": "MS20",
    "grain": "gra",
    "stream": {
        "L4": 5.45,
        "eta": 0.1199,
        "vinf": 200.0,
        "n": 79432.82347242952,
        "T": 9000.0,
        "kappa": 600.0,
        "cs": 10.814989597775858,
        "taustar": 0.29279136348481466,
        "Rstar": 0.0009152938181316921,
        "Qp": 2.0,
        "a": 0.02,
        "rho_d": 2.2,
        "kappa_d": 340909.0909090908,
        "drag_constant": 161.85026136348466,
        "phi_norm": 1.5,
        "Rstarstar": 0.30453423295454546,
        "Upstarstar": 0.00308927520899763,
        "R0": 0.0006088863270682621
    },
    "R sonic drift": 0.0003357608036245122,
    "w sonic drift": 9.672835454459698,
    "R critical": 0.0007962143411069948,
    "w critical": 48.41952977064848,
    "R equilib drift": 0.0004477442277136681,
    "w equilib drift": 200.0,
    "t min": [
        14.878750974954208,
        38.109563397455524,
        40.15818224308028,
        40.55214740570043,
        40.77539433118518,
        41.02490560084461,
        41.28754904259137,
        41.3663420751154,
        42.022950679482314,
        44.78070681782334,
        45.18780415253083,
        45.266597185054856,
        45.33225804549154,
        45.397918905928236,
        45.72622320811169,
        46.19898140325587,
        46.96064738432148,
        52.344837940130155
    ],
    "R min": [
        0.00032983891936885643,
        0.0004388415379013106,
        0.0004388415390983179,
        0.00043884153921127316,
        0.0004388415392473571,
        0.00043884153922964096,
        0.00043884153919163495,
        0.00043884153918378804,
        0.0004388415390737589,
        0.00043884153935571377,
        0.000438841539471826,
        0.00043884153947186874,
        0.00043884153947370804,
        0.0004388415394686341,
        0.0004388415394153248,
        0.00043884153934633954,
        0.0004388415397492765,
        0.00043884153913634124
    ],
    "t max": [
        37.62367303022401,
        39.42278060618934,
        40.43395785691439,
        40.68346912657382,
        40.89358387997123,
        41.07743428919396,
        41.32694555885339,
        41.66838203312418,
        43.83519042753499,
        45.14840763626881,
        45.20093632461816,
        45.31912587340421,
        45.35852238966622,
        45.424183250102914,
        45.85754492898508,
        46.75053263092408,
        47.052572588932854,
        62.8374434379134
    ],
    "R max": [
        0.00043884153753443616,
        0.0004388415390127107,
        0.0004388415392030115,
        0.00043884153923480425,
        0.00043884153926274186,
        0.00043884153923662864,
        0.0004388415391995862,
        0.0004388415392184221,
        0.0004388415400239244,
        0.00043884153947875576,
        0.00043884153947354123,
        0.0004388415394828027,
        0.000438841539474392,
        0.0004388415394760627,
        0.0004388415394742913,
        0.0004388415398204866,
        0.00043884153976903197,
        0.00043884154004387614
    ],
    "R end": 0.0004388415400041579,
    "v end": -8.998092190910764e-09,
    "t end": 65.66086043669111,
    "v max": 124.25432653913695
}