{
    "star": "MS40",
    "grain": "gra",
    "stream": {
        "L4": 22.2,
        "eta": 0.4468,
        "vinf": 80.0,
        "n": 31622.776601684312,
        "T": 10000.0,
        "kappa": 600.0,
        "cs": 11.4,
        "taustar": 0.9321300454851293,
        "Rstar": 0.0073194554859017736,
        "Qp": 2.0,
        "a": 0.02,
        "rho_d": 2.2,
        "kappa_d": 340909.0909090908,
        "drag_constant": 11391.670180505302,
        "phi_norm": 1.5,
        "Rstarstar": 7.753050426136362,
        "Upstarstar": 4.3891720184776395e-05,
        "R0": 0.008442301828896779
    },
    "R sonic drift": 0.001061768888461977,
    "w sonic drift": 8.6559494714014,
    "R critical": 0.002377004454874038,
    "w critical": 48.41952977064848,
    "R equilib drift": 0.002244036908603926,
    "w equilib drift": 80.0,
    "t min": [
        118.9765007169569,
        294.32668371079654,
        300.14054412977526,
        301.9054660426795,
        303.77420689163694,
        307.615507525605,
        309.6918862466688,
        312.49499752010496,
        410.29243528221093
    ],
    "R min": [
        0.0010103922915108419,
        0.0022294962478719834,
        0.002229496248631921,
        0.002229496249046643,
        0.002229496249144276,
        0.002229496249557584,
        0.002229496249440641,
        0.0022294962499188093,
        0.0022294962516436916
    ],
    "t max": [
        293.8075890305306,
        298.7908979610838,
        301.2825524263603,
        302.6321985950518,
        306.6811371011263,
        308.5498779500837,
        312.2873596479986,
        327.34110537571127,
        411.8497193230088
    ],
    "R max": [
        0.002229496248356937,
        0.002229496249081257,
        0.002229496249045458,
        0.002229496249311586,
        0.0022294962498115045,
        0.0022294962496499115,
        0.0022294962499383028,
        0.0022294962548037307,
        0.0022294962516117523
    ],
    "R end": 0.0022294962502720918,
    "v end": -2.028473381589893e-08,
    "t end": 519.0946802659552,
    "v max": 250.91411573343726
}