{
    "star": "MS40",
    "grain": "gra",
    "stream": {
        "L4": 22.2,
        "eta": 0.4468,
        "vinf": 50.0,
        "n": 0.10000000000000041,
        "T": 10000.0,
        "kappa": 600.0,
        "cs": 11.4,
        "taustar": 0.0026521402677837443,
        "Rstar": 6.585651676182079,
        "Qp": 2.0,
        "a": 0.02,
        "rho_d": 2.2,
        "kappa_d": 340909.0909090908,
        "drag_constant": 0.2360844230578522,
        "phi_norm": 1.5,
        "Rstarstar": 19.847809090909088,
        "Upstarstar": 2.117886447245508,
        "R0": 4.419523276416461
    },
    "R sonic drift": 0.5970765237835921,
    "w sonic drift": 8.6559494714014,
    "R critical": 1.33668783513723,
    "w critical": 48.41952977064848,
    "R equilib drift": 1.33668783513723,
    "w equilib drift": 50.0,
    "t min": [
        109570.73342055066,
        162254.35971994587,
        214937.98601934107,
        267621.61231873627,
        320305.2386181315,
        372988.8649175267,
        425672.4912169219
    ],
    "R min": [
        0.5124216479496156,
        0.5123758748635081,
        0.512337666125343,
        0.5123070554635424,
        0.5122839955910096,
        0.5122685332592782,
        0.5122606474310034
    ],
    "t max": [
        130961.78026906397,
        183645.40656845918,
        236329.03286785437,
        289012.65916724957,
        341696.2854666448,
        394286.50108111196,
        446970.1273805072
    ],
    "R max": [
        1.8753507938517442,
        1.875353276032409,
        1.8753550814689073,
        1.8753564033211945,
        1.875357054111414,
        1.8753338492786218,
        1.8753387378884447
    ],
    "R end": 1.0102971371402563,
    "v end": -47.18290089486641,
    "t end": 467053.4246400284,
    "v max": 124.90679595104817
}