{
    "star": "MS40",
    "grain": "gra",
    "stream": {
        "L4": 22.2,
        "eta": 0.4468,
        "vinf": 40.0,
        "n": 3981.0717055350265,
        "T": 10000.0,
        "kappa": 600.0,
        "cs": 11.4,
        "taustar": 0.6614644412900502,
        "Rstar": 0.04125805681523111,
        "Qp": 2.0,
        "a": 0.02,
        "rho_d": 2.2,
        "kappa_d": 340909.0909090908,
        "drag_constant": 22946.020916825484,
        "phi_norm": 1.5,
        "Rstarstar": 31.01220170454544,
        "Upstarstar": 2.179027038336604e-05,
        "R0": 0.04545906629378863
    },
    "R sonic drift": 0.002992471312188866,
    "w sonic drift": 8.6559494714014,
    "R critical": 0.00669930878315656,
    "w critical": 48.41952977064848,
    "R equilib drift": 0.005970765237835921,
    "w equilib drift": 40.0,
    "t min": [
        680.5911292731763,
        829.2327000688657,
        977.2890678299265,
        1125.9306386256158,
        1274.5722094213052,
        1423.2137802169946,
        1571.8553510126842,
        1720.4969218083736,
        1868.5532895694341,
        2017.1948603651235,
        2165.836431160813,
        2314.4780019565023,
        2463.1195727521917,
        2611.1759405132525,
        2759.817511308942,
        2908.4590821046313
    ],
    "R min": [
        0.002834039968135044,
        0.0028310151375486622,
        0.002845237943565369,
        0.002842106168901256,
        0.0028389912578998906,
        0.002835897597407903,
        0.0028328358284889113,
        0.002829879029213094,
        0.0028439990793672205,
        0.002840873478886301,
        0.002837766224770934,
        0.002834683276079274,
        0.002831642337432025,
        0.0028458975478228435,
        0.0028427625615131402,
        0.0028396437654888804
    ],
    "t max": [
        726.2369659742147,
        874.2933337352755,
        1022.9349045309649,
        1171.5764753266542,
        1320.2180461223438,
        1468.859616918033,
        1617.5011877137226,
        1765.5575554747832,
        1914.1991262704726,
        2062.840697066162,
        2211.4822678618516,
        2360.123838657541,
        2508.1802064186013,
        2656.8217772142907,
        2805.46334800998
    ],
    "R max": [
        0.006624994120388505,
        0.006618892155717421,
        0.006620576740129962,
        0.006622121476968837,
        0.006623478663883404,
        0.006624557470750282,
        0.006625132914672867,
        0.0066195722101172515,
        0.006621205695670242,
        0.0066226836732091975,
        0.006623945700075679,
        0.006624867630862532,
        0.006618523503040096,
        0.0066202333864360426,
        0.006621810659561038
    ],
    "R end": 0.005273625998874866,
    "v end": 79.13288478304389,
    "t end": 2926.015173143492,
    "v max": 282.9525005298225
}