{
    "star": "MS10",
    "grain": "sil",
    "stream": {
        "L4": 0.64,
        "eta": 0.0066,
        "vinf": 70.0,
        "n": 6309.57344480202,
        "T": 8000.0,
        "kappa": 600.0,
        "cs": 10.19646997739904,
        "taustar": 0.08079452901767033,
        "Rstar": 0.003179685897217245,
        "Qp": 2.0,
        "a": 0.002,
        "rho_d": 3.5,
        "kappa_d": 2142857.1428571427,
        "drag_constant": 3533.307618732049,
        "phi_norm": 0.7,
        "Rstarstar": 1.8350087463556841,
        "Upstarstar": 0.00014151046383542137,
        "R0": 0.0006144603738705569
    },
    "R sonic drift": 0.001191324287058021,
    "w sonic drift": 7.745966692414831,
    "R critical": 0.0025178508235883354,
    "w critical": 38.7741595142002,
    "R equilib drift": 0.0022931819014329804,
    "w equilib drift": 70.0,
    "t min": [
        152.96375967905075,
        459.6900454062334,
        464.2163881643603,
        471.1390300297307,
        516.9349685237198,
        607.4618236862564
    ],
    "R min": [
        0.0011312435316020155,
        0.0022235909455930705,
        0.0022235909462759193,
        0.002223590946905037,
        0.0022235909457392574,
        0.0022235909432406385
    ],
    "t max": [
        459.423789949873,
        464.08326043618007,
        470.34026366064955,
        502.2909184238977,
        537.4366386634707
    ],
    "R max": [
        0.0022235909455894545,
        0.0022235909462723046,
        0.0022235909469375103,
        0.0022235909498434267,
        0.002223590946242592
    ],
    "R end": 0.0022235909439510928,
    "v end": 1.0187862026451753e-08,
    "t end": 665.6386409010041,
    "v max": 107.42930290041645
}