{
    "star": "MS10",
    "grain": "gra",
    "stream": {
        "L4": 0.64,
        "eta": 0.0066,
        "vinf": 300.0,
        "n": 100.00000000000102,
        "T": 8000.0,
        "kappa": 600.0,
        "cs": 10.19646997739904,
        "taustar": 0.0023733333333333453,
        "Rstar": 0.0058933333333333025,
        "Qp": 2.0,
        "a": 0.02,
        "rho_d": 2.2,
        "kappa_d": 340909.0909090908,
        "drag_constant": 0.00420125766758498,
        "phi_norm": 1.0,
        "Rstarstar": 0.015894141414141406,
        "Upstarstar": 119.01198154490159,
        "R0": 0.0004929649105960512
    },
    "R sonic drift": 0.005970765237835921,
    "w sonic drift": 7.745966692414831,
    "R critical": 0.0133668783513723,
    "w critical": 43.32928075712418,
    "R equilib drift": 0.005023772863019165,
    "w equilib drift": 300.0,
    "t min": [
        188.53389907969145,
        254.54411642881544,
        325.22486802433974,
        396.06130409474406,
        463.6283661926681,
        532.5965885645123
    ],
    "R min": [
        0.0035209545911693827,
        0.004829024832746564,
        0.004859402597260559,
        0.004859888969913725,
        0.004859896547699024,
        0.004859896690171659
    ],
    "t max": [
        218.11394930689326,
        289.8844922265776,
        360.5652438221019,
        431.4016798925062,
        495.54368354307013,
        637.5279246336387
    ],
    "R max": [
        0.005123443645551574,
        0.0048638222582199535,
        0.004859959001643059,
        0.004859897675165302,
        0.004859896706880198,
        0.0048598967153194615
    ],
    "R end": 0.004859896699315934,
    "v end": -5.696419846058505e-07,
    "t end": 778.4223744000473,
    "v max": 96.33842025168497
}