{
    "star": "MS10",
    "grain": "gra",
    "stream": {
        "L4": 0.64,
        "eta": 0.0066,
        "vinf": 300.0,
        "n": 0.25118864315095923,
        "T": 8000.0,
        "kappa": 600.0,
        "cs": 10.19646997739904,
        "taustar": 0.00011894843678087292,
        "Rstar": 0.11758745909549902,
        "Qp": 2.0,
        "a": 0.02,
        "rho_d": 2.2,
        "kappa_d": 340909.0909090908,
        "drag_constant": 1.0553082130482242e-05,
        "phi_norm": 1.0,
        "Rstarstar": 0.01589414141414141,
        "Upstarstar": 47379.52323480606,
        "R0": 0.009566847284259489
    },
    "R sonic drift": 0.1191324287058022,
    "w sonic drift": 7.745966692414831,
    "R critical": 0.26670428643266486,
    "w critical": 43.32928075712418,
    "R equilib drift": 0.10023744672545451,
    "w equilib drift": 300.0,
    "t min": [
        3910.8488948403715,
        13049.623675317236
    ],
    "R min": [
        0.013039426030638731,
        0.03974222961693694
    ],
    "t max": [
        7663.275793146304
    ],
    "R max": [
        0.4829951553814405
    ],
    "R end": 0.18800620512108757,
    "v end": 7.6542742892024025,
    "t end": 15531.568287690116,
    "v max": 265.15283822613566
}