{
    "star": "MS10",
    "grain": "gra",
    "stream": {
        "L4": 0.64,
        "eta": 0.0066,
        "vinf": 20.0,
        "n": 1995.2623149689073,
        "T": 8000.0,
        "kappa": 600.0,
        "cs": 10.19646997739904,
        "taustar": 0.15901935880574397,
        "Rstar": 0.019790294864943988,
        "Qp": 2.0,
        "a": 0.02,
        "rho_d": 2.2,
        "kappa_d": 340909.0909090908,
        "drag_constant": 4243.696869175737,
        "phi_norm": 1.0,
        "Rstarstar": 3.576181818181818,
        "Upstarstar": 0.00011782179910911405,
        "R0": 0.006386597357696335
    },
    "R sonic drift": 0.00133668783513723,
    "w sonic drift": 7.745966692414831,
    "R critical": 0.002992471312188866,
    "w critical": 43.32928075712418,
    "R equilib drift": 0.0016905349831431726,
    "w equilib drift": 20.0,
    "t min": [
        625.7930211875466,
        757.5389203849247,
        889.284819582303,
        1021.0307187796813,
        1152.7766179770595,
        1285.045318361729,
        1416.7912175591073,
        1548.5371167564854,
        1680.2830159538635,
        1812.0289151512418,
        1943.77481434862,
        2075.520713545998,
        2207.2666127433763,
        2339.012511940755,
        2470.758411138133,
        2603.0271115228024
    ],
    "R min": [
        0.0012618694133928981,
        0.0012623879721916612,
        0.0012629196376991725,
        0.001263461406105738,
        0.0012640113223994524,
        0.001260135519457197,
        0.001260346664824694,
        0.0012607356384096418,
        0.0012611926623288588,
        0.001261684155374848,
        0.0012621967870473172,
        0.0012627241106579383,
        0.0012632624588523457,
        0.0012638095865656043,
        0.0012643639726621432,
        0.0012602379277285758
    ],
    "t max": [
        648.7962734283586,
        781.0649738130281,
        912.8108730104062,
        1044.5567722077847,
        1176.3026714051628,
        1308.048570602541,
        1439.7944697999194,
        1571.5403689972975,
        1703.2862681946758,
        1835.032167392054,
        1967.3008677767232,
        2099.0467669741015,
        2230.79266617148,
        2362.538565368858,
        2494.2844645662362
    ],
    "R max": [
        0.0030691088987087442,
        0.0030753772078616066,
        0.00307503245852044,
        0.0030745233423001886,
        0.0030738898053979495,
        0.0030731562439884766,
        0.003072339082090055,
        0.00307145003826677,
        0.0030704980764182425,
        0.0030694900676463254,
        0.00307544916218702,
        0.003075180350110427,
        0.003074725399208263,
        0.003074133879980921,
        0.003073434618763013
    ],
    "R end": 0.0025104919441815035,
    "v end": 68.79045513033485,
    "t end": 2614.0059364559174,
    "v max": 180.39812010042175
}