{
    "star": "MS10",
    "grain": "gra",
    "stream": {
        "L4": 0.64,
        "eta": 0.0066,
        "vinf": 20.0,
        "n": 0.006309573444801942,
        "T": 8000.0,
        "kappa": 600.0,
        "cs": 10.19646997739904,
        "taustar": 0.0002827808515618444,
        "Rstar": 11.12890064026043,
        "Qp": 2.0,
        "a": 0.02,
        "rho_d": 2.2,
        "kappa_d": 340909.0909090908,
        "drag_constant": 0.013419747805920763,
        "phi_norm": 1.0,
        "Rstarstar": 3.576181818181817,
        "Upstarstar": 37.25852432036026,
        "R0": 0.9072686063030387
    },
    "R sonic drift": 0.7516748085768887,
    "w sonic drift": 7.745966692414831,
    "R critical": 1.6827902832903914,
    "w critical": 43.32928075712418,
    "R equilib drift": 0.9506576827013771,
    "w equilib drift": 20.0,
    "t min": [
        368372.8687279322,
        1006925.040218011
    ],
    "R min": [
        0.5259829663513027,
        0.5260336011918133
    ],
    "t max": [
        662365.5812003441,
        1301211.7454028954
    ],
    "R max": [
        6.357057467490528,
        6.3570617999868855
    ],
    "R end": 3.6408577091522374,
    "v end": -19.46283814448242,
    "t end": 1469963.56236206,
    "v max": 32.64150378719889
}