{
    "star": "MS10",
    "grain": "sil",
    "stream": {
        "L4": 0.64,
        "eta": 0.0066,
        "vinf": 140.0,
        "n": 19952.623149689072,
        "T": 8000.0,
        "kappa": 600.0,
        "cs": 10.19646997739904,
        "taustar": 0.07183762369795771,
        "Rstar": 0.000894034390565105,
        "Qp": 2.0,
        "a": 0.02,
        "rho_d": 3.5,
        "kappa_d": 214285.71428571426,
        "drag_constant": 6.983312343261931,
        "phi_norm": 0.7,
        "Rstarstar": 0.04587521865889211,
        "Upstarstar": 0.07159926055469092,
        "R0": 0.00015982267255574122
    },
    "R sonic drift": 0.0006699308783156552,
    "w sonic drift": 7.745966692414831,
    "R critical": 0.0014158915687682763,
    "w critical": 38.7741595142002,
    "R equilib drift": 0.0007911045028004536,
    "w equilib drift": 140.0,
    "t min": [
        42.97149005046553,
        129.62567077069872,
        141.75351291037714,
        153.39474410000673
    ],
    "R min": [
        0.0006072426048824492,
        0.0007762976553194063,
        0.0007762976546893444,
        0.0007762976550045211
    ],
    "t max": [
        122.58852780076187,
        135.2029808904891,
        147.5179810878786,
        165.85947074356514
    ],
    "R max": [
        0.0007762976572702954,
        0.0007762976568499513,
        0.0007762976561700398,
        0.0007762976563785442
    ],
    "R end": 0.0007762976553184515,
    "v end": -6.433938633533747e-08,
    "t end": 187.1580577110868,
    "v max": 45.86749232381249
}