{
    "star": "MS10",
    "grain": "sil",
    "stream": {
        "L4": 0.64,
        "eta": 0.0066,
        "vinf": 20.0,
        "n": 0.0031622776601683824,
        "T": 8000.0,
        "kappa": 600.0,
        "cs": 10.19646997739904,
        "taustar": 0.00020019351176776438,
        "Rstar": 15.71998998474407,
        "Qp": 2.0,
        "a": 0.002,
        "rho_d": 3.5,
        "kappa_d": 2142857.1428571427,
        "drag_constant": 0.26573797868990534,
        "phi_norm": 0.7,
        "Rstarstar": 22.47885714285714,
        "Upstarstar": 1.8815526574899535,
        "R0": 1.2802488896074264
    },
    "R sonic drift": 1.6827902832903914,
    "w sonic drift": 7.745966692414831,
    "R critical": 3.556558820077846,
    "w critical": 38.7741595142002,
    "R equilib drift": 2.2440369086039262,
    "w equilib drift": 20.0,
    "t min": [
        814153.4448963293,
        1635546.7344926263,
        2456281.8563889256,
        3277675.145985223
    ],
    "R min": [
        1.3542280044391994,
        1.3540881570529923,
        1.354188864008138,
        1.3540802953175584
    ],
    "t max": [
        1135997.4501948783,
        1957390.7397911751,
        2778125.861687475
    ],
    "R max": [
        9.99929882201932,
        9.99934455451581,
        9.999310725788467
    ],
    "R end": 1.4855345300458653,
    "v end": 20.12077638465225,
    "t end": 3290838.4999851636,
    "v max": 44.885532035966946
}