{
    "star": "MS10",
    "grain": "sil",
    "stream": {
        "L4": 0.64,
        "eta": 0.0066,
        "vinf": 90.0,
        "n": 316.2277660168418,
        "T": 8000.0,
        "kappa": 600.0,
        "cs": 10.19646997739904,
        "taustar": 0.014068165999419117,
        "Rstar": 0.011046882921517011,
        "Qp": 2.0,
        "a": 0.002,
        "rho_d": 3.5,
        "kappa_d": 2142857.1428571427,
        "drag_constant": 64.80426244533655,
        "phi_norm": 0.7,
        "Rstarstar": 1.1100670194003524,
        "Upstarstar": 0.007715541866119657,
        "R0": 0.0010659721831989559
    },
    "R sonic drift": 0.0053214501195976175,
    "w sonic drift": 7.745966692414831,
    "R critical": 0.011246826503806984,
    "w critical": 38.7741595142002,
    "R equilib drift": 0.008854593960716417,
    "w equilib drift": 90.0,
    "t min": [
        530.965055215129
    ],
    "R min": [
        0.004944232146616112
    ],
    "t max": [
        1791.7758047939112
    ],
    "R max": [
        0.008540693270356966
    ],
    "R end": 0.008540693247398435,
    "v end": -1.8450348615010216e-08,
    "t end": 2312.5655714944646,
    "v max": 87.13439361364227
}