{
    "star": "MS10",
    "grain": "sil",
    "stream": {
        "L4": 0.64,
        "eta": 0.0066,
        "vinf": 90.0,
        "n": 630.9573444802007,
        "T": 8000.0,
        "kappa": 600.0,
        "cs": 10.19646997739904,
        "taustar": 0.019871812658164793,
        "Rstar": 0.007820594194873099,
        "Qp": 2.0,
        "a": 0.002,
        "rho_d": 3.5,
        "kappa_d": 2142857.1428571427,
        "drag_constant": 129.30150270653297,
        "phi_norm": 0.7,
        "Rstarstar": 1.1100670194003524,
        "Upstarstar": 0.0038669310838159144,
        "R0": 0.0008090935170626424
    },
    "R sonic drift": 0.0037672981789796047,
    "w sonic drift": 7.745966692414831,
    "R critical": 0.007962143411069949,
    "w critical": 38.7741595142002,
    "R equilib drift": 0.00626857246692243,
    "w equilib drift": 90.0,
    "t min": [
        375.5670382853518,
        1299.913811676414,
        1396.5069034760468,
        1417.4626928834248,
        1436.7813112433514,
        1474.7636795442238,
        1604.4276265023748
    ],
    "R min": [
        0.0035231342085280544,
        0.0060463477758450485,
        0.006046347770603508,
        0.0060463477735893415,
        0.006046347778691996,
        0.006046347780006387,
        0.006046347772893667
    ],
    "t max": [
        1258.6571012806387,
        1340.8430878626991,
        1411.5688771125997,
        1429.250324425075,
        1466.2503900974766,
        1525.5159820152173
    ],
    "R max": [
        0.0060463477771005945,
        0.006046347776032675,
        0.006046347774362342,
        0.006046347779617723,
        0.006046347781038778,
        0.006046347783274272
    ],
    "R end": 0.006046347774075066,
    "v end": 3.3389471407229e-08,
    "t end": 1637.171047451403,
    "v max": 87.77133285310232
}