{
    "star": "MS10",
    "grain": "sil",
    "stream": {
        "L4": 0.64,
        "eta": 0.0066,
        "vinf": 40.0,
        "n": 0.03162277660168389,
        "T": 8000.0,
        "kappa": 600.0,
        "cs": 10.19646997739904,
        "taustar": 0.00031653373498692877,
        "Rstar": 2.4855486573413392,
        "Qp": 2.0,
        "a": 0.002,
        "rho_d": 3.5,
        "kappa_d": 2142857.1428571427,
        "drag_constant": 0.1660862366811912,
        "phi_norm": 0.7,
        "Rstarstar": 5.619714285714285,
        "Upstarstar": 3.0104842519839194,
        "R0": 0.20271519980336442
    },
    "R sonic drift": 0.5321450119597623,
    "w sonic drift": 7.745966692414831,
    "R critical": 1.1246826503806984,
    "w critical": 38.7741595142002,
    "R equilib drift": 1.1246826503806984,
    "w equilib drift": 40.0,
    "t min": [
        124774.47540998398,
        215103.28663255787,
        305328.0324044145,
        395552.7781762711,
        485777.5239481277
    ],
    "R min": [
        0.4089902540190387,
        0.40889245063852675,
        0.408898810050786,
        0.4089115741249115,
        0.40893073536254937
    ],
    "t max": [
        166920.9829504706,
        257249.7941730445,
        347474.53994490113,
        437699.28571675776
    ],
    "R max": [
        1.8967512531500317,
        1.896759144391902,
        1.8967585043243833,
        1.896757494343234
    ],
    "R end": 1.850902052372588,
    "v end": 11.700975277709318,
    "t end": 520327.2535862551,
    "v max": 68.43521466222697
}