{
    "star": "MS10",
    "grain": "sil",
    "stream": {
        "L4": 0.64,
        "eta": 0.0066,
        "vinf": 10.0,
        "n": 0.025118864315095874,
        "T": 8000.0,
        "kappa": 600.0,
        "cs": 10.19646997739904,
        "taustar": 0.0011284439530323145,
        "Rstar": 11.1553258504098,
        "Qp": 2.0,
        "a": 0.02,
        "rho_d": 3.5,
        "kappa_d": 214285.71428571426,
        "drag_constant": 0.3377330872191226,
        "phi_norm": 0.7,
        "Rstarstar": 8.991542857142857,
        "Upstarstar": 1.4804590338393404,
        "R0": 0.918937351628351
    },
    "R sonic drift": 0.5970765237835921,
    "w sonic drift": 7.745966692414831,
    "R critical": 1.2619146889603874,
    "w critical": 38.7741595142002,
    "R equilib drift": 0.5970765237835921,
    "w equilib drift": 10.0,
    "t min": [
        621648.1081958778,
        727202.1821645242,
        829953.9355853305,
        931304.5287322168,
        1032655.1218791028,
        1133538.661601349,
        1234422.2013235951,
        1335305.7410458412,
        1436189.2807680874,
        1537072.8204903335,
        1637956.3602125796,
        1738839.8999348257,
        1839723.439657072,
        1940606.979379318,
        2041490.5191015643,
        2142374.0588238104,
        2243257.5985460565
    ],
    "R min": [
        0.5388614329638673,
        0.5478101186576312,
        0.5536172849588316,
        0.557696140914665,
        0.5606086915969719,
        0.5626957389001616,
        0.5641829140944834,
        0.5652370642884459,
        0.5659807128912867,
        0.566503246971571,
        0.5668693093076008,
        0.5671251704659084,
        0.5673037140026992,
        0.567428152490589,
        0.5675148002023073,
        0.5675751215895355,
        0.5676170746587625
    ],
    "t max": [
        673491.038330921,
        778111.0054502874,
        880395.7054464536,
        981746.2985933396,
        1083096.891740226,
        1183980.431462472,
        1284863.9711847182,
        1385747.5109069643,
        1486631.0506292104,
        1587514.5903514565,
        1688398.130073703,
        1789281.6697959488,
        1890165.2095181951,
        1991048.7492404412,
        2091932.2889626876,
        2192815.8286849335,
        2293699.3684071796
    ],
    "R max": [
        0.6117356640521154,
        0.5922008818543797,
        0.5830225438206847,
        0.5777418777127835,
        0.5744404306967499,
        0.5722843808439451,
        0.5708438533895194,
        0.5698678481953892,
        0.5692008028506632,
        0.5687423670468398,
        0.5684261490606243,
        0.5682074940635476,
        0.5680560557278981,
        0.5679510617267007,
        0.5678782265730764,
        0.5678276509765967,
        0.5677925254388009
    ],
    "R end": 0.5676573832095821,
    "v end": -0.0023012807241859336,
    "t end": 2335267.1232001423,
    "v max": 2.1644982265338832
}