{
    "star": "MS10",
    "grain": "sil",
    "stream": {
        "L4": 0.64,
        "eta": 0.0066,
        "vinf": 40.0,
        "n": 79.43282347242886,
        "T": 8000.0,
        "kappa": 600.0,
        "cs": 10.19646997739904,
        "taustar": 0.015864266698780743,
        "Rstar": 0.04959321568014656,
        "Qp": 2.0,
        "a": 0.002,
        "rho_d": 3.5,
        "kappa_d": 2142857.1428571427,
        "drag_constant": 417.1897643799754,
        "phi_norm": 0.7,
        "Rstarstar": 5.619714285714286,
        "Upstarstar": 0.0011984953675531723,
        "R0": 0.004890365775631933
    },
    "R sonic drift": 0.01061768888461977,
    "w sonic drift": 7.745966692414831,
    "R critical": 0.022440369086039285,
    "w critical": 38.7741595142002,
    "R equilib drift": 0.022440369086039285,
    "w equilib drift": 40.0,
    "t min": [
        2421.057588760415,
        3085.4987795008374,
        3752.0163489623237,
        4418.53391842381,
        5085.051487885296,
        5751.569057346783,
        6418.086626808269,
        7082.527817548692,
        7749.045387010178,
        8415.562956471664,
        9082.08052593315,
        9748.598095394638
    ],
    "R min": [
        0.00992363380102374,
        0.009959171606543351,
        0.00994921547956232,
        0.009939843664047248,
        0.00993165423868009,
        0.00992578594060872,
        0.009923472558426854,
        0.009956943726152124,
        0.009947085945000452,
        0.00993790520340269,
        0.009930112549713129,
        0.0099249370278852
    ],
    "t max": [
        2732.514396919988,
        3399.0319663814744,
        4065.5495358429607,
        4732.067105304447,
        5398.584674765933,
        6063.025865506356,
        6729.543434967843,
        7396.061004429329,
        8062.578573890815,
        8729.096143352303,
        9395.613712813789,
        10060.054903554212
    ],
    "R max": [
        0.02260921330836648,
        0.022609510907777044,
        0.02260973920726991,
        0.02260989590663764,
        0.022609978610634157,
        0.022608934503680025,
        0.02260928470742272,
        0.0226095672516631,
        0.0226097799922684,
        0.022609920584529947,
        0.022609986605158883,
        0.022609017418809666
    ],
    "R end": 0.010979321429759563,
    "v end": -33.24107918584678,
    "t end": 10381.893605319103,
    "v max": 124.5904222476954
}