{
    "star": "MS10",
    "grain": "sil",
    "stream": {
        "L4": 0.64,
        "eta": 0.0066,
        "vinf": 500.0,
        "n": 15848.931924611368,
        "T": 8000.0,
        "kappa": 600.0,
        "cs": 10.19646997739904,
        "taustar": 0.017927097863949075,
        "Rstar": 0.00028087446379850386,
        "Qp": 2.0,
        "a": 0.02,
        "rho_d": 3.5,
        "kappa_d": 214285.71428571426,
        "drag_constant": 0.034095227496780414,
        "phi_norm": 0.7,
        "Rstarstar": 0.0035966171428571427,
        "Upstarstar": 14.66480902780938,
        "R0": 2.8391493547925998e-05
    },
    "R sonic drift": 0.0007516748085768887,
    "w sonic drift": 7.745966692414831,
    "R critical": 0.0015886564694485628,
    "w critical": 38.7741595142002,
    "R equilib drift": 0.0003350568328191769,
    "w equilib drift": 500.0,
    "t min": [
        21.849538390949657,
        22.87263303035365,
        23.966285920751023,
        27.059089255960796,
        32.7390284609278
    ],
    "R min": [
        0.0003243104199203689,
        0.0003243104196657613,
        0.00032431041958071383,
        0.00032431041926715237,
        0.0003243104197823872
    ],
    "t max": [
        22.249368479912135,
        23.237183993819443,
        24.730666973179293,
        29.3875115387423,
        39.64197734978003
    ],
    "R max": [
        0.00032431042022710985,
        0.0003243104198615267,
        0.0003243104194809035,
        0.0003243104193614101,
        0.00032431041992226457
    ],
    "R end": 0.0003243104201350317,
    "v end": -2.3781195417261766e-08,
    "t end": 58.79854249448239,
    "v max": 1.3576979906166542e-06
}