{
    "star": "MS10",
    "grain": "gra",
    "stream": {
        "L4": 0.64,
        "eta": 0.0066,
        "vinf": 80.0,
        "n": 12.589254117941765,
        "T": 8000.0,
        "kappa": 600.0,
        "cs": 10.19646997739904,
        "taustar": 0.0031578391641788332,
        "Rstar": 0.0622862627809442,
        "Qp": 2.0,
        "a": 0.2,
        "rho_d": 2.2,
        "kappa_d": 34090.90909090909,
        "drag_constant": 0.001045934260685163,
        "phi_norm": 1.0,
        "Rstarstar": 0.02235113636363636,
        "Upstarstar": 478.04151636878555,
        "R0": 0.005260616681046357
    },
    "R sonic drift": 0.016827902832903904,
    "w sonic drift": 7.745966692414831,
    "R critical": 0.03767298178979601,
    "w critical": 43.32928075712418,
    "R equilib drift": 0.03350075570497145,
    "w equilib drift": 80.0,
    "t min": [
        2030.447354490845,
        6222.975603471941
    ],
    "R min": [
        0.007807036069753777,
        0.01715460679770637
    ],
    "t max": [
        3819.0180792327806,
        7820.677695214738
    ],
    "R max": [
        0.0808817969811079,
        0.047427982178214506
    ],
    "R end": 0.04543752585952488,
    "v end": -9.137429074377259,
    "t end": 8227.096249962904,
    "v max": 83.2507620498451
}