{
    "star": "MS10",
    "grain": "sil",
    "stream": {
        "L4": 0.64,
        "eta": 0.0066,
        "vinf": 500.0,
        "n": 1584.8931924611336,
        "T": 8000.0,
        "kappa": 600.0,
        "cs": 10.19646997739904,
        "taustar": 0.005669046108681837,
        "Rstar": 0.0008882030421817819,
        "Qp": 2.0,
        "a": 0.02,
        "rho_d": 3.5,
        "kappa_d": 214285.71428571426,
        "drag_constant": 0.0034095227496780335,
        "phi_norm": 0.7,
        "Rstarstar": 0.0035966171428571427,
        "Upstarstar": 146.6480902780941,
        "R0": 7.736603156343759e-05
    },
    "R sonic drift": 0.002377004454874038,
    "w sonic drift": 7.745966692414831,
    "R critical": 0.005023772863019165,
    "w critical": 38.7741595142002,
    "R equilib drift": 0.0010595427373108544,
    "w equilib drift": 500.0,
    "t min": [
        47.04214129733298,
        56.339007166371125,
        65.78462288931387,
        74.89555144097125,
        79.50679691201415,
        83.7089802848194,
        91.18366044352607,
        103.67864817151332,
        120.04113210102045,
        121.00800615140042,
        139.676112816429
    ],
    "R min": [
        0.0009751041907924696,
        0.0010253983071866494,
        0.0010255591112103936,
        0.0010255595910238751,
        0.0010255595950016635,
        0.0010255595955899685,
        0.0010255595916047447,
        0.0010255595926211055,
        0.0010255595923815463,
        0.001025559592682491,
        0.0010255595929844516
    ],
    "t max": [
        51.616199304899745,
        61.02462756436634,
        70.47024328730909,
        77.49867388430192,
        82.81648116139175,
        86.79553975334007,
        94.86521932766517,
        113.53332599269375,
        120.11550702797277,
        130.56518426477163,
        162.84390256207203
    ],
    "R max": [
        0.0010284966984822107,
        0.0010255684769750449,
        0.0010255596158876275,
        0.0010255595962402075,
        0.0010255595957127546,
        0.0010255595949387579,
        0.0010255595971033946,
        0.0010255595973462457,
        0.0010255595923905482,
        0.0010255595951347883,
        0.0010255595966156615
    ],
    "R end": 0.0010255595970702506,
    "v end": -9.251986963388447e-09,
    "t end": 185.93731738076278,
    "v max": 21.799268772928695
}