{
    "star": "MS10",
    "grain": "sil",
    "stream": {
        "L4": 0.64,
        "eta": 0.0066,
        "vinf": 10.0,
        "n": 0.6309573444801969,
        "T": 8000.0,
        "kappa": 600.0,
        "cs": 10.19646997739904,
        "taustar": 0.005655617031236901,
        "Rstar": 2.2257801280520813,
        "Qp": 2.0,
        "a": 0.02,
        "rho_d": 3.5,
        "kappa_d": 214285.71428571426,
        "drag_constant": 8.483471592575583,
        "phi_norm": 0.7,
        "Rstarstar": 8.991542857142857,
        "Upstarstar": 0.05893813570821424,
        "R0": 0.19384240187759882
    },
    "R sonic drift": 0.1191324287058022,
    "w sonic drift": 7.745966692414831,
    "R critical": 0.2517850823588335,
    "w critical": 38.7741595142002,
    "R equilib drift": 0.1191324287058022,
    "w equilib drift": 10.0,
    "t min": [
        124221.48316494552,
        133447.23472783345,
        142486.6074712691,
        151525.98021470476,
        160565.3529581404,
        169604.72570157604,
        178644.09844501168,
        187776.66059817348,
        196816.03334160912,
        205855.40608504476,
        214894.77882848043,
        223934.15157191604,
        232973.5243153517,
        242012.89705878732,
        251052.269802223,
        259905.26372620635,
        268851.44705991587,
        276958.9257060901,
        285252.7831717166,
        295596.80765131826,
        306406.77917955053,
        319360.10713148414,
        392700.17258595687
    ],
    "R min": [
        0.11223447866246697,
        0.1127696871610733,
        0.11303922410591168,
        0.11316753898653026,
        0.11322629542862765,
        0.11325264270185925,
        0.11326433925220908,
        0.11326949763407722,
        0.11327178143957545,
        0.11327278720482897,
        0.11327323051360329,
        0.11327342502562639,
        0.11327351094997391,
        0.11327354766929915,
        0.11327356357756889,
        0.11327356986886784,
        0.11327357312110639,
        0.11327357440534956,
        0.1132735744740198,
        0.11327357477151051,
        0.1132735750510272,
        0.11327357542503444,
        0.11327357514320936
    ],
    "t max": [
        128787.76424152641,
        137920.32639468822,
        146959.69913812386,
        156092.26129128563,
        165131.6340347213,
        174171.00677815694,
        183210.37952159258,
        192249.75226502822,
        201289.1250084639,
        210328.49775189953,
        219461.0599050613,
        228500.43264849696,
        237539.80539193258,
        246485.9887256421,
        255525.36146907776,
        264471.54480278725,
        273138.15990731836,
        280872.880914588,
        290657.7689358328,
        300535.8463668037,
        311998.143763119,
        340327.72431986575
    ],
    "R max": [
        0.11434535977022532,
        0.11367969958255453,
        0.11344310274418179,
        0.11334678351391898,
        0.11330552553103757,
        0.11328758791865626,
        0.11327973276996667,
        0.11327628179420432,
        0.1132747643014861,
        0.11327409655044278,
        0.11327380351324468,
        0.11327367470667729,
        0.11327361763346683,
        0.11327359363025495,
        0.11327358356715461,
        0.11327357894281685,
        0.11327357711322897,
        0.11327357635710139,
        0.11327357643747796,
        0.11327357598873156,
        0.11327357577547688,
        0.11327357563657574
    ],
    "R end": 0.1132735754702392,
    "v end": 3.933846650617551e-09,
    "t end": 465947.0486307034,
    "v max": 0.7214705144084245
}