{
    "star": "MS20",
    "grain": "gra",
    "stream": {
        "L4": 5.45,
        "eta": 0.1199,
        "vinf": 90.0,
        "n": 0.1995262314968889,
        "T": 9000.0,
        "kappa": 600.0,
        "cs": 10.814989597775858,
        "taustar": 0.001031206752885527,
        "Rstar": 1.2833585709055844,
        "Qp": 2.0,
        "a": 0.02,
        "rho_d": 2.2,
        "kappa_d": 340909.0909090908,
        "drag_constant": 0.009914329534039592,
        "phi_norm": 1.5,
        "Rstarstar": 1.5038727553310882,
        "Upstarstar": 50.43205375444839,
        "R0": 0.445708077735064
    },
    "R sonic drift": 0.21185074503545798,
    "w sonic drift": 9.672835454459698,
    "R critical": 0.5023772863019165,
    "w critical": 48.41952977064848,
    "R equilib drift": 0.44774422771366806,
    "w equilib drift": 90.0,
    "t min": [
        21764.1408561909,
        39735.20809446697,
        58774.22809895207,
        78052.61682689782
    ],
    "R min": [
        0.16153536898588977,
        0.3848089185022847,
        0.4300541206819756,
        0.4341955053670139
    ],
    "t max": [
        29166.158304743138,
        48996.936394521144,
        68385.80299483334,
        87701.01768023457
    ],
    "R max": [
        0.5968105251773776,
        0.45011017308418866,
        0.43594209465616496,
        0.434711874316154
    ],
    "R end": 0.43463043364933956,
    "v end": -0.024623378825278163,
    "t end": 92064.89363870939,
    "v max": 113.8483292450536
}