{
    "star": "MS10",
    "grain": "gra",
    "stream": {
        "L4": 0.64,
        "eta": 0.0066,
        "vinf": 40.0,
        "n": 0.03981071705534985,
        "T": 8000.0,
        "kappa": 600.0,
        "cs": 10.19646997739904,
        "taustar": 0.00035515669206446116,
        "Rstar": 2.21524757263254,
        "Qp": 2.0,
        "a": 0.2,
        "rho_d": 2.2,
        "kappa_d": 34090.90909090909,
        "drag_constant": 5.292055274511051e-05,
        "phi_norm": 1.0,
        "Rstarstar": 0.08940454545454544,
        "Upstarstar": 9448.125049037712,
        "R0": 0.18075602038058247
    },
    "R sonic drift": 0.2992471312188869,
    "w sonic drift": 7.745966692414831,
    "R critical": 0.669930878315656,
    "w critical": 43.32928075712418,
    "R equilib drift": 0.632455532033676,
    "w equilib drift": 40.0,
    "t min": [
        74496.34630823339
    ],
    "R min": [
        0.0636969119369665
    ],
    "t max": [],
    "R max": [],
    "R end": 7.540448399294688,
    "v end": 27.546099941160588,
    "t end": 292601.5173143496,
    "v max": 41.2758666658693
}