{
    "star": "MS10",
    "grain": "gra",
    "stream": {
        "L4": 0.64,
        "eta": 0.0066,
        "vinf": 10.0,
        "n": 316.2277660168418,
        "T": 8000.0,
        "kappa": 600.0,
        "cs": 10.19646997739904,
        "taustar": 0.12661349399477206,
        "Rstar": 0.0994219462936531,
        "Qp": 2.0,
        "a": 0.02,
        "rho_d": 2.2,
        "kappa_d": 340909.0909090908,
        "drag_constant": 10761.290046120246,
        "phi_norm": 1.0,
        "Rstarstar": 14.304727272727266,
        "Upstarstar": 4.646283092985346e-05,
        "R0": 0.02677376775876264
    },
    "R sonic drift": 0.0033576080362451217,
    "w sonic drift": 7.745966692414831,
    "R critical": 0.007516748085768888,
    "w critical": 43.32928075712418,
    "R equilib drift": 0.0033576080362451217,
    "w equilib drift": 10.0,
    "t min": [
        3522.0485538241114,
        3595.588717513205,
        3624.47949610535,
        3661.2495779498963,
        3692.7667909595084,
        3711.1518318817816,
        3763.680520231135,
        3803.077036493149,
        3855.6057248425022,
        3902.88154435692,
        3937.0251917839996,
        4000.0596178032224,
        4063.094043822446,
        4110.369863336864,
        4157.645682851282,
        4191.789330278361,
        4210.174371200635,
        4252.197321880117,
        4359.88113299629
    ],
    "R min": [
        0.0031859321729680572,
        0.003185932359053032,
        0.0031859323591669495,
        0.0031859323564779334,
        0.0031859323629380414,
        0.0031859323617916906,
        0.003185932360376292,
        0.0031859323606583355,
        0.003185932361175438,
        0.003185932358962178,
        0.0031859323585221875,
        0.003185932356617927,
        0.0031859323520155376,
        0.0031859323589590177,
        0.003185932359351923,
        0.003185932357166382,
        0.0031859323573147644,
        0.003185932358056536,
        0.003185932360667413
    ],
    "t max": [
        3571.9508077559963,
        3613.973758435479,
        3640.2381026101557,
        3687.5139221245727,
        3698.0196597944437,
        3729.536872804055,
        3787.3184299883433,
        3834.594249502761,
        3868.73789692984,
        3921.2665852791934,
        3955.410232706273,
        4039.456134065237,
        4099.864125666993,
        4136.63420751154,
        4173.404289356087,
        4204.921502365699,
        4233.8122809578435,
        4288.967403724663,
        6946.919034201919
    ],
    "R max": [
        0.0031859323612430956,
        0.0031859323601353714,
        0.0031859323604302753,
        0.0031859323633770557,
        0.0031859323628735097,
        0.0031859323721482196,
        0.003185932363246858,
        0.003185932362846611,
        0.0031859323636995555,
        0.00318593236064969,
        0.0031859323614291525,
        0.0031859323620594877,
        0.0031859323608384622,
        0.00318593236283228,
        0.00318593236008961,
        0.0031859323582646686,
        0.003185932360408599,
        0.003185932361046993,
        0.003185932360849408
    ],
    "R end": 0.0031859323608194783,
    "v end": -1.129223800305415e-11,
    "t end": 13132.172087338222,
    "v max": 1.340299380163574e-05
}