{
    "star": "MS10",
    "grain": "sil",
    "stream": {
        "L4": 0.64,
        "eta": 0.0066,
        "vinf": 90.0,
        "n": 0.012589254117941701,
        "T": 8000.0,
        "kappa": 600.0,
        "cs": 10.19646997739904,
        "taustar": 8.876412660699987e-05,
        "Rstar": 1.7508129540227337,
        "Qp": 2.0,
        "a": 0.02,
        "rho_d": 3.5,
        "kappa_d": 214285.71428571426,
        "drag_constant": 2.579904156191895e-05,
        "phi_norm": 0.7,
        "Rstarstar": 0.11100670194003527,
        "Upstarstar": 19380.56492525026,
        "R0": 0.14239220993831722
    },
    "R sonic drift": 0.8433930068571646,
    "w sonic drift": 7.745966692414831,
    "R critical": 1.782501876267492,
    "w critical": 38.7741595142002,
    "R equilib drift": 1.403358569034673,
    "w equilib drift": 90.0,
    "t min": [
        92728.78661395253
    ],
    "R min": [
        0.09316172117246219
    ],
    "t max": [],
    "R max": [],
    "R end": 13.76102004280213,
    "v end": 20.704101324620982,
    "t end": 366516.9431381523,
    "v max": 86.26038344834848
}