{
    "star": "MS10",
    "grain": "gra",
    "stream": {
        "L4": 0.64,
        "eta": 0.0066,
        "vinf": 30.0,
        "n": 0.001,
        "T": 8000.0,
        "kappa": 600.0,
        "cs": 10.19646997739904,
        "taustar": 7.505138980132953e-05,
        "Rstar": 18.636356343925648,
        "Qp": 2.0,
        "a": 0.02,
        "rho_d": 2.2,
        "kappa_d": 340909.0909090908,
        "drag_constant": 0.0004201257667584938,
        "phi_norm": 1.0,
        "Rstarstar": 1.5894141414141407,
        "Upstarstar": 1190.1198154490282,
        "R0": 1.515424068567532
    },
    "R sonic drift": 1.8881217525718474,
    "w sonic drift": 7.745966692414831,
    "R critical": 4.226978079673296,
    "w critical": 43.32928075712418,
    "R equilib drift": 3.432002092064298,
    "w equilib drift": 30.0,
    "t min": [
        624750.9543871379
    ],
    "R min": [
        0.7441139999262708
    ],
    "t max": [],
    "R max": [],
    "R end": 41.80775887095438,
    "v end": 12.031084145497886,
    "t end": 2461587.6847404963,
    "v max": 34.34498319203381
}