{
    "star": "MS10",
    "grain": "gra",
    "stream": {
        "L4": 0.64,
        "eta": 0.0066,
        "vinf": 50.0,
        "n": 50118.723362727964,
        "T": 8000.0,
        "kappa": 600.0,
        "cs": 10.19646997739904,
        "taustar": 0.3187938901321339,
        "Rstar": 0.0015794731818457941,
        "Qp": 2.0,
        "a": 0.2,
        "rho_d": 2.2,
        "kappa_d": 34090.90909090909,
        "drag_constant": 27.28879253791291,
        "phi_norm": 1.0,
        "Rstarstar": 0.05721890909090909,
        "Upstarstar": 0.018322540262832778,
        "R0": 0.0008684340672918194
    },
    "R sonic drift": 0.00026670428643266484,
    "w sonic drift": 7.745966692414831,
    "R critical": 0.0005970765237835921,
    "w critical": 43.32928075712418,
    "R equilib drift": 0.0005970765237835921,
    "w equilib drift": 50.0,
    "t min": [
        48.359298514862225,
        65.34138177245404,
        82.28174000975694,
        99.26382326734877,
        116.24590652494058,
        133.22798978253243,
        150.16834801983532,
        167.15043127742712,
        184.13251453501897,
        201.1145977926108
    ],
    "R min": [
        0.00024607841157656135,
        0.00024592826116610705,
        0.0002465670416095708,
        0.0002462569196797109,
        0.00024603096348310764,
        0.0002459075979069068,
        0.00024648292351395147,
        0.00024619151720250396,
        0.00024598998878705506,
        0.00024589391232141434
    ],
    "t max": [
        56.78775261322475,
        73.76983587081656,
        90.7519191284084,
        107.6922773657113,
        124.67436062330312,
        141.65644388089493,
        158.59680211819784,
        175.57888537578967,
        192.5609686333815
    ],
    "R max": [
        0.0005910149672264306,
        0.0005910162231726381,
        0.0005910167553854481,
        0.0005910135496347693,
        0.0005910153509265768,
        0.0005910164247501628,
        0.00059101172633439,
        0.0005910140684348049,
        0.00059101568600213
    ],
    "R end": 0.0005886428871129805,
    "v end": 4.923198080262276,
    "t end": 208.625101444617,
    "v max": 146.74937134815636
}