{
    "star": "MS10",
    "grain": "gra",
    "stream": {
        "L4": 0.64,
        "eta": 0.0066,
        "vinf": 170.0,
        "n": 5011.872336272797,
        "T": 8000.0,
        "kappa": 600.0,
        "cs": 10.19646997739904,
        "taustar": 0.029650435204794698,
        "Rstar": 0.0014690390464076537,
        "Qp": 2.0,
        "a": 0.2,
        "rho_d": 2.2,
        "kappa_d": 34090.90909090909,
        "drag_constant": 0.02042060719602922,
        "phi_norm": 1.0,
        "Rstarstar": 0.004949732620320855,
        "Upstarstar": 24.4850701646729,
        "R0": 0.00017040255047292942
    },
    "R sonic drift": 0.0008433930068571646,
    "w sonic drift": 7.745966692414831,
    "R critical": 0.0018881217525718475,
    "w critical": 43.32928075712418,
    "R equilib drift": 0.0010257196803667749,
    "w equilib drift": 170.0,
    "t min": [
        45.948288777413545,
        68.34031802113618,
        93.83696137144084,
        118.79029725309363,
        131.24756135575387,
        161.78920262925428
    ],
    "R min": [
        0.0006093452469580874,
        0.0010114021588326317,
        0.0010130503438799928,
        0.0010130537528498273,
        0.0010130537596417582,
        0.0010130537588695745
    ],
    "t max": [
        55.26213109715953,
        81.06923585812237,
        106.48826385576247,
        127.6384474568523,
        143.20032566609456
    ],
    "R max": [
        0.0010513465089341627,
        0.0010131289684613266,
        0.0010130539235959348,
        0.0010130537602342207,
        0.001013053762862317
    ],
    "R end": 0.001013053765392608,
    "v end": 2.6715844308342574e-07,
    "t end": 194.03838166137476,
    "v max": 96.3319104896593
}