{
    "star": "MS10",
    "grain": "gra",
    "stream": {
        "L4": 0.64,
        "eta": 0.0066,
        "vinf": 30.0,
        "n": 0.1995262314968889,
        "T": 8000.0,
        "kappa": 600.0,
        "cs": 10.19646997739904,
        "taustar": 0.001060129058704955,
        "Rstar": 1.3193529909962716,
        "Qp": 2.0,
        "a": 0.2,
        "rho_d": 2.2,
        "kappa_d": 34090.90909090909,
        "drag_constant": 0.0008382611099606319,
        "phi_norm": 1.0,
        "Rstarstar": 0.1589414141414141,
        "Upstarstar": 596.4728579898951,
        "R0": 0.10859243002500915
    },
    "R sonic drift": 0.133668783513723,
    "w sonic drift": 7.745966692414831,
    "R critical": 0.2992471312188869,
    "w critical": 43.32928075712418,
    "R equilib drift": 0.2429671413074461,
    "w equilib drift": 30.0,
    "t min": [
        44019.85996991765
    ],
    "R min": [
        0.061076710955489166
    ],
    "t max": [],
    "R max": [],
    "R end": 2.516332290863972,
    "v end": 3.509801242975728,
    "t end": 174267.06243039446,
    "v max": 36.2951713545175
}