{
    "star": "MS10",
    "grain": "gra",
    "stream": {
        "L4": 0.64,
        "eta": 0.0066,
        "vinf": 100.0,
        "n": 0.001,
        "T": 8000.0,
        "kappa": 600.0,
        "cs": 10.19646997739904,
        "taustar": 2.2515416940398863e-05,
        "Rstar": 5.590906903177696,
        "Qp": 2.0,
        "a": 0.02,
        "rho_d": 2.2,
        "kappa_d": 340909.0909090908,
        "drag_constant": 3.4030187107438e-06,
        "phi_norm": 1.0,
        "Rstarstar": 0.14304727272727275,
        "Upstarstar": 146928.37227765773,
        "R0": 0.4543333227940689
    },
    "R sonic drift": 1.8881217525718474,
    "w sonic drift": 7.745966692414831,
    "R critical": 4.226978079673296,
    "w critical": 43.32928075712418,
    "R equilib drift": 3.3467961923983243,
    "w equilib drift": 100.0,
    "t min": [
        186539.1147496348
    ],
    "R min": [
        0.1297562558473357
    ],
    "t max": [],
    "R max": [],
    "R end": 44.4490801883746,
    "v end": 63.32381096783355,
    "t end": 738476.3054221488,
    "v max": 97.50444234836104
}