{
    "star": "MS10",
    "grain": "sil",
    "stream": {
        "L4": 0.64,
        "eta": 0.0066,
        "vinf": 60.0,
        "n": 0.06309573444801955,
        "T": 8000.0,
        "kappa": 600.0,
        "cs": 10.19646997739904,
        "taustar": 0.0002980771898724707,
        "Rstar": 1.1730891292309698,
        "Qp": 2.0,
        "a": 0.002,
        "rho_d": 3.5,
        "kappa_d": 2142857.1428571427,
        "drag_constant": 0.0654588857451818,
        "phi_norm": 0.7,
        "Rstarstar": 2.4976507936507932,
        "Upstarstar": 7.638382387784584,
        "R0": 0.09565251544322538
    },
    "R sonic drift": 0.37672981789796045,
    "w sonic drift": 7.745966692414831,
    "R critical": 0.7962143411069947,
    "w critical": 38.7741595142002,
    "R equilib drift": 0.7580051537028613,
    "w equilib drift": 60.0,
    "t min": [
        58741.69718255636,
        104369.65427502697,
        153386.555435722,
        203385.75922488785
    ],
    "R min": [
        0.27121511351455063,
        0.5854804115710279,
        0.7254908506847555,
        0.7480005044802535
    ],
    "t max": [
        78387.7497519732,
        127895.80222690366,
        178238.81193603433,
        228385.3611194708
    ],
    "R max": [
        0.9989039516787839,
        0.8162502814352693,
        0.7625840119146242,
        0.7538005807369476
    ],
    "R end": 0.7518971565682577,
    "v end": -0.09757480445504656,
    "t end": 245575.6571177105,
    "v max": 74.92663170627056
}