{
    "star": "MS20",
    "grain": "gra",
    "stream": {
        "L4": 5.45,
        "eta": 0.1199,
        "vinf": 10.0,
        "n": 10.000000000000082,
        "T": 9000.0,
        "kappa": 600.0,
        "cs": 10.814989597775858,
        "taustar": 0.0657034626180389,
        "Rstar": 1.6315129481557842,
        "Qp": 2.0,
        "a": 0.02,
        "rho_d": 2.2,
        "kappa_d": 340909.0909090908,
        "drag_constant": 3260.1185109762646,
        "phi_norm": 1.5,
        "Rstarstar": 121.81369318181815,
        "Upstarstar": 0.00015336865770878728,
        "R0": 0.6788062022485948
    },
    "R sonic drift": 0.029924713121888692,
    "w sonic drift": 9.672835454459698,
    "R critical": 0.07096267784671514,
    "w critical": 48.41952977064848,
    "R equilib drift": 0.029924713121888692,
    "w equilib drift": 10.0,
    "t min": [
        35205.814563262546,
        35510.120141269465,
        37055.056152689234,
        43843.41135438215,
        45481.979851342505,
        45599.02045826824,
        46113.9991287415,
        46535.34531367417,
        46699.202163370195,
        47026.915862762275,
        47635.52701877612,
        48010.05696093849,
        48525.035631411745,
        49110.238666040445,
        58684.16031256596,
        100725.14632029171
    ],
    "R min": [
        0.02967169291863022,
        0.029671692923980666,
        0.02967169292063367,
        0.029671692910938727,
        0.02967169299983865,
        0.02967169301050397,
        0.02967169292642916,
        0.029671692912713567,
        0.02967169289977022,
        0.0296716929134647,
        0.02967169288877887,
        0.02967169292194048,
        0.02967169294086164,
        0.029671692912186735,
        0.029671692932733383,
        0.029671692926594447
    ],
    "t max": [
        35322.85517018829,
        36305.996268364506,
        41221.701759245574,
        45294.71488026132,
        45575.612336883096,
        45622.428579653395,
        46301.264099822685,
        46605.569677829604,
        47003.50774137712,
        47143.95646968801,
        47939.83259678304,
        48384.586903100855,
        48805.93308803352,
        51451.05080455524,
        62967.846526048044
    ],
    "R max": [
        0.02967169292766418,
        0.02967169293685724,
        0.029671692920118353,
        0.02967169303694301,
        0.02967169301024832,
        0.029671693018710036,
        0.0296716929415567,
        0.029671692920762115,
        0.029671692915644483,
        0.029671692936651138,
        0.029671692921832898,
        0.02967169294556336,
        0.029671692944272573,
        0.029671692931232608,
        0.029671692929130702
    ],
    "R end": 0.029671692925444998,
    "v end": 5.846035029411679e-11,
    "t end": 117040.60692573983,
    "v max": 3.3309696747975104e-07
}