{
    "star": "MS10",
    "grain": "gra",
    "stream": {
        "L4": 0.64,
        "eta": 0.0066,
        "vinf": 50.0,
        "n": 0.03162277660168389,
        "T": 8000.0,
        "kappa": 600.0,
        "cs": 10.19646997739904,
        "taustar": 0.00025322698798954305,
        "Rstar": 1.9884389258730715,
        "Qp": 2.0,
        "a": 0.2,
        "rho_d": 2.2,
        "kappa_d": 34090.90909090909,
        "drag_constant": 1.7218064073792252e-05,
        "phi_norm": 1.0,
        "Rstarstar": 0.0572189090909091,
        "Upstarstar": 29039.269331158663,
        "R0": 0.16204584271307249
    },
    "R sonic drift": 0.33576080362451216,
    "w sonic drift": 7.745966692414831,
    "R critical": 0.7516748085768887,
    "w critical": 43.32928075712418,
    "R equilib drift": 0.7516748085768887,
    "w equilib drift": 50.0,
    "t min": [
        66711.43420367816
    ],
    "R min": [
        0.04670793645870415
    ],
    "t max": [],
    "R max": [],
    "R end": 8.594708759678648,
    "v end": 36.84309206322371,
    "t end": 262643.4417467644,
    "v max": 50.11901096475102
}