{
    "star": "MS10",
    "grain": "gra",
    "stream": {
        "L4": 0.64,
        "eta": 0.0066,
        "vinf": 100.0,
        "n": 1258.9254117941816,
        "T": 8000.0,
        "kappa": 600.0,
        "cs": 10.19646997739904,
        "taustar": 0.025262713313430718,
        "Rstar": 0.004982901022475526,
        "Qp": 2.0,
        "a": 0.2,
        "rho_d": 2.2,
        "kappa_d": 34090.90909090909,
        "drag_constant": 0.04284146731766443,
        "phi_norm": 1.0,
        "Rstarstar": 0.014304727272727275,
        "Upstarstar": 11.670935458222258,
        "R0": 0.0005493613173901083
    },
    "R sonic drift": 0.0016827902832903898,
    "w sonic drift": 7.745966692414831,
    "R critical": 0.0037672981789796047,
    "w critical": 43.32928075712418,
    "R equilib drift": 0.0029828352462174493,
    "w equilib drift": 100.0,
    "t min": [
        155.19594365930016,
        251.81496201886446,
        362.78203623836407,
        474.0123775378625,
        585.6376194573592,
        652.2441906970588
    ],
    "R min": [
        0.001279805855380083,
        0.002850491566735614,
        0.0028768484382324295,
        0.002877084659904973,
        0.0028770867739171505,
        0.002877086785988408
    ],
    "t max": [
        193.76457087912624,
        307.10104881861514,
        418.33139011811363,
        530.6147997376073,
        623.2848118971893
    ],
    "R max": [
        0.003172299686751555,
        0.0028796113576494567,
        0.0028771093467235107,
        0.002877087001442362,
        0.002877086794332368
    ],
    "R end": 0.0028770867849468693,
    "v end": 2.0928670616911995e-07,
    "t end": 658.1676999970321,
    "v max": 101.97829796305629
}