{
    "star": "MS10",
    "grain": "sil",
    "stream": {
        "L4": 0.64,
        "eta": 0.0066,
        "vinf": 90.0,
        "n": 10.000000000000082,
        "T": 8000.0,
        "kappa": 600.0,
        "cs": 10.19646997739904,
        "taustar": 0.0025017129933776615,
        "Rstar": 0.062121187813085246,
        "Qp": 2.0,
        "a": 0.002,
        "rho_d": 3.5,
        "kappa_d": 2142857.1428571427,
        "drag_constant": 2.0492907141457564,
        "phi_norm": 0.7,
        "Rstarstar": 1.1100670194003528,
        "Upstarstar": 0.24398685679324134,
        "R0": 0.005204517235509483
    },
    "R sonic drift": 0.029924713121888692,
    "w sonic drift": 7.745966692414831,
    "R critical": 0.0632455532033676,
    "w critical": 38.7741595142002,
    "R equilib drift": 0.049793041018917315,
    "w equilib drift": 90.0,
    "t min": [
        3011.8449515557045,
        9932.846174431119
    ],
    "R min": [
        0.02621095782489598,
        0.0480278475614285
    ],
    "t max": [
        9631.141498800323,
        10928.991784487973
    ],
    "R max": [
        0.0480278475716084,
        0.048027847666313093
    ],
    "R end": 0.04802784756037132,
    "v end": -4.026399342476337e-08,
    "t end": 13004.51188063776,
    "v max": 82.95471591652891
}