{
    "star": "MS10",
    "grain": "sil",
    "stream": {
        "L4": 0.64,
        "eta": 0.0066,
        "vinf": 170.0,
        "n": 63.09573444801995,
        "T": 8000.0,
        "kappa": 600.0,
        "cs": 10.19646997739904,
        "taustar": 0.0033268335477864186,
        "Rstar": 0.013092824282659274,
        "Qp": 2.0,
        "a": 0.02,
        "rho_d": 3.5,
        "kappa_d": 214285.71428571426,
        "drag_constant": 0.010157291690204394,
        "phi_norm": 0.7,
        "Rstarstar": 0.0311126050420168,
        "Upstarstar": 49.22572032485742,
        "R0": 0.0011081024363275246
    },
    "R sonic drift": 0.011913242870580215,
    "w sonic drift": 7.745966692414831,
    "R critical": 0.025178508235883353,
    "w critical": 38.7741595142002,
    "R equilib drift": 0.012190701248418985,
    "w equilib drift": 170.0,
    "t min": [
        663.2893280507657,
        982.8741861115891,
        1336.9939430709235,
        1690.565527031869,
        2086.894604867161
    ],
    "R min": [
        0.007020608579677653,
        0.011779509065079526,
        0.011848819162582923,
        0.011849465174331891,
        0.011849471269584345
    ],
    "t max": [
        799.7844046496423,
        1159.3858915928672,
        1514.0538215505908,
        1864.884540519591,
        2604.3699153464363
    ],
    "R max": [
        0.012622039061517048,
        0.011856247722764968,
        0.011849534176331994,
        0.011849471927198584,
        0.011849471322752618
    ],
    "R end": 0.01184947131414971,
    "v end": -3.46094392492094e-08,
    "t end": 2740.864991945313,
    "v max": 78.68815465088723
}