{
    "star": "MS10",
    "grain": "gra",
    "stream": {
        "L4": 0.64,
        "eta": 0.0066,
        "vinf": 60.0,
        "n": 2.5118864315095975,
        "T": 8000.0,
        "kappa": 600.0,
        "cs": 10.19646997739904,
        "taustar": 0.0018807399217205278,
        "Rstar": 0.18592209750682964,
        "Qp": 2.0,
        "a": 0.2,
        "rho_d": 2.2,
        "kappa_d": 34090.90909090909,
        "drag_constant": 0.0006595676331551417,
        "phi_norm": 1.0,
        "Rstarstar": 0.03973535353535353,
        "Upstarstar": 758.0723717568952,
        "R0": 0.015458044732639337
    },
    "R sonic drift": 0.03767298178979601,
    "w sonic drift": 7.745966692414831,
    "R critical": 0.08433930068571646,
    "w critical": 43.32928075712418,
    "R equilib drift": 0.08433930068571646,
    "w equilib drift": 60.0,
    "t min": [
        6119.745375373337
    ],
    "R min": [
        0.01588264503643413
    ],
    "t max": [
        16306.223632615956
    ],
    "R max": [
        0.3275437915534656
    ],
    "R end": 0.1639095985016535,
    "v end": -51.89999567696287,
    "t end": 24557.565711771018,
    "v max": 66.19235226425815
}