{
    "star": "MS10",
    "grain": "gra",
    "stream": {
        "L4": 0.64,
        "eta": 0.0066,
        "vinf": 40.0,
        "n": 1.5848931924611238,
        "T": 8000.0,
        "kappa": 600.0,
        "cs": 10.19646997739904,
        "taustar": 0.0022408872329936253,
        "Rstar": 0.35109307974813125,
        "Qp": 2.0,
        "a": 0.02,
        "rho_d": 2.2,
        "kappa_d": 340909.0909090908,
        "drag_constant": 0.21068051517483127,
        "phi_norm": 1.0,
        "Rstarstar": 0.8940454545454544,
        "Upstarstar": 2.3732617113883534,
        "R0": 0.029320394060463353
    },
    "R sonic drift": 0.047427474113233115,
    "w sonic drift": 7.745966692414831,
    "R critical": 0.1061768888461977,
    "w critical": 43.32928075712418,
    "R equilib drift": 0.10023744672545451,
    "w equilib drift": 40.0,
    "t min": [
        11009.23870973454,
        17974.64584622202,
        24940.0529827095,
        31905.460119196985,
        38870.86725568446,
        45836.274392171945
    ],
    "R min": [
        0.03886256761759816,
        0.03886284194227534,
        0.0388636159787959,
        0.038864888024632505,
        0.03886665694720575,
        0.03886892174494751
    ],
    "t max": [
        14005.013017438212,
        20970.420153925694,
        27935.827290413174,
        34901.23442690066,
        41866.64156338813
    ],
    "R max": [
        0.17400234127762432,
        0.17400220770310879,
        0.1740020238255219,
        0.17400179902271815,
        0.17400153285091483
    ],
    "R end": 0.07309928969313392,
    "v end": 86.0852557531595,
    "t end": 46374.2152895305,
    "v max": 86.28059634026975
}