{
    "star": "MS10",
    "grain": "gra",
    "stream": {
        "L4": 0.64,
        "eta": 0.0066,
        "vinf": 140.0,
        "n": 0.025118864315095874,
        "T": 8000.0,
        "kappa": 600.0,
        "cs": 10.19646997739904,
        "taustar": 8.060313950230818e-05,
        "Rstar": 0.7968089893149857,
        "Qp": 2.0,
        "a": 0.02,
        "rho_d": 2.2,
        "kappa_d": 340909.0909090908,
        "drag_constant": 2.2251136312189195e-05,
        "phi_norm": 1.0,
        "Rstarstar": 0.07298330241187381,
        "Upstarstar": 22470.762525781643,
        "R0": 0.06479732504885896
    },
    "R sonic drift": 0.37672981789796045,
    "w sonic drift": 7.745966692414831,
    "R critical": 0.8433930068571646,
    "w critical": 43.32928075712418,
    "R equilib drift": 0.5287298826078263,
    "w equilib drift": 140.0,
    "t min": [
        26564.26965279005
    ],
    "R min": [
        0.056049677799708174
    ],
    "t max": [
        89480.75300634747
    ],
    "R max": [
        3.5748684533261152
    ],
    "R end": 3.432499884886848,
    "v end": -17.154015511600466,
    "t end": 105246.71019330448,
    "v max": 130.7992381837281
}