{
    "star": "MS20",
    "grain": "gra",
    "stream": {
        "L4": 5.45,
        "eta": 0.1199,
        "vinf": 140.0,
        "n": 100.00000000000102,
        "T": 9000.0,
        "kappa": 600.0,
        "cs": 10.814989597775858,
        "taustar": 0.014840899430909486,
        "Rstar": 0.03685212105877487,
        "Qp": 2.0,
        "a": 0.02,
        "rho_d": 2.2,
        "kappa_d": 340909.0909090908,
        "drag_constant": 0.8486355974011531,
        "phi_norm": 1.5,
        "Rstarstar": 0.6214984346011128,
        "Upstarstar": 0.5891810354540763,
        "R0": 0.013316215345911193
    },
    "R sonic drift": 0.009463025179229607,
    "w sonic drift": 9.672835454459698,
    "R critical": 0.022440369086039285,
    "w critical": 48.41952977064848,
    "R equilib drift": 0.015784610016399376,
    "w equilib drift": 140.0,
    "t min": [
        604.3447526137011,
        2086.919281335326
    ],
    "R min": [
        0.008899940001058875,
        0.015344883530642731
    ],
    "t max": [
        1774.9652970465393,
        2185.2640967212824
    ],
    "R max": [
        0.015344883522398968,
        0.015344883530865168
    ],
    "R end": 0.01534488353558424,
    "v end": -8.498735204438617e-09,
    "t end": 2643.6778329558224,
    "v max": 151.5700074662394
}