{
    "star": "MS10",
    "grain": "sil",
    "stream": {
        "L4": 0.64,
        "eta": 0.0066,
        "vinf": 20.0,
        "n": 0.00501187233627273,
        "T": 8000.0,
        "kappa": 600.0,
        "cs": 10.19646997739904,
        "taustar": 0.00025202869924075325,
        "Rstar": 12.486831894465139,
        "Qp": 2.0,
        "a": 0.002,
        "rho_d": 3.5,
        "kappa_d": 2142857.1428571427,
        "drag_constant": 0.42116631340400756,
        "phi_norm": 0.7,
        "Rstarstar": 22.478857142857137,
        "Upstarstar": 1.1871794682695116,
        "R0": 1.0175868752448123
    },
    "R sonic drift": 1.33668783513723,
    "w sonic drift": 7.745966692414831,
    "R critical": 2.8250750892455114,
    "w critical": 38.7741595142002,
    "R equilib drift": 1.782501876267492,
    "w equilib drift": 20.0,
    "t min": [
        644613.8639300293,
        1227537.187759699,
        1810460.5115893686,
        2393383.835419038
    ],
    "R min": [
        1.0990659821513917,
        1.099011252759789,
        1.0989666317639442,
        1.0989322552812195
    ],
    "t max": [
        863667.5614050352,
        1446068.0840474137,
        2028991.4078770832,
        2611914.731706753
    ],
    "R max": [
        7.436552636862504,
        7.436489715230816,
        7.436507386849823,
        7.4365231985806695
    ],
    "R end": 7.435692648180281,
    "v end": -0.966038431008659,
    "t end": 2614005.9364559175,
    "v max": 48.51244823882083
}