{
    "star": "MS20",
    "grain": "gra",
    "stream": {
        "L4": 5.45,
        "eta": 0.1199,
        "vinf": 250.0,
        "n": 1.0000000000000062,
        "T": 9000.0,
        "kappa": 600.0,
        "cs": 10.814989597775858,
        "taustar": 0.0008310903681309296,
        "Rstar": 0.2063718779291397,
        "Qp": 2.0,
        "a": 0.02,
        "rho_d": 2.2,
        "kappa_d": 340909.0909090908,
        "drag_constant": 0.0008345903388099222,
        "phi_norm": 1.5,
        "Rstarstar": 0.19490190909090901,
        "Upstarstar": 599.0963191749516,
        "R0": 0.07163119206570373
    },
    "R sonic drift": 0.09463025179229617,
    "w sonic drift": 9.672835454459698,
    "R critical": 0.22440369086039286,
    "w critical": 48.41952977064848,
    "R equilib drift": 0.11246826503806984,
    "w equilib drift": 250.0,
    "t min": [
        3591.5949567404664,
        5886.307315746122,
        8192.86335144342,
        10520.145821351094,
        12853.350129604587
    ],
    "R min": [
        0.05382310412572131,
        0.10006655911992854,
        0.10747261916530093,
        0.108199742414573,
        0.10826696423040386
    ],
    "t max": [
        4539.089092071834,
        7014.417520625033,
        9353.543667224347,
        11686.74797547784,
        14016.991364558422
    ],
    "R max": [
        0.1457370106583573,
        0.11099068194766304,
        0.10851860806933103,
        0.10829622125277419,
        0.10827582895169498
    ],
    "R end": 0.10827359046865674,
    "v end": -0.002379036491492561,
    "t end": 14804.595864552623,
    "v max": 168.31592305728722
}