{
    "star": "MS10",
    "grain": "sil",
    "stream": {
        "L4": 0.64,
        "eta": 0.0066,
        "vinf": 60.0,
        "n": 0.12589254117941726,
        "T": 8000.0,
        "kappa": 600.0,
        "cs": 10.19646997739904,
        "taustar": 0.0004210452218905104,
        "Rstar": 0.830483503745924,
        "Qp": 2.0,
        "a": 0.002,
        "rho_d": 3.5,
        "kappa_d": 2142857.1428571427,
        "drag_constant": 0.13060764790721488,
        "phi_norm": 0.7,
        "Rstarstar": 2.4976507936507932,
        "Upstarstar": 3.828259738321031,
        "R0": 0.06781936392994428
    },
    "R sonic drift": 0.26670428643266486,
    "w sonic drift": 7.745966692414831,
    "R critical": 0.5636765862528911,
    "w critical": 38.7741595142002,
    "R equilib drift": 0.5366265531053912,
    "w equilib drift": 60.0,
    "t min": [
        41307.77008603417,
        68568.11667479746,
        98714.44383354463,
        129104.16694397716,
        159493.8900544097
    ],
    "R min": [
        0.20283126548775585,
        0.476975009737837,
        0.5268317279809034,
        0.5318892422297502,
        0.5324231958076082
    ],
    "t max": [
        53129.859167895804,
        83415.26972760604,
        113874.53453852014,
        144299.02849919346
    ],
    "R max": [
        0.6464021616201264,
        0.5492748519556935,
        0.5343127525046206,
        0.5326812744240758
    ],
    "R end": 0.5325069616304774,
    "v end": 0.0009032340677838526,
    "t end": 173854.25120384753,
    "v max": 78.13419392704992
}