{
    "star": "MS40",
    "grain": "gra",
    "stream": {
        "L4": 22.2,
        "eta": 0.4468,
        "vinf": 80.0,
        "n": 15848.931924611368,
        "T": 10000.0,
        "kappa": 600.0,
        "cs": 11.4,
        "taustar": 0.6598975361989915,
        "Rstar": 0.01033900568003125,
        "Qp": 2.0,
        "a": 0.02,
        "rho_d": 2.2,
        "kappa_d": 340909.0909090908,
        "drag_constant": 5709.359664161733,
        "phi_norm": 1.5,
        "Rstarstar": 7.753050426136362,
        "Upstarstar": 8.75754952238434e-05,
        "R0": 0.011387358463000923
    },
    "R sonic drift": 0.001499788418664912,
    "w sonic drift": 8.6559494714014,
    "R critical": 0.0033576080362451217,
    "w critical": 48.41952977064848,
    "R equilib drift": 0.0031697863849222286,
    "w equilib drift": 80.0,
    "t min": [
        168.05877419053763,
        411.9346393553405,
        436.13158328329746,
        458.2754531810036,
        471.7670825226524,
        475.4332861481004,
        479.39278606358425,
        487.45843403956997,
        496.40397088566306,
        502.26989668638,
        502.70984112143367,
        505.05621144172045,
        506.0827484568459,
        506.5226928918997,
        506.8159891819355,
        513.415155707742,
        516.9347111881721,
        533.5059515751972,
        540.2517662460216,
        540.6917106810753,
        541.7182476962007,
        543.6246735814337,
        545.8243957567025,
        546.1176920467384,
        546.9975809168459,
        549.6372475271685,
        550.6637845422939,
        553.5967474426524,
        555.5031733278853,
        558.8760806632974,
        560.9291546935484,
        561.51574727362,
        562.1023398536918,
        562.3956361437276,
        563.8621175939069,
        564.8886546090322,
        566.5017842042295,
        568.4082100894624,
        569.141450814552,
        569.8746915396416,
        570.4612841197132,
        571.1945248448029,
        572.8076544400001,
        573.8341914551255,
        574.1274877451613,
        576.32720992043,
        576.7671543554839,
        577.6470432255915,
        665.9292265263799
    ],
    "R min": [
        0.0014272133364258573,
        0.0031492471564906104,
        0.003149247160183814,
        0.0031492471592530985,
        0.0031492471599565554,
        0.003149247159805116,
        0.00314924716000987,
        0.003149247159815691,
        0.003149247159521051,
        0.0031492471602201015,
        0.0031492471601980918,
        0.00314924716050801,
        0.00314924716058616,
        0.003149247160576093,
        0.0031492471605481295,
        0.0031492471593035478,
        0.003149247159453937,
        0.003149247159262608,
        0.003149247159788256,
        0.0031492471597768575,
        0.003149247159679429,
        0.0031492471602406957,
        0.0031492471599613163,
        0.0031492471599559807,
        0.0031492471600122855,
        0.003149247159786825,
        0.003149247159713193,
        0.0031492471589653825,
        0.003149247159203368,
        0.003149247159530113,
        0.003149247159759612,
        0.00314924715973769,
        0.0031492471596834175,
        0.003149247159672297,
        0.003149247159544007,
        0.003149247159609849,
        0.0031492471599120966,
        0.0031492471600946207,
        0.0031492471599601627,
        0.003149247159990041,
        0.003149247159992842,
        0.0031492471599478306,
        0.0031492471600138975,
        0.00314924716012193,
        0.0031492471601158555,
        0.0031492471598277955,
        0.003149247159803321,
        0.0031492471598600254,
        0.0031492471610205367
    ],
    "t max": [
        405.33547282953407,
        427.1860464372043,
        446.6902497245878,
        469.7140084924015,
        473.3802121178495,
        477.19306388831546,
        483.0589896890323,
        491.85787839010754,
        500.9500633812186,
        502.41654483139786,
        504.90956329670246,
        505.64280402179213,
        506.3760447468817,
        506.66934103691756,
        507.40258176200723,
        516.7880630431541,
        520.0143222335485,
        539.371877375914,
        540.3984143910394,
        540.9850069711111,
        543.3313772913979,
        543.9179698714696,
        545.9710439017205,
        546.850932771828,
        547.1442290618638,
        550.2238401072402,
        550.9570808323298,
        555.3565251828675,
        558.7294325182796,
        560.3425621134767,
        561.0758028385663,
        561.6623954186381,
        562.2489879987097,
        562.6889324337634,
        564.7420064640144,
        565.9151916241577,
        567.6749693643728,
        568.7015063794983,
        569.7280433946237,
        570.3146359746953,
        570.901228554767,
        572.3677100049463,
        573.6875433101076,
        573.9808396001433,
        574.8607284702508,
        576.4738580654481,
        577.5003950805735,
        582.6330801562007
    ],
    "R max": [
        0.0031492471555341676,
        0.0031492471605195876,
        0.00314924716056364,
        0.0031492471609881065,
        0.003149247160165365,
        0.003149247160095741,
        0.0031492471608734122,
        0.0031492471609137034,
        0.00314924716035694,
        0.003149247160213607,
        0.0031492471605084706,
        0.0031492471606068403,
        0.003149247160602772,
        0.003149247160553735,
        0.003149247160652365,
        0.003149247159482759,
        0.0031492471595568625,
        0.003149247159832158,
        0.0031492471597896142,
        0.0031492471598111253,
        0.003149247160259948,
        0.0031492471602707446,
        0.0031492471599597095,
        0.0031492471600153443,
        0.0031492471600109238,
        0.0031492471597685703,
        0.003149247159706189,
        0.0031492471592103866,
        0.003149247159531862,
        0.0031492471598540857,
        0.003149247159751019,
        0.003149247159739388,
        0.003149247159678609,
        0.0031492471596835884,
        0.003149247159608695,
        0.0031492471600204144,
        0.003149247160267947,
        0.003149247160080489,
        0.003149247159991187,
        0.0031492471599964484,
        0.003149247159998806,
        0.0031492471600180955,
        0.003149247160119606,
        0.0031492471601204416,
        0.0031492471603289432,
        0.0031492471598321007,
        0.003149247159863393,
        0.0031492471619529146
    ],
    "R end": 0.003149247161403931,
    "v end": 1.0061523191163423e-08,
    "t end": 733.2407250896058,
    "v max": 252.87096072152082
}