{
    "star": "MS40",
    "grain": "gra",
    "stream": {
        "L4": 22.2,
        "eta": 0.4468,
        "vinf": 50.0,
        "n": 251.1886431509608,
        "T": 10000.0,
        "kappa": 600.0,
        "cs": 11.4,
        "taustar": 0.13292188440020322,
        "Rstar": 0.13140102608997692,
        "Qp": 2.0,
        "a": 0.02,
        "rho_d": 2.2,
        "kappa_d": 340909.0909090908,
        "drag_constant": 593.01725896979,
        "phi_norm": 1.5,
        "Rstarstar": 19.847809090909085,
        "Upstarstar": 0.0008431457810665022,
        "R0": 0.10496711257356321
    },
    "R sonic drift": 0.011913242870580215,
    "w sonic drift": 8.6559494714014,
    "R critical": 0.026670428643266485,
    "w critical": 48.41952977064848,
    "R equilib drift": 0.026670428643266485,
    "w equilib drift": 50.0,
    "t min": [
        2156.402941062894,
        2713.675611225215,
        3270.9482813875356,
        3830.08473974438,
        4387.357409906701,
        4944.6300800690215,
        5501.902750231343,
        6061.039208588187,
        6618.311878750508,
        7175.584548912829,
        7732.857219075149,
        8291.993677431992,
        8849.266347594314
    ],
    "R min": [
        0.011229455369513308,
        0.011247536080912938,
        0.01126593547851122,
        0.011212813398041309,
        0.011229610366870939,
        0.01124769579884983,
        0.011266096851930479,
        0.011212937885419202,
        0.011229766638356153,
        0.01124785623270861,
        0.011266259207078527,
        0.011213063553682434,
        0.011229922949704886
    ],
    "t max": [
        2387.5126771837226,
        2944.7853473460436,
        3502.058017508365,
        4059.3306876706856,
        4618.467146027529,
        5175.73981618985,
        5733.012486352171,
        6290.285156514493,
        6849.421614871336,
        7406.694285033657,
        7963.966955195978,
        8521.2396253583,
        9080.376083715142
    ],
    "R max": [
        0.02647907107459678,
        0.026478734655978168,
        0.02647797813472762,
        0.026476851016513543,
        0.026479070368913456,
        0.026478729791258156,
        0.02647796983327029,
        0.02647683986876139,
        0.026479069375475506,
        0.026478724862473428,
        0.026477961483788608,
        0.026476828444139573,
        0.026479068338733192
    ],
    "R end": 0.015129512347174634,
    "v end": -45.315617868873105,
    "t end": 9318.940972614062,
    "v max": 248.98407571112136
}