{
    "star": "MS10",
    "grain": "sil",
    "stream": {
        "L4": 0.64,
        "eta": 0.0066,
        "vinf": 50.0,
        "n": 1995.2623149689073,
        "T": 8000.0,
        "kappa": 600.0,
        "cs": 10.19646997739904,
        "taustar": 0.06360774352229759,
        "Rstar": 0.007916117945977595,
        "Qp": 2.0,
        "a": 0.002,
        "rho_d": 3.5,
        "kappa_d": 2142857.1428571427,
        "drag_constant": 4292.334831660006,
        "phi_norm": 0.7,
        "Rstarstar": 3.596617142857143,
        "Upstarstar": 0.00011648671867628543,
        "R0": 0.0013117961974043403
    },
    "R sonic drift": 0.00211850745035458,
    "w sonic drift": 7.745966692414831,
    "R critical": 0.004477442277136681,
    "w critical": 38.7741595142002,
    "R equilib drift": 0.004477442277136681,
    "w equilib drift": 50.0,
    "t min": [
        383.4686949839523,
        590.2832720539491,
        602.2148822695259,
        603.5406167379232,
        604.2034839721218,
        608.1806873773141,
        612.4893243996058,
        1506.3657897165629
    ],
    "R min": [
        0.0020047016472139784,
        0.004410854109778646,
        0.004410854110162608,
        0.0044108541101610275,
        0.004410854110161862,
        0.004410854110186324,
        0.004410854110272352,
        0.004410854109968892
    ],
    "t max": [
        584.3174669461607,
        597.5748116301348,
        602.8777495037245,
        603.8720503550226,
        607.5178201431155,
        611.8264571654071,
        665.187269518403
    ],
    "R max": [
        0.004410854110544055,
        0.0044108541105157715,
        0.004410854110163108,
        0.004410854110162135,
        0.004410854110187392,
        0.004410854110273704,
        0.004410854113050417
    ],
    "R end": 0.0044108541102595815,
    "v end": 1.4575890369850375e-09,
    "t end": 1657.168085496769,
    "v max": 125.45815069281272
}