{
    "star": "MS40",
    "grain": "gra",
    "stream": {
        "L4": 22.2,
        "eta": 0.4468,
        "vinf": 120.0,
        "n": 79432.82347242952,
        "T": 10000.0,
        "kappa": 600.0,
        "cs": 11.4,
        "taustar": 0.9848843757185668,
        "Rstar": 0.003078842797617042,
        "Qp": 2.0,
        "a": 0.02,
        "rho_d": 2.2,
        "kappa_d": 340909.0909090908,
        "drag_constant": 5652.26306343577,
        "phi_norm": 1.5,
        "Rstarstar": 3.445800189393938,
        "Upstarstar": 8.846014320077864e-05,
        "R0": 0.003570613532196002
    },
    "R sonic drift": 0.0006699308783156552,
    "w sonic drift": 8.6559494714014,
    "R critical": 0.001499788418664912,
    "w critical": 48.41952977064848,
    "R equilib drift": 0.001191324287058021,
    "w equilib drift": 120.0,
    "t min": [
        49.827713564615,
        147.0376087397535,
        148.30404493026515,
        148.95909813225396,
        178.17447094095462
    ],
    "R min": [
        0.0006369708144678064,
        0.0011732278751443645,
        0.0011732278758651124,
        0.0011732278759997543,
        0.0011732278773868465
    ],
    "t max": [
        146.29521511083283,
        148.1730342898674,
        148.74074706492436,
        166.64553458595165
    ],
    "R max": [
        0.0011732278753102735,
        0.0011732278758606663,
        0.0011732278759790241,
        0.0011732278772303355
    ],
    "R end": 0.001173227878727666,
    "v end": 5.3824085490007015e-08,
    "t end": 218.35106732960122,
    "v max": 215.72210952806782
}