{
    "star": "MS10",
    "grain": "gra",
    "stream": {
        "L4": 0.64,
        "eta": 0.0066,
        "vinf": 100.0,
        "n": 0.001584893192461114,
        "T": 8000.0,
        "kappa": 600.0,
        "cs": 10.19646997739904,
        "taustar": 2.834523054340901e-05,
        "Rstar": 4.441015210908937,
        "Qp": 2.0,
        "a": 0.2,
        "rho_d": 2.2,
        "kappa_d": 34090.90909090909,
        "drag_constant": 5.3934211884756456e-08,
        "phi_norm": 1.0,
        "Rstarstar": 0.014304727272727271,
        "Upstarstar": 9270553.560110815,
        "R0": 0.3609156845595471
    },
    "R sonic drift": 1.4997884186649117,
    "w sonic drift": 7.745966692414831,
    "R critical": 3.357608036245125,
    "w critical": 43.32928075712418,
    "R equilib drift": 2.658454711489705,
    "w equilib drift": 100.0,
    "t min": [
        147000.1005659642
    ],
    "R min": [
        0.01511333230428938
    ],
    "t max": [],
    "R max": [],
    "R end": 43.44111324680078,
    "v end": 94.38327378566636,
    "t end": 586592.5800716848,
    "v max": 99.27414106743717
}