{
    "star": "MS10",
    "grain": "sil",
    "stream": {
        "L4": 0.64,
        "eta": 0.0066,
        "vinf": 60.0,
        "n": 5.011872336272761,
        "T": 8000.0,
        "kappa": 600.0,
        "cs": 10.19646997739904,
        "taustar": 0.0026566157511011064,
        "Rstar": 0.13162276515381663,
        "Qp": 2.0,
        "a": 0.02,
        "rho_d": 3.5,
        "kappa_d": 214285.71428571426,
        "drag_constant": 0.05199584116098889,
        "phi_norm": 0.7,
        "Rstarstar": 0.24976507936507933,
        "Upstarstar": 9.616153692982982,
        "R0": 0.011048390303919214
    },
    "R sonic drift": 0.04226978079673296,
    "w sonic drift": 7.745966692414831,
    "R critical": 0.08933671843019271,
    "w critical": 38.7741595142002,
    "R equilib drift": 0.08504957709106065,
    "w equilib drift": 60.0,
    "t min": [
        6607.459252737388,
        12046.62712800995,
        17799.91108118579,
        23707.497669121138
    ],
    "R min": [
        0.02980267379172655,
        0.05971734044616356,
        0.07973090016314367,
        0.0835787522541909
    ],
    "t max": [
        8944.04200766704,
        14763.455661454098,
        20726.150333232123,
        26661.29096308881
    ],
    "R max": [
        0.1158962518774456,
        0.09487918675837292,
        0.08632377835438881,
        0.0847338888222144
    ],
    "R end": 0.08460748890104859,
    "v end": -0.2355962125958839,
    "t end": 27554.041921340235,
    "v max": 73.91674692063293
}