{
    "star": "MS10",
    "grain": "gra",
    "stream": {
        "L4": 0.64,
        "eta": 0.0066,
        "vinf": 20.0,
        "n": 398.1071705535018,
        "T": 8000.0,
        "kappa": 600.0,
        "cs": 10.19646997739904,
        "taustar": 0.07103133841289253,
        "Rstar": 0.044304951452650614,
        "Qp": 2.0,
        "a": 0.2,
        "rho_d": 2.2,
        "kappa_d": 34090.90909090909,
        "drag_constant": 8.46728843921775,
        "phi_norm": 1.0,
        "Rstarstar": 0.3576181818181818,
        "Upstarstar": 0.05905078155648521,
        "R0": 0.007863024416113047
    },
    "R sonic drift": 0.002992471312188866,
    "w sonic drift": 7.745966692414831,
    "R critical": 0.00669930878315656,
    "w critical": 43.32928075712418,
    "R equilib drift": 0.003784636402251896,
    "w equilib drift": 20.0,
    "t min": [
        1411.509719524421,
        2029.4841240923267,
        2647.4585286602323,
        3265.432933228138,
        3883.4073377960435,
        4500.211336294691,
        5118.185740862597,
        5736.160145430504
    ],
    "R min": [
        0.0027200226280284416,
        0.002719125845615485,
        0.0027184442124493957,
        0.0027180037035946206,
        0.0027178323936326992,
        0.002719349569133579,
        0.0027186068462331237,
        0.0027180980522890233
    ],
    "t max": [
        1560.1512903201103,
        2178.125694888016,
        2794.929693386664,
        3412.9040979545703,
        4030.8785025224756,
        4648.852907090381,
        5265.6569055890295
    ],
    "R max": [
        0.010979480418052249,
        0.010979633690981492,
        0.010978525003715338,
        0.010979046113872617,
        0.010979409622862374,
        0.010979608158483967,
        0.01097835774176525
    ],
    "R end": 0.010372775640516365,
    "v end": 30.93839528575343,
    "t end": 5852.030346286985,
    "v max": 97.22408824707256
}