{
    "star": "MS10",
    "grain": "sil",
    "stream": {
        "L4": 0.64,
        "eta": 0.0066,
        "vinf": 80.0,
        "n": 316.2277660168418,
        "T": 8000.0,
        "kappa": 600.0,
        "cs": 10.19646997739904,
        "taustar": 0.015826686749346508,
        "Rstar": 0.012427743286706637,
        "Qp": 2.0,
        "a": 0.002,
        "rho_d": 3.5,
        "kappa_d": 2142857.1428571427,
        "drag_constant": 103.8038979257454,
        "phi_norm": 0.7,
        "Rstarstar": 1.404928571428571,
        "Upstarstar": 0.004816774803174229,
        "R0": 0.0012249400409839449
    },
    "R sonic drift": 0.0053214501195976175,
    "w sonic drift": 7.745966692414831,
    "R critical": 0.011246826503806984,
    "w critical": 38.7741595142002,
    "R equilib drift": 0.009441795806335175,
    "w equilib drift": 80.0,
    "t min": [
        598.3763416241928,
        2023.552689196944,
        2202.545264430615
    ],
    "R min": [
        0.0049509814394809275,
        0.009212088966616192,
        0.009212088965075575
    ],
    "t max": [
        1941.861310383902,
        2111.487995053021,
        2459.5869277022252
    ],
    "R max": [
        0.00921208896533294,
        0.009212088975434234,
        0.009212088968216557
    ],
    "R end": 0.009212088960903145,
    "v end": -1.776105035656238e-07,
    "t end": 2601.636267931273,
    "v max": 95.7502599429972
}