{
    "star": "MS10",
    "grain": "gra",
    "stream": {
        "L4": 0.64,
        "eta": 0.0066,
        "vinf": 500.0,
        "n": 0.003981071705534978,
        "T": 8000.0,
        "kappa": 600.0,
        "cs": 10.19646997739904,
        "taustar": 8.984832585397958e-06,
        "Rstar": 0.5604182328542494,
        "Qp": 2.0,
        "a": 0.2,
        "rho_d": 2.2,
        "kappa_d": 34090.90909090909,
        "drag_constant": 2.1676258404397217e-10,
        "phi_norm": 1.0,
        "Rstarstar": 0.0005721890909090909,
        "Upstarstar": 2306671154.5502276,
        "R0": 0.04553362800233811
    },
    "R sonic drift": 0.9463025179229617,
    "w sonic drift": 7.745966692414831,
    "R critical": 2.11850745035458,
    "w critical": 43.32928075712418,
    "R equilib drift": 0.5958246669951958,
    "w equilib drift": 500.0,
    "t min": [
        18505.74483069078
    ],
    "R min": [
        0.0021530703142121853
    ],
    "t max": [],
    "R max": [],
    "R end": 27.567928598582707,
    "v end": 471.75222898067597,
    "t end": 74022.97932276312,
    "v max": 499.2417684207151
}