{
    "star": "MS10",
    "grain": "sil",
    "stream": {
        "L4": 0.64,
        "eta": 0.0066,
        "vinf": 140.0,
        "n": 12589.254117941868,
        "T": 8000.0,
        "kappa": 600.0,
        "cs": 10.19646997739904,
        "taustar": 0.05706265281878601,
        "Rstar": 0.0011255226133003212,
        "Qp": 2.0,
        "a": 0.002,
        "rho_d": 3.5,
        "kappa_d": 2142857.1428571427,
        "drag_constant": 440.61722117803106,
        "phi_norm": 0.7,
        "Rstarstar": 0.45875218658892114,
        "Upstarstar": 0.0011347718063837897,
        "R0": 0.00017507361100549155
    },
    "R sonic drift": 0.0008433930068571646,
    "w sonic drift": 7.745966692414831,
    "R critical": 0.001782501876267492,
    "w critical": 38.7741595142002,
    "R equilib drift": 0.0009959415619602808,
    "w equilib drift": 140.0,
    "t min": [
        53.768035558366954,
        169.7863559305838,
        211.3965008894252
    ],
    "R min": [
        0.0007945973172333816,
        0.0009773008458854196,
        0.0009773008464770785
    ],
    "t max": [
        157.81695975895786,
        171.3885585677306
    ],
    "R max": [
        0.000977300845762538,
        0.000977300845932702
    ],
    "R end": 0.000977300847533267,
    "v end": 7.33787570341133e-08,
    "t end": 235.61803487452653,
    "v max": 41.34007873986225
}