{
    "star": "MS20",
    "grain": "gra",
    "stream": {
        "L4": 5.45,
        "eta": 0.1199,
        "vinf": 10.0,
        "n": 5011.872336272797,
        "T": 9000.0,
        "kappa": 600.0,
        "cs": 10.814989597775858,
        "taustar": 1.470917306401389,
        "Rstar": 0.07287700643230313,
        "Qp": 2.0,
        "a": 0.02,
        "rho_d": 2.2,
        "kappa_d": 340909.0909090908,
        "drag_constant": 1633929.7778132677,
        "phi_norm": 1.5,
        "Rstarstar": 121.81369318181817,
        "Upstarstar": 3.060107030237025e-07,
        "R0": 0.07546805848812611
    },
    "R sonic drift": 0.00133668783513723,
    "w sonic drift": 9.672835454459698,
    "R critical": 0.0031697863849222286,
    "w critical": 48.41952977064848,
    "R equilib drift": 0.00133668783513723,
    "w equilib drift": 10.0,
    "t min": [
        1572.58597137188,
        1586.1788022414507,
        1591.4068141143625,
        1631.1397043484926,
        1637.4133185959868,
        1649.960547090975,
        1652.0517518401398,
        1654.1429565893045,
        1659.3709684622165,
        1665.6445827097107,
        1678.191811204699,
        1681.328618328446,
        1685.5110278267755,
        1689.6934373251052,
        1692.8302444488522,
        1695.9670515725993,
        1701.1950634455113,
        1707.4686776930055,
        1715.8334966896641,
        1731.5175323084,
        1734.654339432147,
        1741.9735560542233,
        1746.1559655525527,
        1757.657591672959,
        1767.0680130442004,
        1772.2960249171124,
        1774.3872296662767,
        1780.660843913771,
        1786.9344581612652,
        1799.4816866562537,
        1801.5728914054184,
        1805.755300903748,
        1808.892108027495,
        1822.4849388970658,
        1825.621746020813,
        1827.7129507699776,
        1830.8497578937247,
        1840.260179264966,
        1847.5793958870424,
        1865.354636254943,
        1868.49144337869,
        1872.6738528770193,
        1878.9474671245134,
        1883.129876622843,
        1885.2210813720078,
        1898.8139122415787,
        1902.996321739908,
        1909.269935987402,
        1911.361140736567,
        1946.9116214723674,
        2168.579324883829,
        3523.680002342577
    ],
    "R min": [
        0.0013253858379766205,
        0.0013253858375505136,
        0.0013253858377401777,
        0.0013253858349324206,
        0.0013253858353096783,
        0.001325385836935797,
        0.0013253858371414364,
        0.0013253858372751974,
        0.001325385837306772,
        0.0013253858372271527,
        0.001325385838646194,
        0.0013253858387259705,
        0.0013253858384998894,
        0.001325385838170791,
        0.0013253858382098575,
        0.0013253858382761587,
        0.001325385838307711,
        0.0013253858378698767,
        0.001325385837549704,
        0.0013253858379153772,
        0.0013253858379854472,
        0.0013253858376912103,
        0.001325385837992397,
        0.0013253858382540993,
        0.0013253858379411777,
        0.001325385838174708,
        0.0013253858381133403,
        0.0013253858380098589,
        0.001325385838341903,
        0.0013253858380025728,
        0.0013253858381403502,
        0.0013253858379505589,
        0.001325385838329956,
        0.0013253858369476896,
        0.001325385837175003,
        0.0013253858371160005,
        0.001325385837446736,
        0.0013253858364752288,
        0.0013253858365843748,
        0.0013253858375758037,
        0.0013253858375960885,
        0.0013253858375479597,
        0.001325385837927022,
        0.0013253858379433433,
        0.0013253858378794573,
        0.0013253858383123417,
        0.0013253858385654576,
        0.0013253858383391686,
        0.001325385838194613,
        0.0013253858378696887,
        0.0013253858356453406,
        0.0013253858381500384
    ],
    "t max": [
        1580.9507903685392,
        1590.3612117397802,
        1602.9084402347687,
        1636.3677162214044,
        1648.9149447163927,
        1651.0061494655574,
        1653.0973542147221,
        1655.1885589638869,
        1662.5077755859636,
        1677.1462088301168,
        1679.2374135792813,
        1683.4198230776108,
        1686.556630201358,
        1690.7390396996875,
        1693.8758468234346,
        1698.058256321764,
        1702.2406658200937,
        1710.6054848167523,
        1720.0159061879938,
        1733.6087370575647,
        1737.791146555894,
        1745.1103631779704,
        1752.4295798000471,
        1758.7031940475413,
        1771.2504225425298,
        1773.3416272916947,
        1775.432832040859,
        1783.797651037518,
        1791.1168676595948,
        1800.527289030836,
        1803.6640961545834,
        1807.8465056529126,
        1809.9377104020773,
        1824.5761436462305,
        1826.6673483953953,
        1829.8041555191423,
        1836.0777697666367,
        1846.53379351246,
        1863.2634315057783,
        1867.4458410041077,
        1871.628250502437,
        1877.901864749931,
        1881.0386718736784,
        1884.1754789974254,
        1892.5402979940843,
        1899.859514616161,
        1905.0875264890726,
        1910.3155383619844,
        1916.5891526094788,
        1952.1396333452792,
        2978.9211651851638,
        5124.497237828181
    ],
    "R max": [
        0.0013253858377313555,
        0.0013253858378293613,
        0.0013253858381302027,
        0.0013253858353775153,
        0.0013253858369319642,
        0.001325385837061591,
        0.0013253858372299086,
        0.0013253858374768872,
        0.0013253858375777074,
        0.001325385838590889,
        0.0013253858385503792,
        0.0013253858386748298,
        0.0013253858385301807,
        0.0013253858382597087,
        0.0013253858383039645,
        0.0013253858383274347,
        0.0013253858383484953,
        0.0013253858380992529,
        0.0013253858383230187,
        0.001325385838021805,
        0.0013253858378711864,
        0.0013253858380063213,
        0.00132538583859703,
        0.0013253858383462176,
        0.0013253858382084342,
        0.0013253858381977804,
        0.0013253858380415276,
        0.0013253858384030088,
        0.0013253858387612923,
        0.0013253858381505783,
        0.0013253858379587667,
        0.001325385838022653,
        0.0013253858384796792,
        0.0013253858371494419,
        0.0013253858372045467,
        0.0013253858374165325,
        0.0013253858378161803,
        0.0013253858366537741,
        0.0013253858379245842,
        0.0013253858375713071,
        0.0013253858375997997,
        0.0013253858379201958,
        0.0013253858380043967,
        0.0013253858379526284,
        0.0013253858385159137,
        0.0013253858385083733,
        0.0013253858385863229,
        0.0013253858383123448,
        0.0013253858382764063,
        0.0013253858378490411,
        0.0013253858380427043,
        0.001325385838038883
    ],
    "R end": 0.001325385838027856,
    "v end": -1.6570447009234153e-11,
    "t end": 5228.011872911835,
    "v max": 4.186786377720575e-07
}