{
    "star": "MS10",
    "grain": "sil",
    "stream": {
        "L4": 0.64,
        "eta": 0.0066,
        "vinf": 40.0,
        "n": 0.0031622776601683824,
        "T": 8000.0,
        "kappa": 600.0,
        "cs": 10.19646997739904,
        "taustar": 0.00010009675588388219,
        "Rstar": 7.859994992372035,
        "Qp": 2.0,
        "a": 0.002,
        "rho_d": 3.5,
        "kappa_d": 2142857.1428571427,
        "drag_constant": 0.016608623668119084,
        "phi_norm": 0.7,
        "Rstarstar": 5.619714285714285,
        "Upstarstar": 30.104842519839256,
        "R0": 0.6393362500530435
    },
    "R sonic drift": 1.6827902832903914,
    "w sonic drift": 7.745966692414831,
    "R critical": 3.556558820077846,
    "w critical": 38.7741595142002,
    "R equilib drift": 3.556558820077846,
    "w equilib drift": 40.0,
    "t min": [
        404114.967798178,
        1016869.0964954154,
        1629623.2251926528
    ],
    "R min": [
        1.0469445572786729,
        1.0469654563227964,
        1.0470225264168058
    ],
    "t max": [
        708517.5290468057,
        1321271.657744043
    ],
    "R max": [
        9.468073776794936,
        9.468071634169895
    ],
    "R end": 1.4300537793419095,
    "v end": 42.263961826867686,
    "t end": 1645419.2499925818,
    "v max": 54.548355469033815
}