{
    "star": "MS10",
    "grain": "sil",
    "stream": {
        "L4": 0.64,
        "eta": 0.0066,
        "vinf": 250.0,
        "n": 0.03162277660168389,
        "T": 8000.0,
        "kappa": 600.0,
        "cs": 10.19646997739904,
        "taustar": 5.0645397597908604e-05,
        "Rstar": 0.3976877851746143,
        "Qp": 2.0,
        "a": 0.002,
        "rho_d": 3.5,
        "kappa_d": 2142857.1428571427,
        "drag_constant": 0.0001088462760713855,
        "phi_norm": 0.7,
        "Rstarstar": 0.1438646857142857,
        "Upstarstar": 4593.634417700074,
        "R0": 0.03232845564907066
    },
    "R sonic drift": 0.5321450119597623,
    "w sonic drift": 7.745966692414831,
    "R critical": 1.1246826503806984,
    "w critical": 38.7741595142002,
    "R equilib drift": 0.40967174139352386,
    "w equilib drift": 250.0,
    "t min": [
        20929.64344825352,
        40094.33685234246,
        57027.86699305354,
        74061.29996645318
    ],
    "R min": [
        0.09983453211852553,
        0.280354419856246,
        0.36053789193448754,
        0.38267690537193777
    ],
    "t max": [
        28522.25873258415,
        48003.311106853536,
        65403.0544667779,
        82586.34168921039
    ],
    "R max": [
        0.826731241021257,
        0.45940205370359394,
        0.40463526148856754,
        0.3930659183714537
    ],
    "R end": 0.39296605900809045,
    "v end": -0.28865945719332214,
    "t end": 83252.36057380079,
    "v max": 184.6015591031901
}