{
    "star": "MS10",
    "grain": "sil",
    "stream": {
        "L4": 0.64,
        "eta": 0.0066,
        "vinf": 100.0,
        "n": 0.0501187233627274,
        "T": 8000.0,
        "kappa": 600.0,
        "cs": 10.19646997739904,
        "taustar": 0.00015939694506606606,
        "Rstar": 0.7897365909229015,
        "Qp": 2.0,
        "a": 0.002,
        "rho_d": 3.5,
        "kappa_d": 2142857.1428571427,
        "drag_constant": 0.006738661014464136,
        "phi_norm": 0.7,
        "Rstarstar": 0.8991542857142857,
        "Upstarstar": 74.19871676684431,
        "R0": 0.0642845073976663
    },
    "R sonic drift": 0.4226978079673296,
    "w sonic drift": 7.745966692414831,
    "R critical": 0.8933671843019271,
    "w critical": 38.7741595142002,
    "R equilib drift": 0.632455532033676,
    "w equilib drift": 100.0,
    "t min": [
        40306.0525225365,
        76941.90666115048,
        115231.00331504487,
        153949.94302291216
    ],
    "R min": [
        0.23259838026727694,
        0.5814306194595926,
        0.6269453042546801,
        0.6303934428128427
    ],
    "t max": [
        54755.39210608732,
        95689.67678443038,
        134573.94074382572
    ],
    "R max": [
        0.8575807281240865,
        0.6447104479517293,
        0.6316672083757211
    ],
    "R end": 0.6306464347238716,
    "v end": 0.02240311652878895,
    "t end": 165324.25152804144,
    "v max": 83.54207582794714
}