{
    "star": "MS20",
    "grain": "gra",
    "stream": {
        "L4": 5.45,
        "eta": 0.1199,
        "vinf": 140.0,
        "n": 251.1886431509608,
        "T": 9000.0,
        "kappa": 600.0,
        "cs": 10.814989597775858,
        "taustar": 0.02352124047804847,
        "Rstar": 0.02325211644170719,
        "Qp": 2.0,
        "a": 0.02,
        "rho_d": 2.2,
        "kappa_d": 340909.0909090908,
        "drag_constant": 2.131676242407986,
        "phi_norm": 1.5,
        "Rstarstar": 0.621498434601113,
        "Upstarstar": 0.23455719496840174,
        "R0": 0.008611828842352405
    },
    "R sonic drift": 0.005970765237835921,
    "w sonic drift": 9.672835454459698,
    "R critical": 0.014158915687682763,
    "w critical": 48.41952977064848,
    "R equilib drift": 0.00995941561960281,
    "w equilib drift": 140.0,
    "t min": [
        380.3149314925945,
        1127.2668013276113,
        1150.9530821486412,
        1198.9928629687583,
        1217.6749999543595,
        1230.0185547484175,
        1273.3878013221345,
        1294.7388150199645,
        1304.4134931017934,
        1312.4201232384796,
        1336.1064040595097,
        1580.6422328174674
    ],
    "R min": [
        0.005700055584926905,
        0.009681966953334295,
        0.00968196693807626,
        0.009681966957607585,
        0.009681966958928414,
        0.009681966958552142,
        0.00968196696567805,
        0.009681966967891335,
        0.00968196696809932,
        0.009681966968010451,
        0.0096819669647509,
        0.009681966957837337
    ],
    "t max": [
        1115.256856122582,
        1134.939821875269,
        1198.6592533797298,
        1217.0077807763025,
        1223.3463629678458,
        1259.3761985829335,
        1287.733013650364,
        1296.4068629651074,
        1309.0840273481938,
        1313.754561594594,
        1488.8995958346047,
        1608.9990478848977
    ],
    "R max": [
        0.009681966957315779,
        0.009681966955833763,
        0.00968196695760624,
        0.009681966958942674,
        0.009681966959247479,
        0.009681966966279968,
        0.009681966969597878,
        0.009681966967978085,
        0.009681966968231518,
        0.009681966968100066,
        0.009681966983031596,
        0.009681966957004177
    ],
    "R end": 0.009681966938827242,
    "v end": -2.946125551480602e-07,
    "t end": 1668.0479451429585,
    "v max": 157.2494165621159
}