{
    "star": "MS40",
    "grain": "gra",
    "stream": {
        "L4": 22.2,
        "eta": 0.4468,
        "vinf": 80.0,
        "n": 5011.872336272797,
        "T": 10000.0,
        "kappa": 600.0,
        "cs": 11.4,
        "taustar": 0.3710876549959872,
        "Rstar": 0.01838564092107504,
        "Qp": 2.0,
        "a": 0.02,
        "rho_d": 2.2,
        "kappa_d": 340909.0909090908,
        "drag_constant": 1805.4580519845085,
        "phi_norm": 1.5,
        "Rstarstar": 7.753050426136361,
        "Upstarstar": 0.0002769380321245426,
        "R0": 0.018054655492967378
    },
    "R sonic drift": 0.0026670428643266486,
    "w sonic drift": 8.6559494714014,
    "R critical": 0.005970765237835921,
    "w critical": 48.41952977064848,
    "R equilib drift": 0.0056367658625289105,
    "w equilib drift": 80.0,
    "t min": [
        299.1162391962197,
        754.9620858527079,
        792.2538227359331,
        825.8946203438776,
        852.755102154872,
        880.9194908498954,
        932.0326407038266,
        973.4968796159442,
        991.7515759923482,
        1017.3081509193138,
        1038.9530051941927,
        1060.8586408458775,
        1076.5055234542237,
        1081.7211509903393,
        1110.9286651925856,
        1118.230543743147,
        1121.3599202648165,
        1123.1853899024568,
        1138.3107097571917,
        1152.3929041047033,
        1162.0418150465168,
        1164.6496288145745,
        1173.7769770027764,
        1176.3847907708341,
        1186.816045843065,
        1187.5983899734824,
        1190.7277664951516,
        1201.9413656977997,
        1237.6684143201905
    ],
    "R min": [
        0.0025195913256602915,
        0.005600241376799059,
        0.005600241379848486,
        0.005600241382490647,
        0.005600241381523182,
        0.005600241381401315,
        0.0056002413814047886,
        0.0056002413813647685,
        0.005600241378641155,
        0.005600241380591419,
        0.0056002413819764485,
        0.005600241382633142,
        0.005600241384282014,
        0.005600241384522183,
        0.005600241385355265,
        0.005600241384519176,
        0.005600241384344442,
        0.005600241384616694,
        0.005600241382685137,
        0.005600241379158925,
        0.005600241381270173,
        0.005600241380981848,
        0.00560024138079236,
        0.005600241380910756,
        0.00560024138255969,
        0.005600241382559122,
        0.005600241382336186,
        0.005600241382150902,
        0.005600241376380943
    ],
    "t max": [
        739.3152032443616,
        775.5638146203637,
        812.3339887499776,
        836.0650940393026,
        863.1863572271029,
        904.3898147624149,
        950.2873370802305,
        975.8439120071961,
        1005.8337703398598,
        1028.7825314987676,
        1049.6450416432294,
        1073.6369283093604,
        1078.3309930918642,
        1096.0641267146568,
        1112.2325720766146,
        1118.491325119953,
        1122.9246085256511,
        1123.4461712792627,
        1143.0047745396955,
        1160.9986895392938,
        1163.3457219305456,
        1170.6476004811072,
        1176.1240093940285,
        1184.7297948286189,
        1187.076827219871,
        1188.6415154807055,
        1193.3355802632093,
        1213.6765276540596,
        1270.266086420912
    ],
    "R max": [
        0.005600241376636948,
        0.005600241378450958,
        0.005600241382933137,
        0.005600241381803113,
        0.005600241381649667,
        0.005600241381530536,
        0.005600241381365692,
        0.0056002413813536845,
        0.0056002413814925395,
        0.005600241382228403,
        0.005600241383415357,
        0.005600241385037387,
        0.005600241384714568,
        0.0056002413895186965,
        0.005600241385731253,
        0.005600241384530627,
        0.005600241384614125,
        0.005600241384629646,
        0.005600241383555086,
        0.00560024138131932,
        0.005600241381719935,
        0.005600241381899918,
        0.005600241380921669,
        0.005600241382848315,
        0.005600241382575815,
        0.005600241382792183,
        0.005600241382599868,
        0.005600241384259826,
        0.00560024138042652
    ],
    "R end": 0.005600241383068936,
    "v end": -9.45585204056785e-08,
    "t end": 1303.9068840288564,
    "v max": 245.6515171148701
}