{
    "star": "MS10",
    "grain": "gra",
    "stream": {
        "L4": 0.64,
        "eta": 0.0066,
        "vinf": 10.0,
        "n": 7943.282347242919,
        "T": 8000.0,
        "kappa": 600.0,
        "cs": 10.19646997739904,
        "taustar": 0.6345706679512311,
        "Rstar": 0.019837286272058583,
        "Qp": 2.0,
        "a": 0.02,
        "rho_d": 2.2,
        "kappa_d": 340909.0909090908,
        "drag_constant": 270311.3845238859,
        "phi_norm": 1.0,
        "Rstarstar": 14.30472727272727,
        "Upstarstar": 1.8497186157389455e-06,
        "R0": 0.015944513577725177
    },
    "R sonic drift": 0.0006699308783156552,
    "w sonic drift": 7.745966692414831,
    "R critical": 0.001499788418664912,
    "w critical": 43.32928075712418,
    "R equilib drift": 0.0006699308783156552,
    "w equilib drift": 10.0,
    "t min": [
        721.0825647492753,
        722.6546924340483,
        729.9912882963231,
        733.1355436658694,
        735.2317139122334,
        737.8519267201887,
        974.7191645593402
    ],
    "R min": [
        0.0006356770778982554,
        0.0006356770777052873,
        0.0006356770772913262,
        0.0006356770778502996,
        0.00063567707777416,
        0.0006356770775750584,
        0.0006356770777546461
    ],
    "t max": [
        721.6066073108664,
        725.7989478035946,
        732.6115011042782,
        733.6595862274602,
        735.7557564738245,
        755.6693738142841,
        1170.7110825943903
    ],
    "R max": [
        0.0006356770778672697,
        0.0006356770777484527,
        0.0006356770777611218,
        0.0006356770778082665,
        0.0006356770777908682,
        0.000635677078930243,
        0.000635677077757509
    ],
    "R end": 0.0006356770777600229,
    "v end": -4.610170613408723e-13,
    "t end": 2620.2128079552153,
    "v max": 2.1594614014336093e-07
}