{
    "star": "MS20",
    "grain": "gra",
    "stream": {
        "L4": 5.45,
        "eta": 0.1199,
        "vinf": 70.0,
        "n": 15848.931924611368,
        "T": 9000.0,
        "kappa": 600.0,
        "cs": 10.814989597775858,
        "taustar": 0.37367170854907183,
        "Rstar": 0.0058545360532924196,
        "Qp": 2.0,
        "a": 0.02,
        "rho_d": 2.2,
        "kappa_d": 340909.0909090908,
        "drag_constant": 2151.9948499220227,
        "phi_norm": 1.5,
        "Rstarstar": 2.485993738404452,
        "Upstarstar": 0.0002323425634676204,
        "R0": 0.004316128513905271
    },
    "R sonic drift": 0.0007516748085768887,
    "w sonic drift": 9.672835454459698,
    "R critical": 0.001782501876267492,
    "w critical": 48.41952977064848,
    "R equilib drift": 0.0017196438288305828,
    "w equilib drift": 70.0,
    "t min": [
        96.09361801955409,
        214.69867802271,
        233.26221786739657,
        244.18194718780046,
        244.43394094134823,
        245.7779076269364,
        246.617886805429,
        247.2898701482231,
        249.89380560155018,
        253.6737119047669,
        253.9257056583147,
        259.72156198991365,
        261.4855182647481,
        261.90550785399444,
        262.2414995253915,
        263.6694641288289,
        271.90126007805645,
        272.99323301009684,
        277.6971164096554,
        288.9528374014563,
        302.7284959287351,
        303.5684751072277,
        307.7683709996907,
        308.18836058893703,
        310.2883085351685,
        312.38825648140005,
        312.6402502349478,
        313.5642273312897,
        313.98421692053597,
        314.57220234548083,
        314.9081940168778,
        315.4961794418227,
        315.74817319537044,
        316.252160702466,
        317.26013571665715,
        319.19208782719016,
        319.44408158073793,
        319.6120774164364,
        319.86407116998424,
        321.2080378555724,
        321.96401911621575,
        322.2160128697635,
        322.63600245900983,
        329.9438213118955,
        330.8677984082373,
        333.7237276151122,
        334.3957109579063,
        337.50363391832894,
        341.78752772864124,
        342.2915152357368,
        396.13418057711283
    ],
    "R min": [
        0.0007394876100706699,
        0.0016813399816027184,
        0.0016813399863332117,
        0.001681339986874552,
        0.0016813399868776764,
        0.0016813399871851448,
        0.0016813399871315137,
        0.0016813399870251869,
        0.0016813399869260223,
        0.0016813399879602837,
        0.0016813399879518568,
        0.0016813399868340188,
        0.0016813399865967975,
        0.0016813399866070263,
        0.0016813399866074908,
        0.0016813399865530827,
        0.0016813399858574387,
        0.0016813399860020303,
        0.001681339984558489,
        0.0016813399871391096,
        0.0016813399857611333,
        0.0016813399855918714,
        0.00168133998680928,
        0.0016813399868114039,
        0.0016813399863082115,
        0.0016813399866518856,
        0.001681339986650888,
        0.0016813399867877973,
        0.0016813399868070098,
        0.0016813399867605752,
        0.0016813399867791445,
        0.001681339986737635,
        0.0016813399867583643,
        0.0016813399867263512,
        0.001681339986859394,
        0.001681339986657302,
        0.0016813399866569113,
        0.001681339986654868,
        0.0016813399866575137,
        0.0016813399868493718,
        0.0016813399868247005,
        0.0016813399868172872,
        0.001681339986808513,
        0.0016813399869782988,
        0.001681339986920681,
        0.001681339986771887,
        0.001681339987037356,
        0.0016813399864145945,
        0.0016813399851582248,
        0.001681339985172016,
        0.0016813399878846055
    ],
    "t max": [
        211.84274881583514,
        229.31431572848135,
        239.6460596239404,
        244.34994302349898,
        245.6099117912379,
        245.94590346263493,
        246.70188472327828,
        248.46584099811275,
        253.16972439767133,
        253.8417077404654,
        254.0937014940132,
        259.8055599077629,
        261.82150993614516,
        262.1575016075422,
        262.32549744324075,
        264.67743914302,
        272.6572413386998,
        274.0852059421372,
        283.0729831520081,
        293.9087145545627,
        302.98048968228284,
        306.0884126427055,
        307.85236891754,
        308.3563564246355,
        311.4642793850582,
        312.4722543992493,
        313.39623149559117,
        313.9002190026867,
        314.06821483838525,
        314.8241960990286,
        314.9921919347271,
        315.66417527752117,
        315.916169031069,
        317.17613779880793,
        317.3441336345064,
        319.36008366288866,
        319.52807949858715,
        319.7800732521349,
        320.95604410202463,
        321.2920357734217,
        322.048017034065,
        322.3000107876128,
        324.73595040524134,
        330.2798129832926,
        331.87577342242844,
        334.31171304005704,
        334.47970887575553,
        338.2596151789723,
        342.20751731788755,
        380.25857410360254
    ],
    "R max": [
        0.0016813399827622672,
        0.001681339986429779,
        0.0016813399878028972,
        0.0016813399868810986,
        0.0016813399871878985,
        0.0016813399871957288,
        0.001681339987135744,
        0.001681339987145239,
        0.0016813399880836516,
        0.0016813399879531676,
        0.0016813399879617213,
        0.0016813399868331944,
        0.00168133998660771,
        0.0016813399866104817,
        0.0016813399866107035,
        0.0016813399867071106,
        0.001681339986040045,
        0.0016813399866118552,
        0.0016813399887117956,
        0.0016813399889578607,
        0.0016813399857865982,
        0.0016813399873380418,
        0.0016813399868105487,
        0.0016813399868130944,
        0.0016813399867840004,
        0.0016813399866538775,
        0.0016813399867890413,
        0.0016813399868086448,
        0.0016813399868066644,
        0.0016813399867798705,
        0.0016813399867788726,
        0.0016813399867583935,
        0.0016813399867588671,
        0.0016813399868653908,
        0.001681339986862353,
        0.0016813399866590609,
        0.0016813399866582712,
        0.00168133998665913,
        0.0016813399868572697,
        0.0016813399868493859,
        0.0016813399868252426,
        0.0016813399868174726,
        0.0016813399874912672,
        0.00168133998703374,
        0.0016813399869767378,
        0.0016813399870430116,
        0.0016813399870398507,
        0.001681339986477292,
        0.0016813399851738108,
        0.0016813399874297842
    ],
    "R end": 0.0016813399881771137,
    "v end": 2.9540600716365156e-08,
    "t end": 419.98958924630284,
    "v max": 236.54008030449145
}