{
    "star": "MS10",
    "grain": "sil",
    "stream": {
        "L4": 0.64,
        "eta": 0.0066,
        "vinf": 300.0,
        "n": 0.003981071705534978,
        "T": 8000.0,
        "kappa": 600.0,
        "cs": 10.19646997739904,
        "taustar": 1.4974720975663263e-05,
        "Rstar": 0.9340303880904156,
        "Qp": 2.0,
        "a": 0.02,
        "rho_d": 3.5,
        "kappa_d": 214285.71428571426,
        "drag_constant": 6.608282355585949e-08,
        "phi_norm": 0.7,
        "Rstarstar": 0.009990603174603173,
        "Upstarstar": 7566262.6548841745,
        "R0": 0.07589497555578091
    },
    "R sonic drift": 1.4997884186649117,
    "w sonic drift": 7.745966692414831,
    "R critical": 3.1697863849222285,
    "w critical": 38.7741595142002,
    "R equilib drift": 0.9554493773093079,
    "w equilib drift": 300.0,
    "t min": [
        48960.92734998327
    ],
    "R min": [
        0.011058148614266109
    ],
    "t max": [],
    "R max": [],
    "R end": 33.65973113217096,
    "v end": 163.16661516695382,
    "t end": 195530.86002389484,
    "v max": 295.51098189844816
}