{
    "star": "MS20",
    "grain": "gra",
    "stream": {
        "L4": 5.45,
        "eta": 0.1199,
        "vinf": 80.0,
        "n": 0.001584893192461114,
        "T": 9000.0,
        "kappa": 600.0,
        "cs": 10.814989597775858,
        "taustar": 0.00010339469841589622,
        "Rstar": 16.199460000479966,
        "Qp": 2.0,
        "a": 0.02,
        "rho_d": 2.2,
        "kappa_d": 340909.0909090908,
        "drag_constant": 0.00012614598717438245,
        "phi_norm": 1.5,
        "Rstarstar": 1.9033389559659089,
        "Upstarstar": 3963.661557531807,
        "R0": 5.610994005576104
    },
    "R sonic drift": 2.3770044548740383,
    "w sonic drift": 9.672835454459698,
    "R critical": 5.636765862528911,
    "w critical": 48.41952977064848,
    "R equilib drift": 5.309511965911202,
    "w equilib drift": 80.0,
    "t min": [
        290294.6367607159
    ],
    "R min": [
        0.900605165353924
    ],
    "t max": [
        888083.1121398686
    ],
    "R max": [
        23.91101477609987
    ],
    "R end": 20.455284312051788,
    "v end": -24.348547847835867,
    "t end": 1162108.2336297678,
    "v max": 84.36448390773877
}