{
    "star": "MS20",
    "grain": "gra",
    "stream": {
        "L4": 5.45,
        "eta": 0.1199,
        "vinf": 90.0,
        "n": 0.03162277660168389,
        "T": 9000.0,
        "kappa": 600.0,
        "cs": 10.814989597775858,
        "taustar": 0.00041053080264691626,
        "Rstar": 3.223650981019265,
        "Qp": 2.0,
        "a": 0.02,
        "rho_d": 2.2,
        "kappa_d": 340909.0909090908,
        "drag_constant": 0.001571315338631549,
        "phi_norm": 1.5,
        "Rstarstar": 1.5038727553310882,
        "Upstarstar": 318.20474713589164,
        "R0": 1.1175640700641603
    },
    "R sonic drift": 0.5321450119597623,
    "w sonic drift": 9.672835454459698,
    "R critical": 1.2619146889603874,
    "w critical": 48.41952977064848,
    "R equilib drift": 1.1246826503806984,
    "w equilib drift": 90.0,
    "t min": [
        55917.83551873621,
        133805.04396666985,
        206465.854223026
    ],
    "R min": [
        0.32976611904080155,
        0.6988735090829677,
        0.9813378721844558
    ],
    "t max": [
        89126.27712539675,
        167152.23950762005
    ],
    "R max": [
        2.0789533538794847,
        1.3556546309398925
    ],
    "R end": 1.1222753015255496,
    "v end": 4.732811429949633,
    "t end": 231256.5571494467,
    "v max": 101.96280767116966
}