{
    "star": "MS40",
    "grain": "gra",
    "stream": {
        "L4": 22.2,
        "eta": 0.4468,
        "vinf": 500.0,
        "n": 0.31622776601683955,
        "T": 10000.0,
        "kappa": 600.0,
        "cs": 11.4,
        "taustar": 0.000471624643073495,
        "Rstar": 0.37033840908262716,
        "Qp": 2.0,
        "a": 0.02,
        "rho_d": 2.2,
        "kappa_d": 340909.0909090908,
        "drag_constant": 7.465644969495875e-05,
        "phi_norm": 1.5,
        "Rstarstar": 0.19847809090909085,
        "Upstarstar": 6697.34499889784,
        "R0": 0.2477203398436587
    },
    "R sonic drift": 0.33576080362451216,
    "w sonic drift": 8.6559494714014,
    "R critical": 0.7516748085768887,
    "w critical": 48.41952977064848,
    "R equilib drift": 0.28191519130908194,
    "w equilib drift": 500.0,
    "t min": [
        6545.074568329368,
        11461.759797828798,
        15742.847898301055,
        19955.648703919156,
        24163.19664070232
    ],
    "R min": [
        0.10399952272905968,
        0.18897642476172352,
        0.23277527595517322,
        0.25402146747703347,
        0.2635704493587032
    ],
    "t max": [
        8661.980708808289,
        13473.608561609013,
        17791.46674392582,
        22035.784762553532,
        26259.0913058415
    ],
    "R max": [
        0.5588917593330193,
        0.34943295190080026,
        0.29966629815914886,
        0.28220034026122565,
        0.2753770890733096
    ],
    "R end": 0.27537709749829314,
    "v end": -0.025087692604888183,
    "t end": 26264.34417467644,
    "v max": 372.41198670854027
}