{
    "star": "MS20",
    "grain": "gra",
    "stream": {
        "L4": 5.45,
        "eta": 0.1199,
        "vinf": 200.0,
        "n": 3.162277660168402,
        "T": 9000.0,
        "kappa": 600.0,
        "cs": 10.814989597775858,
        "taustar": 0.0018473886119111272,
        "Rstar": 0.14506429414586666,
        "Qp": 2.0,
        "a": 0.02,
        "rho_d": 2.2,
        "kappa_d": 340909.0909090908,
        "drag_constant": 0.006443374960476023,
        "phi_norm": 1.5,
        "Rstarstar": 0.30453423295454546,
        "Upstarstar": 77.59908480680146,
        "R0": 0.0504993347893885
    },
    "R sonic drift": 0.05321450119597623,
    "w sonic drift": 9.672835454459698,
    "R critical": 0.12619146889603874,
    "w critical": 48.41952977064848,
    "R equilib drift": 0.07096267784671514,
    "w equilib drift": 200.0,
    "t min": [
        2458.0259459414697,
        3698.486118491102,
        5074.231376973161,
        6452.057944469565,
        7856.941529152453,
        8968.360542812694
    ],
    "R min": [
        0.039740865214282814,
        0.06883134370310527,
        0.06954275504460103,
        0.06955158704463284,
        0.06955169550397125,
        0.06955169662671717
    ],
    "t max": [
        2963.7840364273097,
        4383.236784210613,
        5763.144660721363,
        7147.215155260801,
        8416.813654011265
    ],
    "R max": [
        0.07704557231008957,
        0.06963260230841706,
        0.0695526853180988,
        0.06955170911330806,
        0.06955169695696917
    ],
    "R end": 0.06955169671570698,
    "v end": 3.117148968186563e-08,
    "t end": 10406.545071725104,
    "v max": 135.17648337020708
}