{
    "star": "MS10",
    "grain": "gra",
    "stream": {
        "L4": 0.64,
        "eta": 0.0066,
        "vinf": 500.0,
        "n": 25.118864315096026,
        "T": 8000.0,
        "kappa": 600.0,
        "cs": 10.19646997739904,
        "taustar": 0.0007136906206852391,
        "Rstar": 0.007055247545729927,
        "Qp": 2.0,
        "a": 0.2,
        "rho_d": 2.2,
        "kappa_d": 34090.90909090909,
        "drag_constant": 1.3676794441105054e-06,
        "phi_norm": 1.0,
        "Rstarstar": 0.0005721890909090911,
        "Upstarstar": 365582.7410093041,
        "R0": 0.0005782281038415597
    },
    "R sonic drift": 0.011913242870580215,
    "w sonic drift": 7.745966692414831,
    "R critical": 0.026670428643266485,
    "w critical": 43.32928075712418,
    "R equilib drift": 0.007500988142540496,
    "w equilib drift": 500.0,
    "t min": [
        234.2781760515176,
        916.2382764274148
    ],
    "R min": [
        0.0005300171976363669,
        0.0017945373989053652
    ],
    "t max": [
        514.9646781466532
    ],
    "R max": [
        0.05843617527434269
    ],
    "R end": 0.003657092964106986,
    "v end": 181.29303514246038,
    "t end": 931.8940972614065,
    "v max": 461.3965412671858
}