{
    "star": "MS20",
    "grain": "gra",
    "stream": {
        "L4": 5.45,
        "eta": 0.1199,
        "vinf": 170.0,
        "n": 19952.623149689072,
        "T": 9000.0,
        "kappa": 600.0,
        "cs": 10.814989597775858,
        "taustar": 0.17263916881754252,
        "Rstar": 0.002148530896990762,
        "Qp": 2.0,
        "a": 0.02,
        "rho_d": 2.2,
        "kappa_d": 340909.0909090908,
        "drag_constant": 77.88210877843223,
        "phi_norm": 1.5,
        "Rstarstar": 0.42150066844919787,
        "Upstarstar": 0.00641995970374218,
        "R0": 0.001155863082661207
    },
    "R sonic drift": 0.0006699308783156552,
    "w sonic drift": 9.672835454459698,
    "R critical": 0.0015886564694485628,
    "w critical": 48.41952977064848,
    "R equilib drift": 0.001002374467254545,
    "w equilib drift": 170.0,
    "t min": [
        34.95672146142605,
        104.99346851641722,
        124.1980870970772,
        130.42494577010018,
        131.13394452989982,
        132.92185444591632,
        133.01433254502064,
        133.07598461109018,
        133.66167923875074,
        133.90828750302887,
        134.0932437012375,
        134.2781998994461,
        134.40150403158518,
        135.23380692352387,
        135.44958915476724,
        135.51124122083678,
        137.73071559934002
    ],
    "R min": [
        0.0006582391620758129,
        0.0009665791523844566,
        0.0009665791526279217,
        0.0009665791511507422,
        0.0009665791514068394,
        0.0009665791506235338,
        0.0009665791506451339,
        0.0009665791506478712,
        0.000966579150575034,
        0.0009665791505170978,
        0.0009665791505133619,
        0.0009665791505309647,
        0.0009665791505398811,
        0.0009665791505369436,
        0.0009665791505830134,
        0.0009665791505832492,
        0.0009665791506171684
    ],
    "t max": [
        97.13283009255157,
        116.15249247500296,
        126.87995197110196,
        131.10311849686505,
        131.4422048602475,
        132.98350651198587,
        133.0451585780554,
        133.29176684233354,
        133.6925052717855,
        133.93911353606364,
        134.18572180034178,
        134.3706779985504,
        134.77141642800237,
        135.4187631217325,
        135.480415187802,
        136.15858791456688,
        142.63205485186802
    ],
    "R max": [
        0.0009665791499295752,
        0.0009665791463761886,
        0.0009665791520855799,
        0.0009665791514051074,
        0.000966579151395031,
        0.000966579150645797,
        0.0009665791506501186,
        0.0009665791506598347,
        0.000966579150575452,
        0.00096657915052078,
        0.0009665791505303251,
        0.0009665791505426678,
        0.0009665791507135902,
        0.0009665791505838418,
        0.0009665791505845633,
        0.0009665791506668687,
        0.0009665791526778893
    ],
    "R end": 0.0009665791504265519,
    "v end": -2.095925445936538e-07,
    "t end": 154.1301651738362,
    "v max": 150.60158737486043
}