{
    "star": "MS40",
    "grain": "gra",
    "stream": {
        "L4": 22.2,
        "eta": 0.4468,
        "vinf": 40.0,
        "n": 0.001,
        "T": 10000.0,
        "kappa": 600.0,
        "cs": 11.4,
        "taustar": 0.00033151753347296733,
        "Rstar": 82.32064595227615,
        "Qp": 2.0,
        "a": 0.02,
        "rho_d": 2.2,
        "kappa_d": 340909.0909090908,
        "drag_constant": 0.005763779859810818,
        "phi_norm": 1.5,
        "Rstarstar": 31.012201704545447,
        "Upstarstar": 86.74862887917635,
        "R0": 55.05296303855551
    },
    "R sonic drift": 5.970765237835927,
    "w sonic drift": 8.6559494714014,
    "R critical": 13.3668783513723,
    "w critical": 48.41952977064848,
    "R equilib drift": 11.91324287058022,
    "w equilib drift": 40.0,
    "t min": [
        1419842.4109056876,
        3650022.5135618253
    ],
    "R min": [
        4.1110941860656345,
        4.1116214446007175
    ],
    "t max": [
        2487059.4862081534,
        4718407.222425891
    ],
    "R max": [
        42.83318251041027,
        42.833201158641664
    ],
    "R end": 4.960972665034129,
    "v end": -29.441978846237376,
    "t end": 5838167.80800036,
    "v max": 66.94706547578511
}