{
    "star": "MS10",
    "grain": "sil",
    "stream": {
        "L4": 0.64,
        "eta": 0.0066,
        "vinf": 40.0,
        "n": 0.025118864315095874,
        "T": 8000.0,
        "kappa": 600.0,
        "cs": 10.19646997739904,
        "taustar": 0.00028211098825807864,
        "Rstar": 2.78883146260245,
        "Qp": 2.0,
        "a": 0.02,
        "rho_d": 3.5,
        "kappa_d": 214285.71428571426,
        "drag_constant": 0.0013192698719496976,
        "phi_norm": 0.7,
        "Rstarstar": 0.5619714285714286,
        "Upstarstar": 378.99751266287115,
        "R0": 0.22735384693086563
    },
    "R sonic drift": 0.5970765237835921,
    "w sonic drift": 7.745966692414831,
    "R critical": 1.2619146889603874,
    "w critical": 38.7741595142002,
    "R equilib drift": 1.2619146889603874,
    "w equilib drift": 40.0,
    "t min": [
        147121.82876160895
    ],
    "R min": [
        0.24169326569247185
    ],
    "t max": [
        507687.07258371095
    ],
    "R max": [
        7.498249490824411
    ],
    "R end": 7.25012258536898,
    "v end": -6.409198430298158,
    "t end": 583816.7808000356,
    "v max": 44.98168797595086
}