{
    "star": "MS10",
    "grain": "sil",
    "stream": {
        "L4": 0.64,
        "eta": 0.0066,
        "vinf": 90.0,
        "n": 0.25118864315095923,
        "T": 8000.0,
        "kappa": 600.0,
        "cs": 10.19646997739904,
        "taustar": 0.00039649478926957635,
        "Rstar": 0.3919581969849967,
        "Qp": 2.0,
        "a": 0.002,
        "rho_d": 3.5,
        "kappa_d": 2142857.1428571427,
        "drag_constant": 0.05147585539081287,
        "phi_norm": 0.7,
        "Rstarstar": 1.1100670194003524,
        "Upstarstar": 9.713291721019898,
        "R0": 0.03199861801741762
    },
    "R sonic drift": 0.18881217525718474,
    "w sonic drift": 7.745966692414831,
    "R critical": 0.3990524629937762,
    "w critical": 38.7741595142002,
    "R equilib drift": 0.31417284934889395,
    "w equilib drift": 90.0,
    "t min": [
        19545.006216839538,
        32443.725684879737,
        47114.78828593309,
        61802.26147155138,
        76030.23828935144
    ],
    "R min": [
        0.1343009320505731,
        0.2998484110618463,
        0.302998755519211,
        0.30303482006758364,
        0.30303523044611536
    ],
    "t max": [
        24763.57210848939,
        39746.43581627654,
        54466.73017102471,
        69154.203356643,
        80379.04319905966
    ],
    "R max": [
        0.3341275777874484,
        0.3033771017219161,
        0.30303911767540637,
        0.30303527275337017,
        0.303035233385469
    ],
    "R end": 0.3030352336700932,
    "v end": -6.919586844374815e-07,
    "t end": 82052.9228246832,
    "v max": 79.87439919077951
}