{
    "star": "MS10",
    "grain": "sil",
    "stream": {
        "L4": 0.64,
        "eta": 0.0066,
        "vinf": 60.0,
        "n": 1.0000000000000062,
        "T": 8000.0,
        "kappa": 600.0,
        "cs": 10.19646997739904,
        "taustar": 0.0011866666666666703,
        "Rstar": 0.29466666666666574,
        "Qp": 2.0,
        "a": 0.002,
        "rho_d": 3.5,
        "kappa_d": 2142857.1428571427,
        "drag_constant": 1.0374534240362876,
        "phi_norm": 0.7,
        "Rstarstar": 2.4976507936507932,
        "Upstarstar": 0.4819493467520826,
        "R0": 0.02429102323513663
    },
    "R sonic drift": 0.09463025179229617,
    "w sonic drift": 7.745966692414831,
    "R critical": 0.20000000000000004,
    "w critical": 38.7741595142002,
    "R equilib drift": 0.19040228606005505,
    "w equilib drift": 60.0,
    "t min": [
        14446.818131159267,
        21639.38428868775,
        28979.99640486176,
        36308.271357815305,
        43735.24361653254,
        48620.7602518349,
        60291.71665839056
    ],
    "R min": [
        0.08033247187840548,
        0.1883541549193641,
        0.18892556919344955,
        0.18893329235812967,
        0.18893339917559185,
        0.1889333999751648,
        0.1889334001335421
    ],
    "t max": [
        18024.595465092818,
        25315.858928384987,
        32644.133881338534,
        40009.42032395346,
        45721.52689502668,
        51742.06254661142
    ],
    "R max": [
        0.1933635934667419,
        0.18900024907717275,
        0.18893431721570642,
        0.18893341295145,
        0.18893339985438218,
        0.18893340052278965
    ],
    "R end": 0.18893340029765376,
    "v end": 1.3595048956366067e-08,
    "t end": 61685.8161023026,
    "v max": 88.85308296856537
}