{
    "star": "MS10",
    "grain": "sil",
    "stream": {
        "L4": 0.64,
        "eta": 0.0066,
        "vinf": 50.0,
        "n": 0.010000000000000021,
        "T": 8000.0,
        "kappa": 600.0,
        "cs": 10.19646997739904,
        "taustar": 0.00014240000000000015,
        "Rstar": 3.535999999999996,
        "Qp": 2.0,
        "a": 0.002,
        "rho_d": 3.5,
        "kappa_d": 2142857.1428571427,
        "drag_constant": 0.021512634200816363,
        "phi_norm": 0.7,
        "Rstarstar": 3.5966171428571427,
        "Upstarstar": 23.242155996917656,
        "R0": 0.28776995983758746
    },
    "R sonic drift": 0.9463025179229617,
    "w sonic drift": 7.745966692414831,
    "R critical": 2.0000000000000004,
    "w critical": 38.7741595142002,
    "R equilib drift": 2.0000000000000004,
    "w equilib drift": 50.0,
    "t min": [
        180023.8857129599,
        383735.12480920396,
        587594.4098640935
    ],
    "R min": [
        0.6066681382272672,
        0.6067304786135544,
        0.6066302660207049
    ],
    "t max": [
        278326.4022535893,
        482037.6413498334,
        685748.8804460776
    ],
    "R max": [
        3.7848164633552153,
        3.7848154034534183,
        3.784813251523821
    ],
    "R end": 2.9191556161111794,
    "v end": -42.11497092605314,
    "t end": 740229.7932276311,
    "v max": 64.13695825029482
}