{
    "star": "MS10",
    "grain": "sil",
    "stream": {
        "L4": 0.64,
        "eta": 0.0066,
        "vinf": 50.0,
        "n": 0.0501187233627274,
        "T": 8000.0,
        "kappa": 600.0,
        "cs": 10.19646997739904,
        "taustar": 0.0003187938901321321,
        "Rstar": 1.579473181845803,
        "Qp": 2.0,
        "a": 0.02,
        "rho_d": 3.5,
        "kappa_d": 214285.71428571426,
        "drag_constant": 0.0010781857623142611,
        "phi_norm": 0.7,
        "Rstarstar": 0.3596617142857143,
        "Upstarstar": 463.7419797927769,
        "R0": 0.12882150907592088
    },
    "R sonic drift": 0.4226978079673296,
    "w sonic drift": 7.745966692414831,
    "R critical": 0.8933671843019271,
    "w critical": 38.7741595142002,
    "R equilib drift": 0.8933671843019271,
    "w equilib drift": 50.0,
    "t min": [
        83125.03366829922
    ],
    "R min": [
        0.16176647654542492
    ],
    "t max": [
        240513.7211229946
    ],
    "R max": [
        3.99465176926704
    ],
    "R end": 3.1033308525326078,
    "v end": -19.857274229973278,
    "t end": 330648.5030560828,
    "v max": 53.81593213400978
}