{
    "star": "MS40",
    "grain": "gra",
    "stream": {
        "L4": 22.2,
        "eta": 0.4468,
        "vinf": 100.0,
        "n": 0.12589254117941726,
        "T": 10000.0,
        "kappa": 600.0,
        "cs": 11.4,
        "taustar": 0.001487875161925356,
        "Rstar": 2.9347341173096755,
        "Qp": 2.0,
        "a": 0.02,
        "rho_d": 2.2,
        "kappa_d": 340909.0909090908,
        "drag_constant": 0.018575792469768433,
        "phi_norm": 1.5,
        "Rstarstar": 4.961952272727271,
        "Upstarstar": 26.91675204779208,
        "R0": 1.966034275520871
    },
    "R sonic drift": 0.5321450119597623,
    "w sonic drift": 8.6559494714014,
    "R critical": 1.191324287058022,
    "w critical": 48.41952977064848,
    "R equilib drift": 1.0583498832357805,
    "w equilib drift": 100.0,
    "t min": [
        48994.014197681776,
        81504.06100175099,
        117427.45458934603,
        153558.9790783756,
        189773.75592797893
    ],
    "R min": [
        0.4094738472174349,
        0.9755819342140842,
        1.0209308574579141,
        1.022735799526752,
        1.0228066932682396
    ],
    "t max": [
        62106.2609880554,
        99278.43998425746,
        135493.21683386082,
        171666.36750317726,
        208047.64907392825
    ],
    "R max": [
        1.2601440502838166,
        1.0323159194370617,
        1.0231820444109299,
        1.022824205429777,
        1.0228101693279505
    ],
    "R end": 1.0228101693976863,
    "v end": -1.5373545735134872e-06,
    "t end": 208130.901434502,
    "v max": 127.76906710291634
}