{
    "star": "MS10",
    "grain": "sil",
    "stream": {
        "L4": 0.64,
        "eta": 0.0066,
        "vinf": 170.0,
        "n": 0.00501187233627273,
        "T": 8000.0,
        "kappa": 600.0,
        "cs": 10.19646997739904,
        "taustar": 2.96504352047945e-05,
        "Rstar": 1.4690390464076635,
        "Qp": 2.0,
        "a": 0.002,
        "rho_d": 3.5,
        "kappa_d": 2142857.1428571427,
        "drag_constant": 8.068223577859603e-05,
        "phi_norm": 0.7,
        "Rstarstar": 0.311126050420168,
        "Upstarstar": 6197.151023083618,
        "R0": 0.11938886179972291
    },
    "R sonic drift": 1.33668783513723,
    "w sonic drift": 7.745966692414831,
    "R critical": 2.8250750892455114,
    "w critical": 38.7741595142002,
    "R equilib drift": 1.3678191771608086,
    "w equilib drift": 170.0,
    "t min": [
        77497.58776316365,
        223758.90816062648
    ],
    "R min": [
        0.22667938987210087,
        0.746394023467217
    ],
    "t max": [
        135620.7785855364,
        273640.2920304088
    ],
    "R max": [
        4.22825055421268,
        1.8792916789722556
    ],
    "R end": 1.4300721724759355,
    "v end": -19.53434035710031,
    "t end": 307530.11017128435,
    "v max": 143.80793738503905
}