{
    "star": "MS20",
    "grain": "gra",
    "stream": {
        "L4": 5.45,
        "eta": 0.1199,
        "vinf": 250.0,
        "n": 12589.254117941868,
        "T": 9000.0,
        "kappa": 600.0,
        "cs": 10.814989597775858,
        "taustar": 0.09324987302355199,
        "Rstar": 0.0018392912980876772,
        "Qp": 2.0,
        "a": 0.02,
        "rho_d": 2.2,
        "kappa_d": 340909.0909090908,
        "drag_constant": 10.506869859657247,
        "phi_norm": 1.5,
        "Rstarstar": 0.19490190909090904,
        "Upstarstar": 0.04758791216400496,
        "R0": 0.0008223568708110045
    },
    "R sonic drift": 0.0008433930068571646,
    "w sonic drift": 9.672835454459698,
    "R critical": 0.0020000000000000005,
    "w critical": 48.41952977064848,
    "R equilib drift": 0.001002374467254545,
    "w equilib drift": 250.0,
    "t min": [
        29.92537537334387,
        70.2744926095368,
        71.80506736408171,
        80.43434227332638
    ],
    "R min": [
        0.0008195159375741718,
        0.0009649909706436635,
        0.0009649909710445383,
        0.0009649909697483881
    ],
    "t max": [
        69.03419927395728,
        71.35645062568062,
        73.54675587787422
    ],
    "R max": [
        0.0009649909699984131,
        0.0009649909709642545,
        0.0009649909715865921
    ],
    "R end": 0.0009649909729617388,
    "v end": 1.3924022503174e-08,
    "t end": 131.94609952973488,
    "v max": 79.70793414508461
}