{
    "star": "MS20",
    "grain": "gra",
    "stream": {
        "L4": 5.45,
        "eta": 0.1199,
        "vinf": 70.0,
        "n": 1258.9254117941816,
        "T": 9000.0,
        "kappa": 600.0,
        "cs": 10.814989597775858,
        "taustar": 0.1053149965271128,
        "Rstar": 0.02077267779458847,
        "Qp": 2.0,
        "a": 0.02,
        "rho_d": 2.2,
        "kappa_d": 340909.0909090908,
        "drag_constant": 170.93902702743,
        "phi_norm": 1.5,
        "Rstarstar": 2.4859937384044515,
        "Upstarstar": 0.0029250195739078753,
        "R0": 0.0095737635110319
    },
    "R sonic drift": 0.0026670428643266486,
    "w sonic drift": 9.672835454459698,
    "R critical": 0.00632455532033676,
    "w critical": 48.41952977064848,
    "R equilib drift": 0.006101526551819817,
    "w equilib drift": 70.0,
    "t min": [
        340.9530229323455,
        763.8659071465049,
        797.8419950960567,
        803.8027122801886,
        811.8496804787668,
        831.8180830456087,
        855.0648800637231,
        872.6489957569122,
        875.9273902081849,
        898.5781155078861,
        911.6916933129763,
        915.8641953418686,
        917.9504463563148,
        922.4209842444137,
        923.9111635404468,
        925.9974145548929,
        935.2365261902974,
        938.5149206415699,
        940.0050999376028,
        947.7540322769744,
        961.7617176596845,
        1046.4039016743575,
        1134.3244801403032
    ],
    "R min": [
        0.002623400302532985,
        0.005965619387204778,
        0.005965619392057202,
        0.0059656193916954115,
        0.00596561939173782,
        0.005965619391248387,
        0.005965619389258253,
        0.0059656193897386686,
        0.005965619389801707,
        0.005965619388797885,
        0.005965619391111787,
        0.005965619391374081,
        0.00596561939139094,
        0.0059656193913484225,
        0.005965619391361284,
        0.005965619391321356,
        0.0059656193909657365,
        0.00596561939117279,
        0.005965619391216307,
        0.005965619390950102,
        0.005965619389113693,
        0.0059656193892623196,
        0.005965619386546136
    ],
    "t max": [
        754.0307237926871,
        792.477349630338,
        798.1400309552633,
        806.7830708722547,
        816.3202183668657,
        832.4141547640218,
        866.6882785727803,
        875.033282630565,
        887.8488245764486,
        911.3936574537697,
        915.2681236234555,
        917.056338778695,
        919.1425897931413,
        923.3150918220335,
        924.2091993996534,
        931.064024161405,
        937.9188489231567,
        939.7070640783962,
        940.8992075152227,
        948.6481398545941,
        996.0358414684429,
        1059.5174794794477,
        1396.5960362421074
    ],
    "R max": [
        0.005965619389860899,
        0.005965619392318839,
        0.005965619392056314,
        0.005965619391855453,
        0.005965619392287834,
        0.00596561939125763,
        0.005965619393439143,
        0.005965619389801187,
        0.005965619393532815,
        0.005965619391114933,
        0.005965619391381183,
        0.005965619391399529,
        0.005965619391408554,
        0.005965619391366525,
        0.005965619391362988,
        0.005965619391620341,
        0.005965619391174451,
        0.0059656193912219595,
        0.0059656193912091164,
        0.005965619390941365,
        0.005965619394498039,
        0.005965619388727721,
        0.00596561938682337
    ],
    "R end": 0.005965619387384991,
    "v end": -3.887327481861253e-09,
    "t end": 1490.1792960329785,
    "v max": 221.1344064269096
}