{
    "star": "MS40",
    "grain": "gra",
    "stream": {
        "L4": 22.2,
        "eta": 0.4468,
        "vinf": 100.0,
        "n": 0.010000000000000021,
        "T": 10000.0,
        "kappa": 600.0,
        "cs": 11.4,
        "taustar": 0.00041934019602227543,
        "Rstar": 10.412829586620525,
        "Qp": 2.0,
        "a": 0.02,
        "rho_d": 2.2,
        "kappa_d": 340909.0909090908,
        "drag_constant": 0.0014755276441115726,
        "phi_norm": 1.5,
        "Rstarstar": 4.961952272727272,
        "Upstarstar": 338.86183155928194,
        "R0": 6.964624742123416
    },
    "R sonic drift": 1.8881217525718474,
    "w sonic drift": 8.6559494714014,
    "R critical": 4.226978079673296,
    "w critical": 48.41952977064848,
    "R equilib drift": 3.755167090658463,
    "w equilib drift": 100.0,
    "t min": [
        178858.96117324443,
        413842.1215585722,
        631988.022180275
    ],
    "R min": [
        1.113896325226387,
        2.5749615414053477,
        3.3742138305467666
    ],
    "t max": [
        277076.3097943902,
        515456.4611846599
    ],
    "R max": [
        6.743066846996225,
        4.254406303100564
    ],
    "R end": 3.7511785934955304,
    "v end": 0.20479423592117907,
    "t end": 738476.3054221488,
    "v max": 110.50711083114962
}