{
    "star": "MS20",
    "grain": "gra",
    "stream": {
        "L4": 5.45,
        "eta": 0.1199,
        "vinf": 80.0,
        "n": 0.15848931924611206,
        "T": 9000.0,
        "kappa": 600.0,
        "cs": 10.814989597775858,
        "taustar": 0.0010339469841589644,
        "Rstar": 1.6199460000479933,
        "Qp": 2.0,
        "a": 0.02,
        "rho_d": 2.2,
        "kappa_d": 340909.0909090908,
        "drag_constant": 0.012614598717438296,
        "phi_norm": 1.5,
        "Rstarstar": 1.9033389559659089,
        "Upstarstar": 39.636615575317904,
        "R0": 0.5626087235688002
    },
    "R sonic drift": 0.23770044548740382,
    "w sonic drift": 9.672835454459698,
    "R critical": 0.5636765862528911,
    "w critical": 48.41952977064848,
    "R equilib drift": 0.5309511965911208,
    "w equilib drift": 80.0,
    "t min": [
        27472.238643007706,
        50017.138375425195,
        72562.03810784269,
        95106.93784026019
    ],
    "R min": [
        0.18424319770275002,
        0.18424288399129776,
        0.18424263679723982,
        0.18424244405262663
    ],
    "t max": [
        37024.7683234444,
        59569.66805586188,
        82114.56778827938,
        104659.46752069687
    ],
    "R max": [
        0.7270451399275648,
        0.7270452053157138,
        0.7270452666478907,
        0.7270453206116894
    ],
    "R end": 0.2706034511766564,
    "v end": -74.25855497967602,
    "t end": 116210.82336297676,
    "v max": 110.20590501631563
}