{
    "star": "MS20",
    "grain": "gra",
    "stream": {
        "L4": 5.45,
        "eta": 0.1199,
        "vinf": 50.0,
        "n": 0.03981071705534985,
        "T": 9000.0,
        "kappa": 600.0,
        "cs": 10.814989597775858,
        "taustar": 0.0008291216459326274,
        "Rstar": 5.171547529888541,
        "Qp": 2.0,
        "a": 0.02,
        "rho_d": 2.2,
        "kappa_d": 340909.0909090908,
        "drag_constant": 0.020766024897181365,
        "phi_norm": 1.5,
        "Rstarstar": 4.872547727272727,
        "Upstarstar": 24.077790644846356,
        "R0": 1.7950217497870076
    },
    "R sonic drift": 0.4742747411323311,
    "w sonic drift": 9.672835454459698,
    "R critical": 1.1246826503806984,
    "w critical": 48.41952977064848,
    "R equilib drift": 1.1246826503806984,
    "w equilib drift": 50.0,
    "t min": [
        88148.10842233956,
        168431.14993157476,
        248639.99269634672,
        328848.8354611186
    ],
    "R min": [
        0.377520780805192,
        0.37748383430137805,
        0.3775062214252585,
        0.37756577238019
    ],
    "t max": [
        124950.68567611097,
        205233.72718534616,
        285442.56995011814,
        365725.6114593533
    ],
    "R max": [
        2.136095947855568,
        2.1361007402671683,
        2.136097555527724,
        2.136101253931001
    ],
    "R end": 2.0983269139070733,
    "v end": -14.895057115520146,
    "t end": 370993.722316244,
    "v max": 90.47364599166082
}