{
    "star": "MS10",
    "grain": "sil",
    "stream": {
        "L4": 0.64,
        "eta": 0.0066,
        "vinf": 50.0,
        "n": 3981.0717055350265,
        "T": 8000.0,
        "kappa": 600.0,
        "cs": 10.19646997739904,
        "taustar": 0.08984832585398013,
        "Rstar": 0.00560418232854246,
        "Qp": 2.0,
        "a": 0.02,
        "rho_d": 3.5,
        "kappa_d": 214285.71428571426,
        "drag_constant": 85.64333932839496,
        "phi_norm": 0.7,
        "Rstarstar": 0.3596617142857143,
        "Upstarstar": 0.005838165628768581,
        "R0": 0.0011662005902708754
    },
    "R sonic drift": 0.001499788418664912,
    "w sonic drift": 7.745966692414831,
    "R critical": 0.0031697863849222286,
    "w critical": 38.7741595142002,
    "R equilib drift": 0.0031697863849222286,
    "w equilib drift": 50.0,
    "t min": [
        272.1789571532617,
        362.7488515163298,
        408.7377097939499,
        454.72656807156994,
        501.18470041324736,
        547.8774697869535,
        590.3467725841434,
        637.5088160219069,
        675.0507411464947,
        716.8161328475986,
        801.9893754740073,
        1125.0845685774914
    ],
    "R min": [
        0.0013911465368341952,
        0.0031212896514144616,
        0.003122586019174298,
        0.003122642902498503,
        0.003122645455855296,
        0.003122645569616994,
        0.0031226455704988776,
        0.0031226455547409995,
        0.0031226455735788037,
        0.0031226455729459488,
        0.003122645571763825,
        0.003122645573022896
    ],
    "t max": [
        340.2236964415771,
        385.97791768716854,
        431.7321389327599,
        477.72099721038,
        524.6484036161147,
        572.045084085907,
        609.8216462425235,
        674.5814670824374,
        682.5591261714122,
        763.5089022213048,
        1040.3806000151399
    ],
    "R max": [
        0.0031283215092004534,
        0.003122925146158878,
        0.0031226581730910037,
        0.0031226461373258926,
        0.003122645596236209,
        0.003122645576855148,
        0.003122645573000808,
        0.003122645573585527,
        0.003122645572911686,
        0.0031226455742403496,
        0.0031226455729871645
    ],
    "R end": 0.003122645573045595,
    "v end": 2.427388795090042e-10,
    "t end": 1173.1851601433693,
    "v max": 113.76922792560113
}