{
    "star": "MS10",
    "grain": "sil",
    "stream": {
        "L4": 0.64,
        "eta": 0.0066,
        "vinf": 50.0,
        "n": 316.2277660168418,
        "T": 8000.0,
        "kappa": 600.0,
        "cs": 10.19646997739904,
        "taustar": 0.025322698798954414,
        "Rstar": 0.019884389258730623,
        "Qp": 2.0,
        "a": 0.02,
        "rho_d": 3.5,
        "kappa_d": 214285.71428571426,
        "drag_constant": 6.802892254461653,
        "phi_norm": 0.7,
        "Rstarstar": 0.35966171428571425,
        "Upstarstar": 0.07349815068320051,
        "R0": 0.0021937764315203014
    },
    "R sonic drift": 0.0053214501195976175,
    "w sonic drift": 7.745966692414831,
    "R critical": 0.011246826503806984,
    "w critical": 38.7741595142002,
    "R equilib drift": 0.011246826503806984,
    "w equilib drift": 50.0,
    "t min": [
        971.5550478962546,
        1318.7173914890034,
        1604.27298825714,
        1888.1635378138003,
        2171.221563764723,
        2454.279589715645,
        2737.337615666568,
        3021.228165223228,
        3304.286191174151,
        3586.511693519335,
        3845.4265349038556,
        4032.7443461949074
    ],
    "R min": [
        0.004751127417416033,
        0.010917982514502619,
        0.011048563096345616,
        0.011072962239565198,
        0.011078129049510865,
        0.011079251228552965,
        0.011079496325803448,
        0.011079549755141773,
        0.011079561473255032,
        0.011079563977955039,
        0.011079564473354729,
        0.011079564569553805
    ],
    "t max": [
        1180.5184729364942,
        1463.5764988874168,
        1746.6345248383393,
        2029.6925507892618,
        2312.7505767401844,
        2595.8086026911064,
        2879.6991522477674,
        3162.7571781986894,
        3445.8152041496123,
        3721.3805176488922,
        3951.1570328325824,
        4128.4845608547785
    ],
    "R max": [
        0.011296908171699337,
        0.011139292695645078,
        0.011093360355781753,
        0.01108261900662242,
        0.011080234195033836,
        0.01107971092034895,
        0.011079596429218507,
        0.011079571451216661,
        0.011079566002958539,
        0.011079564853940588,
        0.011079564633414451,
        0.011079564619382993
    ],
    "R end": 0.011079564621605068,
    "v end": -7.883570719533303e-07,
    "t end": 4162.618028690036,
    "v max": 99.69422349844031
}