{
    "star": "MS10",
    "grain": "sil",
    "stream": {
        "L4": 0.64,
        "eta": 0.0066,
        "vinf": 300.0,
        "n": 0.07943282347242846,
        "T": 8000.0,
        "kappa": 600.0,
        "cs": 10.19646997739904,
        "taustar": 6.68896215686765e-05,
        "Rstar": 0.20910335738832006,
        "Qp": 2.0,
        "a": 0.02,
        "rho_d": 3.5,
        "kappa_d": 214285.71428571426,
        "drag_constant": 1.3185256750774457e-06,
        "phi_norm": 0.7,
        "Rstarstar": 0.009990603174603173,
        "Upstarstar": 379211.424889873,
        "R0": 0.01700162958594593
    },
    "R sonic drift": 0.33576080362451216,
    "w sonic drift": 7.745966692414831,
    "R critical": 0.7096267784671515,
    "w critical": 38.7741595142002,
    "R equilib drift": 0.21389847178143054,
    "w equilib drift": 300.0,
    "t min": [
        10996.00542779787
    ],
    "R min": [
        0.009704284557159605
    ],
    "t max": [
        34520.103026916404
    ],
    "R max": [
        2.8051480421243644
    ],
    "R end": 2.549608398554789,
    "v end": -51.18425498161123,
    "t end": 43773.90695779407,
    "v max": 283.5385674543329
}