{
    "star": "MS10",
    "grain": "sil",
    "stream": {
        "L4": 0.64,
        "eta": 0.0066,
        "vinf": 500.0,
        "n": 3981.0717055350265,
        "T": 8000.0,
        "kappa": 600.0,
        "cs": 10.19646997739904,
        "taustar": 0.008984832585398013,
        "Rstar": 0.0005604182328542459,
        "Qp": 2.0,
        "a": 0.002,
        "rho_d": 3.5,
        "kappa_d": 2142857.1428571427,
        "drag_constant": 0.8564333932839499,
        "phi_norm": 0.7,
        "Rstarstar": 0.035966171428571427,
        "Upstarstar": 0.5838165628768581,
        "R0": 5.083689694757159e-05
    },
    "R sonic drift": 0.001499788418664912,
    "w sonic drift": 7.745966692414831,
    "R critical": 0.0031697863849222286,
    "w critical": 38.7741595142002,
    "R equilib drift": 0.0006685262718969314,
    "w equilib drift": 500.0,
    "t min": [
        46.17656790324301,
        48.89835747477563,
        49.226849319615766,
        49.2737767260215,
        50.18886115093333
    ],
    "R min": [
        0.0006470843588480526,
        0.0006470843581769273,
        0.0006470843583854623,
        0.0006470843583813958,
        0.0006470843584870334
    ],
    "t max": [
        47.27936195377778,
        49.156458210007166,
        49.25031302281864,
        49.813441899687454,
        80.76206642426952
    ],
    "R max": [
        0.0006470843590492866,
        0.0006470843584225227,
        0.0006470843583857345,
        0.0006470843586748143,
        0.0006470843593104535
    ],
    "R end": 0.000647084358944632,
    "v end": -4.722336060872356e-08,
    "t end": 117.31851601433691,
    "v max": 1.7687087835444104e-06
}