{
    "star": "MS10",
    "grain": "gra",
    "stream": {
        "L4": 0.64,
        "eta": 0.0066,
        "vinf": 300.0,
        "n": 10.000000000000082,
        "T": 8000.0,
        "kappa": 600.0,
        "cs": 10.19646997739904,
        "taustar": 0.0007505138980132984,
        "Rstar": 0.018636356343925575,
        "Qp": 2.0,
        "a": 0.2,
        "rho_d": 2.2,
        "kappa_d": 34090.90909090909,
        "drag_constant": 4.201257667584974e-06,
        "phi_norm": 1.0,
        "Rstarstar": 0.0015894141414141414,
        "Upstarstar": 119011.98154490179,
        "R0": 0.0015280753275887145
    },
    "R sonic drift": 0.018881217525718474,
    "w sonic drift": 7.745966692414831,
    "R critical": 0.04226978079673296,
    "w critical": 43.32928075712418,
    "R equilib drift": 0.015886564694485638,
    "w equilib drift": 300.0,
    "t min": [
        619.8277790176569
    ],
    "R min": [
        0.001399258662755902
    ],
    "t max": [
        1589.2010092684643
    ],
    "R max": [
        0.12051991580291868
    ],
    "R end": 0.06633983760526274,
    "v end": -110.5922088865446,
    "t end": 2461.587684740496,
    "v max": 275.8125607489905
}