{
    "star": "MS40",
    "grain": "gra",
    "stream": {
        "L4": 22.2,
        "eta": 0.4468,
        "vinf": 60.0,
        "n": 3981.0717055350265,
        "T": 10000.0,
        "kappa": 600.0,
        "cs": 11.4,
        "taustar": 0.4409762941933668,
        "Rstar": 0.027505371210154075,
        "Qp": 2.0,
        "a": 0.02,
        "rho_d": 2.2,
        "kappa_d": 340909.0909090908,
        "drag_constant": 4532.547341595158,
        "phi_norm": 1.5,
        "Rstarstar": 13.783200757575752,
        "Upstarstar": 0.00011031324381579053,
        "R0": 0.028049985561927823
    },
    "R sonic drift": 0.002992471312188866,
    "w sonic drift": 8.6559494714014,
    "R critical": 0.00669930878315656,
    "w critical": 48.41952977064848,
    "R equilib drift": 0.00669930878315656,
    "w equilib drift": 60.0,
    "t min": [
        449.4359305948403,
        595.3465538955958,
        741.2571771963512,
        887.1678004971067,
        1033.0784237978621,
        1178.9890470986177,
        1324.899670399373,
        1470.8102937001286,
        1616.720917000884,
        1762.2414049452204,
        1908.1520282459758
    ],
    "R min": [
        0.0028329596508143194,
        0.0028320618252796696,
        0.0028311666276222467,
        0.0028302743986174,
        0.00282938601636735,
        0.002828504827925149,
        0.002827638068402434,
        0.00282682644859533,
        0.002826361630507772,
        0.0028443772250777988,
        0.002843465371347437
    ],
    "t max": [
        527.0728665222476,
        672.9834898230031,
        818.8941131237585,
        964.8047364245141,
        1110.7153597252695,
        1256.6259830260249,
        1402.5366063267804,
        1548.4472296275358,
        1694.3578529282913,
        1840.2684762290464
    ],
    "R max": [
        0.006580081916565926,
        0.0065800854380533595,
        0.006580088635639642,
        0.006580091522485949,
        0.006580094082027885,
        0.00658009635533493,
        0.006580098293684708,
        0.006580099911256737,
        0.0065801012139319786,
        0.006580102197843141
    ],
    "R end": 0.006147857843009427,
    "v end": 25.558663887946715,
    "t end": 1950.676782095661,
    "v max": 264.8214502337129
}