{
    "star": "MS40",
    "grain": "gra",
    "stream": {
        "L4": 22.2,
        "eta": 0.4468,
        "vinf": 60.0,
        "n": 0.0012589254117941675,
        "T": 10000.0,
        "kappa": 600.0,
        "cs": 11.4,
        "taustar": 0.0002479791936542255,
        "Rstar": 48.91223528849469,
        "Qp": 2.0,
        "a": 0.02,
        "rho_d": 2.2,
        "kappa_d": 340909.0909090908,
        "drag_constant": 0.0014333173201981752,
        "phi_norm": 1.5,
        "Rstarstar": 13.783200757575754,
        "Upstarstar": 348.84110653938666,
        "R0": 32.70658373647878
    },
    "R sonic drift": 5.321450119597618,
    "w sonic drift": 8.6559494714014,
    "R critical": 11.91324287058022,
    "w critical": 48.41952977064848,
    "R equilib drift": 11.91324287058022,
    "w equilib drift": 60.0,
    "t min": [
        847786.5385098706,
        2481614.1147707095
    ],
    "R min": [
        3.1042284336871386,
        3.1045194544666592
    ],
    "t max": [
        1661578.3631187726,
        3295405.9393796115
    ],
    "R max": [
        35.40717755427005,
        35.40716487082094
    ],
    "R end": 34.10495429774202,
    "v end": -15.014654901098606,
    "t end": 3468848.3572416967,
    "v max": 78.6989748583725
}