{
    "star": "MS10",
    "grain": "gra",
    "stream": {
        "L4": 0.64,
        "eta": 0.0066,
        "vinf": 120.0,
        "n": 19952.623149689072,
        "T": 8000.0,
        "kappa": 600.0,
        "cs": 10.19646997739904,
        "taustar": 0.08381056098095066,
        "Rstar": 0.0010430401223259559,
        "Qp": 2.0,
        "a": 0.2,
        "rho_d": 2.2,
        "kappa_d": 34090.90909090909,
        "drag_constant": 0.32744574607837484,
        "phi_norm": 1.0,
        "Rstarstar": 0.009933838383838382,
        "Upstarstar": 1.5269705164541176,
        "R0": 0.00020670142878186459
    },
    "R sonic drift": 0.0004226978079673296,
    "w sonic drift": 7.745966692414831,
    "R critical": 0.0009463025179229607,
    "w critical": 43.32928075712418,
    "R equilib drift": 0.0006573491859317399,
    "w equilib drift": 120.0,
    "t min": [
        31.90758054491199,
        94.12460720329824,
        102.25304957009361,
        105.06356184607031,
        126.500606460873
    ],
    "R min": [
        0.0003611395107362841,
        0.000643903966064049,
        0.000643903967144265,
        0.0006439039679246901,
        0.000643903968901933
    ],
    "t max": [
        89.63329837011979,
        98.42303774302732,
        104.67780525917156,
        108.6180332539232,
        130.57860466523138
    ],
    "R max": [
        0.0006439039694589399,
        0.0006439039682200843,
        0.0006439039678580105,
        0.0006439039695246281,
        0.0006439039686430024
    ],
    "R end": 0.0006439039677158031,
    "v end": -8.142736565659e-08,
    "t end": 137.77020960670117,
    "v max": 104.21600018427525
}