{
    "star": "MS10",
    "grain": "gra",
    "stream": {
        "L4": 0.64,
        "eta": 0.0066,
        "vinf": 80.0,
        "n": 2511.886431509613,
        "T": 8000.0,
        "kappa": 600.0,
        "cs": 10.19646997739904,
        "taustar": 0.04460566379282752,
        "Rstar": 0.004409529716081196,
        "Qp": 2.0,
        "a": 0.02,
        "rho_d": 2.2,
        "kappa_d": 340909.0909090908,
        "drag_constant": 20.869132142799526,
        "phi_norm": 1.0,
        "Rstarstar": 0.2235113636363636,
        "Upstarstar": 0.023958830514785687,
        "R0": 0.000603596793991334
    },
    "R sonic drift": 0.001191324287058021,
    "w sonic drift": 7.745966692414831,
    "R critical": 0.0026670428643266486,
    "w critical": 43.32928075712418,
    "R equilib drift": 0.0023716718775017398,
    "w equilib drift": 80.0,
    "t min": [
        133.84328971916943,
        393.60876933078634,
        418.18747614605593,
        426.9239833078816,
        437.5242786642301,
        442.76618296132546,
        448.93998135568233,
        449.5224151664707,
        450.5707960258898,
        451.73566364746654,
        457.56000175535036,
        460.0062237606615,
        461.17109138223833,
        466.99542949012204,
        475.38247636547476
    ],
    "R min": [
        0.0011030773420004488,
        0.002303167810248889,
        0.0023031678179959362,
        0.0023031678165192494,
        0.002303167816426977,
        0.0023031678160380276,
        0.002303167814947859,
        0.0023031678149492674,
        0.0023031678149404034,
        0.00230316781495502,
        0.0023031678153757787,
        0.002303167815448595,
        0.002303167815468146,
        0.0023031678148503145,
        0.0023031678156008083
    ],
    "t max": [
        384.40631512032996,
        408.0531278383381,
        421.21613196215554,
        431.6999405563463,
        441.135368291118,
        442.9991564856409,
        449.28944164215534,
        449.98836221510135,
        451.38620336099353,
        457.4435149931927,
        459.3073031877155,
        460.70514433360756,
        462.2194722416574,
        474.68355579252864,
        484.0024967651427
    ],
    "R max": [
        0.0023031678113229434,
        0.0023031678215417466,
        0.0023031678184113826,
        0.0023031678173776886,
        0.002303167815909229,
        0.0023031678160398503,
        0.002303167814950499,
        0.002303167814946898,
        0.0023031678149572654,
        0.0023031678153772567,
        0.0023031678154565127,
        0.0023031678154720953,
        0.002303167815486008,
        0.002303167815595113,
        0.0023031678164411548
    ],
    "R end": 0.0023031678147924528,
    "v end": -4.556184558225725e-09,
    "t end": 582.4338107883788,
    "v max": 138.39959540009147
}