{
    "star": "MS10",
    "grain": "gra",
    "stream": {
        "L4": 0.64,
        "eta": 0.0066,
        "vinf": 40.0,
        "n": 0.0019952623149688807,
        "T": 8000.0,
        "kappa": 600.0,
        "cs": 10.19646997739904,
        "taustar": 7.950967940287145e-05,
        "Rstar": 9.895147432472058,
        "Qp": 2.0,
        "a": 0.02,
        "rho_d": 2.2,
        "kappa_d": 340909.0909090908,
        "drag_constant": 0.0002652310543234799,
        "phi_norm": 1.0,
        "Rstarstar": 0.8940454545454541,
        "Upstarstar": 1885.1487857458505,
        "R0": 0.8046727175149541
    },
    "R sonic drift": 1.33668783513723,
    "w sonic drift": 7.745966692414831,
    "R critical": 2.992471312188866,
    "w critical": 43.32928075712418,
    "R equilib drift": 2.8250750892455114,
    "w equilib drift": 40.0,
    "t min": [
        330671.75096167356
    ],
    "R min": [
        0.46084581368162375
    ],
    "t max": [],
    "R max": [],
    "R end": 27.852028702668996,
    "v end": 14.613160915809418,
    "t end": 1307002.9682279588,
    "v max": 44.24822805140173
}