{
    "star": "MS10",
    "grain": "gra",
    "stream": {
        "L4": 0.64,
        "eta": 0.0066,
        "vinf": 50.0,
        "n": 1258.9254117941816,
        "T": 8000.0,
        "kappa": 600.0,
        "cs": 10.19646997739904,
        "taustar": 0.050525426626861436,
        "Rstar": 0.009965802044951053,
        "Qp": 2.0,
        "a": 0.02,
        "rho_d": 2.2,
        "kappa_d": 340909.0909090908,
        "drag_constant": 68.54634770826308,
        "phi_norm": 1.0,
        "Rstarstar": 0.5721890909090909,
        "Upstarstar": 0.007294334661388914,
        "R0": 0.0014513294849722827
    },
    "R sonic drift": 0.0016827902832903898,
    "w sonic drift": 7.745966692414831,
    "R critical": 0.0037672981789796047,
    "w critical": 43.32928075712418,
    "R equilib drift": 0.0037672981789796047,
    "w equilib drift": 50.0,
    "t min": [
        304.8632786386252,
        409.6435764781527,
        514.6871413976789,
        619.4674392372063,
        724.5110041567328,
        829.2913019962602,
        934.3348669157864,
        1039.115164755314,
        1144.1587296748403,
        1248.9390275143678
    ],
    "R min": [
        0.0015635117958566844,
        0.001566510927110823,
        0.0015634899291130631,
        0.0015664431952817212,
        0.0015634689013108302,
        0.0015663757588907628,
        0.0015634488227326967,
        0.0015663087525774166,
        0.0015634297129681358,
        0.001566242165492377
    ],
    "t max": [
        358.30649587838417,
        463.08679371791163,
        568.1303586374379,
        672.9106564769654,
        777.9542213964917,
        882.7345192360193,
        987.7780841555455,
        1092.558381995073,
        1197.6019469145992,
        1302.3822447541268
    ],
    "R max": [
        0.0037065407619710864,
        0.0037065251988733228,
        0.003706540883843597,
        0.003706525580114894,
        0.0037065409947175548,
        0.00370652595824615,
        0.0037065410994623106,
        0.0037065263323103536,
        0.0037065411999505833,
        0.0037065267043582843
    ],
    "R end": 0.003328847577734193,
    "v end": -47.94167374775345,
    "t end": 1316.335399994064,
    "v max": 155.0430691946848
}