{
    "star": "MS40",
    "grain": "gra",
    "stream": {
        "L4": 22.2,
        "eta": 0.4468,
        "vinf": 90.0,
        "n": 0.003981071705534978,
        "T": 10000.0,
        "kappa": 600.0,
        "cs": 11.4,
        "taustar": 0.0002939841961289094,
        "Rstar": 18.336914140102827,
        "Qp": 2.0,
        "a": 0.02,
        "rho_d": 2.2,
        "kappa_d": 340909.0909090908,
        "drag_constant": 0.0008953179934015016,
        "phi_norm": 1.5,
        "Rstarstar": 6.125867003367,
        "Upstarstar": 558.4607968174465,
        "R0": 12.262352719731517
    },
    "R sonic drift": 2.992471312188866,
    "w sonic drift": 8.6559494714014,
    "R critical": 6.699308783156559,
    "w critical": 48.41952977064848,
    "R equilib drift": 6.268572466922431,
    "w equilib drift": 90.0,
    "t min": [
        317310.089887561,
        835149.7529745561
    ],
    "R min": [
        1.6308155623983522,
        1.6305687013431904
    ],
    "t max": [
        551911.484214266,
        1069751.147301261
    ],
    "R max": [
        13.66947311986692,
        13.669469364747854
    ],
    "R end": 5.659695055664262,
    "v end": -82.50868834741395,
    "t end": 1300451.1880637747,
    "v max": 101.13946901833616
}