{
    "star": "MS10",
    "grain": "gra",
    "stream": {
        "L4": 0.64,
        "eta": 0.0066,
        "vinf": 50.0,
        "n": 0.0501187233627274,
        "T": 8000.0,
        "kappa": 600.0,
        "cs": 10.19646997739904,
        "taustar": 0.0003187938901321321,
        "Rstar": 1.579473181845803,
        "Qp": 2.0,
        "a": 0.2,
        "rho_d": 2.2,
        "kappa_d": 34090.90909090909,
        "drag_constant": 2.7288792537912607e-05,
        "phi_norm": 1.0,
        "Rstarstar": 0.05721890909090909,
        "Upstarstar": 18322.540262832987,
        "R0": 0.12882150907592088
    },
    "R sonic drift": 0.26670428643266486,
    "w sonic drift": 7.745966692414831,
    "R critical": 0.5970765237835921,
    "w critical": 43.32928075712418,
    "R equilib drift": 0.5970765237835921,
    "w equilib drift": 50.0,
    "t min": [
        52990.77576693272
    ],
    "R min": [
        0.04427018740717467
    ],
    "t max": [],
    "R max": [],
    "R end": 6.605044937473215,
    "v end": 34.004228758576886,
    "t end": 208625.101444617,
    "v max": 50.49399226865504
}