{
    "star": "MS20",
    "grain": "gra",
    "stream": {
        "L4": 5.45,
        "eta": 0.1199,
        "vinf": 80.0,
        "n": 0.003981071705534978,
        "T": 9000.0,
        "kappa": 600.0,
        "cs": 10.814989597775858,
        "taustar": 0.00016386955365592387,
        "Rstar": 10.221168263915944,
        "Qp": 2.0,
        "a": 0.02,
        "rho_d": 2.2,
        "kappa_d": 340909.0909090908,
        "drag_constant": 0.00031686439357271303,
        "phi_norm": 1.5,
        "Rstarstar": 1.9033389559659084,
        "Upstarstar": 1577.9620877006546,
        "R0": 3.540916182603573
    },
    "R sonic drift": 1.4997884186649117,
    "w sonic drift": 9.672835454459698,
    "R critical": 3.556558820077846,
    "w critical": 48.41952977064848,
    "R equilib drift": 3.350075570497148,
    "w equilib drift": 80.0,
    "t min": [
        181257.10724215055,
        679567.5040130466
    ],
    "R min": [
        0.7019129478603467,
        0.7018479697739022
    ],
    "t max": [
        415600.8429807886
    ],
    "R max": [
        10.58685217076348
    ],
    "R end": 4.815768745723578,
    "v end": 72.26862512363712,
    "t end": 733240.7250896058,
    "v max": 87.35017146834353
}