{
    "star": "MS10",
    "grain": "sil",
    "stream": {
        "L4": 0.64,
        "eta": 0.0066,
        "vinf": 50.0,
        "n": 0.012589254117941701,
        "T": 8000.0,
        "kappa": 600.0,
        "cs": 10.19646997739904,
        "taustar": 0.0001597754278925998,
        "Rstar": 3.151463317240921,
        "Qp": 2.0,
        "a": 0.002,
        "rho_d": 3.5,
        "kappa_d": 2142857.1428571427,
        "drag_constant": 0.02708280187004004,
        "phi_norm": 0.7,
        "Rstarstar": 3.596617142857143,
        "Upstarstar": 18.461900744217978,
        "R0": 0.25653010518048336
    },
    "R sonic drift": 0.8433930068571646,
    "w sonic drift": 7.745966692414831,
    "R critical": 1.782501876267492,
    "w critical": 38.7741595142002,
    "R equilib drift": 1.782501876267492,
    "w equilib drift": 50.0,
    "t min": [
        160050.61872956835,
        328149.94953045057,
        496381.22643086244
    ],
    "R min": [
        0.5550212185416452,
        0.5550738087227808,
        0.5550006375083252
    ],
    "t max": [
        240933.57774129583,
        409032.908542178,
        577132.2393430602
    ],
    "R max": [
        3.2204894283844028,
        3.220487484439499,
        3.2204842573830126
    ],
    "R end": 0.6751158029098255,
    "v end": -39.07224610143383,
    "t end": 659730.4976486742,
    "v max": 65.23142882338172
}