{
    "star": "MS10",
    "grain": "gra",
    "stream": {
        "L4": 0.64,
        "eta": 0.0066,
        "vinf": 40.0,
        "n": 10.000000000000082,
        "T": 8000.0,
        "kappa": 600.0,
        "cs": 10.19646997739904,
        "taustar": 0.005628854235099738,
        "Rstar": 0.13977267257944181,
        "Qp": 2.0,
        "a": 0.2,
        "rho_d": 2.2,
        "kappa_d": 34090.90909090909,
        "drag_constant": 0.01329304183884308,
        "phi_norm": 1.0,
        "Rstarstar": 0.08940454545454546,
        "Upstarstar": 37.61366330308007,
        "R0": 0.01216875678945093
    },
    "R sonic drift": 0.018881217525718474,
    "w sonic drift": 7.745966692414831,
    "R critical": 0.04226978079673296,
    "w critical": 43.32928075712418,
    "R equilib drift": 0.039905246299377625,
    "w equilib drift": 40.0,
    "t min": [
        4489.935936966665,
        11043.913147588237,
        17601.582739736918
    ],
    "R min": [
        0.012724298525036731,
        0.012725341955926782,
        0.01272426172194587
    ],
    "t max": [
        7691.230720971679,
        14245.20793159325
    ],
    "R max": [
        0.11610022852016369,
        0.11610014626769516
    ],
    "R end": 0.058649449973079464,
    "v end": 52.341734503415495,
    "t end": 18461.907635553718,
    "v max": 62.122745602138345
}