{
    "star": "MS10",
    "grain": "gra",
    "stream": {
        "L4": 0.64,
        "eta": 0.0066,
        "vinf": 80.0,
        "n": 0.501187233627275,
        "T": 8000.0,
        "kappa": 600.0,
        "cs": 10.19646997739904,
        "taustar": 0.0006300717481018844,
        "Rstar": 0.3121707973616279,
        "Qp": 2.0,
        "a": 0.2,
        "rho_d": 2.2,
        "kappa_d": 34090.90909090909,
        "drag_constant": 4.1639392910633315e-05,
        "phi_norm": 1.0,
        "Rstarstar": 0.022351136363636365,
        "Upstarstar": 12007.8599866502,
        "R0": 0.025558317958467473
    },
    "R sonic drift": 0.08433930068571646,
    "w sonic drift": 7.745966692414831,
    "R critical": 0.18881217525718474,
    "w critical": 43.32928075712418,
    "R equilib drift": 0.16790151076197707,
    "w equilib drift": 80.0,
    "t min": [
        10431.98849406966
    ],
    "R min": [
        0.016011663586527548
    ],
    "t max": [],
    "R max": [],
    "R end": 1.4558601702499414,
    "v end": 21.160126099415052,
    "t end": 41233.15610304213,
    "v max": 78.95171475117122
}