{
    "star": "MS10",
    "grain": "sil",
    "stream": {
        "L4": 0.64,
        "eta": 0.0066,
        "vinf": 500.0,
        "n": 0.15848931924611206,
        "T": 8000.0,
        "kappa": 600.0,
        "cs": 10.19646997739904,
        "taustar": 5.669046108681814e-05,
        "Rstar": 0.08882030421817856,
        "Qp": 2.0,
        "a": 0.02,
        "rho_d": 3.5,
        "kappa_d": 214285.71428571426,
        "drag_constant": 3.4095227496780066e-07,
        "phi_norm": 0.7,
        "Rstarstar": 0.0035966171428571435,
        "Upstarstar": 1466480.9027809526,
        "R0": 0.007220832623392152
    },
    "R sonic drift": 0.23770044548740382,
    "w sonic drift": 7.745966692414831,
    "R critical": 0.5023772863019165,
    "w critical": 38.7741595142002,
    "R equilib drift": 0.10595427373108544,
    "w equilib drift": 500.0,
    "t min": [
        4663.307919909532
    ],
    "R min": [
        0.003537877485613036
    ],
    "t max": [
        12201.206766525655
    ],
    "R max": [
        1.509714831686571
    ],
    "R end": 0.9405515834369724,
    "v end": -157.09404459301615,
    "t end": 18593.731738076283,
    "v max": 476.0996367723621
}