{
    "star": "MS20",
    "grain": "gra",
    "stream": {
        "L4": 5.45,
        "eta": 0.1199,
        "vinf": 140.0,
        "n": 0.1995262314968889,
        "T": 9000.0,
        "kappa": 600.0,
        "cs": 10.814989597775858,
        "taustar": 0.0006629186268549816,
        "Rstar": 0.82501622415359,
        "Qp": 2.0,
        "a": 0.02,
        "rho_d": 2.2,
        "kappa_d": 340909.0909090908,
        "drag_constant": 0.0016932506266356142,
        "phi_norm": 1.5,
        "Rstarstar": 0.621498434601113,
        "Upstarstar": 295.2900132648818,
        "R0": 0.28622221395600494
    },
    "R sonic drift": 0.21185074503545798,
    "w sonic drift": 9.672835454459698,
    "R critical": 0.5023772863019165,
    "w critical": 48.41952977064848,
    "R equilib drift": 0.35337340107770815,
    "w equilib drift": 140.0,
    "t min": [
        14239.808620375807,
        27437.96872986793,
        40647.96575425646,
        54011.84267229826
    ],
    "R min": [
        0.13402181850464376,
        0.30961940737220905,
        0.34023730179590095,
        0.34322792592909296
    ],
    "t max": [
        19507.235749276253,
        33853.57660371971,
        47312.14884093276
    ],
    "R max": [
        0.4982417673601007,
        0.3547619343304737,
        0.34453055035687635
    ],
    "R end": 0.3435894714082763,
    "v end": 0.041149710819683764,
    "t end": 59184.57448202746,
    "v max": 128.0526914510016
}