{
    "star": "MS40",
    "grain": "gra",
    "stream": {
        "L4": 22.2,
        "eta": 0.4468,
        "vinf": 200.0,
        "n": 79.43282347242886,
        "T": 10000.0,
        "kappa": 600.0,
        "cs": 11.4,
        "taustar": 0.01868686715510215,
        "Rstar": 0.05841693478844837,
        "Qp": 2.0,
        "a": 0.02,
        "rho_d": 2.2,
        "kappa_d": 340909.0909090908,
        "drag_constant": 0.7325332930212696,
        "phi_norm": 1.5,
        "Rstarstar": 1.2404880681818178,
        "Upstarstar": 0.6825628333393471,
        "R0": 0.0401402919143335
    },
    "R sonic drift": 0.021185074503545776,
    "w sonic drift": 8.6559494714014,
    "R critical": 0.047427474113233115,
    "w critical": 48.41952977064848,
    "R equilib drift": 0.028250750892455084,
    "w equilib drift": 200.0,
    "t min": [
        949.5573129896477,
        2777.413711292582,
        2859.443531524672,
        2934.016095372027,
        2967.159457081962,
        3049.189277314052,
        3431.1665210210567,
        3755.9714657784234
    ],
    "R min": [
        0.019132288457355488,
        0.027434906042585458,
        0.027434906046882205,
        0.027434906054679558,
        0.027434906044347205,
        0.027434906058791536,
        0.02743490603808915,
        0.02743490604212019
    ],
    "t max": [
        2722.7271644711886,
        2826.300169814737,
        2882.643884721627,
        2938.987599628517,
        3023.503171988852,
        3184.2484762820386,
        3584.454568929508
    ],
    "R max": [
        0.027434906033549717,
        0.02743490605404457,
        0.027434906055407292,
        0.027434906054495552,
        0.027434906053129118,
        0.02743490606797145,
        0.027434906036184235
    ],
    "R end": 0.027434906064029957,
    "v end": 5.626164329140856e-08,
    "t end": 4142.920213741918,
    "v max": 133.28468006163178
}