{
    "star": "MS10",
    "grain": "gra",
    "stream": {
        "L4": 0.64,
        "eta": 0.0066,
        "vinf": 70.0,
        "n": 15848.931924611368,
        "T": 8000.0,
        "kappa": 600.0,
        "cs": 10.19646997739904,
        "taustar": 0.12805069902820765,
        "Rstar": 0.002006246169989313,
        "Qp": 2.0,
        "a": 0.02,
        "rho_d": 2.2,
        "kappa_d": 340909.0909090908,
        "drag_constant": 224.63228606729362,
        "phi_norm": 1.0,
        "Rstarstar": 0.2919332096474952,
        "Upstarstar": 0.0022258599097825763,
        "R0": 0.0005450718330911661
    },
    "R sonic drift": 0.00047427474113233113,
    "w sonic drift": 7.745966692414831,
    "R critical": 0.001061768888461977,
    "w critical": 43.32928075712418,
    "R equilib drift": 0.001002374467254545,
    "w equilib drift": 70.0,
    "t min": [
        60.895969563052034,
        165.56919835942085,
        181.89292214133556,
        183.4298961337886,
        186.7688396346348,
        187.2458315633271,
        258.1586316289177
    ],
    "R min": [
        0.00044590849686954937,
        0.0009715888423998812,
        0.0009715888424475626,
        0.0009715888425639943,
        0.0009715888421334842,
        0.0009715888421270368,
        0.0009715888421922716
    ],
    "t max": [
        161.17027279481394,
        172.9890728057457,
        182.84690599872022,
        184.3308808879852,
        186.82183873782282,
        201.97958224960078
    ],
    "R max": [
        0.0009715888422168004,
        0.000971588843997089,
        0.0009715888426503495,
        0.0009715888425417018,
        0.0009715888421332892,
        0.0009715888432657741
    ],
    "R end": 0.0009715888422873826,
    "v end": 5.569677579112032e-09,
    "t end": 264.9955159401742,
    "v max": 154.84514748064092
}