{
    "star": "MS10",
    "grain": "gra",
    "stream": {
        "L4": 0.64,
        "eta": 0.0066,
        "vinf": 40.0,
        "n": 0.0031622776601683824,
        "T": 8000.0,
        "kappa": 600.0,
        "cs": 10.19646997739904,
        "taustar": 0.00010009675588388219,
        "Rstar": 7.859994992372035,
        "Qp": 2.0,
        "a": 0.2,
        "rho_d": 2.2,
        "kappa_d": 34090.90909090909,
        "drag_constant": 4.203628924265678e-06,
        "phi_norm": 1.0,
        "Rstarstar": 0.08940454545454544,
        "Upstarstar": 118944.84718042614,
        "R0": 0.6393362500530435
    },
    "R sonic drift": 1.0617688884619771,
    "w sonic drift": 7.745966692414831,
    "R critical": 2.3770044548740383,
    "w critical": 43.32928075712418,
    "R equilib drift": 2.2440369086039262,
    "w equilib drift": 40.0,
    "t min": [
        263077.18395878613
    ],
    "R min": [
        0.08222031463668505
    ],
    "t max": [],
    "R max": [],
    "R end": 29.710350546437137,
    "v end": 35.68197622157616,
    "t end": 1038189.3605319104,
    "v max": 39.68644190980628
}