{
    "star": "MS10",
    "grain": "sil",
    "stream": {
        "L4": 0.64,
        "eta": 0.0066,
        "vinf": 60.0,
        "n": 7943.282347242919,
        "T": 8000.0,
        "kappa": 600.0,
        "cs": 10.19646997739904,
        "taustar": 0.10576177799187184,
        "Rstar": 0.0033062143786764305,
        "Qp": 2.0,
        "a": 0.002,
        "rho_d": 3.5,
        "kappa_d": 2142857.1428571427,
        "drag_constant": 8240.785469234113,
        "phi_norm": 0.7,
        "Rstarstar": 2.4976507936507937,
        "Upstarstar": 6.067382798237911e-05,
        "R0": 0.0007753310009732959
    },
    "R sonic drift": 0.001061768888461977,
    "w sonic drift": 7.745966692414831,
    "R critical": 0.002244036908603926,
    "w critical": 38.7741595142002,
    "R equilib drift": 0.0021363487870066336,
    "w equilib drift": 60.0,
    "t min": [
        159.4658857777014,
        404.8938506074449,
        430.6409467486362,
        458.32599636282055,
        480.0587603099552,
        499.29986979181325,
        524.6316901887918,
        551.6246135626216,
        570.4504473002668,
        577.9254106960966,
        578.4791116883803,
        578.894387432593,
        579.3096631768058,
        580.8323409055859,
        585.5387993399972,
        587.1999023168482,
        588.0304538052739,
        597.0280949298838,
        599.5197493951603,
        601.5961281162241,
        603.6725068372879,
        604.0877825815007,
        606.4410117987063,
        606.7178622948481,
        606.9947127909901,
        608.6558157678411,
        623.4673173114296,
        626.9279485132028,
        627.4816495054864,
        629.5580282265502,
        633.9876361648197,
        636.2024401339545,
        638.694094599231,
        639.2477955915147,
        648.9375629564793,
        651.8444931659686,
        657.6583535849473,
        680.2216690205074
    ],
    "R min": [
        0.0010088599541493667,
        0.002119867611719893,
        0.002119867613906536,
        0.0021198676143731475,
        0.00211986761511042,
        0.0021198676151809124,
        0.0021198676158884094,
        0.0021198676151018,
        0.00211986761510122,
        0.0021198676148165285,
        0.0021198676148062832,
        0.0021198676148070036,
        0.0021198676148132586,
        0.002119867614563831,
        0.0021198676142962676,
        0.0021198676143470716,
        0.00211986761436003,
        0.0021198676143610873,
        0.002119867614695918,
        0.0021198676148917947,
        0.002119867615116632,
        0.00211986761511511,
        0.0021198676150089423,
        0.0021198676150072106,
        0.0021198676150069803,
        0.0021198676147590914,
        0.0021198676143043675,
        0.002119867614219958,
        0.002119867614265719,
        0.0021198676140937733,
        0.0021198676142680744,
        0.0021198676142681655,
        0.0021198676143300197,
        0.0021198676143171923,
        0.0021198676159014337,
        0.0021198676157823887,
        0.0021198676158668286,
        0.0021198676156076466
    ],
    "t max": [
        392.9892792733457,
        418.73637541453706,
        445.03717254801205,
        469.6768667046361,
        489.194826682636,
        514.2497965834727,
        536.8131120190329,
        566.1592646100682,
        574.1879289981817,
        578.2022611922384,
        578.7559621845221,
        579.1712379287349,
        579.5865136729476,
        584.016121611217,
        586.9230518207064,
        587.753603309132,
        593.7058889761817,
        599.2428988990184,
        600.9040018758695,
        603.534081589217,
        603.9493573334298,
        604.9183340699262,
        606.5794370467772,
        606.8562875429191,
        607.133138039061,
        618.7608588770183,
        625.5436960324935,
        627.3432242574155,
        628.3122009939119,
        632.8802341802524,
        634.8181876532452,
        638.0019683588764,
        638.832519847302,
        648.2454367161246,
        649.352838700692,
        653.9208718870324,
        657.7967788330182
    ],
    "R max": [
        0.0021198676129233224,
        0.002119867614758872,
        0.0021198676155043685,
        0.0021198676155188695,
        0.0021198676154379776,
        0.0021198676161059476,
        0.0021198676169816694,
        0.0021198676156225795,
        0.002119867615652699,
        0.0021198676148208653,
        0.0021198676148068037,
        0.0021198676148123947,
        0.00211986761481955,
        0.002119867614910293,
        0.002119867614369557,
        0.002119867614365309,
        0.0021198676149004623,
        0.0021198676147051454,
        0.002119867614898261,
        0.0021198676151169653,
        0.002119867615121377,
        0.002119867615201488,
        0.002119867615006522,
        0.002119867615011128,
        0.002119867615009721,
        0.0021198676149816508,
        0.0021198676144802407,
        0.0021198676142668562,
        0.002119867614310816,
        0.002119867614578437,
        0.0021198676144418573,
        0.0021198676144090324,
        0.0021198676143296892,
        0.0021198676159719233,
        0.0021198676159457242,
        0.002119867616629678,
        0.0021198676158808
    ],
    "R end": 0.0021198676158584824,
    "v end": 1.1712368658375669e-08,
    "t end": 692.1262403546067,
    "v max": 117.84554312856056
}