{
    "star": "MS10",
    "grain": "gra",
    "stream": {
        "L4": 0.64,
        "eta": 0.0066,
        "vinf": 170.0,
        "n": 39.810717055350096,
        "T": 8000.0,
        "kappa": 600.0,
        "cs": 10.19646997739904,
        "taustar": 0.0026425978192347044,
        "Rstar": 0.0164828892015955,
        "Qp": 2.0,
        "a": 0.2,
        "rho_d": 2.2,
        "kappa_d": 34090.90909090909,
        "drag_constant": 0.00016220664866019774,
        "phi_norm": 1.0,
        "Rstarstar": 0.0049497326203208555,
        "Upstarstar": 3082.4877039870057,
        "R0": 0.001383332160307054
    },
    "R sonic drift": 0.009463025179229607,
    "w sonic drift": 7.745966692414831,
    "R critical": 0.021185074503545776,
    "w critical": 43.32928075712418,
    "R equilib drift": 0.011508764103122326,
    "w equilib drift": 170.0,
    "t min": [
        544.2866126673752,
        1393.8091577186142,
        2089.6251633525867
    ],
    "R min": [
        0.0027639689610137593,
        0.007665192481461423,
        0.01022938174690626
    ],
    "t max": [
        885.6631761323529,
        1715.5914031275665
    ],
    "R max": [
        0.02746063577022504,
        0.01407115893617409
    ],
    "R end": 0.010592189321276644,
    "v end": 7.1239352342196165,
    "t end": 2177.1464506695006,
    "v max": 142.44932248037424
}