{
    "star": "MS10",
    "grain": "sil",
    "stream": {
        "L4": 0.64,
        "eta": 0.0066,
        "vinf": 250.0,
        "n": 0.006309573444801942,
        "T": 8000.0,
        "kappa": 600.0,
        "cs": 10.19646997739904,
        "taustar": 2.2622468124947553e-05,
        "Rstar": 0.8903120512208343,
        "Qp": 2.0,
        "a": 0.002,
        "rho_d": 3.5,
        "kappa_d": 2142857.1428571427,
        "drag_constant": 2.171768727699339e-05,
        "phi_norm": 0.7,
        "Rstarstar": 0.1438646857142857,
        "Upstarstar": 23022.709261021286,
        "R0": 0.07234943678537348
    },
    "R sonic drift": 1.191324287058022,
    "w sonic drift": 7.745966692414831,
    "R critical": 2.5178508235883377,
    "w critical": 38.7741595142002,
    "R equilib drift": 0.9171407873317843,
    "w equilib drift": 250.0,
    "t min": [
        46967.4625019749,
        130688.82819993967
    ],
    "R min": [
        0.11996794750651524,
        0.4128431645587954
    ],
    "t max": [
        80403.82271171417,
        157191.89632605406
    ],
    "R max": [
        3.4824953265412724,
        1.426149523258756
    ],
    "R end": 0.6811827484191451,
    "v end": -15.495803695718687,
    "t end": 186378.81945228134,
    "v max": 213.57452645910678
}