{
    "star": "MS10",
    "grain": "gra",
    "stream": {
        "L4": 0.64,
        "eta": 0.0066,
        "vinf": 500.0,
        "n": 501.18723362727764,
        "T": 8000.0,
        "kappa": 600.0,
        "cs": 10.19646997739904,
        "taustar": 0.003187938901321332,
        "Rstar": 0.0015794731818457972,
        "Qp": 2.0,
        "a": 0.02,
        "rho_d": 2.2,
        "kappa_d": 340909.0909090908,
        "drag_constant": 0.0027288792537912793,
        "phi_norm": 1.0,
        "Rstarstar": 0.005721890909090907,
        "Upstarstar": 183.2254026283286,
        "R0": 0.00013344961865226738
    },
    "R sonic drift": 0.0026670428643266486,
    "w sonic drift": 7.745966692414831,
    "R critical": 0.005970765237835921,
    "w critical": 43.32928075712418,
    "R equilib drift": 0.001679262071485586,
    "w equilib drift": 500.0,
    "t min": [
        51.44695001624255,
        63.6723809608971,
        76.23161206786305,
        88.83256819511791,
        101.05799913977246,
        112.61582975980424,
        145.87067093007622,
        169.7791075556293
    ],
    "R min": [
        0.0013720073476611847,
        0.0015901713451854135,
        0.0015962991090841213,
        0.0015964505301453015,
        0.0015964542455308875,
        0.0015964543506846395,
        0.0015964543586651572,
        0.001596454359150484
    ],
    "t max": [
        57.288452856691826,
        69.93113400423562,
        82.53209013149048,
        95.13304625874534,
        106.31535169617682,
        121.29463397990033,
        151.50354866908086
    ],
    "R max": [
        0.0016377310844935262,
        0.0015974443747953323,
        0.0015964787460293047,
        0.001596454941406533,
        0.001596454386090741,
        0.0015964543693466414,
        0.0015964543583779716
    ],
    "R end": 0.0015964543602837718,
    "v end": 1.295784019597408e-08,
    "t end": 208.625101444617,
    "v max": 78.14190232312482
}