{
    "star": "MS10",
    "grain": "gra",
    "stream": {
        "L4": 0.64,
        "eta": 0.0066,
        "vinf": 500.0,
        "n": 1000.0000000000123,
        "T": 8000.0,
        "kappa": 600.0,
        "cs": 10.19646997739904,
        "taustar": 0.0045030833880798,
        "Rstar": 0.001118181380635532,
        "Qp": 2.0,
        "a": 0.2,
        "rho_d": 2.2,
        "kappa_d": 34090.90909090909,
        "drag_constant": 5.4448299371901493e-05,
        "phi_norm": 1.0,
        "Rstarstar": 0.0005721890909090909,
        "Upstarstar": 9183.023267353496,
        "R0": 9.601413775725826e-05
    },
    "R sonic drift": 0.0018881217525718475,
    "w sonic drift": 7.745966692414831,
    "R critical": 0.004226978079673296,
    "w critical": 43.32928075712418,
    "R equilib drift": 0.0011888265043843958,
    "w equilib drift": 500.0,
    "t min": [
        37.07151053219187,
        59.43257306037454,
        80.1099096121947,
        100.81678521623176,
        121.5827389247026,
        142.4077707376072
    ],
    "R min": [
        0.0003788514239017839,
        0.0008337771258975667,
        0.0010326416228770257,
        0.0011004061415172074,
        0.0011213265838862696,
        0.0011275787008145765
    ],
    "t max": [
        46.31723387607718,
        69.18046029194691,
        90.27134357480347,
        111.15545349214185,
        131.98048530504644
    ],
    "R max": [
        0.002107254531830224,
        0.0013400620942822614,
        0.0011876008494237566,
        0.0011467707359813543,
        0.0011350562055154275
    ],
    "R end": 0.0011298845761034244,
    "v end": 0.5899429804044353,
    "t end": 147.69526108442977,
    "v max": 338.59406330461394
}