{
    "star": "MS10",
    "grain": "gra",
    "stream": {
        "L4": 0.64,
        "eta": 0.0066,
        "vinf": 80.0,
        "n": 0.00501187233627273,
        "T": 8000.0,
        "kappa": 600.0,
        "cs": 10.19646997739904,
        "taustar": 6.300717481018831e-05,
        "Rstar": 3.1217079736162847,
        "Qp": 2.0,
        "a": 0.2,
        "rho_d": 2.2,
        "kappa_d": 34090.90909090909,
        "drag_constant": 4.1639392910633175e-07,
        "phi_norm": 1.0,
        "Rstarstar": 0.022351136363636358,
        "Upstarstar": 1200785.998665025,
        "R0": 0.253805519921109
    },
    "R sonic drift": 0.8433930068571646,
    "w sonic drift": 7.745966692414831,
    "R critical": 1.8881217525718474,
    "w critical": 43.32928075712418,
    "R equilib drift": 1.6790151076197706,
    "w equilib drift": 80.0,
    "t min": [
        103660.15444304794
    ],
    "R min": [
        0.02214278745970233
    ],
    "t max": [],
    "R max": [],
    "R end": 23.687095824045105,
    "v end": 71.7013214980875,
    "t end": 412331.5610304214,
    "v max": 79.01103952059513
}