{
    "star": "MS10",
    "grain": "gra",
    "stream": {
        "L4": 0.64,
        "eta": 0.0066,
        "vinf": 500.0,
        "n": 0.015848931924611172,
        "T": 8000.0,
        "kappa": 600.0,
        "cs": 10.19646997739904,
        "taustar": 1.7927097863948963e-05,
        "Rstar": 0.2808744637985056,
        "Qp": 2.0,
        "a": 0.2,
        "rho_d": 2.2,
        "kappa_d": 34090.90909090909,
        "drag_constant": 8.629473901561054e-10,
        "phi_norm": 1.0,
        "Rstarstar": 0.0005721890909090909,
        "Upstarstar": 579409597.5069247,
        "R0": 0.02282338511998357
    },
    "R sonic drift": 0.4742747411323311,
    "w sonic drift": 7.745966692414831,
    "R critical": 1.0617688884619771,
    "w critical": 43.32928075712418,
    "R equilib drift": 0.298619716578213,
    "w equilib drift": 500.0,
    "t min": [
        9274.843057906099
    ],
    "R min": [
        0.001963261570973263
    ],
    "t max": [],
    "R max": [],
    "R end": 13.42370561844592,
    "v end": 445.1936719293373,
    "t end": 37099.372231624395,
    "v max": 498.5381324025111
}