{
    "star": "MS10",
    "grain": "gra",
    "stream": {
        "L4": 0.64,
        "eta": 0.0066,
        "vinf": 500.0,
        "n": 5.011872336272761,
        "T": 8000.0,
        "kappa": 600.0,
        "cs": 10.19646997739904,
        "taustar": 0.0003187938901321328,
        "Rstar": 0.015794731818457995,
        "Qp": 2.0,
        "a": 0.02,
        "rho_d": 2.2,
        "kappa_d": 340909.0909090908,
        "drag_constant": 2.7288792537912725e-05,
        "phi_norm": 1.0,
        "Rstarstar": 0.005721890909090908,
        "Upstarstar": 18322.54026283291,
        "R0": 0.001288215090759206
    },
    "R sonic drift": 0.026670428643266485,
    "w sonic drift": 7.745966692414831,
    "R critical": 0.05970765237835921,
    "w critical": 43.32928075712418,
    "R equilib drift": 0.016792620714855867,
    "w equilib drift": 500.0,
    "t min": [
        524.4835050317671,
        926.7127006169887,
        1276.3683706381669,
        1622.686039036231,
        1969.0037074342954
    ],
    "R min": [
        0.004185759281928054,
        0.010221951224838679,
        0.013594233114319615,
        0.015063646881458143,
        0.015633720655660547
    ],
    "t max": [
        689.7145853759038,
        1088.6057793380114,
        1444.5202024025282,
        1793.758622220817
    ],
    "R max": [
        0.03697570714437404,
        0.02106193270632932,
        0.01760665271592178,
        0.016533944502278686
    ],
    "R end": 0.016060014279996798,
    "v end": 3.6180558061221166,
    "t end": 2086.25101444617,
    "v max": 372.8325672999517
}