{
    "star": "MS10",
    "grain": "gra",
    "stream": {
        "L4": 0.64,
        "eta": 0.0066,
        "vinf": 80.0,
        "n": 6.309573444801981,
        "T": 8000.0,
        "kappa": 600.0,
        "cs": 10.19646997739904,
        "taustar": 0.002235578924043535,
        "Rstar": 0.08798168469232256,
        "Qp": 2.0,
        "a": 0.2,
        "rho_d": 2.2,
        "kappa_d": 34090.90909090909,
        "drag_constant": 0.0005242088986687831,
        "phi_norm": 1.0,
        "Rstarstar": 0.022351136363636365,
        "Upstarstar": 953.8182226012163,
        "R0": 0.007347023882028851
    },
    "R sonic drift": 0.02377004454874038,
    "w sonic drift": 7.745966692414831,
    "R critical": 0.05321450119597623,
    "w critical": 43.32928075712418,
    "R equilib drift": 0.04732107520650709,
    "w equilib drift": 80.0,
    "t min": [
        2891.325285270861,
        10826.200304494912
    ],
    "R min": [
        0.009491924874927272,
        0.019861317133658744
    ],
    "t max": [
        6321.868790945934
    ],
    "R max": [
        0.14284625228847328
    ],
    "R end": 0.043534495776432404,
    "v end": 36.5650880876325,
    "t end": 11621.082336297673,
    "v max": 81.81935027820836
}