{
    "star": "MS10",
    "grain": "sil",
    "stream": {
        "L4": 0.64,
        "eta": 0.0066,
        "vinf": 30.0,
        "n": 0.010000000000000021,
        "T": 8000.0,
        "kappa": 600.0,
        "cs": 10.19646997739904,
        "taustar": 0.00023733333333333356,
        "Rstar": 5.8933333333333255,
        "Qp": 2.0,
        "a": 0.002,
        "rho_d": 3.5,
        "kappa_d": 2142857.1428571427,
        "drag_constant": 0.16599254784580525,
        "phi_norm": 0.7,
        "Rstarstar": 9.990603174603171,
        "Upstarstar": 3.0121834172005286,
        "R0": 0.48017736366448255
    },
    "R sonic drift": 0.9463025179229617,
    "w sonic drift": 7.745966692414831,
    "R critical": 2.0000000000000004,
    "w critical": 38.7741595142002,
    "R equilib drift": 1.7200756343247163,
    "w equilib drift": 30.0,
    "t min": [
        299299.57972837216,
        569730.1975208668,
        839914.072048952,
        1110097.9465770372
    ],
    "R min": [
        0.728592637568676,
        0.7284827571934912,
        0.728543077078369,
        0.7286655842663841
    ],
    "t max": [
        419463.54949565756,
        689647.4240237429,
        960078.0418162374,
        1230261.9163443227
    ],
    "R max": [
        4.513659961434783,
        4.5136492507888475,
        4.51366218887738,
        4.513655172263407
    ],
    "R end": 4.509859647167589,
    "v end": -2.294973616903537,
    "t end": 1233716.3220460517,
    "v max": 57.870328932423234
}