{
    "star": "MS10",
    "grain": "gra",
    "stream": {
        "L4": 0.64,
        "eta": 0.0066,
        "vinf": 20.0,
        "n": 7.943282347242878,
        "T": 8000.0,
        "kappa": 600.0,
        "cs": 10.19646997739904,
        "taustar": 0.010033443235301495,
        "Rstar": 0.31365503608247947,
        "Qp": 2.0,
        "a": 0.02,
        "rho_d": 2.2,
        "kappa_d": 340909.0909090908,
        "drag_constant": 16.894461532742774,
        "phi_norm": 1.0,
        "Rstarstar": 3.576181818181817,
        "Upstarstar": 0.029595497851823294,
        "R0": 0.028818840179444707
    },
    "R sonic drift": 0.021185074503545776,
    "w sonic drift": 7.745966692414831,
    "R critical": 0.047427474113233115,
    "w critical": 43.32928075712418,
    "R equilib drift": 0.026793173864009784,
    "w equilib drift": 20.0,
    "t min": [
        9976.151874690539,
        13762.780950050652,
        17549.410025410765,
        21336.03910077088,
        25122.668176130992,
        28909.2972514911,
        32695.92632685122,
        36482.55540221133,
        40269.18447757145
    ],
    "R min": [
        0.01941949140712625,
        0.01941903569214441,
        0.019418585826514498,
        0.019418139986583673,
        0.01941770057973657,
        0.019417266159373784,
        0.01941683540139715,
        0.019416411411912228,
        0.01941599289965736
    ],
    "t max": [
        10829.593438721373,
        14616.222514081486,
        18402.8515894416,
        22189.480664801715,
        25976.109740161828,
        29762.738815521938,
        33549.36789088205,
        37335.996966242164,
        41122.626041602285
    ],
    "R max": [
        0.07061960523807032,
        0.0706197494381621,
        0.07061988105617194,
        0.07062001511542818,
        0.07062013767355732,
        0.0706202563755858,
        0.07062037550621501,
        0.07062048534269622,
        0.07062058960383363
    ],
    "R end": 0.06501162725532914,
    "v end": -18.923337845972327,
    "t end": 41429.20213741918,
    "v max": 107.01674117129213
}