{
    "star": "MS10",
    "grain": "sil",
    "stream": {
        "L4": 0.64,
        "eta": 0.0066,
        "vinf": 300.0,
        "n": 3981.0717055350265,
        "T": 8000.0,
        "kappa": 600.0,
        "cs": 10.19646997739904,
        "taustar": 0.014974720975663354,
        "Rstar": 0.0009340303880904098,
        "Qp": 2.0,
        "a": 0.002,
        "rho_d": 3.5,
        "kappa_d": 2142857.1428571427,
        "drag_constant": 6.608282355586031,
        "phi_norm": 0.7,
        "Rstarstar": 0.09990603174603173,
        "Upstarstar": 0.0756626265488408,
        "R0": 9.112202337881162e-05
    },
    "R sonic drift": 0.001499788418664912,
    "w sonic drift": 7.745966692414831,
    "R critical": 0.0031697863849222286,
    "w critical": 38.7741595142002,
    "R equilib drift": 0.0009554493773093071,
    "w equilib drift": 300.0,
    "t min": [
        93.89391898347432,
        120.01684188266668
    ],
    "R min": [
        0.0009518925989867197,
        0.0009518925996335377
    ],
    "t max": [
        99.91626947221029,
        171.59788275697017
    ],
    "R max": [
        0.0009518926015330619,
        0.0009518926123413952
    ],
    "R end": 0.0009518925995373925,
    "v end": -8.74639960424585e-08,
    "t end": 195.5308600238949,
    "v max": 4.390919421449844e-06
}