{
    "star": "MS40",
    "grain": "gra",
    "stream": {
        "L4": 22.2,
        "eta": 0.4468,
        "vinf": 170.0,
        "n": 0.0501187233627274,
        "T": 10000.0,
        "kappa": 600.0,
        "cs": 11.4,
        "taustar": 0.0005522269182861528,
        "Rstar": 2.736023602474989,
        "Qp": 2.0,
        "a": 0.02,
        "rho_d": 2.2,
        "kappa_d": 340909.0909090908,
        "drag_constant": 0.0008854247651403198,
        "phi_norm": 1.5,
        "Rstarstar": 1.7169385026737962,
        "Upstarstar": 564.7007173113815,
        "R0": 1.8303539605262795
    },
    "R sonic drift": 0.8433930068571646,
    "w sonic drift": 8.6559494714014,
    "R critical": 1.8881217525718474,
    "w critical": 48.41952977064848,
    "R equilib drift": 1.2190701248418991,
    "w equilib drift": 170.0,
    "t min": [
        47112.51906738179,
        90577.11655952975,
        132877.48376170945,
        175721.15843254098
    ],
    "R min": [
        0.4640030720445784,
        1.0581961127756832,
        1.1872282379218826,
        1.2035083648039822
    ],
    "t max": [
        64575.97341690552,
        111028.76198663864,
        154221.70574446066
    ],
    "R max": [
        1.8457327832565473,
        1.2622709343011977,
        1.212004514224185
    ],
    "R end": 1.206289406014132,
    "v end": 0.061168429408915294,
    "t end": 194038.38166137476,
    "v max": 145.10981839404525
}