{
    "star": "MS40",
    "grain": "gra",
    "stream": {
        "L4": 22.2,
        "eta": 0.4468,
        "vinf": 300.0,
        "n": 0.01995262314968885,
        "T": 10000.0,
        "kappa": 600.0,
        "cs": 11.4,
        "taustar": 0.0001974445902836432,
        "Rstar": 2.4572396031194748,
        "Qp": 2.0,
        "a": 0.02,
        "rho_d": 2.2,
        "kappa_d": 340909.0909090908,
        "drag_constant": 3.6346477814699205e-05,
        "phi_norm": 1.5,
        "Rstarstar": 0.5513280303030302,
        "Upstarstar": 13756.491139226438,
        "R0": 1.6429802981745656
    },
    "R sonic drift": 1.33668783513723,
    "w sonic drift": 8.6559494714014,
    "R critical": 2.992471312188866,
    "w critical": 48.41952977064848,
    "R equilib drift": 1.4158915687682763,
    "w equilib drift": 300.0,
    "t min": [
        43636.47243257078,
        110973.26535567522,
        161092.47251065666
    ],
    "R min": [
        0.33728620732639797,
        0.802404730225243,
        1.119003977546545
    ],
    "t max": [
        71728.32289635038,
        133941.66418400122
    ],
    "R max": [
        4.098786391231154,
        1.9427832541466012
    ],
    "R end": 1.405308675288571,
    "v end": 24.774608816967852,
    "t end": 174267.0624303945,
    "v max": 254.27590317918765
}