{
    "star": "MS40",
    "grain": "gra",
    "stream": {
        "L4": 22.2,
        "eta": 0.4468,
        "vinf": 90.0,
        "n": 199.52623149688992,
        "T": 10000.0,
        "kappa": 600.0,
        "cs": 11.4,
        "taustar": 0.0658148634278813,
        "Rstar": 0.08190798677064885,
        "Qp": 2.0,
        "a": 0.02,
        "rho_d": 2.2,
        "kappa_d": 340909.0909090908,
        "drag_constant": 44.8721948329623,
        "phi_norm": 1.5,
        "Rstarstar": 6.125867003367001,
        "Upstarstar": 0.011142757822773339,
        "R0": 0.0601289424952168
    },
    "R sonic drift": 0.0133668783513723,
    "w sonic drift": 8.6559494714014,
    "R critical": 0.029924713121888692,
    "w critical": 48.41952977064848,
    "R equilib drift": 0.02800068467183535,
    "w equilib drift": 90.0,
    "t min": [
        1332.5621373844162,
        3623.593118136002,
        3783.9188155719653,
        3908.2293201056464,
        3947.7298542565363,
        3976.7743646616013,
        4012.789557563883,
        4047.642970049962,
        4092.952406281865,
        4204.483326237318,
        4214.93934998314,
        4346.220537014038,
        5537.045463621734
    ],
    "R min": [
        0.012491479400870054,
        0.026904944674219902,
        0.02690494468607955,
        0.026904944697445025,
        0.02690494469716897,
        0.02690494470382452,
        0.026904944697011657,
        0.02690494469607012,
        0.026904944693682924,
        0.026904944705044655,
        0.026904944704807195,
        0.026904944684565488,
        0.026904944656937057
    ],
    "t max": [
        3562.018756077263,
        3709.564868934997,
        3847.81673846311,
        3931.4649284296993,
        3959.3476584185623,
        3993.039290488439,
        4029.0544833907197,
        4062.7461154605962,
        4137.100062097565,
        4206.8068870697225,
        4218.424691231749,
        4839.977213900155
    ],
    "R max": [
        0.026904944677690786,
        0.026904944708578463,
        0.026904944697478922,
        0.026904944701665115,
        0.026904944701505673,
        0.02690494470507365,
        0.026904944697494798,
        0.026904944696707053,
        0.02690494470966542,
        0.026904944705082687,
        0.026904944704882736,
        0.0269049447229943
    ],
    "R end": 0.02690494465850507,
    "v end": 7.476001950633978e-09,
    "t end": 5808.902081013149,
    "v max": 215.4877148101239
}