{
    "star": "MS10",
    "grain": "sil",
    "stream": {
        "L4": 0.64,
        "eta": 0.0066,
        "vinf": 500.0,
        "n": 0.002511886431509582,
        "T": 8000.0,
        "kappa": 600.0,
        "cs": 10.19646997739904,
        "taustar": 7.13690620685236e-06,
        "Rstar": 0.7055247545729956,
        "Qp": 2.0,
        "a": 0.002,
        "rho_d": 3.5,
        "kappa_d": 2142857.1428571427,
        "drag_constant": 5.40372939550595e-07,
        "phi_norm": 0.7,
        "Rstarstar": 0.035966171428571427,
        "Upstarstar": 925286.89614959,
        "R0": 0.05732213749786793
    },
    "R sonic drift": 1.8881217525718474,
    "w sonic drift": 7.745966692414831,
    "R critical": 3.990524629937758,
    "w critical": 38.7741595142002,
    "R equilib drift": 0.8416247121430639,
    "w equilib drift": 500.0,
    "t min": [
        37041.97147997498
    ],
    "R min": [
        0.03626503813121235
    ],
    "t max": [
        84511.22839251069
    ],
    "R max": [
        9.547461750530234
    ],
    "R end": 1.5247701545560208,
    "v end": -211.6962141599185,
    "t end": 147695.26108442972,
    "v max": 470.6788666932984
}