{
    "star": "MS10",
    "grain": "gra",
    "stream": {
        "L4": 0.64,
        "eta": 0.0066,
        "vinf": 70.0,
        "n": 12589.254117941868,
        "T": 8000.0,
        "kappa": 600.0,
        "cs": 10.19646997739904,
        "taustar": 0.11412530563757202,
        "Rstar": 0.0022510452266006425,
        "Qp": 2.0,
        "a": 0.2,
        "rho_d": 2.2,
        "kappa_d": 34090.90909090909,
        "drag_constant": 1.784317672539134,
        "phi_norm": 1.0,
        "Rstarstar": 0.02919332096474953,
        "Upstarstar": 0.2802191603519154,
        "R0": 0.0005593000647916863
    },
    "R sonic drift": 0.0005321450119597618,
    "w sonic drift": 7.745966692414831,
    "R critical": 0.001191324287058021,
    "w critical": 43.32928075712418,
    "R equilib drift": 0.0011246826503806984,
    "w equilib drift": 70.0,
    "t min": [
        68.86159538890091,
        116.61277077515946,
        161.27171562581972,
        217.94278678784266
    ],
    "R min": [
        0.0004729979974307968,
        0.001090138956550992,
        0.001090140610694598,
        0.0010901406103312734
    ],
    "t max": [
        96.27540840641672,
        136.23654148184107,
        177.08966413484185
    ],
    "R max": [
        0.0010904355217737879,
        0.001090140622290829,
        0.001090140611296438
    ],
    "R end": 0.0010901406107517624,
    "v end": 2.2090859319729544e-08,
    "t end": 297.32985919214553,
    "v max": 123.55064244304486
}