{
    "star": "MS10",
    "grain": "sil",
    "stream": {
        "L4": 0.64,
        "eta": 0.0066,
        "vinf": 60.0,
        "n": 19952.623149689072,
        "T": 8000.0,
        "kappa": 600.0,
        "cs": 10.19646997739904,
        "taustar": 0.16762112196190132,
        "Rstar": 0.0020860802446519117,
        "Qp": 2.0,
        "a": 0.002,
        "rho_d": 3.5,
        "kappa_d": 2142857.1428571427,
        "drag_constant": 20699.91720515049,
        "phi_norm": 0.7,
        "Rstarstar": 2.497650793650793,
        "Upstarstar": 2.4154685984714548e-05,
        "R0": 0.0007022255834008903
    },
    "R sonic drift": 0.0006699308783156552,
    "w sonic drift": 7.745966692414831,
    "R critical": 0.0014158915687682763,
    "w critical": 38.7741595142002,
    "R equilib drift": 0.001347944957533187,
    "w equilib drift": 60.0,
    "t min": [
        100.61617182548025,
        308.9230900579198,
        348.22628217724804,
        379.31947416498326
    ],
    "R min": [
        0.00063655699170923,
        0.0013375460423777855,
        0.001337546043403364,
        0.001337546044197399
    ],
    "t max": [
        265.25287659199955,
        332.06830319485755,
        377.4853251994146
    ],
    "R max": [
        0.0013375460421883698,
        0.0013375460442442415,
        0.0013375460441662904
    ],
    "R end": 0.0013375460448723905,
    "v end": 4.4136057299672144e-08,
    "t end": 436.70213465920244,
    "v max": 116.6143021386366
}