{
    "star": "MS20",
    "grain": "gra",
    "stream": {
        "L4": 5.45,
        "eta": 0.1199,
        "vinf": 10.0,
        "n": 0.10000000000000041,
        "T": 9000.0,
        "kappa": 600.0,
        "cs": 10.814989597775858,
        "taustar": 0.0065703462618038775,
        "Rstar": 16.315129481557875,
        "Qp": 2.0,
        "a": 0.02,
        "rho_d": 2.2,
        "kappa_d": 340909.0909090908,
        "drag_constant": 32.60118510976253,
        "phi_norm": 1.5,
        "Rstarstar": 121.81369318181817,
        "Upstarstar": 0.015336865770878786,
        "R0": 5.757331376059143
    },
    "R sonic drift": 0.2992471312188869,
    "w sonic drift": 9.672835454459698,
    "R critical": 0.7096267784671515,
    "w critical": 48.41952977064848,
    "R equilib drift": 0.2992471312188869,
    "w equilib drift": 10.0,
    "t min": [
        319286.7756934182,
        336608.78551842767,
        352292.22684647684,
        380381.9725086544,
        405896.8248184656,
        452713.0675887616,
        751166.615249398
    ],
    "R min": [
        0.296712078424669,
        0.2967169286035558,
        0.29671692730275995,
        0.29671692900227514,
        0.29671692903643204,
        0.2967169291987862,
        0.29671692928724147
    ],
    "t max": [
        328181.86181977444,
        344333.4655755265,
        360485.0693312786,
        393724.60169818875,
        436327.382619158,
        522235.18810265104,
        919471.008008612
    ],
    "R max": [
        0.29671697924855095,
        0.2967169292558578,
        0.29671692925649995,
        0.296716928981064,
        0.29671692915555264,
        0.29671692925411847,
        0.2967169292591186
    ],
    "R end": 0.2967169292245266,
    "v end": -2.8886115507813e-10,
    "t end": 1170406.0692573981,
    "v max": 0.001233889334340744
}