{
    "star": "MS10",
    "grain": "gra",
    "stream": {
        "L4": 0.64,
        "eta": 0.0066,
        "vinf": 250.0,
        "n": 79.43282347242886,
        "T": 8000.0,
        "kappa": 600.0,
        "cs": 10.19646997739904,
        "taustar": 0.002538282671804919,
        "Rstar": 0.00793491450882345,
        "Qp": 2.0,
        "a": 0.2,
        "rho_d": 2.2,
        "kappa_d": 34090.90909090909,
        "drag_constant": 6.919971443811454e-05,
        "phi_norm": 1.0,
        "Rstarstar": 0.002288756363636364,
        "Upstarstar": 7225.463342730282,
        "R0": 0.0006650867076551208
    },
    "R sonic drift": 0.00669930878315656,
    "w sonic drift": 7.745966692414831,
    "R critical": 0.01499788418664912,
    "w critical": 43.32928075712418,
    "R equilib drift": 0.00632455532033676,
    "w equilib drift": 250.0,
    "t min": [
        263.06936591870385,
        602.0200947557908,
        876.1991629802247
    ],
    "R min": [
        0.001487371638504391,
        0.003981580965792822,
        0.005401493353305367
    ],
    "t max": [
        399.94928300628436,
        728.209543586914,
        1008.6771225504406
    ],
    "R max": [
        0.015690155769096166,
        0.007927748743419718,
        0.006622422347259577
    ],
    "R end": 0.006475836416408099,
    "v end": -6.499151872233794,
    "t end": 1048.085123182087,
    "v max": 200.56492079767747
}