{
    "star": "MS10",
    "grain": "gra",
    "stream": {
        "L4": 0.64,
        "eta": 0.0066,
        "vinf": 120.0,
        "n": 0.15848931924611206,
        "T": 8000.0,
        "kappa": 600.0,
        "cs": 10.19646997739904,
        "taustar": 0.00023621025452840892,
        "Rstar": 0.3700846009090773,
        "Qp": 2.0,
        "a": 0.02,
        "rho_d": 2.2,
        "kappa_d": 340909.0909090908,
        "drag_constant": 0.00026009940145040847,
        "phi_norm": 1.0,
        "Rstarstar": 0.09933838383838382,
        "Upstarstar": 1922.3419862245703,
        "R0": 0.03015335828328631
    },
    "R sonic drift": 0.14997884186649119,
    "w sonic drift": 7.745966692414831,
    "R critical": 0.33576080362451216,
    "w critical": 43.32928075712418,
    "R equilib drift": 0.23323629257037254,
    "w equilib drift": 120.0,
    "t min": [
        12201.12566549104,
        38118.741161658305
    ],
    "R min": [
        0.05015319103170803,
        0.14214937952258969
    ],
    "t max": [
        22720.685934776582,
        47377.127383789724
    ],
    "R max": [
        0.6150147080757148,
        0.29963767841928823
    ],
    "R end": 0.29484587673228113,
    "v end": -6.042414911316664,
    "t end": 48882.71500597372,
    "v max": 109.51835665809021
}