{
    "star": "MS20",
    "grain": "gra",
    "stream": {
        "L4": 5.45,
        "eta": 0.1199,
        "vinf": 120.0,
        "n": 19.952623149688993,
        "T": 9000.0,
        "kappa": 600.0,
        "cs": 10.814989597775858,
        "taustar": 0.007734050646641473,
        "Rstar": 0.09625189281791857,
        "Qp": 2.0,
        "a": 0.02,
        "rho_d": 2.2,
        "kappa_d": 340909.0909090908,
        "drag_constant": 0.3136955829129731,
        "phi_norm": 1.5,
        "Rstarstar": 0.8459284248737371,
        "Upstarstar": 1.5939019458195953,
        "R0": 0.034079387416361406
    },
    "R sonic drift": 0.021185074503545776,
    "w sonic drift": 9.672835454459698,
    "R critical": 0.05023772863019165,
    "w critical": 48.41952977064848,
    "R equilib drift": 0.039155802513915046,
    "w equilib drift": 120.0,
    "t min": [
        1586.7384418631548,
        4296.208261650369,
        4642.83258620011,
        4858.2644373146895,
        5167.602479940752,
        5458.9878683072675,
        5874.66086308604,
        6504.384735574812
    ],
    "R min": [
        0.019438486187385008,
        0.03755164765915724,
        0.037551647659121314,
        0.03755164770499093,
        0.037551647672163714,
        0.03755164767879506,
        0.03755164756540729,
        0.0375516476575928
    ],
    "t max": [
        4165.015788215209,
        4472.972857436691,
        4786.453820276497,
        5017.076378841463,
        5312.60468742172,
        5595.704235360751,
        6286.190937651071
    ],
    "R max": [
        0.03755164764941868,
        0.03755164771947241,
        0.037551647683164574,
        0.03755164774073469,
        0.03755164772351766,
        0.037551647719324364,
        0.037551647697565076
    ],
    "R end": 0.03755164770575406,
    "v end": 6.466734288526196e-07,
    "t end": 6904.867022903197,
    "v max": 149.34221896588951
}