{
    "star": "MS20",
    "grain": "gra",
    "stream": {
        "L4": 5.45,
        "eta": 0.1199,
        "vinf": 40.0,
        "n": 0.03981071705534985,
        "T": 9000.0,
        "kappa": 600.0,
        "cs": 10.814989597775858,
        "taustar": 0.0010364020574157842,
        "Rstar": 6.464434412360676,
        "Qp": 2.0,
        "a": 0.02,
        "rho_d": 2.2,
        "kappa_d": 340909.0909090908,
        "drag_constant": 0.05069830297163418,
        "phi_norm": 1.5,
        "Rstarstar": 7.6133558238636345,
        "Upstarstar": 9.862263048129073,
        "R0": 2.2451198750491916
    },
    "R sonic drift": 0.4742747411323311,
    "w sonic drift": 9.672835454459698,
    "R critical": 1.1246826503806984,
    "w critical": 48.41952977064848,
    "R equilib drift": 1.0023744672545452,
    "w equilib drift": 40.0,
    "t min": [
        110092.38709734539,
        201727.8365094576,
        293270.5374909908,
        384813.238472524
    ],
    "R min": [
        0.3972978412541711,
        0.3971928669905113,
        0.3972224196007738,
        0.39727584071927824
    ],
    "t max": [
        148861.23107939286,
        240403.93206092602,
        331946.63304245926,
        423489.3340239924
    ],
    "R max": [
        2.254689017926252,
        2.25468731601723,
        2.254683135974018,
        2.25467646473687
    ],
    "R end": 0.8222218464656751,
    "v end": -37.291042518238065,
    "t end": 463742.1528953049,
    "v max": 88.26868991420577
}