{
    "star": "MS20",
    "grain": "gra",
    "stream": {
        "L4": 5.45,
        "eta": 0.1199,
        "vinf": 500.0,
        "n": 31.622776601684052,
        "T": 9000.0,
        "kappa": 600.0,
        "cs": 10.814989597775858,
        "taustar": 0.0023367822948384127,
        "Rstar": 0.01834934306662274,
        "Qp": 2.0,
        "a": 0.02,
        "rho_d": 2.2,
        "kappa_d": 340909.0909090908,
        "drag_constant": 0.0016495039898818625,
        "phi_norm": 1.5,
        "Rstarstar": 0.04872547727272727,
        "Upstarstar": 303.12142502656803,
        "R0": 0.006396737798921601
    },
    "R sonic drift": 0.016827902832903904,
    "w sonic drift": 9.672835454459698,
    "R critical": 0.039905246299377625,
    "w critical": 48.41952977064848,
    "R equilib drift": 0.014158915687682763,
    "w equilib drift": 500.0,
    "t min": [
        319.0797009585613,
        420.17425967810544,
        521.2688183976496,
        623.1531783571902,
        725.0375383167308,
        826.6586311962726,
        928.5429911558132,
        1030.164084035355,
        1132.5749781548932,
        1237.092008914422,
        1314.492530434073
    ],
    "R min": [
        0.010300500741781387,
        0.013235353764163032,
        0.013781759067996781,
        0.013871439070615646,
        0.013885519457762886,
        0.01388771271344264,
        0.013888054018970478,
        0.013888107297084552,
        0.013888115491132787,
        0.01388811654088992,
        0.013888116577635851
    ],
    "t max": [
        365.15143995835354,
        469.93173779788106,
        572.0793648374205,
        673.9637247969612,
        775.8480847565017,
        877.7324447160423,
        979.3535375955842,
        1081.7644317151223,
        1187.3345307946463,
        1274.4759342742534
    ],
    "R max": [
        0.016032008869822166,
        0.014167277069837728,
        0.013930624442620177,
        0.013894707693685487,
        0.013889141945548024,
        0.01388827597788528,
        0.013888141009961804,
        0.01388812029734967,
        0.013888117055459125,
        0.013888116730290967
    ],
    "R end": 0.013888116573951295,
    "v end": 1.1463498008701508e-06,
    "t end": 1316.3353999940646,
    "v max": 201.1251963730186
}