{
    "star": "MS20",
    "grain": "gra",
    "stream": {
        "L4": 5.45,
        "eta": 0.1199,
        "vinf": 100.0,
        "n": 2.5118864315095975,
        "T": 9000.0,
        "kappa": 600.0,
        "cs": 10.814989597775858,
        "taustar": 0.0032929736669267797,
        "Rstar": 0.32552963018390135,
        "Qp": 2.0,
        "a": 0.02,
        "rho_d": 2.2,
        "kappa_d": 340909.0909090908,
        "drag_constant": 0.08189047452834487,
        "phi_norm": 1.5,
        "Rstarstar": 1.2181369318181816,
        "Upstarstar": 6.1057162372033185,
        "R0": 0.11379558862227923
    },
    "R sonic drift": 0.05970765237835921,
    "w sonic drift": 9.672835454459698,
    "R critical": 0.14158915687682763,
    "w critical": 48.41952977064848,
    "R equilib drift": 0.1191324287058022,
    "w equilib drift": 100.0,
    "t min": [
        5413.149191577927,
        8392.950040781308,
        11937.88553379912,
        15557.54957475934,
        17832.09975275628,
        20139.343670478018,
        22936.99368407179
    ],
    "R min": [
        0.05211440576887428,
        0.11634249431088113,
        0.11658949267540186,
        0.11658992484411893,
        0.11658992595044032,
        0.11658992600949418,
        0.11658992591449899
    ],
    "t max": [
        6594.794355917199,
        10163.082520167014,
        13708.01801318483,
        16720.512602113013,
        18934.345834906744,
        21475.1164649485
    ],
    "R max": [
        0.12243931343921752,
        0.1166002674247005,
        0.11658994434103884,
        0.11658992661500697,
        0.11658992618599823,
        0.11658992607799595
    ],
    "R end": 0.11658992598652718,
    "v end": 5.615144328467882e-07,
    "t end": 23352.671232001416,
    "v max": 136.24454550975605
}