{
    "star": "MS10",
    "grain": "gra",
    "stream": {
        "L4": 0.64,
        "eta": 0.0066,
        "vinf": 60.0,
        "n": 25118.86431509618,
        "T": 8000.0,
        "kappa": 600.0,
        "cs": 10.19646997739904,
        "taustar": 0.18807399217205356,
        "Rstar": 0.0018592209750682887,
        "Qp": 2.0,
        "a": 0.2,
        "rho_d": 2.2,
        "kappa_d": 34090.90909090909,
        "drag_constant": 6.595676331551472,
        "phi_norm": 1.0,
        "Rstarstar": 0.03973535353535353,
        "Upstarstar": 0.07580723717568887,
        "R0": 0.0006862141344604664
    },
    "R sonic drift": 0.0003767298178979601,
    "w sonic drift": 7.745966692414831,
    "R critical": 0.0008433930068571646,
    "w critical": 43.32928075712418,
    "R equilib drift": 0.0008433930068571646,
    "w equilib drift": 60.0,
    "t min": [
        56.82620705703815,
        81.48200303165626,
        98.9178746870137,
        116.35374634237112,
        125.4400456557264,
        136.98210154025878,
        151.32371991593305,
        165.66533829160733,
        190.66494018619025,
        217.87472299483252,
        237.2260847757081
    ],
    "R min": [
        0.00034256461949401745,
        0.000807573186533992,
        0.0008077005560307532,
        0.0008077013127611943,
        0.000807701316539546,
        0.0008077013162293916,
        0.0008077013172111875,
        0.0008077013167967153,
        0.0008077013152149319,
        0.0008077013155490544,
        0.0008077013170215947
    ],
    "t max": [
        72.83773990111285,
        90.17538129362322,
        107.61125294898062,
        121.85464106180783,
        130.30244366665707,
        144.20202585951947,
        158.05249292095831,
        176.76535799332783,
        204.76098290474678,
        232.2163413705068,
        243.95485778073333
    ],
    "R max": [
        0.0008092913502598377,
        0.0008077111714315074,
        0.0008077013765081121,
        0.0008077013175765676,
        0.0008077013174663664,
        0.0008077013175275244,
        0.0008077013175830865,
        0.0008077013179413365,
        0.0008077013172764674,
        0.0008077013188786911,
        0.0008077013181393018
    ],
    "R end": 0.0008077013181807353,
    "v end": -1.1835930358179715e-07,
    "t end": 245.57565711771025,
    "v max": 134.51069476030054
}