{
    "star": "MS10",
    "grain": "sil",
    "stream": {
        "L4": 0.64,
        "eta": 0.0066,
        "vinf": 250.0,
        "n": 0.0031622776601683824,
        "T": 8000.0,
        "kappa": 600.0,
        "cs": 10.19646997739904,
        "taustar": 1.601548094142115e-05,
        "Rstar": 1.2575991987795256,
        "Qp": 2.0,
        "a": 0.02,
        "rho_d": 3.5,
        "kappa_d": 214285.71428571426,
        "drag_constant": 1.0884627607138524e-07,
        "phi_norm": 0.7,
        "Rstarstar": 0.01438646857142857,
        "Upstarstar": 4593634.417700083,
        "R0": 0.10218798490010063
    },
    "R sonic drift": 1.6827902832903914,
    "w sonic drift": 7.745966692414831,
    "R critical": 3.556558820077846,
    "w critical": 38.7741595142002,
    "R equilib drift": 1.295495795811018,
    "w equilib drift": 250.0,
    "t min": [
        65974.73024770255
    ],
    "R min": [
        0.014331440884462969
    ],
    "t max": [],
    "R max": [],
    "R end": 38.657152746678825,
    "v end": 144.22968161327495,
    "t end": 263267.0799988131,
    "v max": 245.90235394998527
}