{
    "star": "MS40",
    "grain": "gra",
    "stream": {
        "L4": 22.2,
        "eta": 0.4468,
        "vinf": 60.0,
        "n": 0.07943282347242846,
        "T": 10000.0,
        "kappa": 600.0,
        "cs": 11.4,
        "taustar": 0.00196976875143712,
        "Rstar": 6.157685595234126,
        "Qp": 2.0,
        "a": 0.02,
        "rho_d": 2.2,
        "kappa_d": 340909.0909090908,
        "drag_constant": 0.09043620901497108,
        "phi_norm": 1.5,
        "Rstarstar": 13.78320075757575,
        "Upstarstar": 5.528758950048742,
        "R0": 4.1281189700499485
    },
    "R sonic drift": 0.669930878315656,
    "w sonic drift": 8.6559494714014,
    "R critical": 1.4997884186649117,
    "w critical": 48.41952977064848,
    "R equilib drift": 1.4997884186649117,
    "w equilib drift": 60.0,
    "t min": [
        102537.66121798086,
        158086.1727466315,
        213722.02470221394,
        269270.5362308646,
        324906.38818644703,
        380454.8997150977,
        436090.7516706801
    ],
    "R min": [
        0.5560952077177038,
        0.5562771009307897,
        0.5560861431824908,
        0.556259221973834,
        0.5560777619005876,
        0.5562419749107127,
        0.5560700608168218
    ],
    "t max": [
        126905.6403319644,
        182541.49228754683,
        238090.00381619748,
        293725.8557717799,
        349274.36730043055,
        404910.219256013
    ],
    "R max": [
        2.05292674496254,
        2.052934990560528,
        2.0529276182677796,
        2.052935185317851,
        2.0529284157946512,
        2.052935480103596
    ],
    "R end": 0.5668083176379841,
    "v end": 35.95654023323327,
    "t end": 436702.134659203,
    "v max": 121.28443685125303
}