{
    "star": "MS20",
    "grain": "gra",
    "stream": {
        "L4": 5.45,
        "eta": 0.1199,
        "vinf": 140.0,
        "n": 316.2277660168418,
        "T": 9000.0,
        "kappa": 600.0,
        "cs": 10.814989597775858,
        "taustar": 0.02639126588444474,
        "Rstar": 0.020723470592266608,
        "Qp": 2.0,
        "a": 0.02,
        "rho_d": 2.2,
        "kappa_d": 340909.0909090908,
        "drag_constant": 2.683621391285321,
        "phi_norm": 1.5,
        "Rstarstar": 0.621498434601113,
        "Upstarstar": 0.18631540262112944,
        "R0": 0.007737800574503566
    },
    "R sonic drift": 0.0053214501195976175,
    "w sonic drift": 9.672835454459698,
    "R critical": 0.012619146889603867,
    "w critical": 48.41952977064848,
    "R equilib drift": 0.008876338514234887,
    "w equilib drift": 140.0,
    "t min": [
        338.9560394790459,
        1076.3340902755667
    ],
    "R min": [
        0.0050905525146296825,
        0.008629062130145106
    ],
    "t max": [
        1065.9275452038416,
        1324.9018525602003
    ],
    "R max": [
        0.008629062128890861,
        0.008629062151139302
    ],
    "R end": 0.008629062137706655,
    "v end": -1.2259704758512245e-07,
    "t end": 1486.6492959607276,
    "v max": 158.67103271477126
}