{
    "star": "MS40",
    "grain": "gra",
    "stream": {
        "L4": 22.2,
        "eta": 0.4468,
        "vinf": 80.0,
        "n": 2511.886431509613,
        "T": 10000.0,
        "kappa": 600.0,
        "cs": 11.4,
        "taustar": 0.2627099409914043,
        "Rstar": 0.025970408082970995,
        "Qp": 2.0,
        "a": 0.02,
        "rho_d": 2.2,
        "kappa_d": 340909.0909090908,
        "drag_constant": 904.8725265041983,
        "phi_norm": 1.5,
        "Rstarstar": 7.753050426136362,
        "Upstarstar": 0.0005525640190797417,
        "R0": 0.023611501910042153
    },
    "R sonic drift": 0.0037672981789796047,
    "w sonic drift": 8.6559494714014,
    "R critical": 0.008433930068571646,
    "w critical": 48.41952977064848,
    "R equilib drift": 0.007962143411069949,
    "w equilib drift": 80.0,
    "t min": [
        422.51291807102086,
        1073.7795607471892,
        1129.4024470843506,
        1217.0729566753732,
        1293.3241982104223,
        1369.207076259795,
        1447.6684987089034,
        1527.9717385863948,
        1611.2218863492985,
        1685.2629469702883,
        1694.1036706265259,
        1699.997486397351,
        1733.5185635939183,
        1760.7774615339843
    ],
    "R min": [
        0.003558952232984744,
        0.007910551208855553,
        0.007910551209803541,
        0.00791055121342295,
        0.007910551209286128,
        0.007910551206537619,
        0.007910551207419457,
        0.007910551209266026,
        0.007910551213268727,
        0.007910551212561349,
        0.007910551212703109,
        0.007910551212481985,
        0.00791055121615903,
        0.00791055121522853
    ],
    "t max": [
        1053.8879325206547,
        1109.1424553721395,
        1175.8162462795979,
        1248.752216443558,
        1330.160546778079,
        1410.4637866555704,
        1486.7150281906193,
        1610.4851593779456,
        1613.0637037776814,
        1692.2618531981432,
        1694.4720341122024,
        1719.520751138209,
        1738.6756523933902,
        1834.081795183621
    ],
    "R max": [
        0.00791055120687673,
        0.007910551209283079,
        0.00791055121781585,
        0.00791055121807185,
        0.007910551213329993,
        0.007910551211168076,
        0.0079105512132753,
        0.007910551213427555,
        0.007910551213575435,
        0.007910551212951786,
        0.007910551212718291,
        0.00791055121926881,
        0.007910551216976994,
        0.007910551218628447
    ],
    "R end": 0.00791055121648656,
    "v end": -1.2831943218291748e-07,
    "t end": 1841.8174283828287,
    "v max": 243.7436954890149
}