{
    "star": "MS10",
    "grain": "gra",
    "stream": {
        "L4": 0.64,
        "eta": 0.0066,
        "vinf": 250.0,
        "n": 100000.00000000163,
        "T": 8000.0,
        "kappa": 600.0,
        "cs": 10.19646997739904,
        "taustar": 0.09006166776159619,
        "Rstar": 0.00022363627612710595,
        "Qp": 2.0,
        "a": 0.2,
        "rho_d": 2.2,
        "kappa_d": 34090.90909090909,
        "drag_constant": 0.08711727899504274,
        "phi_norm": 1.0,
        "Rstarstar": 0.0022887563636363635,
        "Upstarstar": 5.739389542095911,
        "R0": 4.6616218136087646e-05
    },
    "R sonic drift": 0.00020000000000000004,
    "w sonic drift": 6.557178316607908,
    "R critical": 0.0004226978079673296,
    "w critical": 43.32928075712418,
    "R equilib drift": 0.00020000000000000004,
    "w equilib drift": 250.0,
    "t min": [
        7.352997508251581,
        14.399359375733521,
        15.475713053537158,
        16.364330624747133,
        17.766093553979776,
        18.385622705738843,
        20.294273122774364,
        21.070249030028148,
        23.792422575636177
    ],
    "R min": [
        0.00015182604145738145,
        0.00017359127276905597,
        0.00017359127333407487,
        0.0001735912730553291,
        0.00017359127322286053,
        0.00017359127317254392,
        0.0001735912734518522,
        0.0001735912734801039,
        0.00017359127329483483
    ],
    "t max": [
        13.798603834633818,
        15.012630657272801,
        15.769832953867219,
        17.459457913210134,
        17.85370373705682,
        20.194147199257745,
        20.39439904629098,
        21.251727266402014
    ],
    "R max": [
        0.00017359127258880647,
        0.00017359127341066567,
        0.0001735912731797583,
        0.0001735912732172432,
        0.00017359127321783338,
        0.0001735912734590168,
        0.00017359127346408667,
        0.00017359127347638584
    ],
    "R end": 0.000173591273335082,
    "v end": 9.429295815687644e-09,
    "t end": 31.289351098942895,
    "v max": 40.65613017304614
}