{
    "star": "MS10",
    "grain": "gra",
    "stream": {
        "L4": 0.64,
        "eta": 0.0066,
        "vinf": 50.0,
        "n": 0.012589254117941701,
        "T": 8000.0,
        "kappa": 600.0,
        "cs": 10.19646997739904,
        "taustar": 0.0001597754278925998,
        "Rstar": 3.151463317240921,
        "Qp": 2.0,
        "a": 0.2,
        "rho_d": 2.2,
        "kappa_d": 34090.90909090909,
        "drag_constant": 6.85463477082625e-06,
        "phi_norm": 1.0,
        "Rstarstar": 0.057218909090909105,
        "Upstarstar": 72943.34661388976,
        "R0": 0.25653010518048336
    },
    "R sonic drift": 0.5321450119597623,
    "w sonic drift": 7.745966692414831,
    "R critical": 1.191324287058022,
    "w critical": 43.32928075712418,
    "R equilib drift": 1.191324287058022,
    "w equilib drift": 50.0,
    "t min": [
        105563.99320757943
    ],
    "R min": [
        0.0506595486586219
    ],
    "t max": [],
    "R max": [],
    "R end": 14.298823440058355,
    "v end": 41.10093691920146,
    "t end": 416261.80286900414,
    "v max": 49.65804744364037
}