{
    "star": "MS20",
    "grain": "gra",
    "stream": {
        "L4": 5.45,
        "eta": 0.1199,
        "vinf": 170.0,
        "n": 0.002511886431509582,
        "T": 9000.0,
        "kappa": 600.0,
        "cs": 10.814989597775858,
        "taustar": 6.125468860261924e-05,
        "Rstar": 6.0553828073731095,
        "Qp": 2.0,
        "a": 0.02,
        "rho_d": 2.2,
        "kappa_d": 340909.0909090908,
        "drag_constant": 9.80477658652846e-06,
        "phi_norm": 1.5,
        "Rstarstar": 0.42150066844919776,
        "Upstarstar": 50995.55258474616,
        "R0": 2.0971428804693026
    },
    "R sonic drift": 1.8881217525718474,
    "w sonic drift": 9.672835454459698,
    "R critical": 4.477442277136685,
    "w critical": 48.41952977064848,
    "R equilib drift": 2.8250750892455114,
    "w equilib drift": 170.0,
    "t min": [
        109555.13189850935
    ],
    "R min": [
        0.3161223224296465
    ],
    "t max": [
        409550.2710305893
    ],
    "R max": [
        20.971101425864276
    ],
    "R end": 20.87245660898556,
    "v end": -7.6999764735085305,
    "t end": 434397.82671891106,
    "v max": 160.155480750941
}