{
    "star": "MS10",
    "grain": "sil",
    "stream": {
        "L4": 0.64,
        "eta": 0.0066,
        "vinf": 140.0,
        "n": 0.010000000000000021,
        "T": 8000.0,
        "kappa": 600.0,
        "cs": 10.19646997739904,
        "taustar": 5.085714285714291e-05,
        "Rstar": 1.2628571428571413,
        "Qp": 2.0,
        "a": 0.002,
        "rho_d": 3.5,
        "kappa_d": 2142857.1428571427,
        "drag_constant": 0.00034999469948745896,
        "phi_norm": 0.7,
        "Rstarstar": 0.4587521865889212,
        "Upstarstar": 1428.5930636441421,
        "R0": 0.10265924442438654
    },
    "R sonic drift": 0.9463025179229617,
    "w sonic drift": 7.745966692414831,
    "R critical": 2.0000000000000004,
    "w critical": 38.7741595142002,
    "R equilib drift": 1.1174648119257573,
    "w equilib drift": 140.0,
    "t min": [
        66250.56649387298,
        160894.23291369152,
        242795.37217866298
    ],
    "R min": [
        0.2631708404727238,
        0.7828328691358812,
        1.0156624407476083
    ],
    "t max": [
        103526.4239385501,
        199016.0672649145
    ],
    "R max": [
        2.399941853368008,
        1.2939742909114418
    ],
    "R end": 1.0924727136496988,
    "v end": 4.350507534153624,
    "t end": 264367.7832955825,
    "v max": 114.06701467037223
}