{
    "star": "MS40",
    "grain": "gra",
    "stream": {
        "L4": 22.2,
        "eta": 0.4468,
        "vinf": 20.0,
        "n": 0.501187233627275,
        "T": 10000.0,
        "kappa": 600.0,
        "cs": 11.4,
        "taustar": 0.01484350619983942,
        "Rstar": 7.35425636843005,
        "Qp": 2.0,
        "a": 0.02,
        "rho_d": 2.2,
        "kappa_d": 340909.0909090908,
        "drag_constant": 46.219726130803,
        "phi_norm": 1.5,
        "Rstarstar": 124.04880681818177,
        "Upstarstar": 0.010817891879865045,
        "R0": 5.02506377820341
    },
    "R sonic drift": 0.26670428643266486,
    "w sonic drift": 8.6559494714014,
    "R critical": 0.5970765237835921,
    "w critical": 48.41952977064848,
    "R equilib drift": 0.31843746817482943,
    "w equilib drift": 20.0,
    "t min": [
        125800.93617110407,
        164083.6422861913,
        202262.03585055622,
        240544.74196564345,
        278827.4480807306,
        317110.1541958179,
        355392.8603109051,
        393675.5664259923,
        431958.27254107955,
        470240.97865616676,
        508419.3722205317
    ],
    "R min": [
        0.24840995953081624,
        0.24838983821538693,
        0.24876109836939644,
        0.2486862239823611,
        0.24861659083506432,
        0.24855314658167255,
        0.2484971239458883,
        0.24845010563531958,
        0.24841413237349697,
        0.24839177999424134,
        0.24877240390671387
    ],
    "t max": [
        132059.68921444257,
        170238.0827788075,
        208520.78889389473,
        246803.49500898193,
        285086.20112406916,
        323368.9072391564,
        361651.61335424363,
        399934.31946933083,
        438217.0255844181,
        476395.41914878297,
        514678.12526387017
    ],
    "R max": [
        0.7926318722206904,
        0.7921146001471324,
        0.792230453533564,
        0.7923340128690051,
        0.7924243283426944,
        0.7925004175837124,
        0.7925610569134727,
        0.7926048408582806,
        0.7926298931692821,
        0.7920967325235124,
        0.7922143419854843
    ],
    "R end": 0.6641112336356886,
    "v end": -18.457140271856147,
    "t end": 521562.7536115425,
    "v max": 158.39150179519538
}