{
    "star": "MS10",
    "grain": "gra",
    "stream": {
        "L4": 0.64,
        "eta": 0.0066,
        "vinf": 500.0,
        "n": 7943.282347242919,
        "T": 8000.0,
        "kappa": 600.0,
        "cs": 10.19646997739904,
        "taustar": 0.012691413359024621,
        "Rstar": 0.00039674572544117165,
        "Qp": 2.0,
        "a": 0.02,
        "rho_d": 2.2,
        "kappa_d": 340909.0909090908,
        "drag_constant": 0.04324982152382174,
        "phi_norm": 1.0,
        "Rstarstar": 0.005721890909090908,
        "Upstarstar": 11.560741348368412,
        "R0": 3.765097963341167e-05
    },
    "R sonic drift": 0.0006699308783156552,
    "w sonic drift": 7.745966692414831,
    "R critical": 0.001499788418664912,
    "w critical": 43.32928075712418,
    "R equilib drift": 0.0004218115612313317,
    "w equilib drift": 500.0,
    "t min": [
        17.754561986704534,
        18.7921662586548,
        19.599191803505008,
        20.49006415820978,
        21.422859917841837,
        22.638638660733054,
        23.802013147465175,
        26.537515318970417,
        32.63737073589016
    ],
    "R min": [
        0.0004010112056368445,
        0.00040101120333731676,
        0.00040101120431889476,
        0.0004010112038356623,
        0.00040101120440099694,
        0.0004010112044429905,
        0.0004010112046093532,
        0.00040101120292104184,
        0.0004010112046225728
    ],
    "t max": [
        18.247161994600116,
        19.232362010391277,
        19.945059894155094,
        20.97218331487354,
        21.904979074505597,
        23.236047180946844,
        25.300774873615556,
        27.763774913093457,
        45.22487306530701
    ],
    "R max": [
        0.00040101120694138644,
        0.00040101120597781526,
        0.00040101120511719536,
        0.00040101120489497864,
        0.0004010112047754696,
        0.00040101120460794544,
        0.0004010112046095307,
        0.00040101120435814044,
        0.0004010112046491
    ],
    "R end": 0.0004010112046157785,
    "v end": -7.449506359613949e-09,
    "t end": 52.4042561591043,
    "v max": 1.1497369103037758e-05
}