{
    "star": "MS10",
    "grain": "sil",
    "stream": {
        "L4": 0.64,
        "eta": 0.0066,
        "vinf": 10.0,
        "n": 0.001,
        "T": 8000.0,
        "kappa": 600.0,
        "cs": 10.19646997739904,
        "taustar": 0.00022515416940398862,
        "Rstar": 55.90906903177695,
        "Qp": 2.0,
        "a": 0.02,
        "rho_d": 3.5,
        "kappa_d": 214285.71428571426,
        "drag_constant": 0.013445396375510201,
        "phi_norm": 0.7,
        "Rstarstar": 8.991542857142857,
        "Upstarstar": 37.18744959506832,
        "R0": 4.5546796120019675
    },
    "R sonic drift": 2.992471312188866,
    "w sonic drift": 7.745966692414831,
    "R critical": 6.32455532033676,
    "w critical": 38.7741595142002,
    "R equilib drift": 2.992471312188866,
    "w equilib drift": 10.0,
    "t min": [
        3106257.707809132,
        4389022.7597152395,
        5596881.823188873,
        6771969.5167233,
        7930671.525288124,
        9080010.285298888,
        10224667.421032622,
        11364642.932489328
    ],
    "R min": [
        2.2336079651724545,
        2.3748905577265496,
        2.4627004620439097,
        2.526775145820993,
        2.576905229423562,
        2.617618438171055,
        2.651398794325833,
        2.679823535673957
    ],
    "t max": [
        3731254.548792583,
        4983589.042897997,
        6177403.233540542,
        7347809.302797941,
        8501829.687085733,
        9648827.634957982,
        10791143.958553202
    ],
    "R max": [
        4.100195137365322,
        3.6232413450131316,
        3.403753865232703,
        3.271798238356385,
        3.182135707980598,
        3.116873922974058,
        3.06726849687147
    ],
    "R end": 2.9107430241999754,
    "v end": 0.888195093770054,
    "t end": 11704060.692573972,
    "v max": 4.553478911731986
}