{
    "star": "MS40",
    "grain": "gra",
    "stream": {
        "L4": 22.2,
        "eta": 0.4468,
        "vinf": 80.0,
        "n": 0.001584893192461114,
        "T": 10000.0,
        "kappa": 600.0,
        "cs": 11.4,
        "taustar": 0.00020867792367222103,
        "Rstar": 32.69480669031704,
        "Qp": 2.0,
        "a": 0.02,
        "rho_d": 2.2,
        "kappa_d": 340909.0909090908,
        "drag_constant": 0.000570935966416165,
        "phi_norm": 1.5,
        "Rstarstar": 7.753050426136362,
        "Upstarstar": 875.7549522384465,
        "R0": 21.86104508493168
    },
    "R sonic drift": 4.742747411323311,
    "w sonic drift": 8.6559494714014,
    "R critical": 10.617688884619781,
    "w critical": 48.41952977064848,
    "R equilib drift": 10.023744672545451,
    "w equilib drift": 80.0,
    "t min": [
        569939.1059083297,
        1793754.6473990395
    ],
    "R min": [
        2.3880981663889167,
        2.388037131511808
    ],
    "t max": [
        1151935.5077919373
    ],
    "R max": [
        28.56906739100505
    ],
    "R end": 28.362006009500092,
    "v end": 7.128035223235678,
    "t end": 2318710.764476524,
    "v max": 91.08456695085215
}