{
    "star": "MS20",
    "grain": "gra",
    "stream": {
        "L4": 5.45,
        "eta": 0.1199,
        "vinf": 250.0,
        "n": 31622.776601684312,
        "T": 9000.0,
        "kappa": 600.0,
        "cs": 10.814989597775858,
        "taustar": 0.14779108895289084,
        "Rstar": 0.0011605143531669276,
        "Qp": 2.0,
        "a": 0.02,
        "rho_d": 2.2,
        "kappa_d": 340909.0909090908,
        "drag_constant": 26.392063838110026,
        "phi_norm": 1.5,
        "Rstarstar": 0.194901909090909,
        "Upstarstar": 0.018945089064160356,
        "R0": 0.0005914600104241238
    },
    "R sonic drift": 0.0005321450119597618,
    "w sonic drift": 9.672835454459698,
    "R critical": 0.0012619146889603862,
    "w critical": 48.41952977064848,
    "R equilib drift": 0.000632455532033676,
    "w equilib drift": 250.0,
    "t min": [
        18.86498490602325,
        45.522390761754245,
        47.970010162623986,
        50.91714372693653,
        53.864277291249074,
        56.528352829610704,
        57.760487766102955,
        60.04160244582509,
        60.141505278513655,
        60.24140811120222,
        60.42456330446457,
        66.7683931801882,
        71.83013670307528
    ],
    "R min": [
        0.00051965460857554,
        0.0006088681405762085,
        0.0006088681404870501,
        0.0006088681396970681,
        0.0006088681406841909,
        0.0006088681413968802,
        0.0006088681411185175,
        0.0006088681405188966,
        0.0006088681405597567,
        0.0006088681405259385,
        0.0006088681405739495,
        0.0006088681406269025,
        0.0006088681403966577
    ],
    "t max": [
        44.506711962753876,
        46.954331363623616,
        49.40195076449336,
        52.74869565956014,
        55.49602355849557,
        57.11111935362731,
        58.293302873775275,
        60.12485480639889,
        60.17480622274318,
        60.32466047177601,
        63.15524073128524,
        68.33353755897565,
        80.27192606525867
    ],
    "R max": [
        0.000608868140499021,
        0.0006088681404770527,
        0.0006088681407163315,
        0.0006088681404391922,
        0.0006088681417831079,
        0.0006088681418032455,
        0.0006088681415058317,
        0.0006088681405598938,
        0.0006088681405574448,
        0.0006088681405748493,
        0.000608868141223662,
        0.0006088681404606507,
        0.0006088681406608375
    ],
    "R end": 0.0006088681407018946,
    "v end": -2.6891254775339017e-08,
    "t end": 83.25236057380073,
    "v max": 78.60484976456121
}