{
    "star": "MS10",
    "grain": "gra",
    "stream": {
        "L4": 0.64,
        "eta": 0.0066,
        "vinf": 50.0,
        "n": 0.501187233627275,
        "T": 8000.0,
        "kappa": 600.0,
        "cs": 10.19646997739904,
        "taustar": 0.0010081147969630152,
        "Rstar": 0.4994732757786047,
        "Qp": 2.0,
        "a": 0.2,
        "rho_d": 2.2,
        "kappa_d": 34090.90909090909,
        "drag_constant": 0.0002728879253791266,
        "phi_norm": 1.0,
        "Rstarstar": 0.057218909090909105,
        "Upstarstar": 1832.2540262832945,
        "R0": 0.041084008894129616
    },
    "R sonic drift": 0.08433930068571646,
    "w sonic drift": 7.745966692414831,
    "R critical": 0.18881217525718474,
    "w critical": 43.32928075712418,
    "R equilib drift": 0.18881217525718474,
    "w equilib drift": 50.0,
    "t min": [
        16625.208540746593
    ],
    "R min": [
        0.028967462379670125
    ],
    "t max": [],
    "R max": [],
    "R end": 1.413636949888187,
    "v end": 7.4544840394077685,
    "t end": 65973.04976486744,
    "v max": 54.392203545607444
}