{
    "star": "MS10",
    "grain": "gra",
    "stream": {
        "L4": 0.64,
        "eta": 0.0066,
        "vinf": 80.0,
        "n": 99.99999999999488,
        "T": 8000.0,
        "kappa": 600.0,
        "cs": 10.19646997739904,
        "taustar": 0.008899999999999771,
        "Rstar": 0.022100000000000564,
        "Qp": 2.0,
        "a": 0.02,
        "rho_d": 2.2,
        "kappa_d": 340909.0909090908,
        "drag_constant": 0.8308151149276426,
        "phi_norm": 1.0,
        "thetaB": 0.0,
        "b_hat": [
            1.0,
            0.0,
            0.0
        ],
        "Rstarstar": 0.2235113636363635,
        "Upstarstar": 0.6018186128493174,
        "R0": 0.0020026683845751504
    },
    "R sonic drift": 0.005970765237835921,
    "w sonic drift": 8.188326831331352,
    "R critical": 0.0133668783513723,
    "w critical": 45.80374875007897,
    "R equilib drift": 0.011886516673566959,
    "w equilib drift": 80.0,
    "t min": [
        676.059832166441,
        1293.1541694720786,
        1512.0854622720917,
        1583.3111095296963,
        1675.5541608961016,
        1892.734003353715,
        1997.2372071169214,
        2132.6827002625296,
        2208.578881766534,
        2312.4982687489405
    ],
    "R min": [
        0.0052749488612270825,
        0.011396810817029448,
        0.01139681108545578,
        0.01139681104603064,
        0.011396811022527159,
        0.011396811137334626,
        0.01139681114987872,
        0.011396810947206373,
        0.011396810898881485,
        0.011396810821521742
    ],
    "t max": [
        995.4076112640605,
        1483.47844001289,
        1535.4381335040932,
        1611.9181317888979,
        1841.9419434241117,
        1927.179193420917,
        2039.855832115324,
        2170.630791014532,
        2252.3651403265367,
        2713.5803971585647
    ],
    "R max": [
        0.011397399443930638,
        0.011396811097081514,
        0.011396811089037765,
        0.011396811057220187,
        0.011396811243772155,
        0.011396811205674125,
        0.011396811228475696,
        0.011396810991830241,
        0.011396810974008935,
        0.011396811445780924
    ],
    "R end": 0.011396811021842488,
    "v end": -8.562784706953558e-07,
    "t end": 2919.0839040001774,
    "v max": 115.70362825345384
}