{
    "star": "MS10",
    "grain": "sil",
    "stream": {
        "L4": 0.64,
        "eta": 0.0066,
        "vinf": 30.0,
        "n": 1.2589254117941753,
        "T": 8000.0,
        "kappa": 600.0,
        "cs": 10.19646997739904,
        "taustar": 0.0026629237982100018,
        "Rstar": 0.5252438862068189,
        "Qp": 2.0,
        "a": 0.02,
        "rho_d": 3.5,
        "kappa_d": 214285.71428571426,
        "drag_constant": 0.2089722366515443,
        "phi_norm": 0.7,
        "Rstarstar": 0.9990603174603172,
        "Upstarstar": 2.39266233645064,
        "R0": 0.04409229373191945
    },
    "R sonic drift": 0.08433930068571646,
    "w sonic drift": 7.745966692414831,
    "R critical": 0.1782501876267492,
    "w critical": 38.7741595142002,
    "R equilib drift": 0.15330190227529006,
    "w equilib drift": 30.0,
    "t min": [
        26631.121088418153,
        49105.94004164965,
        71602.75001146944,
        94077.56896470096
    ],
    "R min": [
        0.06585290535509368,
        0.06586203546326408,
        0.06584919158616394,
        0.06585469312764819
    ],
    "t max": [
        36483.09651997169,
        58957.91547320319,
        81454.72544302298,
        103929.54439625448
    ],
    "R max": [
        0.3858988413306738,
        0.3858977870584667,
        0.38589928564722503,
        0.3858986346852625
    ],
    "R end": 0.24023573947861712,
    "v end": -28.738091002228483,
    "t end": 109955.0829414457,
    "v max": 59.60594901511556
}