{
    "star": "MS10",
    "grain": "gra",
    "stream": {
        "L4": 0.64,
        "eta": 0.0066,
        "vinf": 120.0,
        "n": 19.952623149688993,
        "T": 8000.0,
        "kappa": 600.0,
        "cs": 10.19646997739904,
        "taustar": 0.002650322646762394,
        "Rstar": 0.0329838247749067,
        "Qp": 2.0,
        "a": 0.02,
        "rho_d": 2.2,
        "kappa_d": 340909.0909090908,
        "drag_constant": 0.03274457460783734,
        "phi_norm": 1.0,
        "Rstarstar": 0.0993383838383838,
        "Upstarstar": 15.269705164541245,
        "R0": 0.0027684418380510972
    },
    "R sonic drift": 0.0133668783513723,
    "w sonic drift": 7.745966692414831,
    "R critical": 0.029924713121888692,
    "w critical": 43.32928075712418,
    "R equilib drift": 0.020787206456018115,
    "w equilib drift": 120.0,
    "t min": [
        1028.1756683393276,
        1627.6543630998844,
        2320.3659362607023,
        3012.2061741093685,
        3679.64902321778
    ],
    "R min": [
        0.010002132037874648,
        0.02026929536331613,
        0.020361614288157342,
        0.02036202962037804,
        0.020362031261351783
    ],
    "t max": [
        1267.7928791811198,
        1973.5744820242173,
        2666.2860551850354,
        3367.7109814673736,
        4131.000714912501
    ],
    "R max": [
        0.021837449643173298,
        0.020368264495894486,
        0.020362059285710814,
        0.020362031526353304,
        0.020362031339545287
    ],
    "R end": 0.02036203130958762,
    "v end": -1.3702968481735423e-07,
    "t end": 4356.676560759862,
    "v max": 101.98794818102844
}