{
    "star": "MS10",
    "grain": "sil",
    "stream": {
        "L4": 0.64,
        "eta": 0.0066,
        "vinf": 500.0,
        "n": 1995.2623149689073,
        "T": 8000.0,
        "kappa": 600.0,
        "cs": 10.19646997739904,
        "taustar": 0.006360774352229759,
        "Rstar": 0.0007916117945977596,
        "Qp": 2.0,
        "a": 0.02,
        "rho_d": 3.5,
        "kappa_d": 214285.71428571426,
        "drag_constant": 0.004292334831660006,
        "phi_norm": 0.7,
        "Rstarstar": 0.003596617142857143,
        "Upstarstar": 116.48671867628543,
        "R0": 6.953989687208995e-05
    },
    "R sonic drift": 0.00211850745035458,
    "w sonic drift": 7.745966692414831,
    "R critical": 0.004477442277136681,
    "w critical": 38.7741595142002,
    "R equilib drift": 0.0009443184586210952,
    "w equilib drift": 500.0,
    "t min": [
        42.19149945674775,
        50.4773398842316,
        58.86261039684524,
        65.78957299422174,
        73.74397980460623,
        96.18203568223248
    ],
    "R min": [
        0.000887437562167743,
        0.0009139890616450947,
        0.0009140308883481955,
        0.0009140309509577071,
        0.0009140309516001479,
        0.0009140309493356229
    ],
    "t max": [
        46.301276308779734,
        54.65340345968345,
        62.309520014678526,
        69.53477286744445,
        77.58860976295874
    ],
    "R max": [
        0.0009151063284474123,
        0.000914032593629765,
        0.0009140309584299244,
        0.0009140309517205056,
        0.0009140309515633013
    ],
    "R end": 0.0009140309607344172,
    "v end": 1.1290506822744147e-07,
    "t end": 165.71680854967693,
    "v max": 12.996596974982603
}