{
    "star": "MS10",
    "grain": "sil",
    "stream": {
        "L4": 0.64,
        "eta": 0.0066,
        "vinf": 140.0,
        "n": 100.00000000000102,
        "T": 8000.0,
        "kappa": 600.0,
        "cs": 10.19646997739904,
        "taustar": 0.0050857142857143114,
        "Rstar": 0.01262857142857136,
        "Qp": 2.0,
        "a": 0.002,
        "rho_d": 3.5,
        "kappa_d": 2142857.1428571427,
        "drag_constant": 3.499946994874619,
        "phi_norm": 0.7,
        "Rstarstar": 0.4587521865889211,
        "Upstarstar": 0.1428593063644131,
        "R0": 0.001092153607848151
    },
    "R sonic drift": 0.009463025179229607,
    "w sonic drift": 7.745966692414831,
    "R critical": 0.020000000000000004,
    "w critical": 38.7741595142002,
    "R equilib drift": 0.011174648119257571,
    "w equilib drift": 140.0,
    "t min": [
        608.5746371464303,
        1629.5630162339687,
        1756.4595522158484,
        1807.2181666086,
        1840.5285073038433,
        1933.0572314572971
    ],
    "R min": [
        0.008457895651310854,
        0.010965495810255162,
        0.010965495848930586,
        0.010965495848231172,
        0.010965495847021634,
        0.01096549583445198
    ],
    "t max": [
        1615.2871559360074,
        1734.7813939856105,
        1776.0227681797214,
        1820.4365557733793,
        1859.5629877011252
    ],
    "R max": [
        0.010965495803686026,
        0.010965495850625416,
        0.01096549584909055,
        0.010965495847827453,
        0.010965495846930514
    ],
    "R end": 0.010965495886842092,
    "v end": 1.3114409576170753e-07,
    "t end": 2643.6778329558224,
    "v max": 47.50412551571404
}