{
    "star": "MS10",
    "grain": "gra",
    "stream": {
        "L4": 0.64,
        "eta": 0.0066,
        "vinf": 60.0,
        "n": 39810.717055350346,
        "T": 8000.0,
        "kappa": 600.0,
        "cs": 10.19646997739904,
        "taustar": 0.23677112804297554,
        "Rstar": 0.001476831715088351,
        "Qp": 2.0,
        "a": 0.2,
        "rho_d": 2.2,
        "kappa_d": 34090.90909090909,
        "drag_constant": 10.453442517552821,
        "phi_norm": 1.0,
        "Rstarstar": 0.03973535353535353,
        "Upstarstar": 0.04783113306075284,
        "R0": 0.0006530217175141661
    },
    "R sonic drift": 0.0002992471312188866,
    "w sonic drift": 7.745966692414831,
    "R critical": 0.0006699308783156552,
    "w critical": 43.32928075712418,
    "R equilib drift": 0.0006699308783156552,
    "w equilib drift": 60.0,
    "t min": [
        45.0996472020517,
        65.73780755662379,
        79.27550442436768,
        96.36343303552567,
        110.83745475867548,
        133.07517007456602
    ],
    "R min": [
        0.0002738397427513342,
        0.0006415600928863849,
        0.0006415799243927362,
        0.0006415799611950271,
        0.0006415799601154218,
        0.0006415799618334396
    ],
    "t max": [
        58.9884658905728,
        72.52616275831669,
        86.45399498247971,
        100.57689488485231,
        127.10609912135328,
        147.7832730115673
    ],
    "R max": [
        0.0006420376031556936,
        0.0006415808164018784,
        0.0006415799631166493,
        0.0006415799616419173,
        0.0006415799615315086,
        0.0006415799619032297
    ],
    "R end": 0.0006415799616200557,
    "v end": -1.8984122481644638e-08,
    "t end": 195.06767820956614,
    "v max": 138.661113203546
}