{
    "star": "MS10",
    "grain": "gra",
    "stream": {
        "L4": 0.64,
        "eta": 0.0066,
        "vinf": 30.0,
        "n": 125.89254117941816,
        "T": 8000.0,
        "kappa": 600.0,
        "cs": 10.19646997739904,
        "taustar": 0.026629237982100085,
        "Rstar": 0.05252438862068177,
        "Qp": 2.0,
        "a": 0.02,
        "rho_d": 2.2,
        "kappa_d": 340909.0909090908,
        "drag_constant": 52.8907003921783,
        "phi_norm": 1.0,
        "Rstarstar": 1.589414141414141,
        "Upstarstar": 0.009453457721160031,
        "R0": 0.005883712251357047
    },
    "R sonic drift": 0.0053214501195976175,
    "w sonic drift": 7.745966692414831,
    "R critical": 0.011913242870580215,
    "w critical": 43.32928075712418,
    "R equilib drift": 0.009672696116337906,
    "w equilib drift": 30.0,
    "t min": [
        1631.7462672464944,
        2060.4959242015684,
        2489.245581156642,
        2916.607698768819,
        3345.3573557238924,
        3774.107012678967,
        4201.469130291143,
        4630.218787246217,
        5058.968444201291,
        5486.330561813468,
        5915.080218768542,
        6343.829875723616,
        6771.191993335793
    ],
    "R min": [
        0.004931512063751448,
        0.0049251043338995396,
        0.004921227976306223,
        0.00493052543026099,
        0.004924386093071378,
        0.004920972969561966,
        0.00492956664451677,
        0.004923719417632951,
        0.004920797278879298,
        0.004928637853383365,
        0.004923108285320134,
        0.004920703614342847,
        0.004927742041954254
    ],
    "t max": [
        1759.3998867929888,
        2188.1495437480626,
        2615.5116613602395,
        3044.2613183153135,
        3473.0109752703875,
        3900.3730928825644,
        4329.122749837638,
        4757.872406792711,
        5185.234524404889,
        5613.984181359963,
        6042.733838315036,
        6470.095955927213,
        6898.845612882287
    ],
    "R max": [
        0.012995982795750653,
        0.012996850942070879,
        0.012994798463805057,
        0.012996136134175714,
        0.01299692515030562,
        0.012995013925261256,
        0.012996279002475188,
        0.012996987617398753,
        0.012995219762863046,
        0.012996411293804631,
        0.012997038323504672,
        0.01299541575611823,
        0.012996532840752308
    ],
    "R end": 0.011961823228258143,
    "v end": -28.30348628876045,
    "t end": 6937.696714483394,
    "v max": 142.25074743172087
}