{
    "star": "MS10",
    "grain": "sil",
    "stream": {
        "L4": 0.64,
        "eta": 0.0066,
        "vinf": 20.0,
        "n": 6.309573444801981,
        "T": 8000.0,
        "kappa": 600.0,
        "cs": 10.19646997739904,
        "taustar": 0.00894231569617414,
        "Rstar": 0.35192673876929026,
        "Qp": 2.0,
        "a": 0.02,
        "rho_d": 3.5,
        "kappa_d": 214285.71428571426,
        "drag_constant": 5.302169745359747,
        "phi_norm": 0.7,
        "Rstarstar": 2.2478857142857147,
        "Upstarstar": 0.09430101713314257,
        "R0": 0.03190755389841297
    },
    "R sonic drift": 0.03767298178979601,
    "w sonic drift": 7.745966692414831,
    "R critical": 0.07962143411069948,
    "w critical": 38.7741595142002,
    "R equilib drift": 0.05023772863019165,
    "w equilib drift": 20.0,
    "t min": [
        17931.934482735203,
        26890.534454389275,
        35834.39988661628,
        44792.99985827035,
        53736.86529049736,
        62695.465262151425,
        71639.33069437844
    ],
    "R min": [
        0.033477568087157385,
        0.03347209763870159,
        0.03347780972327958,
        0.03347212739913964,
        0.033478056752311934,
        0.03347216244248223,
        0.0334783081772717
    ],
    "t max": [
        20539.947961325284,
        29498.547932979356,
        38442.41336520637,
        47401.01333686044,
        56344.87876908745,
        65303.47874074152
    ],
    "R max": [
        0.14332849693514438,
        0.14333309730308563,
        0.1433283420897562,
        0.14333303382705356,
        0.143328161637785,
        0.14333296944166476
    ],
    "R end": 0.13499900939711001,
    "v end": 24.11007885067012,
    "t end": 73672.69713531308,
    "v max": 72.43047184639876
}