{
    "star": "MS20",
    "grain": "gra",
    "stream": {
        "L4": 5.45,
        "eta": 0.1199,
        "vinf": 200.0,
        "n": 0.1995262314968889,
        "T": 9000.0,
        "kappa": 600.0,
        "cs": 10.814989597775858,
        "taustar": 0.0004640430387984872,
        "Rstar": 0.5775113569075131,
        "Qp": 2.0,
        "a": 0.02,
        "rho_d": 2.2,
        "kappa_d": 340909.0909090908,
        "drag_constant": 0.0004065494754552111,
        "phi_norm": 1.5,
        "Rstarstar": 0.30453423295454546,
        "Upstarstar": 1229.8626125151259,
        "R0": 0.20024055498912827
    },
    "R sonic drift": 0.21185074503545798,
    "w sonic drift": 9.672835454459698,
    "R critical": 0.5023772863019165,
    "w critical": 48.41952977064848,
    "R equilib drift": 0.2825075089245511,
    "w equilib drift": 200.0,
    "t min": [
        10141.868683240227,
        19960.589589808584,
        29182.729985598104,
        38520.8721473724
    ],
    "R min": [
        0.10523475700599998,
        0.23365209770917064,
        0.269656070224004,
        0.27577637005592615
    ],
    "t max": [
        14119.072088432473,
        24385.228378084958,
        33822.80062498905
    ],
    "R max": [
        0.45538542929353265,
        0.29675967755956084,
        0.2797802686738008
    ],
    "R end": 0.27695039987656506,
    "v end": 0.412039880746411,
    "t end": 41429.202137419226,
    "v max": 159.1015540849808
}