{
    "star": "MS10",
    "grain": "sil",
    "stream": {
        "L4": 0.64,
        "eta": 0.0066,
        "vinf": 50.0,
        "n": 3.162277660168402,
        "T": 8000.0,
        "kappa": 600.0,
        "cs": 10.19646997739904,
        "taustar": 0.0025322698798954353,
        "Rstar": 0.19884389258730673,
        "Qp": 2.0,
        "a": 0.002,
        "rho_d": 3.5,
        "kappa_d": 2142857.1428571427,
        "drag_constant": 6.802892254461618,
        "phi_norm": 0.7,
        "Rstarstar": 3.5966171428571427,
        "Upstarstar": 0.07349815068320086,
        "R0": 0.016665415996318076
    },
    "R sonic drift": 0.05321450119597623,
    "w sonic drift": 7.745966692414831,
    "R critical": 0.11246826503806984,
    "w critical": 38.7741595142002,
    "R equilib drift": 0.11246826503806984,
    "w equilib drift": 50.0,
    "t min": [
        9715.550478962557,
        13187.173914890052,
        16042.72988257142,
        18881.63537813803,
        21712.21563764726,
        24542.795897156488,
        27373.376156665716,
        30212.281652232323,
        33042.86191174155,
        35881.767407308165,
        38529.19247355503,
        40144.28826868676
    ],
    "R min": [
        0.047511274174094474,
        0.10917982513413342,
        0.11048563097503679,
        0.11072962239838248,
        0.11078129049868127,
        0.11079251228376645,
        0.11079496326529777,
        0.11079549756083755,
        0.11079561474710638,
        0.11079563968475796,
        0.11079564483625633,
        0.11079564494645976
    ],
    "t max": [
        11805.184729364959,
        14635.764988874187,
        17466.345248383415,
        20296.925507892644,
        23127.50576740187,
        25958.086026911104,
        28796.99152247771,
        31627.571781986935,
        34458.15204149617,
        37255.43135677587,
        39328.415135063515,
        41218.2437200888
    ],
    "R max": [
        0.11296908171702978,
        0.11139292694449066,
        0.11093360355297868,
        0.1108261900663208,
        0.11080234196844035,
        0.11079710919731199,
        0.11079596428317381,
        0.11079571449904353,
        0.11079566001906792,
        0.11079564876671567,
        0.1107956463533513,
        0.1107956475335966
    ],
    "R end": 0.11079564687004807,
    "v end": -3.7966658768205004e-06,
    "t end": 41626.18028690042,
    "v max": 99.69422349846413
}