{
    "star": "MS10",
    "grain": "gra",
    "stream": {
        "L4": 0.64,
        "eta": 0.0066,
        "vinf": 200.0,
        "n": 0.001,
        "T": 8000.0,
        "kappa": 600.0,
        "cs": 10.19646997739904,
        "taustar": 1.1257708470199432e-05,
        "Rstar": 2.795453451588848,
        "Qp": 2.0,
        "a": 0.02,
        "rho_d": 2.2,
        "kappa_d": 340909.0909090908,
        "drag_constant": 2.126886694214875e-07,
        "phi_norm": 1.0,
        "Rstarstar": 0.035761818181818186,
        "Upstarstar": 2350853.9564425237,
        "R0": 0.2271351845420448
    },
    "R sonic drift": 1.8881217525718474,
    "w sonic drift": 7.745966692414831,
    "R critical": 4.226978079673296,
    "w critical": 43.32928075712418,
    "R equilib drift": 2.055349718960453,
    "w equilib drift": 200.0,
    "t min": [
        92678.77633047968
    ],
    "R min": [
        0.03558076335050712
    ],
    "t max": [],
    "R max": [],
    "R end": 46.82442084331662,
    "v end": 139.03384378911946,
    "t end": 369238.1527110744,
    "v max": 196.14449787069097
}