{
    "star": "MS10",
    "grain": "gra",
    "stream": {
        "L4": 0.64,
        "eta": 0.0066,
        "vinf": 10.0,
        "n": 0.0019952623149688807,
        "T": 8000.0,
        "kappa": 600.0,
        "cs": 10.19646997739904,
        "taustar": 0.0003180387176114858,
        "Rstar": 39.58058972988823,
        "Qp": 2.0,
        "a": 0.2,
        "rho_d": 2.2,
        "kappa_d": 34090.90909090909,
        "drag_constant": 0.0006789914990681089,
        "phi_norm": 1.0,
        "Rstarstar": 1.430472727272727,
        "Upstarstar": 736.3862444319724,
        "R0": 3.228154782511845
    },
    "R sonic drift": 1.33668783513723,
    "w sonic drift": 7.745966692414831,
    "R critical": 2.992471312188866,
    "w critical": 43.32928075712418,
    "R equilib drift": 1.33668783513723,
    "w equilib drift": 10.0,
    "t min": [
        1371830.3154520656,
        2510491.301372263,
        3499631.1477271826,
        4431262.863480072
    ],
    "R min": [
        0.71608412143555,
        0.8183198649704578,
        0.8826182660856119,
        0.9299051075238997
    ],
    "t max": [
        1922862.7668569728,
        2995650.8031784813,
        3958650.590168841,
        4876689.47505216
    ],
    "R max": [
        2.9662422692312838,
        2.297524565044415,
        2.0184711766021115,
        1.8583563459831351
    ],
    "R end": 1.1079862769329016,
    "v end": -2.3774463445143814,
    "t end": 5228011.872911835,
    "v max": 6.386878650626216
}