{
    "star": "MS40",
    "grain": "gra",
    "stream": {
        "L4": 22.2,
        "eta": 0.4468,
        "vinf": 70.0,
        "n": 0.0031622776601683824,
        "T": 10000.0,
        "kappa": 600.0,
        "cs": 11.4,
        "taustar": 0.0003368747450524957,
        "Rstar": 26.452743505901996,
        "Qp": 2.0,
        "a": 0.02,
        "rho_d": 2.2,
        "kappa_d": 340909.0909090908,
        "drag_constant": 0.001943368640539317,
        "phi_norm": 1.5,
        "Rstarstar": 10.126433209647493,
        "Upstarstar": 257.2852054776605,
        "R0": 17.69074525797688
    },
    "R sonic drift": 3.357608036245125,
    "w sonic drift": 8.6559494714014,
    "R critical": 7.516748085768888,
    "w critical": 48.41952977064848,
    "R equilib drift": 7.516748085768888,
    "w equilib drift": 70.0,
    "t min": [
        455498.7689722462,
        1139497.3322641777,
        1823871.1004728903
    ],
    "R min": [
        2.044792598694423,
        2.044921482158116,
        2.0448025841404633
    ],
    "t max": [
        786429.5055731697,
        1470803.2737818824
    ],
    "R max": [
        17.22880773803664,
        17.22880915136242
    ],
    "R end": 5.780748046421283,
    "v end": 89.02275421578254,
    "t end": 1876024.583905462,
    "v max": 89.98607375532627
}