{
    "star": "MS10",
    "grain": "gra",
    "stream": {
        "L4": 0.64,
        "eta": 0.0066,
        "vinf": 80.0,
        "n": 1995.2623149689073,
        "T": 8000.0,
        "kappa": 600.0,
        "cs": 10.19646997739904,
        "taustar": 0.03975483970143599,
        "Rstar": 0.004947573716235997,
        "Qp": 2.0,
        "a": 0.2,
        "rho_d": 2.2,
        "kappa_d": 34090.90909090909,
        "drag_constant": 0.16576940895217732,
        "phi_norm": 1.0,
        "Rstarstar": 0.022351136363636368,
        "Upstarstar": 3.016238057193318,
        "R0": 0.0006427210644538185
    },
    "R sonic drift": 0.00133668783513723,
    "w sonic drift": 7.745966692414831,
    "R critical": 0.002992471312188866,
    "w critical": 43.32928075712418,
    "R equilib drift": 0.002661059614105937,
    "w equilib drift": 80.0,
    "t min": [
        152.78864698584835,
        238.26664110795684,
        336.68396461552214,
        435.4933890135558,
        527.7677985704497,
        651.802380255283
    ],
    "R min": [
        0.0010981077376202295,
        0.0025717766969641327,
        0.0025841222850893496,
        0.0025841963495465215,
        0.0025841967889163944,
        0.0025841967936980504
    ],
    "t max": [
        188.6005283152944,
        287.4099527133281,
        385.9579765177162,
        483.98319913481305,
        589.4583386708094
    ],
    "R max": [
        0.002735313373463505,
        0.002585156523967028,
        0.0025842025843928304,
        0.002584196814598843,
        0.0025841967934222285
    ],
    "R end": 0.0025841967937628944,
    "v end": 2.0757297160174523e-09,
    "t end": 653.5014841139794,
    "v max": 106.3577912620078
}