{
    "star": "MS20",
    "grain": "gra",
    "stream": {
        "L4": 5.45,
        "eta": 0.1199,
        "vinf": 30.0,
        "n": 6.309573444801981,
        "T": 9000.0,
        "kappa": 600.0,
        "cs": 10.814989597775858,
        "taustar": 0.017396705158886548,
        "Rstar": 0.6846510367015123,
        "Qp": 2.0,
        "a": 0.02,
        "rho_d": 2.2,
        "kappa_d": 340909.0909090908,
        "drag_constant": 25.395008868843266,
        "phi_norm": 1.5,
        "Rstarstar": 13.534854797979795,
        "Upstarstar": 0.01968890826470401,
        "R0": 0.24920206075929108
    },
    "R sonic drift": 0.03767298178979601,
    "w sonic drift": 9.672835454459698,
    "R critical": 0.08933671843019271,
    "w critical": 48.41952977064848,
    "R equilib drift": 0.0669930878315656,
    "w equilib drift": 30.0,
    "t min": [
        11522.409831962965,
        14675.601269354367,
        17838.615733030474,
        20991.807170421875,
        24154.82163409798,
        27308.013071489382,
        30471.02753516549,
        33624.21897255689,
        36777.410409948294,
        39940.4248736244,
        43093.6163110158,
        46256.630774691905
    ],
    "R min": [
        0.03637611711144606,
        0.036428879404195424,
        0.036369366074702515,
        0.03641656486460171,
        0.03636431847142126,
        0.03640500858132638,
        0.03636118378647523,
        0.036394354007259454,
        0.03645596122893653,
        0.03638477910423531,
        0.03644245345598475,
        0.036376473141452884
    ],
    "t max": [
        12318.074961024347,
        15471.266398415746,
        18624.45783580715,
        21787.472299483255,
        24940.663736874656,
        28103.678200550763,
        31256.86963794216,
        34419.88410161828,
        37573.075539009675,
        40736.09000268578,
        43889.281440077175,
        47052.29590375329
    ],
    "R max": [
        0.10006030861981303,
        0.1000543110538161,
        0.10003834501107432,
        0.10005634733323791,
        0.10004222363038641,
        0.10005798040700921,
        0.10004575982382416,
        0.10005919554146855,
        0.10004894321501344,
        0.10005997643469557,
        0.10005176228123265,
        0.10006030513362232
    ],
    "R end": 0.04305515556683971,
    "v end": -23.985249975343866,
    "t end": 49115.13142354205,
    "v max": 170.25341040776004
}