{
    "star": "MS10",
    "grain": "sil",
    "stream": {
        "L4": 0.64,
        "eta": 0.0066,
        "vinf": 20.0,
        "n": 15848.931924611368,
        "T": 8000.0,
        "kappa": 600.0,
        "cs": 10.19646997739904,
        "taustar": 0.4481774465987268,
        "Rstar": 0.0070218615949625965,
        "Qp": 2.0,
        "a": 0.02,
        "rho_d": 3.5,
        "kappa_d": 214285.71428571426,
        "drag_constant": 13318.448240929849,
        "phi_norm": 0.7,
        "Rstarstar": 2.247885714285714,
        "Upstarstar": 3.754191111119201e-05,
        "R0": 0.004779600280987769
    },
    "R sonic drift": 0.0007516748085768887,
    "w sonic drift": 7.745966692414831,
    "R critical": 0.0015886564694485628,
    "w critical": 38.7741595142002,
    "R equilib drift": 0.001002374467254545,
    "w equilib drift": 20.0,
    "t min": [
        353.3792403918392,
        423.6434986727456,
        493.90775695365204,
        564.466007947031,
        634.7302662279374,
        704.9945245088438,
        775.2587827897504,
        845.8170337831292,
        916.0812920640357,
        986.3455503449421,
        1056.6098086258485,
        1127.1680596192275,
        1197.432317900134,
        1267.6965761810404,
        1337.960834461947,
        1408.5190854553257
    ],
    "R min": [
        0.0007107085145314471,
        0.0007113967004226281,
        0.0007121411396020979,
        0.0007103110449869952,
        0.0007108437314031755,
        0.0007115485368428782,
        0.0007123000680885808,
        0.0007103834584311425,
        0.0007109842339013321,
        0.0007117022548781623,
        0.0007124601077911535,
        0.0007104859585046694,
        0.0007111287542267072,
        0.000711857618677092,
        0.0007126210994721202,
        0.0007106051685343599
    ],
    "t max": [
        367.49089059051494,
        437.7551488714214,
        508.31339986480026,
        578.5776581457067,
        648.8419164266132,
        719.1061747075196,
        789.6644257008985,
        859.928683981805,
        930.1929422627113,
        1000.4572005436178,
        1071.0154515369968,
        1141.2797098179033,
        1211.5439680988097,
        1281.808226379716,
        1352.366477373095,
        1422.6307356540015
    ],
    "R max": [
        0.0016334749381714878,
        0.0016323530533459247,
        0.0016346449983706485,
        0.0016341744768845574,
        0.0016332601679325343,
        0.001632094022464975,
        0.0016346044324732905,
        0.0016340111164232368,
        0.0016330347592258846,
        0.001631827485225318,
        0.0016345275794393537,
        0.0016338320297019002,
        0.0016327995014363444,
        0.0016315538518777927,
        0.001634422035888761,
        0.0016336390248483758
    ],
    "R end": 0.000825362585130932,
    "v end": -14.16380264327475,
    "t end": 1469.9635623620597,
    "v max": 143.8561638335925
}