{
    "star": "MS10",
    "grain": "gra",
    "stream": {
        "L4": 0.64,
        "eta": 0.0066,
        "vinf": 200.0,
        "n": 158.48931924611304,
        "T": 8000.0,
        "kappa": 600.0,
        "cs": 10.19646997739904,
        "taustar": 0.004481774465987259,
        "Rstar": 0.00702186159496261,
        "Qp": 2.0,
        "a": 0.02,
        "rho_d": 2.2,
        "kappa_d": 340909.0909090908,
        "drag_constant": 0.03370888242797313,
        "phi_norm": 1.0,
        "Rstarstar": 0.035761818181818165,
        "Upstarstar": 14.832885696177158,
        "R0": 0.0006027837631215272
    },
    "R sonic drift": 0.004742747411323311,
    "w sonic drift": 7.745966692414831,
    "R critical": 0.01061768888461977,
    "w critical": 43.32928075712418,
    "R equilib drift": 0.00516280507106379,
    "w equilib drift": 200.0,
    "t min": [
        218.51530244426766,
        324.06301644323906,
        434.99013941579597,
        619.1885225458111
    ],
    "R min": [
        0.003582767013427154,
        0.0050862199527511275,
        0.0050864018741854315,
        0.005086401923679803
    ],
    "t max": [
        263.4055428445332,
        384.5349931807868,
        489.1552228739676,
        817.2991702626853
    ],
    "R max": [
        0.0051137506741214984,
        0.005086403143310265,
        0.00508640193585092,
        0.005086401923653602
    ],
    "R end": 0.005086401922697705,
    "v end": -4.801415767026466e-09,
    "t end": 927.4843057906097,
    "v max": 81.19278889728122
}