{
    "star": "MS10",
    "grain": "gra",
    "stream": {
        "L4": 0.64,
        "eta": 0.0066,
        "vinf": 300.0,
        "n": 794.3282347242919,
        "T": 8000.0,
        "kappa": 600.0,
        "cs": 10.19646997739904,
        "taustar": 0.006688962156867681,
        "Rstar": 0.002091033573883191,
        "Qp": 2.0,
        "a": 0.02,
        "rho_d": 2.2,
        "kappa_d": 340909.0909090908,
        "drag_constant": 0.033371775867146396,
        "phi_norm": 1.0,
        "Rstarstar": 0.01589414141414141,
        "Upstarstar": 14.982720787485462,
        "R0": 0.00018442912373193375
    },
    "R sonic drift": 0.00211850745035458,
    "w sonic drift": 7.745966692414831,
    "R critical": 0.004742747411323311,
    "w critical": 43.32928075712418,
    "R equilib drift": 0.001782501876267492,
    "w equilib drift": 300.0,
    "t min": [
        65.6790951218553,
        96.61289938446164,
        118.43227917683578,
        131.46866811607703,
        144.1183845020357,
        154.227109823566,
        167.26349876280725,
        204.49454175030132,
        240.95223963123027
    ],
    "R min": [
        0.0015726581325439019,
        0.0017243563564635171,
        0.0017243564098239615,
        0.001724356414654463,
        0.001724356419303368,
        0.0017243564201220752,
        0.0017243564222647043,
        0.0017243564211251812,
        0.0017243564232228587
    ],
    "t max": [
        80.20693533804364,
        105.1196955566784,
        125.00571258263963,
        137.4897121600486,
        149.03464982234277,
        160.52434854845373,
        178.53224174418528,
        227.58441707488967
    ],
    "R max": [
        0.0017245005026256457,
        0.001724356422261986,
        0.001724356434492114,
        0.0017243564278102625,
        0.001724356420200573,
        0.0017243564278178573,
        0.0017243564272307677,
        0.0017243564227901183
    ],
    "R end": 0.0017243564234049739,
    "v end": 7.586583443281024e-09,
    "t end": 276.1946809161282,
    "v max": 31.82275675751611
}