{
    "star": "MS10",
    "grain": "gra",
    "stream": {
        "L4": 0.64,
        "eta": 0.0066,
        "vinf": 250.0,
        "n": 39.810717055350096,
        "T": 8000.0,
        "kappa": 600.0,
        "cs": 10.19646997739904,
        "taustar": 0.001796966517079599,
        "Rstar": 0.011208364657084942,
        "Qp": 2.0,
        "a": 0.02,
        "rho_d": 2.2,
        "kappa_d": 340909.0909090908,
        "drag_constant": 0.0034682013447035823,
        "phi_norm": 1.0,
        "Rstarstar": 0.022887563636363635,
        "Upstarstar": 144.16694715938803,
        "R0": 0.0009309325571123531
    },
    "R sonic drift": 0.009463025179229607,
    "w sonic drift": 7.745966692414831,
    "R critical": 0.021185074503545776,
    "w critical": 43.32928075712418,
    "R equilib drift": 0.008933671843019271,
    "w equilib drift": 250.0,
    "t min": [
        358.5673118394641,
        511.94292499622907,
        677.1622148446362,
        842.9736885276253,
        1007.0086107068681,
        1095.2440020596018,
        1187.920772171701,
        1301.3239764941738
    ],
    "R min": [
        0.0054688930612907735,
        0.008580345484009908,
        0.008697256940310781,
        0.008700102996559132,
        0.00870017131759236,
        0.008700173295862068,
        0.008700172971926299,
        0.008700172988955373
    ],
    "t max": [
        424.5958093953687,
        594.2564780031415,
        760.0679516861308,
        925.5833334518288,
        1094.9479101423105,
        1098.5010131498034,
        1287.4076563814945
    ],
    "R max": [
        0.00956298121828573,
        0.008719041082126167,
        0.008700625217553014,
        0.0087001837311204,
        0.008700173295912307,
        0.008700173256966827,
        0.008700172986271563
    ],
    "R end": 0.008700173010896633,
    "v end": 7.883800678410264e-08,
    "t end": 1480.4595864552603,
    "v max": 110.55548558355106
}