{
    "star": "MS10",
    "grain": "sil",
    "stream": {
        "L4": 0.64,
        "eta": 0.0066,
        "vinf": 90.0,
        "n": 31.622776601684052,
        "T": 8000.0,
        "kappa": 600.0,
        "cs": 10.19646997739904,
        "taustar": 0.004448744705950336,
        "Rstar": 0.03493331107720892,
        "Qp": 2.0,
        "a": 0.02,
        "rho_d": 3.5,
        "kappa_d": 214285.71428571426,
        "drag_constant": 0.0648042624453363,
        "phi_norm": 0.7,
        "Rstarstar": 0.11100670194003527,
        "Upstarstar": 7.715541866119685,
        "R0": 0.002997594381004141
    },
    "R sonic drift": 0.016827902832903904,
    "w sonic drift": 7.745966692414831,
    "R critical": 0.03556558820077846,
    "w critical": 38.7741595142002,
    "R equilib drift": 0.02800068467183535,
    "w equilib drift": 90.0,
    "t min": [
        1737.5627279921655,
        2850.597438431591,
        4125.980181536952,
        5404.288114420076,
        6660.657123969967
    ],
    "R min": [
        0.012225018468581712,
        0.026824959802273243,
        0.027006667552002112,
        0.027008032976604725,
        0.027008043491605193
    ],
    "t max": [
        2190.9671435456767,
        3488.2888099842717,
        4765.134147978514,
        6047.829865528287,
        6830.318131080314
    ],
    "R max": [
        0.0291865096403167,
        0.027023940503563063,
        0.02700816296987392,
        0.027008044490052393,
        0.027008043608543704
    ],
    "R end": 0.027008043584002116,
    "v end": -8.506075169320318e-07,
    "t end": 7312.97444441147,
    "v max": 79.89918701920915
}