{
    "star": "MS10",
    "grain": "gra",
    "stream": {
        "L4": 0.64,
        "eta": 0.0066,
        "vinf": 70.0,
        "n": 2.5118864315095975,
        "T": 8000.0,
        "kappa": 600.0,
        "cs": 10.19646997739904,
        "taustar": 0.0016120627900461668,
        "Rstar": 0.15936179786299684,
        "Qp": 2.0,
        "a": 0.02,
        "rho_d": 2.2,
        "kappa_d": 340909.0909090908,
        "drag_constant": 0.035601818099502844,
        "phi_norm": 1.0,
        "Rstarstar": 0.2919332096474953,
        "Upstarstar": 14.044226578613474,
        "R0": 0.013206028498601183
    },
    "R sonic drift": 0.03767298178979601,
    "w sonic drift": 7.745966692414831,
    "R critical": 0.08433930068571646,
    "w critical": 43.32928075712418,
    "R equilib drift": 0.07962143411069948,
    "w equilib drift": 70.0,
    "t min": [
        4997.113799978092,
        8798.624972160247,
        12911.666406514581,
        17087.8558669849
    ],
    "R min": [
        0.027967965874356456,
        0.06400539853796255,
        0.07558120516587002,
        0.07698745534898196
    ],
    "t max": [
        6613.703268547248,
        10785.682860609833,
        14991.341399934277,
        19180.160465627792
    ],
    "R max": [
        0.10321418372264267,
        0.08173335008331571,
        0.07772316237980967,
        0.07724092887863913
    ],
    "R end": 0.07715525976542066,
    "v end": -0.013732395443086949,
    "t end": 21049.342038660878,
    "v max": 92.79997338657799
}