{
    "star": "MS20",
    "grain": "gra",
    "stream": {
        "L4": 5.45,
        "eta": 0.1199,
        "vinf": 500.0,
        "n": 0.025118864315095874,
        "T": 9000.0,
        "kappa": 600.0,
        "cs": 10.814989597775858,
        "taustar": 6.585947333853545e-05,
        "Rstar": 0.651059260367804,
        "Qp": 2.0,
        "a": 0.02,
        "rho_d": 2.2,
        "kappa_d": 340909.0909090908,
        "drag_constant": 1.3102475924535118e-06,
        "phi_norm": 1.5,
        "Rstarstar": 0.048725477272727254,
        "Upstarstar": 381607.26482520916,
        "R0": 0.22548243316303176
    },
    "R sonic drift": 0.5970765237835921,
    "w sonic drift": 9.672835454459698,
    "R critical": 1.4158915687682763,
    "w critical": 48.41952977064848,
    "R equilib drift": 0.5023772863019165,
    "w equilib drift": 500.0,
    "t min": [
        11751.064163943116
    ],
    "R min": [
        0.04316569116820636
    ],
    "t max": [
        35178.46394388694
    ],
    "R max": [
        5.0871579863127145
    ],
    "R end": 4.276467679410687,
    "v end": -130.92449016455134,
    "t end": 46705.34246400284,
    "v max": 471.4257054354722
}