{
    "star": "MS20",
    "grain": "gra",
    "stream": {
        "L4": 5.45,
        "eta": 0.1199,
        "vinf": 30.0,
        "n": 10000.000000000144,
        "T": 9000.0,
        "kappa": 600.0,
        "cs": 10.814989597775858,
        "taustar": 0.6925753067757775,
        "Rstar": 0.017197656494094903,
        "Qp": 2.0,
        "a": 0.02,
        "rho_d": 2.2,
        "kappa_d": 340909.0909090908,
        "drag_constant": 40248.37667871955,
        "phi_norm": 1.5,
        "Rstarstar": 13.534854797979792,
        "Upstarstar": 1.2422861274411691e-05,
        "R0": 0.015749173282186155
    },
    "R sonic drift": 0.0009463025179229607,
    "w sonic drift": 9.672835454459698,
    "R critical": 0.002244036908603926,
    "w critical": 48.41952977064848,
    "R equilib drift": 0.0016827902832903898,
    "w equilib drift": 30.0,
    "t min": [
        288.1961328299574,
        349.1417191390322,
        410.08730544810714,
        471.0328917571821,
        531.9784780662569,
        592.9240643753318,
        653.8696506844067,
        714.8152369934816,
        775.7608233025564,
        836.7064096116313,
        897.6519959207061,
        958.5975822297811,
        1019.5431685388561,
        1080.4887548479307,
        1141.4343411570057,
        1202.3799274660805
    ],
    "R min": [
        0.0009371942990959537,
        0.0009369367508693384,
        0.0009366796778340152,
        0.0009364230851304382,
        0.0009361669465531137,
        0.0009359113262274068,
        0.0009356562984432686,
        0.0009354018623610999,
        0.000935148054621941,
        0.0009348949474321771,
        0.000934642593101868,
        0.0009343911552716432,
        0.0009341407085441571,
        0.0009338913958679025,
        0.0009336435346086223,
        0.0009333976081806485
    ],
    "t max": [
        302.26049890128235,
        363.20608521035723,
        424.1516715194321,
        485.09725782850694,
        546.0428441375819,
        606.9884304466568,
        667.9340167557317,
        728.8796030648065,
        789.8251893738814,
        850.7707756829564,
        911.7163619920311,
        972.6619483011061,
        1033.6075346101811,
        1094.553120919256,
        1155.4987072283309,
        1216.4442935374057
    ],
    "R max": [
        0.0021872494646999834,
        0.0021875437433129543,
        0.0021878326450868926,
        0.0021881157715267986,
        0.002188392642068456,
        0.002188662671288434,
        0.0021889250717642894,
        0.0021891790197076494,
        0.0021894234637104314,
        0.002189657043875027,
        0.0021898780136214487,
        0.0021900839452050217,
        0.0021902716274391693,
        0.0021904362060809588,
        0.0021905698362672528,
        0.0021906578207928464
    ],
    "R end": 0.0016989267650120324,
    "v end": -27.38084518492939,
    "t end": 1233.7163220460502,
    "v max": 272.89212040795377
}