{
    "star": "MS10",
    "grain": "gra",
    "stream": {
        "L4": 0.64,
        "eta": 0.0066,
        "vinf": 120.0,
        "n": 0.10000000000000041,
        "T": 8000.0,
        "kappa": 600.0,
        "cs": 10.19646997739904,
        "taustar": 0.00018762847450332423,
        "Rstar": 0.46590890859814027,
        "Qp": 2.0,
        "a": 0.02,
        "rho_d": 2.2,
        "kappa_d": 340909.0909090908,
        "drag_constant": 0.00016411162764003737,
        "phi_norm": 1.0,
        "Rstarstar": 0.09933838383838381,
        "Upstarstar": 3046.706727549499,
        "R0": 0.03793813605173221
    },
    "R sonic drift": 0.18881217525718474,
    "w sonic drift": 7.745966692414831,
    "R critical": 0.4226978079673296,
    "w critical": 43.32928075712418,
    "R equilib drift": 0.2936270956695012,
    "w equilib drift": 120.0,
    "t min": [
        15409.538906475504,
        55361.10702981376
    ],
    "R min": [
        0.055459687805842935,
        0.1602609456190794
    ],
    "t max": [
        31766.789071576102
    ],
    "R max": [
        0.9177405534962625
    ],
    "R end": 0.3192037291211797,
    "v end": 26.77567773388389,
    "t end": 61539.692118512394,
    "v max": 110.48531832139074
}