{
    "star": "MS10",
    "grain": "gra",
    "stream": {
        "L4": 0.64,
        "eta": 0.0066,
        "vinf": 50.0,
        "n": 1.995262314968893,
        "T": 8000.0,
        "kappa": 600.0,
        "cs": 10.19646997739904,
        "taustar": 0.002011453463542809,
        "Rstar": 0.25032962935823033,
        "Qp": 2.0,
        "a": 0.02,
        "rho_d": 2.2,
        "kappa_d": 340909.0909090908,
        "drag_constant": 0.10863863985089808,
        "phi_norm": 1.0,
        "Rstarstar": 0.5721890909090908,
        "Upstarstar": 4.602414027699801,
        "R0": 0.020846547726140068
    },
    "R sonic drift": 0.04226978079673296,
    "w sonic drift": 7.745966692414831,
    "R critical": 0.09463025179229617,
    "w critical": 43.32928075712418,
    "R equilib drift": 0.09463025179229617,
    "w equilib drift": 50.0,
    "t min": [
        7829.756552368042,
        12908.517559309474,
        17980.665596189785,
        23059.426603131215,
        28131.574640011528
    ],
    "R min": [
        0.03358895249273976,
        0.03358135326321521,
        0.03358575943232114,
        0.03358062631205971,
        0.03358332610028368
    ],
    "t max": [
        10157.522013882864,
        15229.670050763174,
        20308.43105770461,
        25380.57909458492,
        30459.340101526348
    ],
    "R max": [
        0.13869036624803557,
        0.13868994991036054,
        0.13869047049008548,
        0.13869016215825175,
        0.138690529265301
    ],
    "R end": 0.03758837881084983,
    "v end": -40.063389709108634,
    "t end": 33064.850305608285,
    "v max": 89.237305558814
}