{
    "star": "MS40",
    "grain": "gra",
    "stream": {
        "L4": 22.2,
        "eta": 0.4468,
        "vinf": 200.0,
        "n": 0.03162277660168389,
        "T": 10000.0,
        "kappa": 600.0,
        "cs": 11.4,
        "taustar": 0.00037285201819404925,
        "Rstar": 2.927782194360729,
        "Qp": 2.0,
        "a": 0.02,
        "rho_d": 2.2,
        "kappa_d": 340909.0909090908,
        "drag_constant": 0.00029162675662093183,
        "phi_norm": 1.5,
        "Rstarstar": 1.2404880681818178,
        "Upstarstar": 1714.5203197178507,
        "R0": 1.9581120377379022
    },
    "R sonic drift": 1.0617688884619771,
    "w sonic drift": 8.6559494714014,
    "R critical": 2.3770044548740383,
    "w critical": 48.41952977064848,
    "R equilib drift": 1.4158915687682763,
    "w equilib drift": 200.0,
    "t min": [
        51078.91653816999,
        106642.81111383783,
        156932.70373800356
    ],
    "R min": [
        0.47157651467739364,
        1.1003421950088734,
        1.3184368299010363
    ],
    "t max": [
        73586.8618745018,
        130521.16640607177,
        182098.41383729706
    ],
    "R max": [
        2.4971190674698893,
        1.520492393116018,
        1.400187434892222
    ],
    "R end": 1.3644156114608803,
    "v end": -0.022554830971535936,
    "t end": 207637.87210638207,
    "v max": 165.38098059173308
}