{
    "star": "MS10",
    "grain": "gra",
    "stream": {
        "L4": 0.64,
        "eta": 0.0066,
        "vinf": 140.0,
        "n": 12589.254117941868,
        "T": 8000.0,
        "kappa": 600.0,
        "cs": 10.19646997739904,
        "taustar": 0.05706265281878601,
        "Rstar": 0.0011255226133003212,
        "Qp": 2.0,
        "a": 0.2,
        "rho_d": 2.2,
        "kappa_d": 34090.90909090909,
        "drag_constant": 0.11151985453369588,
        "phi_norm": 1.0,
        "Rstarstar": 0.007298330241187382,
        "Upstarstar": 4.4835065656306465,
        "R0": 0.00017507361100549155
    },
    "R sonic drift": 0.0005321450119597618,
    "w sonic drift": 7.745966692414831,
    "R critical": 0.001191324287058021,
    "w critical": 43.32928075712418,
    "R equilib drift": 0.0007468508101475359,
    "w equilib drift": 140.0,
    "t min": [
        34.63892859588495,
        70.25904572710398,
        76.26510888278533,
        85.86886333469162,
        90.29907823665458,
        91.78572753261533,
        100.25962851959146,
        139.9531647217429
    ],
    "R min": [
        0.0004340524603582563,
        0.0007309579099799001,
        0.0007309579093454769,
        0.0007309579095884861,
        0.0007309579107506303,
        0.0007309579108516675,
        0.0007309579110319576,
        0.0007309579116709747
    ],
    "t max": [
        49.50542155549223,
        72.96474744575251,
        81.08185260169807,
        90.06121434930087,
        91.19106781423103,
        94.64009418085992,
        107.51447708387981
    ],
    "R max": [
        0.0007309851100351682,
        0.0007309579106293185,
        0.0007309579160292586,
        0.0007309579107681027,
        0.0007309579108165643,
        0.0007309579109601442,
        0.0007309579109932335
    ],
    "R end": 0.0007309579120333861,
    "v end": 1.9993894166059032e-08,
    "t end": 148.66492959607277,
    "v max": 96.96875455975986
}