{
    "star": "MS10",
    "grain": "sil",
    "stream": {
        "L4": 0.64,
        "eta": 0.0066,
        "vinf": 30.0,
        "n": 7943.282347242919,
        "T": 8000.0,
        "kappa": 600.0,
        "cs": 10.19646997739904,
        "taustar": 0.21152355598374367,
        "Rstar": 0.006612428757352861,
        "Qp": 2.0,
        "a": 0.02,
        "rho_d": 3.5,
        "kappa_d": 214285.71428571426,
        "drag_constant": 1318.5256750774581,
        "phi_norm": 0.7,
        "Rstarstar": 0.9990603174603174,
        "Upstarstar": 0.0003792114248898695,
        "R0": 0.002678543075916619
    },
    "R sonic drift": 0.001061768888461977,
    "w sonic drift": 7.745966692414831,
    "R critical": 0.002244036908603926,
    "w critical": 38.7741595142002,
    "R equilib drift": 0.0019299566045074869,
    "w equilib drift": 30.0,
    "t min": [
        325.85303395894886,
        399.49526593267905,
        472.86064741026735,
        546.5028793839975,
        620.1451113577276,
        693.7873433314578,
        767.429575305188,
        840.7949567827762,
        914.4371887565064,
        988.0794207302366,
        1061.7216527039668,
        1135.087034181555,
        1208.7292661552854,
        1282.3714981290154,
        1356.0137301027455
    ],
    "R min": [
        0.0009974531374979082,
        0.0009969017992182828,
        0.0010003115859579493,
        0.0009992389184439844,
        0.000998224421579037,
        0.0009973479734190706,
        0.0009968792135335194,
        0.0010001624496428275,
        0.0009990956553520443,
        0.0009980931299824554,
        0.0009972498731637494,
        0.0010011115107135407,
        0.001000013967053375,
        0.0009989535600132017,
        0.0009979645069852475
    ],
    "t max": [
        350.49272811557285,
        424.13496008930304,
        497.50034156689134,
        571.1425735406216,
        644.7848055143517,
        718.4270374880819,
        791.7924189656701,
        865.4346509394003,
        939.0768829131305,
        1012.7191148868606,
        1086.3613468605909,
        1159.726728338179,
        1233.3689603119092,
        1307.0111922856395,
        1380.6534242593696
    ],
    "R max": [
        0.0022994207339285767,
        0.002299468982476755,
        0.002298868622171142,
        0.0022991208033323837,
        0.002299312150206884,
        0.0022994325702328793,
        0.002298607961716762,
        0.0022989064455720925,
        0.0022991507971180307,
        0.002299333096647838,
        0.002299442829593285,
        0.0022986517769638865,
        0.002298943248786585,
        0.002299179624240244,
        0.0022993526843618213
    ],
    "R end": 0.002204610564378343,
    "v end": -27.985652221974362,
    "t end": 1384.2524807092136,
    "v max": 132.36496523141633
}