{
    "star": "MS10",
    "grain": "gra",
    "stream": {
        "L4": 0.64,
        "eta": 0.0066,
        "vinf": 20.0,
        "n": 7943.282347242919,
        "T": 8000.0,
        "kappa": 600.0,
        "cs": 10.19646997739904,
        "taustar": 0.31728533397561554,
        "Rstar": 0.009918643136029292,
        "Qp": 2.0,
        "a": 0.2,
        "rho_d": 2.2,
        "kappa_d": 34090.90909090909,
        "drag_constant": 168.94461532742875,
        "phi_norm": 1.0,
        "Rstarstar": 0.35761818181818184,
        "Upstarstar": 0.0029595497851823117,
        "R0": 0.005435674447758159
    },
    "R sonic drift": 0.0006699308783156552,
    "w sonic drift": 7.745966692414831,
    "R critical": 0.001499788418664912,
    "w critical": 43.32928075712418,
    "R equilib drift": 0.0008472745515516542,
    "w equilib drift": 20.0,
    "t min": [
        314.4255369546257,
        396.17617656282846,
        477.66479489023567,
        559.4154344984383,
        641.1660741066411,
        722.9167137148438,
        804.6673533230464,
        886.4179929312492,
        968.1686325394519,
        1049.6572508668592,
        1131.4078904750615,
        1213.1585300832644,
        1294.909169691467
    ],
    "R min": [
        0.0006248812534867759,
        0.0006247499998194182,
        0.000626043734836766,
        0.0006257392688466751,
        0.0006254558739649559,
        0.0006251999859292744,
        0.000624981151271352,
        0.0006248134549780142,
        0.0006247172509923248,
        0.0006259047892323948,
        0.000625609125838772,
        0.0006253371287558565,
        0.000625096470990267
    ],
    "t max": [
        330.14681380235703,
        411.89745341055976,
        493.386071737967,
        575.1367113461696,
        656.8873509543723,
        738.637990562575,
        820.3886301707777,
        902.1392697789804,
        983.6278881063877,
        1065.3785277145903,
        1147.129167322793,
        1228.8798069309958
    ],
    "R max": [
        0.0017449157726041342,
        0.001744973415689209,
        0.0017439563457741132,
        0.0017442492079212033,
        0.0017444998752031784,
        0.0017447040536033318,
        0.0017448563767315586,
        0.0017449500258977188,
        0.0017437781907929152,
        0.0017440927717627033,
        0.0017443671719781935,
        0.0017445975630953452
    ],
    "R end": 0.0017394758928660817,
    "v end": 14.430915917585391,
    "t end": 1310.1064039776072,
    "v max": 140.40248134578687
}