{
    "star": "MS10",
    "grain": "sil",
    "stream": {
        "L4": 0.64,
        "eta": 0.0066,
        "vinf": 120.0,
        "n": 0.6309573444801969,
        "T": 8000.0,
        "kappa": 600.0,
        "cs": 10.19646997739904,
        "taustar": 0.00047130141926974173,
        "Rstar": 0.18548167733767343,
        "Qp": 2.0,
        "a": 0.02,
        "rho_d": 3.5,
        "kappa_d": 214285.71428571426,
        "drag_constant": 0.0004091180359073871,
        "phi_norm": 0.7,
        "Rstarstar": 0.06244126984126984,
        "Upstarstar": 1222.1411820455307,
        "R0": 0.01515627065924755
    },
    "R sonic drift": 0.1191324287058022,
    "w sonic drift": 7.745966692414831,
    "R critical": 0.2517850823588335,
    "w critical": 38.7741595142002,
    "R equilib drift": 0.15886564694485644,
    "w equilib drift": 120.0,
    "t min": [
        9730.527532237855,
        26333.774031778587
    ],
    "R min": [
        0.03475568050437975,
        0.10563803435124579
    ],
    "t max": [
        16284.849349643084,
        32763.84330288229
    ],
    "R max": [
        0.36637189108952295,
        0.18955690891798402
    ],
    "R end": 0.1449819772746521,
    "v end": -5.147563863133685,
    "t end": 38828.92071922528,
    "v max": 102.35800017709937
}