{
    "star": "MS10",
    "grain": "sil",
    "stream": {
        "L4": 0.64,
        "eta": 0.0066,
        "vinf": 500.0,
        "n": 0.003981071705534978,
        "T": 8000.0,
        "kappa": 600.0,
        "cs": 10.19646997739904,
        "taustar": 8.984832585397958e-06,
        "Rstar": 0.5604182328542494,
        "Qp": 2.0,
        "a": 0.002,
        "rho_d": 3.5,
        "kappa_d": 2142857.1428571427,
        "drag_constant": 8.564333932839393e-07,
        "phi_norm": 0.7,
        "Rstarstar": 0.035966171428571427,
        "Upstarstar": 583816.5628768654,
        "R0": 0.04553362800233811
    },
    "R sonic drift": 1.4997884186649117,
    "w sonic drift": 7.745966692414831,
    "R critical": 3.1697863849222285,
    "w critical": 38.7741595142002,
    "R equilib drift": 0.6685262718969321,
    "w equilib drift": 500.0,
    "t min": [
        29446.947519598565,
        103850.35037589104
    ],
    "R min": [
        0.03494469695686706,
        0.14317437059325336
    ],
    "t max": [
        59386.632806457346
    ],
    "R max": [
        6.053146866049091
    ],
    "R end": 1.9151412115768776,
    "v end": 64.33049681201439,
    "t end": 117318.51601433691,
    "v max": 464.0867764060699
}