{
    "star": "MS10",
    "grain": "sil",
    "stream": {
        "L4": 0.64,
        "eta": 0.0066,
        "vinf": 170.0,
        "n": 1.2589254117941753,
        "T": 8000.0,
        "kappa": 600.0,
        "cs": 10.19646997739904,
        "taustar": 0.0004699277290958827,
        "Rstar": 0.09269009756590922,
        "Qp": 2.0,
        "a": 0.02,
        "rho_d": 3.5,
        "kappa_d": 214285.71428571426,
        "drag_constant": 0.00020266461331611325,
        "phi_norm": 0.7,
        "Rstarstar": 0.0311126050420168,
        "Upstarstar": 2467.130259292516,
        "R0": 0.007573861064992001
    },
    "R sonic drift": 0.08433930068571646,
    "w sonic drift": 7.745966692414831,
    "R critical": 0.1782501876267492,
    "w critical": 38.7741595142002,
    "R equilib drift": 0.08630355557504668,
    "w equilib drift": 170.0,
    "t min": [
        4874.244147333734,
        11207.656924761008,
        16640.731611279498
    ],
    "R min": [
        0.01970001734529671,
        0.058675401008796896,
        0.0769961768590261
    ],
    "t max": [
        7369.577735499014,
        13730.15588635888,
        19318.461278206472
    ],
    "R max": [
        0.1893435589318114,
        0.10049821147294331,
        0.08748520288456163
    ],
    "R end": 0.08746956539311489,
    "v end": -0.3666464246881028,
    "t end": 19403.838166137477,
    "v max": 134.62556828796951
}