{
    "star": "MS10",
    "grain": "gra",
    "stream": {
        "L4": 0.64,
        "eta": 0.0066,
        "vinf": 250.0,
        "n": 158.48931924611304,
        "T": 8000.0,
        "kappa": 600.0,
        "cs": 10.19646997739904,
        "taustar": 0.0035854195727898076,
        "Rstar": 0.005617489275970088,
        "Qp": 2.0,
        "a": 0.2,
        "rho_d": 2.2,
        "kappa_d": 34090.90909090909,
        "drag_constant": 0.00013807158242497804,
        "phi_norm": 1.0,
        "Rstarstar": 0.002288756363636363,
        "Upstarstar": 3621.309984418249,
        "R0": 0.0004769458729923864
    },
    "R sonic drift": 0.004742747411323311,
    "w sonic drift": 7.745966692414831,
    "R critical": 0.01061768888461977,
    "w critical": 43.32928075712418,
    "R equilib drift": 0.004477442277136681,
    "w equilib drift": 250.0,
    "t min": [
        185.49686115812193,
        369.8065424048319,
        532.3017927793467,
        695.835825576347
    ],
    "R min": [
        0.0013141138109046204,
        0.0032431865391306562,
        0.0040665431507298545,
        0.004290657533784639
    ],
    "t max": [
        259.8440031102972,
        446.08285171305164,
        612.8816292664349
    ],
    "R max": [
        0.008807199685969967,
        0.005064308170024037,
        0.004510604634580137
    ],
    "R end": 0.004359651829574307,
    "v end": 1.791202351300148,
    "t end": 741.9874446324877,
    "v max": 188.00871833379836
}