{
    "star": "MS20",
    "grain": "gra",
    "stream": {
        "L4": 5.45,
        "eta": 0.1199,
        "vinf": 70.0,
        "n": 100000.00000000163,
        "T": 9000.0,
        "kappa": 600.0,
        "cs": 10.814989597775858,
        "taustar": 0.9386208945434167,
        "Rstar": 0.0023307327830796817,
        "Qp": 2.0,
        "a": 0.02,
        "rho_d": 2.2,
        "kappa_d": 340909.0909090908,
        "drag_constant": 13578.169558418545,
        "phi_norm": 1.5,
        "Rstarstar": 2.4859937384044515,
        "Upstarstar": 3.682381471587953e-05,
        "R0": 0.002285007702341526
    },
    "R sonic drift": 0.0002992471312188866,
    "w sonic drift": 9.672835454459698,
    "R critical": 0.0007096267784671508,
    "w critical": 48.41952977064848,
    "R equilib drift": 0.0006846025390555257,
    "w equilib drift": 70.0,
    "t min": [
        38.22211820460585,
        94.93665230347858,
        122.02319276343547,
        158.4395416040442
    ],
    "R min": [
        0.0002964070687117841,
        0.0006693535047494974,
        0.0006693535055774273,
        0.0006693535039244274
    ],
    "t max": [
        91.75983582977992,
        112.32554247530275,
        129.814753167349
    ],
    "R max": [
        0.0006693535052398314,
        0.0006693535056727015,
        0.0006693535052364224
    ],
    "R end": 0.0006693535059617431,
    "v end": 2.6806380861056975e-07,
    "t end": 167.200867036771,
    "v max": 241.22700451923302
}