{
    "star": "MS10",
    "grain": "sil",
    "stream": {
        "L4": 0.64,
        "eta": 0.0066,
        "vinf": 80.0,
        "n": 19952.623149689072,
        "T": 8000.0,
        "kappa": 600.0,
        "cs": 10.19646997739904,
        "taustar": 0.125715841471426,
        "Rstar": 0.001564560183488934,
        "Qp": 2.0,
        "a": 0.002,
        "rho_d": 3.5,
        "kappa_d": 2142857.1428571427,
        "drag_constant": 6549.583178192146,
        "phi_norm": 0.7,
        "Rstarstar": 1.404928571428571,
        "Upstarstar": 7.634073595169041e-05,
        "R0": 0.00041898768224769015
    },
    "R sonic drift": 0.0006699308783156552,
    "w sonic drift": 7.745966692414831,
    "R critical": 0.0014158915687682763,
    "w critical": 38.7741595142002,
    "R equilib drift": 0.0011886516673566953,
    "w equilib drift": 80.0,
    "t min": [
        75.13460226811578,
        253.76761045046257,
        278.13558956444604,
        284.2930896631408,
        284.4241003035386,
        286.38925990950503,
        289.40250463865345,
        290.7126110426311,
        291.1711482840232,
        291.4986748850177,
        292.0882227668076,
        293.92237173237623,
        294.7084355747628,
        298.50774414629785,
        326.9370531126119
    ],
    "R min": [
        0.0006348073290717447,
        0.0011597332890114012,
        0.0011597332895681772,
        0.0011597332897577532,
        0.0011597332897611478,
        0.001159733289650199,
        0.001159733289465908,
        0.0011597332896497818,
        0.001159733289673051,
        0.0011597332896555914,
        0.0011597332897000283,
        0.0011597332901169103,
        0.0011597332900742544,
        0.001159733290725238,
        0.0011597332895382443
    ],
    "t max": [
        250.2958284799219,
        258.2874775441853,
        283.8345524217487,
        284.35859498333974,
        284.62061626413526,
        288.0923982346759,
        290.58160040223333,
        291.1056429638244,
        291.302158924421,
        291.69519084561426,
        293.5948451313819,
        294.11888769297286,
        298.1147122251046,
        299.55582926947994
    ],
    "R max": [
        0.0011597332893937776,
        0.0011597332894836352,
        0.0011597332898192702,
        0.0011597332897602607,
        0.0011597332897767632,
        0.0011597332898019366,
        0.0011597332896554288,
        0.0011597332896730514,
        0.0011597332896745626,
        0.001159733289708898,
        0.0011597332901874457,
        0.0011597332901496307,
        0.001159733290693032,
        0.0011597332907578568
    ],
    "R end": 0.0011597332896608242,
    "v end": 1.0986578658615023e-08,
    "t end": 327.5266009944019,
    "v max": 98.14928350640267
}