{
    "star": "MS10",
    "grain": "sil",
    "stream": {
        "L4": 0.64,
        "eta": 0.0066,
        "vinf": 100.0,
        "n": 125.89254117941816,
        "T": 8000.0,
        "kappa": 600.0,
        "cs": 10.19646997739904,
        "taustar": 0.007988771394630027,
        "Rstar": 0.015757316586204533,
        "Qp": 2.0,
        "a": 0.002,
        "rho_d": 3.5,
        "kappa_d": 2142857.1428571427,
        "drag_constant": 16.926751168775187,
        "phi_norm": 0.7,
        "Rstarstar": 0.8991542857142859,
        "Upstarstar": 0.029539041190748475,
        "R0": 0.0014120875536956779
    },
    "R sonic drift": 0.008433930068571646,
    "w sonic drift": 7.745966692414831,
    "R critical": 0.01782501876267492,
    "w critical": 38.7741595142002,
    "R equilib drift": 0.012619146889603867,
    "w equilib drift": 100.0,
    "t min": [
        758.0303417983268,
        2695.6588133924834,
        2855.3135938234623,
        2875.105508752923,
        3005.0724167897115,
        3142.296360300636
    ],
    "R min": [
        0.007725255942355816,
        0.01258338382088511,
        0.012583383810867564,
        0.012583383809844155,
        0.012583383809397242,
        0.012583383817094724
    ],
    "t max": [
        2349.960032624578,
        2769.5486291291345,
        2863.8900902928954,
        2922.6061045836273,
        3127.1225588547163
    ],
    "R max": [
        0.012583383833831245,
        0.012583383814602717,
        0.012583383811627618,
        0.012583383808572443,
        0.012583383817569802
    ],
    "R end": 0.012583383851815623,
    "v end": 1.7581467409905563e-07,
    "t end": 3298.6524882433714,
    "v max": 78.26214504778238
}