{
    "star": "MS10",
    "grain": "sil",
    "stream": {
        "L4": 0.64,
        "eta": 0.0066,
        "vinf": 140.0,
        "n": 3162.277660168418,
        "T": 8000.0,
        "kappa": 600.0,
        "cs": 10.19646997739904,
        "taustar": 0.028599073109680784,
        "Rstar": 0.0022457128549634255,
        "Qp": 2.0,
        "a": 0.002,
        "rho_d": 3.5,
        "kappa_d": 2142857.1428571427,
        "drag_constant": 110.67804193665486,
        "phi_norm": 0.7,
        "Rstarstar": 0.45875218658892114,
        "Upstarstar": 0.004517607930633329,
        "R0": 0.00025736274503334255
    },
    "R sonic drift": 0.0016827902832903898,
    "w sonic drift": 7.745966692414831,
    "R critical": 0.003556558820077846,
    "w critical": 38.7741595142002,
    "R equilib drift": 0.0019871646664905915,
    "w equilib drift": 140.0,
    "t min": [
        107.37535905665867,
        305.201764884338,
        381.3611701697088
    ],
    "R min": [
        0.0015744810088100807,
        0.0019499715337411947,
        0.0019499715481011654
    ],
    "t max": [
        303.7914055272015,
        352.40179136983943,
        423.3898790123765
    ],
    "R max": [
        0.0019499715339674772,
        0.0019499715475388621,
        0.0019499715531757942
    ],
    "R end": 0.0019499715404208326,
    "v end": -6.708685373139661e-08,
    "t end": 470.11978571216576,
    "v max": 42.182759237894565
}