{
    "star": "MS20",
    "grain": "gra",
    "stream": {
        "L4": 5.45,
        "eta": 0.1199,
        "vinf": 20.0,
        "n": 100000.00000000163,
        "T": 9000.0,
        "kappa": 600.0,
        "cs": 10.814989597775858,
        "taustar": 3.2851731309019585,
        "Rstar": 0.008157564740778887,
        "Qp": 2.0,
        "a": 0.02,
        "rho_d": 2.2,
        "kappa_d": 340909.0909090908,
        "drag_constant": 2037574.0693601826,
        "phi_norm": 1.5,
        "Rstarstar": 30.453423295454538,
        "Upstarstar": 2.4538985233405767e-07,
        "R0": 0.008629074428831457
    },
    "R sonic drift": 0.0002992471312188866,
    "w sonic drift": 9.672835454459698,
    "R critical": 0.0007096267784671508,
    "w critical": 48.41952977064848,
    "R equilib drift": 0.00037846364022518927,
    "w equilib drift": 20.0,
    "t min": [
        139.7464846693332,
        167.36806790380777,
        195.10669174520808,
        222.72827497968262,
        250.46689882108294,
        278.08848205555756,
        305.82710589695785,
        333.56572973835813,
        361.18731297283273,
        388.925936814233,
        416.5475200487076,
        444.2861438901079,
        471.9077271245825,
        499.64635096598283,
        527.3849748073832,
        555.0065580418576,
        582.7451818832579
    ],
    "R min": [
        0.00029546869627626517,
        0.0002961208478142322,
        0.00029563050664567584,
        0.0002962915389983317,
        0.0002957956980312552,
        0.0002964636095283848,
        0.00029596315187305634,
        0.0002954795338417647,
        0.00029613240798222456,
        0.0002956416608889018,
        0.0002963032061718507,
        0.0002958070372024439,
        0.0002964753766517995,
        0.0002959746266517098,
        0.0002954904243320271,
        0.00029614399319895923,
        0.0002956528378216382
    ],
    "t max": [
        143.49178409095688,
        171.11336732543145,
        198.85199116683174,
        226.59061500823208,
        254.21219824270662,
        281.95082208410696,
        309.5724053185815,
        337.3110291599818,
        364.9326123944564,
        392.67123623585667,
        420.40986007725695,
        448.03144331173155,
        475.7700671531319,
        503.3916503876065,
        531.1302742290068,
        558.7518574634813
    ],
    "R max": [
        0.0006881914360733664,
        0.0006855378638428555,
        0.000687545444737654,
        0.000689328991390202,
        0.0006868771039073331,
        0.0006887655407527704,
        0.0006861909453632606,
        0.000688148357306876,
        0.0006854897475153085,
        0.0006875006059571193,
        0.0006892934984361974,
        0.0006868308982327877,
        0.000688724789235951,
        0.0006861436383872631,
        0.0006881050537921405,
        0.0006854414958364697
    ],
    "R end": 0.0006143799099163533,
    "v end": 70.02249205353498,
    "t end": 585.2030346286986,
    "v max": 294.7753437969046
}