{
    "star": "MS10",
    "grain": "sil",
    "stream": {
        "L4": 0.64,
        "eta": 0.0066,
        "vinf": 30.0,
        "n": 2.5118864315095975,
        "T": 8000.0,
        "kappa": 600.0,
        "cs": 10.19646997739904,
        "taustar": 0.0037614798434410556,
        "Rstar": 0.3718441950136593,
        "Qp": 2.0,
        "a": 0.002,
        "rho_d": 3.5,
        "kappa_d": 2142857.1428571427,
        "drag_constant": 41.69544286655851,
        "phi_norm": 0.7,
        "Rstarstar": 9.990603174603173,
        "Upstarstar": 0.011991718174098614,
        "R0": 0.03163934403563306
    },
    "R sonic drift": 0.05970765237835921,
    "w sonic drift": 7.745966692414831,
    "R critical": 0.12619146889603874,
    "w critical": 38.7741595142002,
    "R equilib drift": 0.10852943545386065,
    "w equilib drift": 30.0,
    "t min": [
        18401.90493081712,
        23461.650364417426,
        28536.964245505736,
        33596.70967910605,
        38672.02356019435,
        43731.76899379466,
        48807.08287488297,
        53882.396755971284,
        58942.14218957158,
        64017.45607065989,
        69077.2015042602,
        74152.51538534851
    ],
    "R min": [
        0.05466941528024346,
        0.054731663781243355,
        0.054675028628221094,
        0.05474459430881578,
        0.054681870454709264,
        0.054758339803264784,
        0.054689883918411064,
        0.05466049205613695,
        0.05469901556093355,
        0.05466222460772088,
        0.0547091984041108,
        0.05466532248304855
    ],
    "t max": [
        20161.139496961227,
        25236.453378049537,
        30296.198811649843,
        35371.51269273815,
        40431.258126338456,
        45506.57200742677,
        50566.31744102708,
        55641.63132211539,
        60701.37675571569,
        65776.690636804,
        70836.4360704043,
        75911.74995149262
    ],
    "R max": [
        0.1416454191491882,
        0.1416496114805028,
        0.14164411631287838,
        0.14164934155002346,
        0.14164265006308177,
        0.14164888753839705,
        0.14164101778885146,
        0.14164826025998695,
        0.14163922346573327,
        0.14164745799068135,
        0.1416372680038271,
        0.14164648122370163
    ],
    "R end": 0.0888219413801834,
    "v end": -26.67106749107791,
    "t end": 77842.23744000474,
    "v max": 107.43367769683428
}