{
    "star": "MS10",
    "grain": "gra",
    "stream": {
        "L4": 0.64,
        "eta": 0.0066,
        "vinf": 50.0,
        "n": 10.000000000000082,
        "T": 8000.0,
        "kappa": 600.0,
        "cs": 10.19646997739904,
        "taustar": 0.004503083388079791,
        "Rstar": 0.11181813806355345,
        "Qp": 2.0,
        "a": 0.02,
        "rho_d": 2.2,
        "kappa_d": 340909.0909090908,
        "drag_constant": 0.5444829937190125,
        "phi_norm": 1.0,
        "Rstarstar": 0.572189090909091,
        "Upstarstar": 0.9183023267353533,
        "R0": 0.009601413775725848
    },
    "R sonic drift": 0.018881217525718474,
    "w sonic drift": 7.745966692414831,
    "R critical": 0.04226978079673296,
    "w critical": 43.32928075712418,
    "R equilib drift": 0.04226978079673296,
    "w equilib drift": 50.0,
    "t min": [
        3461.976919819033,
        5024.5927820923,
        6584.2547391438775,
        8143.916696195455,
        9703.578653247034,
        11263.240610298612,
        12822.90256735019,
        14382.564524401767
    ],
    "R min": [
        0.01613061595424467,
        0.01612350993319907,
        0.016123718050458462,
        0.016124321829174233,
        0.016125319404728736,
        0.016126711391842782,
        0.016128496262948967,
        0.016130673865727342
    ],
    "t max": [
        4153.190741694164,
        5712.852698745743,
        7272.51465579732,
        8832.176612848898,
        10391.838569900476,
        11951.500526952053,
        13514.11638922532
    ],
    "R max": [
        0.05034754219066371,
        0.05034749846199426,
        0.050347440227349195,
        0.05034735705438592,
        0.05034726068385515,
        0.05034714181048976,
        0.05034756803983436
    ],
    "R end": 0.04487807738282783,
    "v end": 39.28105313598807,
    "t end": 14769.526108442973,
    "v max": 105.36676962255358
}