{
    "star": "MS40",
    "grain": "gra",
    "stream": {
        "L4": 22.2,
        "eta": 0.4468,
        "vinf": 200.0,
        "n": 0.01995262314968885,
        "T": 10000.0,
        "kappa": 600.0,
        "cs": 11.4,
        "taustar": 0.00029616688542546477,
        "Rstar": 3.685859404679212,
        "Qp": 2.0,
        "a": 0.02,
        "rho_d": 2.2,
        "kappa_d": 340909.0909090908,
        "drag_constant": 0.00018400404393691472,
        "phi_norm": 1.5,
        "Rstarstar": 1.240488068181818,
        "Upstarstar": 2717.331583057074,
        "R0": 2.464834337942481
    },
    "R sonic drift": 1.33668783513723,
    "w sonic drift": 8.6559494714014,
    "R critical": 2.992471312188866,
    "w critical": 48.41952977064848,
    "R equilib drift": 1.782501876267492,
    "w equilib drift": 200.0,
    "t min": [
        64618.22674919026,
        146750.29327263517,
        217485.2939131323
    ],
    "R min": [
        0.5338801045415001,
        1.2914358225516238,
        1.6183062064130955
    ],
    "t max": [
        98025.22261709688,
        179948.16866562533,
        252565.2535803707
    ],
    "R max": [
        3.552811115849375,
        2.0056671856701507,
        1.7877248086771331
    ],
    "R end": 1.7732742220322373,
    "v end": -2.869860621057308,
    "t end": 261400.59364559173,
    "v max": 168.96011976231043
}