{
    "star": "MS20",
    "grain": "gra",
    "stream": {
        "L4": 5.45,
        "eta": 0.1199,
        "vinf": 20.0,
        "n": 0.03981071705534985,
        "T": 9000.0,
        "kappa": 600.0,
        "cs": 10.814989597775858,
        "taustar": 0.0020728041148315684,
        "Rstar": 12.928868824721352,
        "Qp": 2.0,
        "a": 0.02,
        "rho_d": 2.2,
        "kappa_d": 340909.0909090908,
        "drag_constant": 0.8111728475461468,
        "phi_norm": 1.5,
        "Rstarstar": 30.453423295454538,
        "Upstarstar": 0.616391440508067,
        "R0": 4.503684794204423
    },
    "R sonic drift": 0.4742747411323311,
    "w sonic drift": 9.672835454459698,
    "R critical": 1.1246826503806984,
    "w critical": 48.41952977064848,
    "R equilib drift": 0.5998244469869547,
    "w equilib drift": 20.0,
    "t min": [
        224636.69886248567,
        375074.65326172253,
        525698.1045221175,
        676136.0589213545,
        826574.0133205913
    ],
    "R min": [
        0.43990186402441545,
        0.4399712310719529,
        0.43989848527915026,
        0.4399534136560266,
        0.4400884947762559
    ],
    "t max": [
        263776.5365668494,
        414399.98782724445,
        564837.9422264813,
        715461.3934868763,
        865899.3478861132
    ],
    "R max": [
        2.440845570534406,
        2.4409090089310026,
        2.440859748565303,
        2.4409116690674875,
        2.4408722846229716
    ],
    "R end": 1.2569995019135216,
    "v end": -18.593175493252218,
    "t end": 927484.3057906098,
    "v max": 83.70705649707253
}