{
    "star": "MS10",
    "grain": "gra",
    "stream": {
        "L4": 0.64,
        "eta": 0.0066,
        "vinf": 50.0,
        "n": 199.52623149688992,
        "T": 8000.0,
        "kappa": 600.0,
        "cs": 10.19646997739904,
        "taustar": 0.02011453463542812,
        "Rstar": 0.025032962935822994,
        "Qp": 2.0,
        "a": 0.02,
        "rho_d": 2.2,
        "kappa_d": 340909.0909090908,
        "drag_constant": 10.863863985089846,
        "phi_norm": 1.0,
        "Rstarstar": 0.5721890909090908,
        "Upstarstar": 0.04602414027699787,
        "R0": 0.002597320209146533
    },
    "R sonic drift": 0.004226978079673296,
    "w sonic drift": 7.745966692414831,
    "R critical": 0.009463025179229607,
    "w critical": 43.32928075712418,
    "R equilib drift": 0.009463025179229607,
    "w equilib drift": 50.0,
    "t min": [
        767.7658240962244,
        1041.542784626661,
        1315.9810421632098,
        1590.4192996997583,
        1864.196260230195,
        2138.634517766744,
        2413.0727753032925,
        2687.5110328398414,
        2961.2879933702775,
        3235.726250906827
    ],
    "R min": [
        0.003857726354136642,
        0.003864492099586043,
        0.003860375754047541,
        0.0038578431716368047,
        0.0038648410509169936,
        0.0038606183469329495,
        0.0038579687492824367,
        0.00385700027449076,
        0.0038608689844598807,
        0.003858102671346959
    ],
    "t max": [
        899.3639283125453,
        1173.802185849094,
        1447.5791463795308,
        1722.0174039160793,
        1996.4556614526282,
        2270.2326219830647,
        2544.6708795196137,
        2819.109137056162,
        3092.886097586599
    ],
    "R max": [
        0.009467049375254019,
        0.009467060491961077,
        0.009467018691381519,
        0.009467047995566923,
        0.009467060272419841,
        0.009467015981046356,
        0.009467046494799541,
        0.009467059970028358,
        0.009467013160093081
    ],
    "R end": 0.00876610998384969,
    "v end": 24.717698855942388,
    "t end": 3306.4850305608284,
    "v max": 137.59525134131252
}