{
    "star": "MS10",
    "grain": "gra",
    "stream": {
        "L4": 0.64,
        "eta": 0.0066,
        "vinf": 500.0,
        "n": 0.015848931924611172,
        "T": 8000.0,
        "kappa": 600.0,
        "cs": 10.19646997739904,
        "taustar": 1.7927097863948963e-05,
        "Rstar": 0.2808744637985056,
        "Qp": 2.0,
        "a": 0.02,
        "rho_d": 2.2,
        "kappa_d": 340909.0909090908,
        "drag_constant": 8.629473901561051e-08,
        "phi_norm": 1.0,
        "Rstarstar": 0.005721890909090908,
        "Upstarstar": 5794095.975069248,
        "R0": 0.02282338511998357
    },
    "R sonic drift": 0.4742747411323311,
    "w sonic drift": 7.745966692414831,
    "R critical": 1.0617688884619771,
    "w critical": 43.32928075712418,
    "R equilib drift": 0.298619716578213,
    "w equilib drift": 500.0,
    "t min": [
        9297.102681245073
    ],
    "R min": [
        0.005932569462012806
    ],
    "t max": [],
    "R max": [],
    "R end": 8.147573123295299,
    "v end": 129.15889882096806,
    "t end": 37099.37223162439,
    "v max": 488.30827007186537
}