{
    "star": "MS20",
    "grain": "gra",
    "stream": {
        "L4": 5.45,
        "eta": 0.1199,
        "vinf": 50.0,
        "n": 79432.82347242952,
        "T": 9000.0,
        "kappa": 600.0,
        "cs": 10.814989597775858,
        "taustar": 1.1711654539392586,
        "Rstar": 0.0036611752725267685,
        "Qp": 2.0,
        "a": 0.02,
        "rho_d": 2.2,
        "kappa_d": 340909.0909090908,
        "drag_constant": 41433.66690905207,
        "phi_norm": 1.5,
        "Rstarstar": 4.872547727272727,
        "Upstarstar": 1.2067481285146991e-05,
        "R0": 0.003709803095977553
    },
    "R sonic drift": 0.0003357608036245122,
    "w sonic drift": 9.672835454459698,
    "R critical": 0.0007962143411069948,
    "w critical": 48.41952977064848,
    "R equilib drift": 0.0007962143411069948,
    "w equilib drift": 50.0,
    "t min": [
        60.407991601755825,
        76.95452843180199,
        93.44853657349879,
        109.94254471519561,
        126.43655285689242,
        142.93056099858921,
        159.42456914028602,
        175.9711059703322,
        192.465114112029,
        208.95912225372578,
        225.45313039542262,
        241.94713853711943,
        258.4411466788162
    ],
    "R min": [
        0.0003328944463559939,
        0.0003311354847696584,
        0.00033149583740418176,
        0.0003318607843109889,
        0.00033222784815314704,
        0.00033259639138325024,
        0.000332966190421757,
        0.00033120447623936097,
        0.000331566341714245,
        0.0003319317265836008,
        0.0003322990499267076,
        0.00033266785262452207,
        0.00033303786730920634
    ],
    "t max": [
        67.60442190561717,
        84.15095873566334,
        100.64496687736015,
        117.13897501905694,
        133.63298316075375,
        150.12699130245056,
        166.62099944414737,
        183.16753627419354,
        199.66154441589032,
        216.15555255758716,
        232.64956069928397,
        249.14356884098078
    ],
    "R max": [
        0.0007702091670943849,
        0.0007703871851747202,
        0.0007703657284453304,
        0.0007703339146314528,
        0.0007702945321242101,
        0.000770249232877633,
        0.0007701991207345488,
        0.0007703840299904221,
        0.000770360267973582,
        0.0007703268229915799,
        0.0007702861887276801,
        0.0007702398868841046
    ],
    "R end": 0.0007034405784774865,
    "v end": 35.74413582313853,
    "t end": 262.64344174676444,
    "v max": 265.85103077007574
}