{
    "star": "MS20",
    "grain": "gra",
    "stream": {
        "L4": 5.45,
        "eta": 0.1199,
        "vinf": 30.0,
        "n": 79.43282347242886,
        "T": 9000.0,
        "kappa": 600.0,
        "cs": 10.814989597775858,
        "taustar": 0.06172583918921766,
        "Rstar": 0.1929608795712054,
        "Qp": 2.0,
        "a": 0.02,
        "rho_d": 2.2,
        "kappa_d": 340909.0909090908,
        "drag_constant": 319.7042199772508,
        "phi_norm": 1.5,
        "Rstarstar": 13.534854797979792,
        "Upstarstar": 0.001563945574555064,
        "R0": 0.07943056398504333
    },
    "R sonic drift": 0.01061768888461977,
    "w sonic drift": 9.672835454459698,
    "R critical": 0.025178508235883353,
    "w critical": 48.41952977064848,
    "R equilib drift": 0.018881217525718474,
    "w equilib drift": 30.0,
    "t min": [
        3239.15080485956,
        3992.1841543653723,
        4745.217503871184,
        5495.482348415579,
        6248.515697921391,
        7001.549047427204,
        7754.582396933015,
        8504.84724147741,
        9257.88059098322,
        10010.913940489034,
        10761.178785033428,
        11514.212134539239,
        12267.245484045052,
        13020.278833550863,
        13770.543678095259
    ],
    "R min": [
        0.010403965060659623,
        0.010391303160407555,
        0.010381853095477404,
        0.010414671938288529,
        0.010401244900193203,
        0.010388917726037089,
        0.010381070693998115,
        0.010411844900241784,
        0.010398566850405386,
        0.010386682337726223,
        0.010422786396161378,
        0.010409039780418957,
        0.010395939377991988,
        0.010384660337715238,
        0.010419907760184994
    ],
    "t max": [
        3421.8721323131763,
        4174.905481818989,
        4927.938831324801,
        5680.972180830613,
        6431.237025375007,
        7184.270374880819,
        7937.303724386631,
        8687.568568931025,
        9440.601918436838,
        10193.63526794265,
        10946.668617448462,
        11696.933461992856,
        12449.966811498669,
        13203.00016100448
    ],
    "R max": [
        0.025643602162778157,
        0.025649553937171707,
        0.02565368006554372,
        0.0256553860847066,
        0.025644963302764938,
        0.02565057211655322,
        0.02565425798591554,
        0.025639412665992456,
        0.02564625932439556,
        0.02565150882498024,
        0.025654726917965474,
        0.025640944864229954,
        0.02564748780086148,
        0.025652359831535947
    ],
    "R end": 0.020226384889184264,
    "v end": 83.0324688225442,
    "t end": 13842.524807092137,
    "v max": 214.83489398993999
}