{
    "star": "MS40",
    "grain": "gra",
    "stream": {
        "L4": 22.2,
        "eta": 0.4468,
        "vinf": 120.0,
        "n": 12589.254117941868,
        "T": 10000.0,
        "kappa": 600.0,
        "cs": 11.4,
        "taustar": 0.39208953213966585,
        "Rstar": 0.007733703448085252,
        "Qp": 2.0,
        "a": 0.02,
        "rho_d": 2.2,
        "kappa_d": 340909.0909090908,
        "drag_constant": 895.8233251238734,
        "phi_norm": 1.5,
        "Rstarstar": 3.4458001893939385,
        "Upstarstar": 0.00055814577046301,
        "R0": 0.007687855930244673
    },
    "R sonic drift": 0.0016827902832903898,
    "w sonic drift": 8.6559494714014,
    "R critical": 0.0037672981789796047,
    "w critical": 48.41952977064848,
    "R equilib drift": 0.002992471312188866,
    "w equilib drift": 120.0,
    "t min": [
        125.27125223276845,
        482.5466187144907
    ],
    "R min": [
        0.001588094984351604,
        0.0029470151953090414
    ],
    "t max": [
        371.53566664832465
    ],
    "R max": [
        0.002947015188926472
    ],
    "R end": 0.0029470151940634405,
    "v end": 2.6571657403976086e-08,
    "t end": 548.47308333086,
    "v max": 213.3483234287917
}