{
    "star": "MS40",
    "grain": "gra",
    "stream": {
        "L4": 22.2,
        "eta": 0.4468,
        "vinf": 250.0,
        "n": 10.000000000000082,
        "T": 10000.0,
        "kappa": 600.0,
        "cs": 11.4,
        "taustar": 0.005304280535567498,
        "Rstar": 0.1317130335236413,
        "Qp": 2.0,
        "a": 0.02,
        "rho_d": 2.2,
        "kappa_d": 340909.0909090908,
        "drag_constant": 0.03777350768925648,
        "phi_norm": 1.5,
        "Rstarstar": 0.7939123636363633,
        "Upstarstar": 13.236790295284376,
        "R0": 0.08873997886035477
    },
    "R sonic drift": 0.05970765237835921,
    "w sonic drift": 8.6559494714014,
    "R critical": 0.133668783513723,
    "w critical": 48.41952977064848,
    "R equilib drift": 0.06877585655627144,
    "w equilib drift": 250.0,
    "t min": [
        2174.6007451239725,
        3248.823621796038,
        3997.977314918643,
        4240.845095731458,
        4655.588536811803,
        5072.2001915907085,
        5440.238290207051,
        6064.221665526129,
        6626.553988792724,
        7541.978701087179
    ],
    "R min": [
        0.04888768368559882,
        0.0676129577746119,
        0.06761308359016015,
        0.06761308357420764,
        0.06761308367315902,
        0.06761308363222882,
        0.06761308341069482,
        0.0676130836297488,
        0.06761308355934477,
        0.06761308356705516
    ],
    "t max": [
        2570.6620492187167,
        3848.520219033834,
        4138.093342310652,
        4466.898953257232,
        4805.045632696612,
        5115.169106657591,
        5823.222098411874,
        6312.694087434625,
        7043.1656435716295,
        8971.162180485666
    ],
    "R max": [
        0.0678064504380197,
        0.06761308369921384,
        0.0676130835445926,
        0.06761308382185706,
        0.06761308394423456,
        0.06761308366015753,
        0.06761308369032144,
        0.06761308353676869,
        0.06761308375655524,
        0.06761308357786713
    ],
    "R end": 0.06761308356932313,
    "v end": -4.866014400710732e-08,
    "t end": 9341.068492800568,
    "v max": 119.67062179798691
}