{
    "star": "MS10",
    "grain": "gra",
    "stream": {
        "L4": 0.64,
        "eta": 0.0066,
        "vinf": 90.0,
        "n": 6.309573444801981,
        "T": 8000.0,
        "kappa": 600.0,
        "cs": 10.19646997739904,
        "taustar": 0.0019871812658164754,
        "Rstar": 0.07820594194873116,
        "Qp": 2.0,
        "a": 0.2,
        "rho_d": 2.2,
        "kappa_d": 34090.90909090909,
        "drag_constant": 0.00032726103474277324,
        "phi_norm": 1.0,
        "Rstarstar": 0.017660157126823794,
        "Upstarstar": 1527.8323629117626,
        "R0": 0.006510764217513648
    },
    "R sonic drift": 0.02377004454874038,
    "w sonic drift": 7.745966692414831,
    "R critical": 0.05321450119597623,
    "w critical": 43.32928075712418,
    "R equilib drift": 0.044378094520642106,
    "w equilib drift": 90.0,
    "t min": [
        2578.3308010132446,
        10073.670661651106
    ],
    "R min": [
        0.008454278037027137,
        0.021375263886741692
    ],
    "t max": [
        5737.199226293093
    ],
    "R max": [
        0.1405916083120699
    ],
    "R end": 0.02460424144856774,
    "v end": 22.571901912279348,
    "t end": 10329.850965597934,
    "v max": 88.65974895672349
}