{
    "star": "MS20",
    "grain": "gra",
    "stream": {
        "L4": 5.45,
        "eta": 0.1199,
        "vinf": 300.0,
        "n": 0.03981071705534985,
        "T": 9000.0,
        "kappa": 600.0,
        "cs": 10.814989597775858,
        "taustar": 0.00013818694098877122,
        "Rstar": 0.8619245883147568,
        "Qp": 2.0,
        "a": 0.02,
        "rho_d": 2.2,
        "kappa_d": 340909.0909090908,
        "drag_constant": 1.602316735893623e-05,
        "phi_norm": 1.5,
        "Rstarstar": 0.13534854797979795,
        "Upstarstar": 31204.816675720886,
        "R0": 0.2985741266084481
    },
    "R sonic drift": 0.4742747411323311,
    "w sonic drift": 9.672835454459698,
    "R critical": 1.1246826503806984,
    "w critical": 48.41952977064848,
    "R equilib drift": 0.5072332116636958,
    "w equilib drift": 300.0,
    "t min": [
        15532.27050764008,
        50145.98479974564
    ],
    "R min": [
        0.09444523054440888,
        0.23410620238360663
    ],
    "t max": [
        30137.056709489552,
        60546.17548201101
    ],
    "R max": [
        2.0383833202396167,
        0.8555729767455824
    ],
    "R end": 0.845099558615419,
    "v end": -15.811138250621989,
    "t end": 61832.28705270732,
    "v max": 264.59449821249336
}