{
    "star": "MS10",
    "grain": "gra",
    "stream": {
        "L4": 0.64,
        "eta": 0.0066,
        "vinf": 120.0,
        "n": 0.0501187233627274,
        "T": 8000.0,
        "kappa": 600.0,
        "cs": 10.19646997739904,
        "taustar": 0.00013283078755505504,
        "Rstar": 0.6581138257690845,
        "Qp": 2.0,
        "a": 0.02,
        "rho_d": 2.2,
        "kappa_d": 340909.0909090908,
        "drag_constant": 8.225065266297924e-05,
        "phi_norm": 1.0,
        "Rstarstar": 0.0993383838383838,
        "Upstarstar": 6078.979118241679,
        "R0": 0.053552908248379286
    },
    "R sonic drift": 0.26670428643266486,
    "w sonic drift": 7.745966692414831,
    "R critical": 0.5970765237835921,
    "w critical": 43.32928075712418,
    "R equilib drift": 0.4147592967517077,
    "w equilib drift": 120.0,
    "t min": [
        21870.864801444015
    ],
    "R min": [
        0.06325746080192937
    ],
    "t max": [
        54642.39115336926
    ],
    "R max": [
        1.733861929020188
    ],
    "R end": 0.8135657557103763,
    "v end": -50.072626762658025,
    "t end": 86927.12560192375,
    "v max": 111.83522468618503
}