{
    "star": "MS10",
    "grain": "sil",
    "stream": {
        "L4": 0.64,
        "eta": 0.0066,
        "vinf": 120.0,
        "n": 1000.0000000000123,
        "T": 8000.0,
        "kappa": 600.0,
        "cs": 10.19646997739904,
        "taustar": 0.018762847450332496,
        "Rstar": 0.004659089085981383,
        "Qp": 2.0,
        "a": 0.002,
        "rho_d": 3.5,
        "kappa_d": 2142857.1428571427,
        "drag_constant": 64.84083900226834,
        "phi_norm": 0.7,
        "Rstarstar": 0.6244126984126982,
        "Upstarstar": 0.007711189548033276,
        "R0": 0.00047568274839659383
    },
    "R sonic drift": 0.002992471312188866,
    "w sonic drift": 7.745966692414831,
    "R critical": 0.00632455532033676,
    "w critical": 38.7741595142002,
    "R equilib drift": 0.003990524629937758,
    "w equilib drift": 120.0,
    "t min": [
        223.15742387174365,
        705.1696567275816,
        727.6024397216817,
        733.0643347115496,
        755.1069823492305,
        820.064519193016,
        946.858510029234
    ],
    "R min": [
        0.0027886419338873022,
        0.0039038264230990606,
        0.0039038264286890972,
        0.0039038264284914554,
        0.003903826430209164,
        0.003903826432150289,
        0.0039038264337547457
    ],
    "t max": [
        682.7368737334814,
        725.261627583167,
        730.3333872166156,
        752.180967176087,
        784.562201758875,
        873.9031983788562
    ],
    "R max": [
        0.0039038264234802014,
        0.003903826428544513,
        0.003903826428623572,
        0.003903826429793779,
        0.0039038264354281653,
        0.0039038264709054713
    ],
    "R end": 0.0039038264351142385,
    "v end": 2.104552208383724e-08,
    "t end": 975.3383910478307,
    "v max": 61.2047575337546
}