{
    "star": "MS10",
    "grain": "sil",
    "stream": {
        "L4": 0.64,
        "eta": 0.0066,
        "vinf": 250.0,
        "n": 5.011872336272761,
        "T": 8000.0,
        "kappa": 600.0,
        "cs": 10.19646997739904,
        "taustar": 0.0006375877802642656,
        "Rstar": 0.03158946363691599,
        "Qp": 2.0,
        "a": 0.02,
        "rho_d": 3.5,
        "kappa_d": 214285.71428571426,
        "drag_constant": 0.00017250972197028257,
        "phi_norm": 0.7,
        "Rstarstar": 0.014386468571428572,
        "Upstarstar": 2898.3873737048425,
        "R0": 0.002586559187896759
    },
    "R sonic drift": 0.04226978079673296,
    "w sonic drift": 7.745966692414831,
    "R critical": 0.08933671843019271,
    "w critical": 38.7741595142002,
    "R equilib drift": 0.03254138311575401,
    "w equilib drift": 250.0,
    "t min": [
        1659.8554853415355,
        2954.6750233091557,
        4158.235574433297,
        5375.022065679682,
        6594.453744950515
    ],
    "R min": [
        0.009291461236263964,
        0.024251251190661825,
        0.029514664069696408,
        0.030669982578667546,
        0.030897280870224718
    ],
    "t max": [
        2174.3445560968007,
        3524.7130425778428,
        4760.015849995369,
        5983.415311302874
    ],
    "R max": [
        0.056788258008680446,
        0.03455950209431764,
        0.03160613289687635,
        0.03107551869586688
    ],
    "R end": 0.030897517475608777,
    "v end": 0.025949844245361606,
    "t end": 6612.970061121656,
    "v max": 173.8351216117855
}