{
    "star": "MS40",
    "grain": "gra",
    "stream": {
        "L4": 22.2,
        "eta": 0.4468,
        "vinf": 60.0,
        "n": 39.810717055350096,
        "T": 10000.0,
        "kappa": 600.0,
        "cs": 11.4,
        "taustar": 0.04409762941933659,
        "Rstar": 0.2750537121015413,
        "Qp": 2.0,
        "a": 0.02,
        "rho_d": 2.2,
        "kappa_d": 340909.0909090908,
        "drag_constant": 45.325473415951386,
        "phi_norm": 1.5,
        "Rstarstar": 13.78320075757575,
        "Upstarstar": 0.0110313243815791,
        "R0": 0.19598585399841406
    },
    "R sonic drift": 0.029924713121888692,
    "w sonic drift": 8.6559494714014,
    "R critical": 0.0669930878315656,
    "w critical": 48.41952977064848,
    "R equilib drift": 0.0669930878315656,
    "w equilib drift": 60.0,
    "t min": [
        4502.162013076792,
        6050.999378060749,
        7599.836743044707,
        9148.674108028665,
        10693.61011944843,
        12242.447484432389,
        13791.284849416345,
        15340.122214400302,
        16888.95957938426,
        18437.796944368216
    ],
    "R min": [
        0.027945849201438454,
        0.02792480352931904,
        0.027909504196496446,
        0.0279015931996025,
        0.02801824441426663,
        0.02799144155973431,
        0.027965586880216706,
        0.027941622076743285,
        0.0279214669053937,
        0.027907449213042095
    ],
    "t max": [
        5274.6300187866755,
        6823.467383770632,
        8372.30474875459,
        9921.142113738548,
        11466.078125158314,
        13014.91549014227,
        14563.752855126228,
        16112.590220110185,
        17661.42758509414,
        19210.2649500781
    ],
    "R max": [
        0.06620598810344065,
        0.06620605576995756,
        0.0662061017740576,
        0.06620612623572503,
        0.06620568175375686,
        0.06620581006755089,
        0.06620591714294428,
        0.06620600232786103,
        0.0662060660877246,
        0.06620610801488164
    ],
    "R end": 0.054968316175733875,
    "v end": -57.5127076457579,
    "t end": 19506.76782095664,
    "v max": 217.85871741854953
}