{
    "star": "MS10",
    "grain": "gra",
    "stream": {
        "L4": 0.64,
        "eta": 0.0066,
        "vinf": 170.0,
        "n": 79.43282347242886,
        "T": 8000.0,
        "kappa": 600.0,
        "cs": 10.19646997739904,
        "taustar": 0.003732768635007234,
        "Rstar": 0.011668991924740368,
        "Qp": 2.0,
        "a": 0.02,
        "rho_d": 2.2,
        "kappa_d": 340909.0909090908,
        "drag_constant": 0.032364481330908974,
        "phi_norm": 1.0,
        "Rstarstar": 0.049497326203208555,
        "Upstarstar": 15.449034850513309,
        "R0": 0.000992536719785749
    },
    "R sonic drift": 0.00669930878315656,
    "w sonic drift": 7.745966692414831,
    "R critical": 0.01499788418664912,
    "w critical": 43.32928075712418,
    "R equilib drift": 0.008147581030276945,
    "w equilib drift": 170.0,
    "t min": [
        363.13066914955834,
        543.4629624029469,
        752.1552060483214,
        939.885747230054,
        1479.0330650081335
    ],
    "R min": [
        0.00504094024514412,
        0.008044611995146275,
        0.008046971289275735,
        0.008046972027409468,
        0.008046972067242548
    ],
    "t max": [
        438.03792942404283,
        647.9632143908079,
        886.5567100799066,
        1053.942069458693
    ],
    "R max": [
        0.00818076132296718,
        0.008047015000708932,
        0.008046972131363397,
        0.008046972076223225
    ],
    "R end": 0.008046972067539036,
    "v end": 4.502885917441263e-09,
    "t end": 1541.3016517383633,
    "v max": 92.60171465425003
}