{
    "star": "MS10",
    "grain": "sil",
    "stream": {
        "L4": 0.64,
        "eta": 0.0066,
        "vinf": 90.0,
        "n": 1000.0000000000123,
        "T": 8000.0,
        "kappa": 600.0,
        "cs": 10.19646997739904,
        "taustar": 0.025017129933776663,
        "Rstar": 0.006212118781308511,
        "Qp": 2.0,
        "a": 0.02,
        "rho_d": 3.5,
        "kappa_d": 214285.71428571426,
        "drag_constant": 2.049290714145765,
        "phi_norm": 0.7,
        "Rstarstar": 0.11100670194003524,
        "Upstarstar": 0.24398685679324036,
        "R0": 0.0006829187605943056
    },
    "R sonic drift": 0.002992471312188866,
    "w sonic drift": 7.745966692414831,
    "R critical": 0.00632455532033676,
    "w critical": 38.7741595142002,
    "R equilib drift": 0.0049793041018917315,
    "w equilib drift": 90.0,
    "t min": [
        301.1844951555701,
        948.549096573717,
        1033.338514035475,
        1106.4238708046591,
        1220.083304641433
    ],
    "R min": [
        0.002621095782489594,
        0.004802784759566555,
        0.004802784751545681,
        0.004802784755311367,
        0.0048027847599174675
    ],
    "t max": [
        901.4727635658083,
        989.1231736413067,
        1071.0515984893245,
        1158.7020085648228,
        1271.5811716887586
    ],
    "R max": [
        0.004802784752160496,
        0.004802784763289206,
        0.004802784754512384,
        0.004802784771499245,
        0.004802784771144759
    ],
    "R end": 0.004802784762803459,
    "v end": -7.900230176332876e-07,
    "t end": 1300.4511880637742,
    "v max": 82.95471591652911
}