{
    "star": "MS10",
    "grain": "sil",
    "stream": {
        "L4": 0.64,
        "eta": 0.0066,
        "vinf": 60.0,
        "n": 31622.776601684312,
        "T": 8000.0,
        "kappa": 600.0,
        "cs": 10.19646997739904,
        "taustar": 0.21102248999128725,
        "Rstar": 0.0016570324382275481,
        "Qp": 2.0,
        "a": 0.02,
        "rho_d": 3.5,
        "kappa_d": 214285.71428571426,
        "drag_constant": 328.07157862951783,
        "phi_norm": 0.7,
        "Rstarstar": 0.24976507936507933,
        "Upstarstar": 0.0015240576525668386,
        "R0": 0.0006699762139890264
    },
    "R sonic drift": 0.0005321450119597618,
    "w sonic drift": 7.745966692414831,
    "R critical": 0.0011246826503806984,
    "w critical": 38.7741595142002,
    "R equilib drift": 0.001070710738622833,
    "w equilib drift": 60.0,
    "t min": [
        80.06102008513835,
        207.0902469273293,
        217.77429986763372,
        220.7575094548616,
        224.36511174639296,
        228.38897584079334,
        238.86489787966326,
        254.05845368438187,
        256.6947784358856,
        257.2497941730442,
        257.52730204162356,
        281.53173267373614,
        330.92813328085794
    ],
    "R min": [
        0.0004986283840425527,
        0.001062450583194652,
        0.0010624505848776456,
        0.0010624505852417758,
        0.0010624505852323651,
        0.0010624505854280946,
        0.0010624505855884086,
        0.0010624505854380142,
        0.0010624505856203369,
        0.0010624505856148244,
        0.0010624505856145843,
        0.001062450585144805,
        0.0010624505854115087
    ],
    "t max": [
        200.9156968514391,
        215.69299085328873,
        219.50872404625457,
        222.3531796991928,
        226.446420760738,
        230.26215395370383,
        245.45570975842247,
        256.4172705673063,
        256.83353237017525,
        257.38854810733386,
        260.99615039886527,
        291.38326200830255,
        346.26044301986616
    ],
    "R max": [
        0.0010624505837532655,
        0.0010624505859120204,
        0.0010624505852498967,
        0.0010624505854361934,
        0.0010624505856209924,
        0.0010624505855439854,
        0.001062450587386565,
        0.001062450585628794,
        0.0010624505856221948,
        0.0010624505856151629,
        0.0010624505860908104,
        0.001062450585919136,
        0.0010624505856220144
    ],
    "R end": 0.0010624505856213667,
    "v end": -9.498752667604888e-10,
    "t end": 346.88483572416965,
    "v max": 112.6404820080602
}