{
    "star": "MS10",
    "grain": "sil",
    "stream": {
        "L4": 0.64,
        "eta": 0.0066,
        "vinf": 200.0,
        "n": 0.15848931924611206,
        "T": 8000.0,
        "kappa": 600.0,
        "cs": 10.19646997739904,
        "taustar": 0.00014172615271704537,
        "Rstar": 0.2220507605454464,
        "Qp": 2.0,
        "a": 0.002,
        "rho_d": 3.5,
        "kappa_d": 2142857.1428571427,
        "drag_constant": 0.0013318448240929716,
        "phi_norm": 0.7,
        "Rstarstar": 0.22478857142857145,
        "Upstarstar": 375.4191111119239,
        "R0": 0.018070986551321548
    },
    "R sonic drift": 0.23770044548740382,
    "w sonic drift": 7.745966692414831,
    "R critical": 0.5023772863019165,
    "w critical": 38.7741595142002,
    "R equilib drift": 0.21771368463509544,
    "w equilib drift": 200.0,
    "t min": [
        11509.519945869219,
        18240.45083505283,
        25287.47516378374,
        32390.28068772888,
        39493.08621167402
    ],
    "R min": [
        0.09439040578517834,
        0.19514685214956892,
        0.20684656729242057,
        0.20771544708104964,
        0.20777753658865727
    ],
    "t max": [
        14261.392243104508,
        21708.181804204058,
        28829.581059887274,
        35941.68344970145,
        43044.488973646585
    ],
    "R max": [
        0.2662350122407725,
        0.2113388116255648,
        0.2080330139905448,
        0.20780014359909377,
        0.20778357266530853
    ],
    "R end": 0.2077819567115165,
    "v end": -3.0002064855633852e-05,
    "t end": 46484.3293451907,
    "v max": 113.78493678078989
}