{
    "star": "MS10",
    "grain": "gra",
    "stream": {
        "L4": 0.64,
        "eta": 0.0066,
        "vinf": 80.0,
        "n": 15.848931924611271,
        "T": 8000.0,
        "kappa": 600.0,
        "cs": 10.19646997739904,
        "taustar": 0.0035431538179261407,
        "Rstar": 0.05551269013636148,
        "Qp": 2.0,
        "a": 0.2,
        "rho_d": 2.2,
        "kappa_d": 34090.90909090909,
        "drag_constant": 0.0013167532198426982,
        "phi_norm": 1.0,
        "Rstarstar": 0.02235113636363636,
        "Upstarstar": 379.7218738221358,
        "R0": 0.004710787666482346
    },
    "R sonic drift": 0.01499788418664912,
    "w sonic drift": 7.745966692414831,
    "R critical": 0.033576080362451216,
    "w critical": 43.32928075712418,
    "R equilib drift": 0.029857579950245242,
    "w equilib drift": 80.0,
    "t min": [
        1805.2386651706097,
        5220.673962637995
    ],
    "R min": [
        0.007278763076356042,
        0.016267473635741735
    ],
    "t max": [
        3255.5888193978503,
        6558.105045201435
    ],
    "R max": [
        0.06745411256241367,
        0.04015533913568217
    ],
    "R end": 0.033078754026234794,
    "v end": -14.804698094672073,
    "t end": 7332.40725089606,
    "v max": 83.80581393259425
}