{
    "star": "MS10",
    "grain": "sil",
    "stream": {
        "L4": 0.64,
        "eta": 0.0066,
        "vinf": 40.0,
        "n": 0.06309573444801955,
        "T": 8000.0,
        "kappa": 600.0,
        "cs": 10.19646997739904,
        "taustar": 0.0004471157848087061,
        "Rstar": 1.7596336938464547,
        "Qp": 2.0,
        "a": 0.002,
        "rho_d": 3.5,
        "kappa_d": 2142857.1428571427,
        "drag_constant": 0.3313856090849829,
        "phi_norm": 0.7,
        "Rstarstar": 5.619714285714286,
        "Upstarstar": 1.5088162741302875,
        "R0": 0.14374221317067787
    },
    "R sonic drift": 0.37672981789796045,
    "w sonic drift": 7.745966692414831,
    "R critical": 0.7962143411069947,
    "w critical": 38.7741595142002,
    "R equilib drift": 0.7962143411069947,
    "w equilib drift": 40.0,
    "t min": [
        87891.52768242857,
        140641.1788313128,
        193390.829980197,
        246214.1538262165,
        298963.80497510073,
        351713.45612398494
    ],
    "R min": [
        0.301616619111288,
        0.30164773928794797,
        0.3016969901008826,
        0.3016091157029054,
        0.3016327577889258,
        0.30167459215270015
    ],
    "t max": [
        112056.17234281129,
        164805.82349169548,
        217555.47464057972,
        270305.1257894639,
        323128.44963548344
    ],
    "R max": [
        1.2065531527080726,
        1.2065519255369535,
        1.206549283974631,
        1.2065452656202964,
        1.2065526008160328
    ],
    "R end": 1.124361610504659,
    "v end": 21.736487302411412,
    "t end": 368363.48567656573,
    "v max": 73.4618382093475
}