{
    "star": "MS10",
    "grain": "gra",
    "stream": {
        "L4": 0.64,
        "eta": 0.0066,
        "vinf": 90.0,
        "n": 0.31622776601683955,
        "T": 8000.0,
        "kappa": 600.0,
        "cs": 10.19646997739904,
        "taustar": 0.00044487447059503283,
        "Rstar": 0.34933311077208967,
        "Qp": 2.0,
        "a": 0.02,
        "rho_d": 2.2,
        "kappa_d": 340909.0909090908,
        "drag_constant": 0.0016401905267672873,
        "phi_norm": 1.0,
        "Rstarstar": 0.17660157126823786,
        "Upstarstar": 304.84263373077073,
        "R0": 0.028535785293161094
    },
    "R sonic drift": 0.1061768888461977,
    "w sonic drift": 7.745966692414831,
    "R critical": 0.23770044548740382,
    "w critical": 43.32928075712418,
    "R equilib drift": 0.1982296667329539,
    "w equilib drift": 90.0,
    "t min": [
        11313.956942329973,
        28857.050047851408,
        44600.614928450865
    ],
    "R min": [
        0.05375948653090819,
        0.1379782821778744,
        0.17920714572914953
    ],
    "t max": [
        18475.156442532305,
        36193.58819561024
    ],
    "R max": [
        0.3820938954145912,
        0.22651688247607454
    ],
    "R end": 0.18184035174152038,
    "v end": 3.0646971115804473,
    "t end": 46141.749356973785,
    "v max": 90.6181295815179
}