{
    "star": "MS10",
    "grain": "gra",
    "stream": {
        "L4": 0.64,
        "eta": 0.0066,
        "vinf": 30.0,
        "n": 630.9573444802007,
        "T": 8000.0,
        "kappa": 600.0,
        "cs": 10.19646997739904,
        "taustar": 0.05961543797449438,
        "Rstar": 0.023461782584619298,
        "Qp": 2.0,
        "a": 0.2,
        "rho_d": 2.2,
        "kappa_d": 34090.90909090909,
        "drag_constant": 2.6508143814164744,
        "phi_norm": 1.0,
        "Rstarstar": 0.1589414141414141,
        "Upstarstar": 0.18862127937182185,
        "R0": 0.0037418507464127677
    },
    "R sonic drift": 0.002377004454874038,
    "w sonic drift": 7.745966692414831,
    "R critical": 0.0053214501195976175,
    "w critical": 43.32928075712418,
    "R equilib drift": 0.0043206346470304885,
    "w equilib drift": 30.0,
    "t min": [
        734.452403654013,
        1043.1083505060794,
        1352.3840884160816,
        1661.6598263260835,
        1970.9355642360858,
        2280.2113021460877,
        2588.867248998154,
        2898.142986908156
    ],
    "R min": [
        0.002109668405433499,
        0.0021110024670127057,
        0.0021104463973594424,
        0.002110035360779357,
        0.002109774875015173,
        0.0021096700757615885,
        0.0021110641058163355,
        0.00211049426580315
    ],
    "t max": [
        836.0981371554967,
        1145.3738750654989,
        1454.649612975501,
        1763.9253508855031,
        2073.2010887955053,
        2382.4768267055074,
        2691.1327735575737,
        3000.408511467576
    ],
    "R max": [
        0.0076861528826902914,
        0.007686274848435045,
        0.007686371474425611,
        0.007686441275617196,
        0.007686484474354199,
        0.007686500549241622,
        0.007686264585718824,
        0.0076863628547947024
    ],
    "R end": 0.004947905744707339,
    "v end": -28.104514905819098,
    "t end": 3098.9552896793803,
    "v max": 102.75368596381328
}