{
    "star": "MS40",
    "grain": "gra",
    "stream": {
        "L4": 22.2,
        "eta": 0.4468,
        "vinf": 500.0,
        "n": 0.001584893192461114,
        "T": 10000.0,
        "kappa": 600.0,
        "cs": 11.4,
        "taustar": 3.338846778755537e-05,
        "Rstar": 5.231169070450726,
        "Qp": 2.0,
        "a": 0.02,
        "rho_d": 2.2,
        "kappa_d": 340909.0909090908,
        "drag_constant": 3.74168594950498e-07,
        "phi_norm": 1.5,
        "Rstarstar": 0.19847809090909088,
        "Upstarstar": 1336296.0086646215,
        "R0": 3.496850227223416
    },
    "R sonic drift": 4.742747411323311,
    "w sonic drift": 8.6559494714014,
    "R critical": 10.617688884619781,
    "w critical": 48.41952977064848,
    "R equilib drift": 3.982157921235842,
    "w equilib drift": 500.0,
    "t min": [
        93267.8217903037
    ],
    "R min": [
        0.18598789977022992
    ],
    "t max": [],
    "R max": [],
    "R end": 75.5870500792262,
    "v end": 92.69936447894263,
    "t end": 370993.72231624386,
    "v max": 483.57257602355685
}