{
    "star": "MS10",
    "grain": "sil",
    "stream": {
        "L4": 0.64,
        "eta": 0.0066,
        "vinf": 60.0,
        "n": 6.309573444801981,
        "T": 8000.0,
        "kappa": 600.0,
        "cs": 10.19646997739904,
        "taustar": 0.0029807718987247133,
        "Rstar": 0.11730891292309675,
        "Qp": 2.0,
        "a": 0.02,
        "rho_d": 3.5,
        "kappa_d": 214285.71428571426,
        "drag_constant": 0.06545888574518206,
        "phi_norm": 0.7,
        "Rstarstar": 0.24976507936507938,
        "Upstarstar": 7.638382387784551,
        "R0": 0.009886213897838211
    },
    "R sonic drift": 0.03767298178979601,
    "w sonic drift": 7.745966692414831,
    "R critical": 0.07962143411069948,
    "w critical": 38.7741595142002,
    "R equilib drift": 0.07580051537028612,
    "w equilib drift": 60.0,
    "t min": [
        5874.169718255628,
        10436.965427502684,
        15338.655543572178,
        20338.57592248876
    ],
    "R min": [
        0.027121511351455026,
        0.058548041157101376,
        0.07254908506910365,
        0.07480005044011988
    ],
    "t max": [
        7838.77497519731,
        12789.580222690347,
        17823.881193603407,
        22838.536111947047
    ],
    "R max": [
        0.09989039516787838,
        0.0816250281435627,
        0.07625840119143099,
        0.07538005798594412
    ],
    "R end": 0.07518971565936129,
    "v end": -0.09757479907376439,
    "t end": 24557.56571177102,
    "v max": 74.92663170627112
}