{
    "star": "MS40",
    "grain": "gra",
    "stream": {
        "L4": 22.2,
        "eta": 0.4468,
        "vinf": 40.0,
        "n": 10000.000000000144,
        "T": 10000.0,
        "kappa": 600.0,
        "cs": 11.4,
        "taustar": 1.048350490055695,
        "Rstar": 0.02603207396655115,
        "Qp": 2.0,
        "a": 0.02,
        "rho_d": 2.2,
        "kappa_d": 340909.0909090908,
        "drag_constant": 57637.798598109024,
        "phi_norm": 1.5,
        "Rstarstar": 31.012201704545447,
        "Upstarstar": 8.674862887917511e-06,
        "R0": 0.03035940839102989
    },
    "R sonic drift": 0.0018881217525718475,
    "w sonic drift": 8.6559494714014,
    "R critical": 0.004226978079673296,
    "w critical": 48.41952977064848,
    "R equilib drift": 0.0037672981789796047,
    "w equilib drift": 40.0,
    "t min": [
        429.4239716029794,
        522.4719860861701,
        615.520000569361,
        708.5680150525516,
        801.9852676884534,
        895.0332821716441,
        988.0812966548348,
        1081.1293111380255,
        1174.5465637739276,
        1267.594578257118,
        1360.6425927403088,
        1453.6906072234997,
        1546.7386217066905,
        1640.155874342592,
        1733.2038888257828,
        1826.2519033089736
    ],
    "R min": [
        0.001788178076447857,
        0.0017906991523239232,
        0.00179324870455218,
        0.0017958170279220144,
        0.0017873987088391264,
        0.001789904541598069,
        0.0017924466657171373,
        0.0017950095528521763,
        0.001786639365144747,
        0.0017891127948229664,
        0.0017916464923104702,
        0.0017942036666455457,
        0.001796777850832739,
        0.0017883253786426185,
        0.0017908487116652225,
        0.001793399495521011
    ],
    "t max": [
        457.85530936173217,
        550.9033238449229,
        643.9513383281136,
        736.9993528113043,
        830.4166054472062,
        923.4646199303968,
        1016.5126344135876,
        1109.5606488967783,
        1202.608663379969,
        1296.025916015871,
        1389.0739304990616,
        1482.1219449822524,
        1575.1699594654428,
        1668.5872121013447,
        1761.6352265845355
    ],
    "R max": [
        0.004171811002068816,
        0.004170869445143682,
        0.004169588123530696,
        0.004168124362045861,
        0.004171959215596751,
        0.004171214792475895,
        0.004170013947852394,
        0.004168598740668363,
        0.0041670465742817036,
        0.0041715205056567705,
        0.004170419535577812,
        0.004169059901946729,
        0.004167545588868404,
        0.004171771740154164,
        0.004170800931794481
    ],
    "R end": 0.0038750604746263283,
    "v end": 45.82440944452962,
    "t end": 1846.1907635553719,
    "v max": 288.3761448274725
}