{
    "star": "MS10",
    "grain": "sil",
    "stream": {
        "L4": 0.64,
        "eta": 0.0066,
        "vinf": 50.0,
        "n": 6309.57344480202,
        "T": 8000.0,
        "kappa": 600.0,
        "cs": 10.19646997739904,
        "taustar": 0.11311234062473847,
        "Rstar": 0.004451560256104144,
        "Qp": 2.0,
        "a": 0.002,
        "rho_d": 3.5,
        "kappa_d": 2142857.1428571427,
        "drag_constant": 13573.55454812104,
        "phi_norm": 0.7,
        "Rstarstar": 3.5966171428571427,
        "Upstarstar": 3.683633481763361e-05,
        "R0": 0.0010985176818857807
    },
    "R sonic drift": 0.001191324287058021,
    "w sonic drift": 7.745966692414831,
    "R critical": 0.0025178508235883354,
    "w critical": 38.7741595142002,
    "R equilib drift": 0.0025178508235883354,
    "w equilib drift": 50.0,
    "t min": [
        215.64029410628936,
        339.76858786150865,
        340.5141031393178,
        342.3778913338406,
        355.238029876048,
        377.9762458492263,
        438.3629833517654,
        478.99356599236273,
        728.3684264195149
    ],
    "R min": [
        0.0011274125190339013,
        0.0024804055457682784,
        0.0024804055457486665,
        0.0024804055457346118,
        0.002480405542927645,
        0.002480405545137452,
        0.002480405545192388,
        0.002480405545382246,
        0.0024804055460729947
    ],
    "t max": [
        330.07688924999,
        339.9549666809609,
        340.88686077822234,
        342.56427015329285,
        372.0121236267533,
        399.59618890569095,
        452.71415244959104,
        545.5308045368271,
        903.378137885207
    ],
    "R max": [
        0.0024804055462968417,
        0.002480405545770329,
        0.0024804055457560334,
        0.0024804055457365737,
        0.0024804055479248806,
        0.0024804055483290885,
        0.0024804055451109865,
        0.0024804055456535174,
        0.0024804055458976263
    ],
    "R end": 0.002480405545802207,
    "v end": -9.288005730029416e-10,
    "t end": 931.894097261406,
    "v max": 126.79900815082704
}