{
    "star": "MS40",
    "grain": "gra",
    "stream": {
        "L4": 22.2,
        "eta": 0.4468,
        "vinf": 10.0,
        "n": 39.810717055350096,
        "T": 10000.0,
        "kappa": 600.0,
        "cs": 11.4,
        "taustar": 0.26458577651601956,
        "Rstar": 1.650322272609248,
        "Qp": 2.0,
        "a": 0.02,
        "rho_d": 2.2,
        "kappa_d": 340909.0909090908,
        "drag_constant": 58741.81354707301,
        "phi_norm": 1.5,
        "Rstarstar": 496.1952272727271,
        "Upstarstar": 8.511824368502391e-06,
        "R0": 1.502757341949667
    },
    "R sonic drift": 0.029924713121888692,
    "w sonic drift": 8.6559494714014,
    "R critical": 0.0669930878315656,
    "w critical": 48.41952977064848,
    "R equilib drift": 0.029924713121888692,
    "w equilib drift": 10.0,
    "t min": [
        38061.60537225059,
        38319.09470748722,
        38389.31907164266,
        38529.76779995355,
        38740.44089241989,
        38787.25713519018,
        38880.88962073077,
        38927.70586350107,
        38974.52210627136,
        39114.97083458225,
        39185.19519873769,
        39559.72514090006,
        40308.785025224795,
        42509.14843542871
    ],
    "R min": [
        0.028648429839600555,
        0.02864842984355193,
        0.02864842984550803,
        0.02864842983793692,
        0.028648429839722187,
        0.02864842984190282,
        0.028648429840918605,
        0.028648429838634776,
        0.02864842984053026,
        0.02864842983622301,
        0.02864842983601326,
        0.028648429818794105,
        0.028648429862203836,
        0.028648429831130074
    ],
    "t max": [
        38248.87034333177,
        38342.50282887237,
        38412.72719302781,
        38693.62464964959,
        38763.84901380503,
        38810.665256575325,
        38904.29774211592,
        38951.113984886215,
        38997.93022765651,
        39138.3789559674,
        39325.64392704858,
        40191.74441829905,
        40355.60126799509,
        65261.84242179253
    ],
    "R max": [
        0.02864842984916285,
        0.028648429845469413,
        0.028648429846610184,
        0.02864842984306376,
        0.028648429839540034,
        0.028648429842281303,
        0.02864842983666974,
        0.028648429841324093,
        0.028648429841192886,
        0.028648429836105813,
        0.028648429848271945,
        0.02864842986841734,
        0.028648429862493534,
        0.02864842984130715
    ],
    "R end": 0.028648429840202837,
    "v end": -1.7931641753071802e-11,
    "t end": 117040.60692573983,
    "v max": 2.058507862776939e-07
}