{
    "star": "MS10",
    "grain": "sil",
    "stream": {
        "L4": 0.64,
        "eta": 0.0066,
        "vinf": 30.0,
        "n": 501.18723362727764,
        "T": 8000.0,
        "kappa": 600.0,
        "cs": 10.19646997739904,
        "taustar": 0.0531323150220222,
        "Rstar": 0.026324553030763285,
        "Qp": 2.0,
        "a": 0.02,
        "rho_d": 3.5,
        "kappa_d": 214285.71428571426,
        "drag_constant": 83.19334585758249,
        "phi_norm": 0.7,
        "Rstarstar": 0.9990603174603171,
        "Upstarstar": 0.006010096058114348,
        "R0": 0.00393698081143231
    },
    "R sonic drift": 0.004226978079673296,
    "w sonic drift": 7.745966692414831,
    "R critical": 0.008933671843019271,
    "w critical": 38.7741595142002,
    "R equilib drift": 0.007683295631115107,
    "w equilib drift": 30.0,
    "t min": [
        1300.550778687259,
        1637.8122518044638,
        1975.0737249216681,
        2312.335198038873,
        2649.5966711560773,
        2986.8581442732816,
        3323.0174557136324,
        3660.2789288308372,
        3997.5404019480416,
        4334.801875065246,
        4672.063348182451,
        5009.324821299655,
        5346.58629441686
    ],
    "R min": [
        0.0039048319743658333,
        0.003903014688345906,
        0.00390145462004783,
        0.0039002001659717866,
        0.003899298492882382,
        0.003898794137124979,
        0.003907168060161729,
        0.003905111230137084,
        0.003903260795052007,
        0.0039016609502179576,
        0.003900359660700165,
        0.0038994046082629252,
        0.0038988406378254003
    ],
    "t max": [
        1417.3799164337418,
        1754.6413895509463,
        2091.9028626681506,
        2429.1643357853554,
        2765.3236472257063,
        3102.5851203429106,
        3439.846593460115,
        3777.1080665773197,
        4114.369539694525,
        4451.631012811729,
        4788.892485928934,
        5125.051797369284,
        5462.313270486488
    ],
    "R max": [
        0.009718809945592096,
        0.009718984331008167,
        0.009719108246075627,
        0.009719179794180386,
        0.009717949948221132,
        0.009718273178436876,
        0.009718550632248711,
        0.009718780850481064,
        0.009718962387795817,
        0.009719093616452927,
        0.009719172804248838,
        0.009717899847353748,
        0.009718229571272552
    ],
    "R end": 0.00843784073900887,
    "v end": -27.869999242593327,
    "t end": 5510.808384268048,
    "v max": 113.3765526540339
}