{
    "star": "MS10",
    "grain": "sil",
    "stream": {
        "L4": 0.64,
        "eta": 0.0066,
        "vinf": 80.0,
        "n": 15.848931924611271,
        "T": 8000.0,
        "kappa": 600.0,
        "cs": 10.19646997739904,
        "taustar": 0.0035431538179261407,
        "Rstar": 0.05551269013636148,
        "Qp": 2.0,
        "a": 0.02,
        "rho_d": 3.5,
        "kappa_d": 214285.71428571426,
        "drag_constant": 0.0520251884411319,
        "phi_norm": 0.7,
        "Rstarstar": 0.14049285714285714,
        "Upstarstar": 9.61072924446521,
        "R0": 0.004710787666482346
    },
    "R sonic drift": 0.02377004454874038,
    "w sonic drift": 7.745966692414831,
    "R critical": 0.05023772863019165,
    "w critical": 38.7741595142002,
    "R equilib drift": 0.042174952671296985,
    "w equilib drift": 80.0,
    "t min": [
        2770.466028973366,
        4734.428943807673,
        6935.461938302453,
        9148.11601513353,
        11367.742741366386
    ],
    "R min": [
        0.016876410590431427,
        0.040166600814172226,
        0.04112388865291969,
        0.041148256748843884,
        0.04114887407017188
    ],
    "t max": [
        3565.3480607761267,
        5829.134899886913,
        8041.788976717991,
        10254.443053549068
    ],
    "R max": [
        0.04747321252481662,
        0.041306224136656376,
        0.04115286766456601,
        0.04114899078637506
    ],
    "R end": 0.0411488779204614,
    "v end": 2.5608718998818555e-05,
    "t end": 11621.082336297675,
    "v max": 79.27989732766493
}