{
    "star": "MS10",
    "grain": "sil",
    "stream": {
        "L4": 0.64,
        "eta": 0.0066,
        "vinf": 300.0,
        "n": 630.9573444802007,
        "T": 8000.0,
        "kappa": 600.0,
        "cs": 10.19646997739904,
        "taustar": 0.005961543797449439,
        "Rstar": 0.00234617825846193,
        "Qp": 2.0,
        "a": 0.02,
        "rho_d": 3.5,
        "kappa_d": 214285.71428571426,
        "drag_constant": 0.010473421719229175,
        "phi_norm": 0.7,
        "Rstarstar": 0.009990603174603175,
        "Upstarstar": 47.73988992365322,
        "R0": 0.00020509594652231956
    },
    "R sonic drift": 0.0037672981789796047,
    "w sonic drift": 7.745966692414831,
    "R critical": 0.007962143411069949,
    "w critical": 38.7741595142002,
    "R equilib drift": 0.002399980326857527,
    "w equilib drift": 300.0,
    "t min": [
        120.43030225052523,
        157.46311134387597,
        195.7729138542388,
        219.64286772608028,
        263.74825574442104,
        365.5148080540003
    ],
    "R min": [
        0.0021342560565658633,
        0.002390828016699281,
        0.0023910459432657663,
        0.002391046102835347,
        0.002391046100605687,
        0.0023910461090981506
    ],
    "t max": [
        138.20997982584746,
        176.71624286190448,
        212.76674932678438,
        225.83137428544654,
        315.6138345276815,
        392.03697902271307
    ],
    "R max": [
        0.0023993040067342296,
        0.0023910519179337845,
        0.0023910461153932886,
        0.0023910460989919682,
        0.0023910461105022917,
        0.00239104610809763
    ],
    "R end": 0.0023910461109552337,
    "v end": -1.4132858399220855e-08,
    "t end": 491.15131423542095,
    "v max": 30.352673414112243
}