{
    "star": "MS40",
    "grain": "gra",
    "stream": {
        "L4": 22.2,
        "eta": 0.4468,
        "vinf": 90.0,
        "n": 158.48931924611304,
        "T": 10000.0,
        "kappa": 600.0,
        "cs": 11.4,
        "taustar": 0.05865755877324357,
        "Rstar": 0.09190227271138907,
        "Qp": 2.0,
        "a": 0.02,
        "rho_d": 2.2,
        "kappa_d": 340909.0909090908,
        "drag_constant": 35.643251309871,
        "phi_norm": 1.5,
        "Rstarstar": 6.125867003367001,
        "Upstarstar": 0.014027900980557593,
        "R0": 0.06681454225505272
    },
    "R sonic drift": 0.01499788418664912,
    "w sonic drift": 8.6559494714014,
    "R critical": 0.033576080362451216,
    "w critical": 48.41952977064848,
    "R equilib drift": 0.0314172849348894,
    "w equilib drift": 90.0,
    "t min": [
        1495.159309649383,
        4200.002873313261,
        4480.263772680845,
        4923.467055401673,
        5314.528775449462,
        5755.124980036639,
        5979.333699530705,
        6247.862747296854
    ],
    "R min": [
        0.01400302982930072,
        0.03018784446302783,
        0.030187844464544568,
        0.030187844438384924,
        0.030187844468153587,
        0.03018784445110277,
        0.030187844459549126,
        0.030187844452504983
    ],
    "t max": [
        4125.701146504181,
        4282.125834523298,
        4683.6158671056955,
        5139.854540494784,
        5534.82687774305,
        5867.229339783672,
        6094.04513741139,
        6472.07146679092
    ],
    "R max": [
        0.030187844452709403,
        0.030187844466256285,
        0.03018784448006917,
        0.030187844477138577,
        0.030187844478281656,
        0.030187844475844054,
        0.03018784448964743,
        0.030187844464322332
    ],
    "R end": 0.03018784446655038,
    "v end": -1.5209563763578557e-07,
    "t end": 6517.6953341298295,
    "v max": 213.3442434709537
}