{
    "star": "MS20",
    "grain": "gra",
    "stream": {
        "L4": 5.45,
        "eta": 0.1199,
        "vinf": 250.0,
        "n": 0.501187233627275,
        "T": 9000.0,
        "kappa": 600.0,
        "cs": 10.814989597775858,
        "taustar": 0.0005883669225605528,
        "Rstar": 0.29150802572921386,
        "Qp": 2.0,
        "a": 0.02,
        "rho_d": 2.2,
        "kappa_d": 340909.0909090908,
        "drag_constant": 0.0004182860231201925,
        "phi_norm": 1.5,
        "Rstarstar": 0.19490190909090904,
        "Upstarstar": 1195.354308686349,
        "R0": 0.10111088228587074
    },
    "R sonic drift": 0.133668783513723,
    "w sonic drift": 9.672835454459698,
    "R critical": 0.31697863849222285,
    "w critical": 48.41952977064848,
    "R equilib drift": 0.15886564694485644,
    "w equilib drift": 250.0,
    "t min": [
        5119.269225955269,
        9059.098973381628,
        12844.179569369797,
        16666.90185084293,
        20497.98895131272
    ],
    "R min": [
        0.06675388637664292,
        0.13344581300463088,
        0.14996550900033606,
        0.15251950315464843,
        0.15288177234112943
    ],
    "t max": [
        6737.861701808773,
        10882.629514653276,
        14742.993481611375,
        18582.445401077828
    ],
    "R max": [
        0.2333461536453752,
        0.16135552414168228,
        0.15407622634384902,
        0.15309871961805194
    ],
    "R end": 0.1528940740436104,
    "v end": 0.05242888959396574,
    "t end": 20912.04749164734,
    "v max": 180.29293377444412
}