{
    "star": "MS10",
    "grain": "gra",
    "stream": {
        "L4": 0.64,
        "eta": 0.0066,
        "vinf": 80.0,
        "n": 63095.73444802033,
        "T": 8000.0,
        "kappa": 600.0,
        "cs": 10.19646997739904,
        "taustar": 0.22355789240435442,
        "Rstar": 0.0008798168469232218,
        "Qp": 2.0,
        "a": 0.02,
        "rho_d": 2.2,
        "kappa_d": 340909.0909090908,
        "drag_constant": 524.2088986687872,
        "phi_norm": 1.0,
        "Rstarstar": 0.22351136363636356,
        "Upstarstar": 0.0009538182226012087,
        "R0": 0.0003721478836966965
    },
    "R sonic drift": 0.0002377004454874038,
    "w sonic drift": 7.745966692414831,
    "R critical": 0.0005321450119597618,
    "w critical": 43.32928075712418,
    "R equilib drift": 0.00047321075206507087,
    "w equilib drift": 80.0,
    "t min": [
        26.658762879466867,
        83.04425437518319,
        88.27374142651713,
        94.68857887615344,
        95.87392927445582,
        98.5235360471317,
        99.4532226340355,
        106.82098883524823,
        107.70419109280685,
        107.77391758682464,
        107.9366127395328,
        111.19051579369616
    ],
    "R min": [
        0.00022351411175501652,
        0.00045954239442389216,
        0.00045954239455544833,
        0.0004595423948126881,
        0.0004595423947387961,
        0.00045954239460131366,
        0.0004595423945006878,
        0.00045954239509885794,
        0.0004595423950111275,
        0.00045954239501412,
        0.0004595423950058858,
        0.0004595423948745434
    ],
    "t max": [
        82.39347376435052,
        85.67061898318646,
        93.82861878326742,
        95.19990649895055,
        98.5002938824591,
        98.68623119983985,
        104.28759288593534,
        107.19286347000975,
        107.75067542215204,
        107.79715975149725,
        108.28524520962173
    ],
    "R max": [
        0.0004595423942854485,
        0.00045954239470671757,
        0.00045954239477663067,
        0.0004595423948259169,
        0.00045954239460115255,
        0.00045954239461401975,
        0.00045954239579909555,
        0.0004595423951423384,
        0.0004595423950155865,
        0.0004595423950146582,
        0.0004595423949911088
    ],
    "R end": 0.0004595423953150058,
    "v end": 8.419975131972966e-08,
    "t end": 116.21082336297674,
    "v max": 150.44997268909722
}