{
    "star": "MS10",
    "grain": "sil",
    "stream": {
        "L4": 0.64,
        "eta": 0.0066,
        "vinf": 40.0,
        "n": 15848.931924611368,
        "T": 8000.0,
        "kappa": 600.0,
        "cs": 10.19646997739904,
        "taustar": 0.2240887232993634,
        "Rstar": 0.0035109307974812982,
        "Qp": 2.0,
        "a": 0.02,
        "rho_d": 3.5,
        "kappa_d": 214285.71428571426,
        "drag_constant": 832.4030150581156,
        "phi_norm": 0.7,
        "Rstarstar": 0.5619714285714285,
        "Upstarstar": 0.0006006705777790722,
        "R0": 0.0014878060241748517
    },
    "R sonic drift": 0.0007516748085768887,
    "w sonic drift": 7.745966692414831,
    "R critical": 0.0015886564694485628,
    "w critical": 38.7741595142002,
    "R equilib drift": 0.0015886564694485628,
    "w equilib drift": 40.0,
    "t min": [
        171.25075501517998,
        217.55460722958486,
        263.8584594439897,
        310.1623116583946,
        356.6131602290357,
        402.91701244344057,
        449.2208646578454,
        495.5247168722503,
        541.8285690866552,
        588.13242130106,
        634.436273515465,
        680.887122086106,
        727.1909743005109
    ],
    "R min": [
        0.0007059832419175621,
        0.0007065632534225142,
        0.0007071712964390052,
        0.0007077948920593087,
        0.0007049498303023761,
        0.0007051290286085894,
        0.0007055370420384263,
        0.0007060691848053872,
        0.0007066548015842226,
        0.0007072657549336184,
        0.000707891148544668,
        0.0007049590925630603,
        0.000705179020799182
    ],
    "t max": [
        193.00621573813845,
        239.31006795254333,
        285.6139201669482,
        331.91777238135313,
        378.22162459575793,
        424.6724731663991,
        470.9763253808039,
        517.2801775952089,
        563.5840298096138,
        609.8878820240185,
        656.1917342384235,
        702.4955864528283
    ],
    "R max": [
        0.0015940281508565238,
        0.0015940130551360147,
        0.0015939935859609297,
        0.0015939698995445868,
        0.0015939421383702088,
        0.0015940439489207483,
        0.0015940373905106834,
        0.001594026133827217,
        0.0015940103594296719,
        0.001593990234342787,
        0.0015939659169896831,
        0.0015939375472290834
    ],
    "R end": 0.001288663517151704,
    "v end": 42.59741944434999,
    "t end": 734.9817811810299,
    "v max": 127.56340161216457
}