{
    "star": "MS10",
    "grain": "gra",
    "stream": {
        "L4": 0.64,
        "eta": 0.0066,
        "vinf": 80.0,
        "n": 0.003981071705534912,
        "T": 8000.0,
        "kappa": 600.0,
        "cs": 10.19646997739904,
        "taustar": 5.615520365873677e-05,
        "Rstar": 3.5026139553390876,
        "Qp": 2.0,
        "a": 0.02,
        "rho_d": 2.2,
        "kappa_d": 340909.0909090908,
        "drag_constant": 3.3075345465693444e-05,
        "phi_norm": 1.0,
        "thetaB": 0.0,
        "b_hat": [
            1.0,
            0.0,
            0.0
        ],
        "Rstarstar": 0.22351136363636356,
        "Upstarstar": 15117.000078460625,
        "R0": 0.28475045997697424
    },
    "R sonic drift": 0.7962143411069947,
    "w sonic drift": 10.225236078586002,
    "R critical": 1.782501876267492,
    "w critical": 40.98849160084206,
    "R equilib drift": 1.6790151076197706,
    "w equilib drift": 80.0,
    "t min": [
        98484.32199116076
    ],
    "R min": [
        0.15915251824154483
    ],
    "t max": [],
    "R max": [],
    "R end": 14.632378976414461,
    "v end": 25.72111784557878,
    "t end": 389266.0948267224,
    "v max": 79.32186465565321
}