{
    "star": "MS10",
    "grain": "gra",
    "stream": {
        "L4": 0.64,
        "eta": 0.0066,
        "vinf": 80.0,
        "n": 3162.277660168179,
        "T": 8000.0,
        "kappa": 600.0,
        "cs": 10.19646997739904,
        "taustar": 0.05004837794193948,
        "Rstar": 0.0039299974961861436,
        "Qp": 2.0,
        "a": 0.02,
        "rho_d": 2.2,
        "kappa_d": 340909.0909090908,
        "drag_constant": 26.272680776658774,
        "phi_norm": 1.0,
        "thetaB": 0.0,
        "b_hat": [
            1.0,
            0.0,
            0.0
        ],
        "Rstarstar": 0.22351136363636354,
        "Upstarstar": 0.019031175548869416,
        "R0": 0.0005695251650856773
    },
    "R sonic drift": 0.0011246826503806984,
    "w sonic drift": 8.188326831331352,
    "R critical": 0.0025178508235883354,
    "w critical": 48.41952977064848,
    "R equilib drift": 0.002239002630936972,
    "w equilib drift": 80.0,
    "t min": [
        126.24624278251156,
        330.68157843816397,
        338.3795200712439,
        383.57743451689925,
        387.86628771247234,
        389.9557290128798,
        407.6609947689637,
        412.60967153308655,
        416.6785835391431,
        421.9571720875408,
        427.56567242021333,
        430.64484907344536,
        439.44249665410814,
        493.32808808566796,
        522.5802662913718,
        542.8148557268963
    ],
    "R min": [
        0.0010532275388166422,
        0.002124629556911635,
        0.0021246295503791145,
        0.0021246295716859515,
        0.0021246295701392815,
        0.0021246295678763673,
        0.0021246296308838606,
        0.002124629626964808,
        0.0021246296346607322,
        0.0021246296314607845,
        0.0021246296452499735,
        0.0021246296409828105,
        0.0021246296148086626,
        0.002124629564262181,
        0.002124629593206478,
        0.002124629584818059
    ],
    "t max": [
        329.03201951678966,
        334.53054925470394,
        366.531992329365,
        386.21672879109803,
        388.41614068626376,
        404.4718475209734,
        409.31055369033794,
        414.8090834282523,
        417.77828948672595,
        426.3559958778722,
        428.44543717827963,
        431.4146432367533,
        443.621379254923,
        510.81341265223534,
        536.6565024204324,
        547.1037089224694
    ],
    "R max": [
        0.0021246295608446553,
        0.002124629562104736,
        0.0021246296039353603,
        0.002124629575015543,
        0.002124629569931772,
        0.002124629634380214,
        0.0021246296336892936,
        0.0021246296371627625,
        0.002124629635889322,
        0.0021246296456671897,
        0.002124629647344665,
        0.00212462964237293,
        0.002124629626159761,
        0.0021246296134645563,
        0.002124629609598236,
        0.0021246295924069215
    ],
    "R end": 0.0021246295891273995,
    "v end": -1.3943536055378995e-06,
    "t end": 549.8529737914266,
    "v max": 131.4932819602707
}