{
    "star": "MS10",
    "grain": "sil",
    "stream": {
        "L4": 0.64,
        "eta": 0.0066,
        "vinf": 140.0,
        "n": 3.981071705535002,
        "T": 8000.0,
        "kappa": 600.0,
        "cs": 10.19646997739904,
        "taustar": 0.0010147334058984625,
        "Rstar": 0.06329278778950101,
        "Qp": 2.0,
        "a": 0.02,
        "rho_d": 3.5,
        "kappa_d": 214285.71428571426,
        "drag_constant": 0.0013933539952167464,
        "phi_norm": 0.7,
        "Rstarstar": 0.045875218658892124,
        "Upstarstar": 358.8463532716404,
        "R0": 0.0052065513533559905
    },
    "R sonic drift": 0.047427474113233115,
    "w sonic drift": 7.745966692414831,
    "R critical": 0.10023744672545451,
    "w critical": 38.7741595142002,
    "R equilib drift": 0.05600590977648906,
    "w equilib drift": 140.0,
    "t min": [
        3280.6444873393575,
        6277.743772622728,
        9264.243237268493,
        12287.84207414588
    ],
    "R min": [
        0.019115179491102363,
        0.04821368815550066,
        0.05414218035976756,
        0.05486501910115704
    ],
    "t max": [
        4465.174443591936,
        7721.969334496678,
        10769.417767808682
    ],
    "R max": [
        0.08321728344297644,
        0.05747801483495376,
        0.0552347939762213
    ],
    "R end": 0.05496221077840246,
    "v end": 0.09586249331911387,
    "t end": 13249.775797008713,
    "v max": 102.55782702942649
}