{
    "star": "MS10",
    "grain": "sil",
    "stream": {
        "L4": 0.64,
        "eta": 0.0066,
        "vinf": 10.0,
        "n": 1.995262314968893,
        "T": 8000.0,
        "kappa": 600.0,
        "cs": 10.19646997739904,
        "taustar": 0.010057267317714044,
        "Rstar": 1.2516481467911516,
        "Qp": 2.0,
        "a": 0.02,
        "rho_d": 3.5,
        "kappa_d": 214285.71428571426,
        "drag_constant": 26.82709269787484,
        "phi_norm": 0.7,
        "Rstarstar": 8.991542857142855,
        "Upstarstar": 0.0186378749882058,
        "R0": 0.11503570135047794
    },
    "R sonic drift": 0.0669930878315656,
    "w sonic drift": 7.745966692414831,
    "R critical": 0.14158915687682763,
    "w critical": 38.7741595142002,
    "R equilib drift": 0.0669930878315656,
    "w equilib drift": 10.0,
    "t min": [
        69907.27771624523,
        73785.19267201895,
        77610.70337163357,
        81488.6183274073,
        85314.12902702192,
        89139.63972663654,
        93017.55468241026,
        96843.06538202487,
        100668.57608163949,
        104546.49103741322,
        108372.00173702784,
        112145.10818048335,
        115865.81036777976,
        119586.51255507617,
        123045.19346157707,
        126503.87436807794,
        129962.55527457884,
        135622.2149397621,
        141543.8958857409,
        147413.1725755606,
        152810.81095994834,
        165649.8537189289,
        215748.3226070327
    ],
    "R min": [
        0.06340415511088718,
        0.06358821364124963,
        0.06365999077039335,
        0.06368537999758199,
        0.06369405454729304,
        0.06369696276381209,
        0.06369793004523851,
        0.06369825284136534,
        0.06369836002692793,
        0.06369839548088078,
        0.06369840720073408,
        0.06369841070392838,
        0.06369841182815181,
        0.06369841206141062,
        0.06369841218146466,
        0.06369841214487713,
        0.0636984123078805,
        0.06369841248851695,
        0.06369841238636735,
        0.06369841251185362,
        0.06369841256391758,
        0.06369841253944904,
        0.06369841253736598
    ],
    "t max": [
        71793.83093797299,
        75671.7458937467,
        79549.66084952043,
        83375.17154913505,
        87253.08650490877,
        91078.5972045234,
        94904.10790413801,
        98782.02285991174,
        102607.53355952636,
        106433.04425914098,
        110258.55495875559,
        113979.257146052,
        117699.95933334842,
        121368.25726448573,
        124774.53391482751,
        128233.21482132838,
        132844.7893633296,
        138347.23626003554,
        144268.91720601433,
        151133.874762857,
        154959.3854624716,
        192690.44989702676
    ],
    "R max": [
        0.06394176555141715,
        0.06377024736563311,
        0.06372157001137747,
        0.06370602238039594,
        0.06370093874315783,
        0.06369925049412145,
        0.06369869008737455,
        0.06369850439657446,
        0.06369844251939276,
        0.06369842221272025,
        0.06369841549478658,
        0.06369841371429953,
        0.06369841305867918,
        0.06369841284742053,
        0.06369841295456548,
        0.06369841290091499,
        0.0636984126636932,
        0.06369841255459716,
        0.06369841265392469,
        0.06369841256482368,
        0.06369841255597439,
        0.06369841253581407
    ],
    "R end": 0.06369841253976716,
    "v end": 1.3881847639180228e-10,
    "t end": 262021.28079552183,
    "v max": 0.4377339167365931
}