{
    "star": "MS10",
    "grain": "sil",
    "stream": {
        "L4": 0.64,
        "eta": 0.0066,
        "vinf": 170.0,
        "n": 125.89254117941816,
        "T": 8000.0,
        "kappa": 600.0,
        "cs": 10.19646997739904,
        "taustar": 0.004699277290958839,
        "Rstar": 0.009269009756590901,
        "Qp": 2.0,
        "a": 0.02,
        "rho_d": 3.5,
        "kappa_d": 214285.71428571426,
        "drag_constant": 0.020266461331611422,
        "phi_norm": 0.7,
        "Rstarstar": 0.031112605042016808,
        "Upstarstar": 24.671302592925034,
        "R0": 0.0007978156534250707
    },
    "R sonic drift": 0.008433930068571646,
    "w sonic drift": 7.745966692414831,
    "R critical": 0.01782501876267492,
    "w critical": 38.7741595142002,
    "R equilib drift": 0.008630355557504668,
    "w equilib drift": 170.0,
    "t min": [
        465.69211598729953,
        681.4627963947482,
        921.6823128915303,
        1153.7522173585346,
        1347.0144454932638,
        1728.8819806028494
    ],
    "R min": [
        0.005465142727214072,
        0.008380369120185607,
        0.008388768228247407,
        0.00838878322043254,
        0.008388783213236073,
        0.0083887832538402
    ],
    "t max": [
        559.6066927114049,
        801.7665930248006,
        1040.8218792316143,
        1276.3844745685235,
        1496.8120761358452
    ],
    "R max": [
        0.00859446485005833,
        0.008389138248025636,
        0.00838878394451333,
        0.008388783372123105,
        0.008388783304901625
    ],
    "R end": 0.008388783265234142,
    "v end": 2.2031974749538795e-07,
    "t end": 1940.383816613748,
    "v max": 68.49378369313413
}