{
    "star": "MS10",
    "grain": "sil",
    "stream": {
        "L4": 0.64,
        "eta": 0.0066,
        "vinf": 20.0,
        "n": 1995.2623149689073,
        "T": 8000.0,
        "kappa": 600.0,
        "cs": 10.19646997739904,
        "taustar": 0.15901935880574397,
        "Rstar": 0.019790294864943988,
        "Qp": 2.0,
        "a": 0.02,
        "rho_d": 3.5,
        "kappa_d": 214285.71428571426,
        "drag_constant": 1676.6932936171895,
        "phi_norm": 0.7,
        "Rstarstar": 2.2478857142857143,
        "Upstarstar": 0.0002982059998112906,
        "R0": 0.006386597357696335
    },
    "R sonic drift": 0.00211850745035458,
    "w sonic drift": 7.745966692414831,
    "R critical": 0.004477442277136681,
    "w critical": 38.7741595142002,
    "R equilib drift": 0.0028250750892455114,
    "w equilib drift": 20.0,
    "t min": [
        996.7866034263068,
        1212.2184545408868,
        1426.8217216127186,
        1642.2535727272987,
        1857.685423841879,
        2072.28869091371,
        2287.7205420282903,
        2503.15239314287,
        2717.755660214702,
        2933.187511329282,
        3148.619362443862,
        3363.222629515694,
        3578.6544806302736,
        3793.2577477021055,
        4008.6895988166852
    ],
    "R min": [
        0.001994120026466822,
        0.0019919345147137424,
        0.0019961040727235046,
        0.0019935647996516294,
        0.001991558353925263,
        0.0019954938124700575,
        0.001993034555159766,
        0.0019912711818008224,
        0.001994896774131767,
        0.00199253595723914,
        0.001991111065985155,
        0.001994315367621504,
        0.00199207917948348,
        0.001996316191535294,
        0.00199375278093786
    ],
    "t max": [
        1042.358725777468,
        1257.790576892048,
        1472.3938439638796,
        1687.8256950784598,
        1902.4289621502912,
        2117.8608132648715,
        2333.2926643794517,
        2547.895931451283,
        2763.3277825658633,
        2978.759633680443,
        3193.362900752275,
        3408.794751866855,
        3624.2266029814355,
        3838.8298700532664,
        4054.2617211678466
    ],
    "R max": [
        0.0047946955579989525,
        0.0047958420710387285,
        0.004792919288155523,
        0.004795094790753216,
        0.004790594824713066,
        0.0047935147366439034,
        0.004795421140959398,
        0.004791339858141896,
        0.004794057683273968,
        0.004795665313008316,
        0.004792043792428172,
        0.004794543187534712,
        0.004795815139812101,
        0.0047927035514844785,
        0.004794965596835885
    ],
    "R end": 0.003208401980394292,
    "v end": -16.757355492402496,
    "t end": 4142.920213741923,
    "v max": 130.53637741519478
}