{
    "star": "MS20",
    "grain": "gra",
    "stream": {
        "L4": 5.45,
        "eta": 0.1199,
        "vinf": 200.0,
        "n": 3981.0717055350265,
        "T": 9000.0,
        "kappa": 600.0,
        "cs": 10.814989597775858,
        "taustar": 0.06554782146236995,
        "Rstar": 0.004088467305566354,
        "Qp": 2.0,
        "a": 0.02,
        "rho_d": 2.2,
        "kappa_d": 340909.0909090908,
        "drag_constant": 8.111728475461556,
        "phi_norm": 1.5,
        "Rstarstar": 0.30453423295454546,
        "Upstarstar": 0.06163914405080603,
        "R0": 0.0017003366776844778
    },
    "R sonic drift": 0.001499788418664912,
    "w sonic drift": 9.672835454459698,
    "R critical": 0.003556558820077846,
    "w critical": 48.41952977064848,
    "R equilib drift": 0.0020000000000000005,
    "w equilib drift": 200.0,
    "t min": [
        66.57825783813622,
        166.53363348235132,
        182.48895166030113,
        185.65655159268823,
        188.58951449304666,
        191.40515887739073,
        262.3828610660646
    ],
    "R min": [
        0.0014546379879009975,
        0.0019602331559305133,
        0.0019602331501700292,
        0.001960233151324365,
        0.0019602331536394224,
        0.0019602331540091943,
        0.0019602331514690864
    ],
    "t max": [
        164.59787796811474,
        174.92190737737639,
        185.01129975460938,
        188.2962182030108,
        190.87722555532622,
        194.631418067785
    ],
    "R max": [
        0.001960233152454907,
        0.0019602331505672484,
        0.0019602331515063513,
        0.0019602331536813285,
        0.001960233153962392,
        0.0019602331547751237
    ],
    "R end": 0.001960233152087852,
    "v end": 5.6117034240358016e-08,
    "t end": 293.2962900358424,
    "v max": 121.97429232870796
}