{
    "star": "MS10",
    "grain": "gra",
    "stream": {
        "L4": 0.64,
        "eta": 0.0066,
        "vinf": 250.0,
        "n": 0.025118864315095874,
        "T": 8000.0,
        "kappa": 600.0,
        "cs": 10.19646997739904,
        "taustar": 4.513775812129258e-05,
        "Rstar": 0.44621303401639206,
        "Qp": 2.0,
        "a": 0.02,
        "rho_d": 2.2,
        "kappa_d": 340909.0909090908,
        "drag_constant": 2.1882871105767938e-06,
        "phi_norm": 1.0,
        "Rstarstar": 0.022887563636363635,
        "Upstarstar": 228489.2131308167,
        "R0": 0.0362706648272233
    },
    "R sonic drift": 0.37672981789796045,
    "w sonic drift": 7.745966692414831,
    "R critical": 0.8433930068571646,
    "w critical": 43.32928075712418,
    "R equilib drift": 0.3556558820077846,
    "w equilib drift": 250.0,
    "t min": [
        14840.628110937478
    ],
    "R min": [
        0.020930403852655297
    ],
    "t max": [],
    "R max": [],
    "R end": 4.597145515241058,
    "v end": 7.224569564275589,
    "t end": 58938.15770825051,
    "v max": 236.37729093323298
}