{
    "star": "MS10",
    "grain": "sil",
    "stream": {
        "L4": 0.64,
        "eta": 0.0066,
        "vinf": 120.0,
        "n": 0.00794328234724283,
        "T": 8000.0,
        "kappa": 600.0,
        "cs": 10.19646997739904,
        "taustar": 5.288088899593562e-05,
        "Rstar": 1.6531071893382245,
        "Qp": 2.0,
        "a": 0.002,
        "rho_d": 3.5,
        "kappa_d": 2142857.1428571427,
        "drag_constant": 0.0005150490918271264,
        "phi_norm": 0.7,
        "Rstarstar": 0.6244126984126983,
        "Upstarstar": 970.7812477180768,
        "R0": 0.13438650878400007
    },
    "R sonic drift": 1.0617688884619771,
    "w sonic drift": 7.745966692414831,
    "R critical": 2.2440369086039262,
    "w critical": 38.7741595142002,
    "R equilib drift": 1.4158915687682763,
    "w equilib drift": 120.0,
    "t min": [
        86584.99266836133,
        222172.5231538288,
        339211.0703977928
    ],
    "R min": [
        0.33093553723102553,
        0.9860512548832707,
        1.2824141776338904
    ],
    "t max": [
        140017.138423737,
        276642.8582697364
    ],
    "R max": [
        3.0327489628127493,
        1.6361230098264696
    ],
    "R end": 1.2898583977292903,
    "v end": 2.0521052435815927,
    "t end": 346063.12017730344,
    "v max": 101.25120944093277
}