{
    "star": "MS10",
    "grain": "gra",
    "stream": {
        "L4": 0.64,
        "eta": 0.0066,
        "vinf": 90.0,
        "n": 1.995262314968893,
        "T": 8000.0,
        "kappa": 600.0,
        "cs": 10.19646997739904,
        "taustar": 0.0011174741464126715,
        "Rstar": 0.13907201631012794,
        "Qp": 2.0,
        "a": 0.02,
        "rho_d": 2.2,
        "kappa_d": 340909.0909090908,
        "drag_constant": 0.010348902592106586,
        "phi_norm": 1.0,
        "Rstarstar": 0.17660157126823783,
        "Upstarstar": 48.31430149718145,
        "R0": 0.011454727687533452
    },
    "R sonic drift": 0.04226978079673296,
    "w sonic drift": 7.745966692414831,
    "R critical": 0.09463025179229617,
    "w critical": 43.32928075712418,
    "R equilib drift": 0.078916651742819,
    "w equilib drift": 90.0,
    "t min": [
        4401.298962902079,
        8369.080999575073,
        12516.882776800821,
        16716.118765613075
    ],
    "R min": [
        0.028059977045473566,
        0.06984033488101134,
        0.07626072793083377,
        0.07679050604037345
    ],
    "t max": [
        5988.4117775712775,
        10393.384612729536,
        14614.66383507886
    ],
    "R max": [
        0.10553512118053718,
        0.07891678746057693,
        0.07699817435728838
    ],
    "R end": 0.0768448794079085,
    "v end": 0.017732087254529245,
    "t end": 18369.36128089349,
    "v max": 95.08491101212117
}