{
    "star": "MS40",
    "grain": "gra",
    "stream": {
        "L4": 22.2,
        "eta": 0.4468,
        "vinf": 20.0,
        "n": 12589.254117941868,
        "T": 10000.0,
        "kappa": 600.0,
        "cs": 11.4,
        "taustar": 2.3525371928379952,
        "Rstar": 0.04640222068851151,
        "Qp": 2.0,
        "a": 0.02,
        "rho_d": 2.2,
        "kappa_d": 340909.0909090908,
        "drag_constant": 1160987.0293605404,
        "phi_norm": 1.5,
        "Rstarstar": 124.0488068181818,
        "Upstarstar": 4.3066803276466824e-07,
        "R0": 0.0557462652840553
    },
    "R sonic drift": 0.0016827902832903898,
    "w sonic drift": 8.6559494714014,
    "R critical": 0.0037672981789796047,
    "w critical": 48.41952977064848,
    "R equilib drift": 0.0020092045930258638,
    "w equilib drift": 20.0,
    "t min": [
        790.4594076964356,
        941.1798109957558,
        1091.2420465950793,
        1241.9624498943995,
        1392.68285319372,
        1543.4032564930403,
        1694.1236597923605,
        1844.185895391684,
        1994.9062986910044,
        2145.6267019903244,
        2296.3471052896452,
        2447.067508588965,
        2597.7879118882856,
        2747.850147487609,
        2898.5705507869293,
        3049.2909540862497,
        3200.01135738557
    ],
    "R min": [
        0.0015955378045853649,
        0.001594419099750067,
        0.0015993423499600326,
        0.0015981558238464966,
        0.001596984243995639,
        0.001595830933102811,
        0.0015947029143550404,
        0.001599649697068813,
        0.0015984596409284121,
        0.001597283955556025,
        0.001596125563933429,
        0.0015949898166724486,
        0.0015939005410938254,
        0.0015987643821596515,
        0.0015975847924910073,
        0.001596421602151104,
        0.0015952792434169706
    ],
    "t max": [
        809.5462709963494,
        960.2666742956699,
        1110.9870775949903,
        1261.7074808943105,
        1411.7697164936337,
        1562.4901197929541,
        1713.2105230922743,
        1863.930926391595,
        2014.6513296909152,
        2164.713565290239,
        2315.433968589559,
        2466.1543718888793,
        2616.8747751881997,
        2767.59517848752,
        2917.6574140868433,
        3068.3778173861638,
        3219.098220685484
    ],
    "R max": [
        0.003715178708064157,
        0.003720260350378677,
        0.0037249889900468776,
        0.0037288483059151347,
        0.0037084675468491393,
        0.0037138308670353975,
        0.0037189799179416314,
        0.003723819565790589,
        0.003728036748267338,
        0.0037070596663397438,
        0.0037124694860370044,
        0.0037176799808357097,
        0.0037226140712702267,
        0.0037270583446548313,
        0.003705641189770329,
        0.0037110953842089873,
        0.003716361868537543
    ],
    "R end": 0.0024578833050509278,
    "v end": -16.359053931137133,
    "t end": 3290.8384999851605,
    "v max": 308.18947190204983
}