{
    "star": "MS10",
    "grain": "sil",
    "stream": {
        "L4": 0.64,
        "eta": 0.0066,
        "vinf": 40.0,
        "n": 3.162277660168402,
        "T": 8000.0,
        "kappa": 600.0,
        "cs": 10.19646997739904,
        "taustar": 0.003165337349869294,
        "Rstar": 0.24855486573413338,
        "Qp": 2.0,
        "a": 0.02,
        "rho_d": 3.5,
        "kappa_d": 214285.71428571426,
        "drag_constant": 0.16608623668119177,
        "phi_norm": 0.7,
        "Rstarstar": 0.5619714285714286,
        "Upstarstar": 3.010484251983906,
        "R0": 0.020994555545892902
    },
    "R sonic drift": 0.05321450119597623,
    "w sonic drift": 7.745966692414831,
    "R critical": 0.11246826503806984,
    "w critical": 38.7741595142002,
    "R equilib drift": 0.11246826503806984,
    "w equilib drift": 40.0,
    "t min": [
        12477.4475409984,
        21510.32866325579,
        30532.803240441455,
        39555.277817627124,
        48577.752394812785
    ],
    "R min": [
        0.04089902540190379,
        0.04088924506385273,
        0.040889880986935585,
        0.04089115751702578,
        0.04089307391286309
    ],
    "t max": [
        16692.098295047068,
        25724.979417304457,
        34747.45399449012,
        43769.92857167579
    ],
    "R max": [
        0.18967512531501007,
        0.189675914439888,
        0.18967585692387554,
        0.18967575033455625
    ],
    "R end": 0.185090201614762,
    "v end": 11.700977751583084,
    "t end": 52032.72535862552,
    "v max": 68.4352146621179
}