{
    "star": "MS10",
    "grain": "sil",
    "stream": {
        "L4": 0.64,
        "eta": 0.0066,
        "vinf": 20.0,
        "n": 0.001,
        "T": 8000.0,
        "kappa": 600.0,
        "cs": 10.19646997739904,
        "taustar": 0.00011257708470199431,
        "Rstar": 27.954534515888476,
        "Qp": 2.0,
        "a": 0.002,
        "rho_d": 3.5,
        "kappa_d": 2142857.1428571427,
        "drag_constant": 0.08403372734693874,
        "phi_norm": 0.7,
        "Rstarstar": 22.478857142857144,
        "Upstarstar": 5.949991935210931,
        "R0": 2.2741863115101357
    },
    "R sonic drift": 2.992471312188866,
    "w sonic drift": 7.745966692414831,
    "R critical": 6.32455532033676,
    "w critical": 38.7741595142002,
    "R equilib drift": 3.990524629937758,
    "w equilib drift": 20.0,
    "t min": [
        1460666.7744332312,
        3402370.4433312523,
        5345244.518298531
    ],
    "R min": [
        2.249643034244323,
        2.2497447221149716,
        2.249497017963179
    ],
    "t max": [
        2304529.5503678145,
        4246233.219265835
    ],
    "R max": [
        20.84978095627564,
        20.849769085506104
    ],
    "R end": 17.083783863715848,
    "v end": 20.06124148526009,
    "t end": 5852030.346286984,
    "v max": 36.98111385312329
}