{
    "star": "MS10",
    "grain": "sil",
    "stream": {
        "L4": 0.64,
        "eta": 0.0066,
        "vinf": 40.0,
        "n": 3162.277660168418,
        "T": 8000.0,
        "kappa": 600.0,
        "cs": 10.19646997739904,
        "taustar": 0.10009675588388275,
        "Rstar": 0.00785999499237199,
        "Qp": 2.0,
        "a": 0.02,
        "rho_d": 3.5,
        "kappa_d": 214285.71428571426,
        "drag_constant": 166.08623668119262,
        "phi_norm": 0.7,
        "Rstarstar": 0.5619714285714286,
        "Upstarstar": 0.0030104842519838916,
        "R0": 0.001769080445705602
    },
    "R sonic drift": 0.0016827902832903898,
    "w sonic drift": 7.745966692414831,
    "R critical": 0.003556558820077846,
    "w critical": 38.7741595142002,
    "R equilib drift": 0.003556558820077846,
    "w equilib drift": 40.0,
    "t min": [
        384.04085294826825,
        492.63852344777854,
        601.2361939472889,
        710.1629482967977,
        818.760618796308,
        927.3582892958184,
        1035.9559597953285,
        1144.8827141448376,
        1253.4803846443479,
        1362.078055143858,
        1471.004809493367,
        1579.602479992877
    ],
    "R min": [
        0.0015634800829204777,
        0.0015646215148221044,
        0.0015666744966356878,
        0.0015633702296025172,
        0.0015641519986682752,
        0.0015659721281040659,
        0.001568393731200681,
        0.001563783087777872,
        0.001565325723220975,
        0.0015676069580349095,
        0.0015635250513471653,
        0.0015647492065463031
    ],
    "t max": [
        435.0488496980383,
        543.6465201975485,
        652.2441906970589,
        761.1709450465677,
        869.768615546078,
        978.3662860455884,
        1086.9639565450987,
        1195.8907108946075,
        1304.4883813941178,
        1413.086051893628,
        1522.012806243137,
        1630.610476742647
    ],
    "R max": [
        0.0036107533105232867,
        0.00361073087064275,
        0.0036106820320981605,
        0.003610754755782322,
        0.0036107406517604307,
        0.003610699846444554,
        0.0036106333081522084,
        0.003610747893634976,
        0.0036107152290380234,
        0.003610656521321867,
        0.003610752567341357,
        0.003610728125665349
    ],
    "R end": 0.003123888400311218,
    "v end": -37.62830494263575,
    "t end": 1645.4192499925805,
    "v max": 119.87804988021942
}