{
    "star": "MS10",
    "grain": "sil",
    "stream": {
        "L4": 0.64,
        "eta": 0.0066,
        "vinf": 40.0,
        "n": 1584.8931924611336,
        "T": 8000.0,
        "kappa": 600.0,
        "cs": 10.19646997739904,
        "taustar": 0.07086307635852296,
        "Rstar": 0.011102538027272273,
        "Qp": 2.0,
        "a": 0.02,
        "rho_d": 3.5,
        "kappa_d": 214285.71428571426,
        "drag_constant": 83.2403015058114,
        "phi_norm": 0.7,
        "Rstarstar": 0.5619714285714285,
        "Upstarstar": 0.006006705777790734,
        "R0": 0.0019674367221166828
    },
    "R sonic drift": 0.002377004454874038,
    "w sonic drift": 7.745966692414831,
    "R critical": 0.005023772863019165,
    "w critical": 38.7741595142002,
    "R equilib drift": 0.005023772863019165,
    "w equilib drift": 40.0,
    "t min": [
        542.9369667518274,
        700.518843232024,
        858.1007197122203,
        1015.6825961924168,
        1173.2644726726132,
        1331.3111924462619,
        1488.8930689264582,
        1646.4749454066548,
        1804.0568218868511,
        1961.6386983670477,
        2119.2205748472443,
        2277.2672946208927
    ],
    "R min": [
        0.002195680113361035,
        0.0021963617860578824,
        0.00219742760096256,
        0.0021988251946761556,
        0.002200489633947217,
        0.00219544087234601,
        0.002195803759541388,
        0.002196579723210395,
        0.002197729053560414,
        0.0021991955801508177,
        0.0022009132036092324,
        0.002195487661416525
    ],
    "t max": [
        616.3822071172287,
        773.9640835974252,
        932.0108033710737,
        1089.59267985127,
        1247.1745563314666,
        1404.756432811663,
        1562.3383092918596,
        1719.920185772056,
        1877.9669055457045,
        2035.548782025901,
        2193.1306585060975
    ],
    "R max": [
        0.005141077973395395,
        0.005141032966196959,
        0.0051411577995493455,
        0.005141150645298932,
        0.005141133258685547,
        0.005141105723257407,
        0.005141068264357516,
        0.00514102094515286,
        0.005141157052485033,
        0.005141147466596277,
        0.005141127671689141
    ],
    "R end": 0.004820575179174091,
    "v end": 21.45278582912089,
    "t end": 2324.216467259535,
    "v max": 115.78468551138626
}