{
    "star": "MS20",
    "grain": "gra",
    "stream": {
        "L4": 5.45,
        "eta": 0.1199,
        "vinf": 60.0,
        "n": 0.15848931924611206,
        "T": 9000.0,
        "kappa": 600.0,
        "cs": 10.814989597775858,
        "taustar": 0.001378595978878619,
        "Rstar": 2.159928000063991,
        "Qp": 2.0,
        "a": 0.02,
        "rho_d": 2.2,
        "kappa_d": 340909.0909090908,
        "drag_constant": 0.0398683613785704,
        "phi_norm": 1.5,
        "Rstarstar": 3.3837136994949484,
        "Upstarstar": 12.541272896877931,
        "R0": 0.7508913468798228
    },
    "R sonic drift": 0.23770044548740382,
    "w sonic drift": 9.672835454459698,
    "R critical": 0.5636765862528911,
    "w critical": 48.41952977064848,
    "R equilib drift": 0.5636765862528911,
    "w equilib drift": 60.0,
    "t min": [
        36443.71420662951,
        60987.440100890206,
        85500.1764422541,
        110043.90233651479,
        134556.63867787868
    ],
    "R min": [
        0.19764685409018384,
        0.19762687276954638,
        0.19766372867353993,
        0.19763395135646125,
        0.1976853050906261
    ],
    "t max": [
        47537.97414368169,
        72081.70003794238,
        96594.43637930628,
        121138.16227356697,
        145681.88816782768
    ],
    "R max": [
        0.8109578819516683,
        0.8109591917350619,
        0.8109567455118875,
        0.8109586640611605,
        0.8109593127848518
    ],
    "R end": 0.4173264919631493,
    "v end": -57.33192679401499,
    "t end": 154947.76448396902,
    "v max": 107.66997217502077
}