{
    "star": "MS10",
    "grain": "gra",
    "stream": {
        "L4": 0.64,
        "eta": 0.0066,
        "vinf": 120.0,
        "n": 3981.0717055350265,
        "T": 8000.0,
        "kappa": 600.0,
        "cs": 10.19646997739904,
        "taustar": 0.03743680243915838,
        "Rstar": 0.0023350759702260243,
        "Qp": 2.0,
        "a": 0.02,
        "rho_d": 2.2,
        "kappa_d": 340909.0909090908,
        "drag_constant": 6.5334015734704955,
        "phi_norm": 1.0,
        "Rstarstar": 0.09933838383838378,
        "Upstarstar": 0.07652981289720472,
        "R0": 0.0002957073898345908
    },
    "R sonic drift": 0.0009463025179229607,
    "w sonic drift": 7.745966692414831,
    "R critical": 0.00211850745035458,
    "w critical": 43.32928075712418,
    "R equilib drift": 0.0014716215179660763,
    "w equilib drift": 120.0,
    "t min": [
        70.6919452532387,
        247.8536090990516
    ],
    "R min": [
        0.0008671035598198018,
        0.00144152142313184
    ],
    "t max": [
        225.77008693442727
    ],
    "R max": [
        0.0014415214230277266
    ],
    "R end": 0.0014415214240587324,
    "v end": 2.815059726583047e-08,
    "t end": 308.42908051151267,
    "v max": 110.55997512164056
}