{
    "star": "MS10",
    "grain": "sil",
    "stream": {
        "L4": 0.64,
        "eta": 0.0066,
        "vinf": 300.0,
        "n": 6309.57344480202,
        "T": 8000.0,
        "kappa": 600.0,
        "cs": 10.19646997739904,
        "taustar": 0.018852056770789744,
        "Rstar": 0.0007419267093506906,
        "Qp": 2.0,
        "a": 0.02,
        "rho_d": 3.5,
        "kappa_d": 214285.71428571426,
        "drag_constant": 0.10473421719229195,
        "phi_norm": 0.7,
        "Rstarstar": 0.009990603174603171,
        "Upstarstar": 4.773988992365315,
        "R0": 7.582982661747761e-05
    },
    "R sonic drift": 0.001191324287058021,
    "w sonic drift": 7.745966692414831,
    "R critical": 0.0025178508235883354,
    "w critical": 38.7741595142002,
    "R equilib drift": 0.0007589404172465164,
    "w equilib drift": 300.0,
    "t min": [
        68.21464791953491,
        73.49538113734954,
        80.73309195941313,
        89.58608588339649,
        92.50602072148223,
        98.25270098792755,
        108.87629369670759,
        124.37679884782231,
        145.4065423093547
    ],
    "R min": [
        0.0007561151700387811,
        0.0007561151681967543,
        0.0007561151719698983,
        0.0007561151691517533,
        0.0007561151687712372,
        0.0007561151688454748,
        0.0007561151668356098,
        0.0007561151637695252,
        0.0007561151635813925
    ],
    "t max": [
        68.64953183159024,
        77.47146261899822,
        83.21814288544354,
        90.89073761956244,
        95.39489242299258,
        102.72579265478231,
        116.95270920630644,
        135.31102292235616
    ],
    "R max": [
        0.0007561151701028148,
        0.0007561151712791433,
        0.0007561151770495359,
        0.0007561151690926653,
        0.0007561151694118649,
        0.0007561151691782498,
        0.0007561151691490095,
        0.0007561151734611986
    ],
    "R end": 0.0007561151691287548,
    "v end": 2.342676661272868e-06,
    "t end": 155.31568287690098,
    "v max": 2.704555853569042e-06
}