{
    "star": "MS10",
    "grain": "sil",
    "stream": {
        "L4": 0.64,
        "eta": 0.0066,
        "vinf": 20.0,
        "n": 0.03162277660168389,
        "T": 8000.0,
        "kappa": 600.0,
        "cs": 10.19646997739904,
        "taustar": 0.0006330674699738575,
        "Rstar": 4.9710973146826785,
        "Qp": 2.0,
        "a": 0.002,
        "rho_d": 3.5,
        "kappa_d": 2142857.1428571427,
        "drag_constant": 2.6573797868990594,
        "phi_norm": 0.7,
        "Rstarstar": 22.47885714285714,
        "Upstarstar": 0.18815526574899497,
        "R0": 0.40701299209136677
    },
    "R sonic drift": 0.5321450119597623,
    "w sonic drift": 7.745966692414831,
    "R critical": 1.1246826503806984,
    "w critical": 38.7741595142002,
    "R equilib drift": 0.7096267784671515,
    "w equilib drift": 20.0,
    "t min": [
        254127.83065152698,
        402733.2942757614,
        551338.7578999959,
        700152.3524256648,
        848757.8160498992,
        997363.2796741338
    ],
    "R min": [
        0.46540118553763543,
        0.46544756020051736,
        0.4655425956825649,
        0.4654076202374623,
        0.4654657725612384,
        0.46557190548232325
    ],
    "t max": [
        300541.0216714209,
        449146.4852956553,
        597751.9489198897,
        746565.5434455588,
        895171.0070697933
    ],
    "R max": [
        2.2463440337953906,
        2.246324878545417,
        2.2462836752662136,
        2.2463414575210474,
        2.246317043021021
    ],
    "R end": 2.228847363586831,
    "v end": 9.428706199118865,
    "t end": 1040654.5071725101,
    "v max": 65.34683314441472
}