{
    "star": "MS10",
    "grain": "sil",
    "stream": {
        "L4": 0.64,
        "eta": 0.0066,
        "vinf": 40.0,
        "n": 158.48931924611304,
        "T": 8000.0,
        "kappa": 600.0,
        "cs": 10.19646997739904,
        "taustar": 0.022408872329936297,
        "Rstar": 0.03510930797481305,
        "Qp": 2.0,
        "a": 0.002,
        "rho_d": 3.5,
        "kappa_d": 2142857.1428571427,
        "drag_constant": 832.4030150581121,
        "phi_norm": 0.7,
        "Rstarstar": 5.619714285714284,
        "Upstarstar": 0.0006006705777790745,
        "R0": 0.0037431971869193747
    },
    "R sonic drift": 0.007516748085768888,
    "w sonic drift": 7.745966692414831,
    "R critical": 0.015886564694485638,
    "w critical": 38.7741595142002,
    "R equilib drift": 0.015886564694485638,
    "w equilib drift": 40.0,
    "t min": [
        1712.5075501518,
        2175.5460722958487,
        2638.5845944398975,
        3101.6231165839463,
        3566.1316022903575,
        4029.1701244344067,
        4492.208646578456,
        4955.247168722504,
        5418.2856908665535,
        5881.324213010602,
        6344.362735154651,
        6808.871220861062,
        7271.909743005111
    ],
    "R min": [
        0.007059832451681022,
        0.007065632452149686,
        0.007071712855664263,
        0.007077948797323083,
        0.007049498380641419,
        0.007051290214274942,
        0.007055370384807729,
        0.007060691420857725,
        0.007066547735377169,
        0.007072657129646834,
        0.007078910625477607,
        0.007049590860832514,
        0.007051789670381289
    ],
    "t max": [
        1930.0621573813848,
        2393.100679525434,
        2856.1392016694826,
        3319.177723813532,
        3782.2162459575807,
        4246.724731663991,
        4709.763253808041,
        5172.801775952089,
        5635.840298096138,
        6098.8788202401865,
        6561.917342384236,
        7024.955864528284
    ],
    "R max": [
        0.01594028150782651,
        0.015940130562083512,
        0.01593993588158503,
        0.015939698970172517,
        0.015939421387597345,
        0.015940439490446132,
        0.015940373910915063,
        0.015940261338066114,
        0.015940103604337508,
        0.015939902383513057,
        0.015939659204691634,
        0.015939375505282603
    ],
    "R end": 0.012886635942517566,
    "v end": 42.5974116496635,
    "t end": 7349.817811810301,
    "v max": 127.56339973274581
}