{
    "star": "MS10",
    "grain": "sil",
    "stream": {
        "L4": 0.64,
        "eta": 0.0066,
        "vinf": 50.0,
        "n": 0.03162277660168389,
        "T": 8000.0,
        "kappa": 600.0,
        "cs": 10.19646997739904,
        "taustar": 0.00025322698798954305,
        "Rstar": 1.9884389258730715,
        "Qp": 2.0,
        "a": 0.002,
        "rho_d": 3.5,
        "kappa_d": 2142857.1428571427,
        "drag_constant": 0.06802892254461591,
        "phi_norm": 0.7,
        "Rstarstar": 3.5966171428571436,
        "Upstarstar": 7.349815068320115,
        "R0": 0.16204584271307249
    },
    "R sonic drift": 0.5321450119597623,
    "w sonic drift": 7.745966692414831,
    "R critical": 1.1246826503806984,
    "w critical": 38.7741595142002,
    "R equilib drift": 1.1246826503806984,
    "w equilib drift": 50.0,
    "t min": [
        99986.08504913478,
        179908.35119998353,
        259747.3649902585,
        339586.3787805335
    ],
    "R min": [
        0.3831589525807097,
        0.3831253135248675,
        0.38314327556918126,
        0.38319251396636517
    ],
    "t max": [
        137949.16147078795,
        217788.17526106292,
        297710.4414119117,
        377549.45520218665
    ],
    "R max": [
        1.7217925237981964,
        1.7217908841337766,
        1.7217926801879473,
        1.7217917425253277
    ],
    "R end": 0.4792413978451406,
    "v end": -41.58845104257022,
    "t end": 416261.8028690041,
    "v max": 70.02596286545634
}