{
    "star": "MS10",
    "grain": "sil",
    "stream": {
        "L4": 0.64,
        "eta": 0.0066,
        "vinf": 20.0,
        "n": 10000.000000000144,
        "T": 8000.0,
        "kappa": 600.0,
        "cs": 10.19646997739904,
        "taustar": 0.35600000000000254,
        "Rstar": 0.008839999999999936,
        "Qp": 2.0,
        "a": 0.02,
        "rho_d": 3.5,
        "kappa_d": 214285.71428571426,
        "drag_constant": 8403.372734693998,
        "phi_norm": 0.7,
        "Rstarstar": 2.247885714285714,
        "Upstarstar": 5.949991935210849e-05,
        "R0": 0.0052342248411311664
    },
    "R sonic drift": 0.0009463025179229607,
    "w sonic drift": 7.745966692414831,
    "R critical": 0.0020000000000000005,
    "w critical": 38.7741595142002,
    "R equilib drift": 0.0012619146889603862,
    "w equilib drift": 20.0,
    "t min": [
        444.8781057298059,
        534.816025606963,
        624.3838305875063,
        714.3217504646634,
        803.8895554452066,
        893.8274753223637,
        983.7653951995208,
        1073.333200180064,
        1163.2711200572212,
        1253.2090399343783,
        1342.7768449149214,
        1432.7147647920785,
        1522.2825697726219,
        1612.220489649779,
        1702.158409526936,
        1791.7262145074792
    ],
    "R min": [
        0.0008946016626398608,
        0.0008934923124602103,
        0.0008953824484778854,
        0.0008940895410350612,
        0.0008961974548820614,
        0.0008948299806746997,
        0.0008936409213976918,
        0.0008956228782547867,
        0.000894302394868733,
        0.0008933879283823905,
        0.0008950626780281103,
        0.0008938199774440902,
        0.0008958658855075364,
        0.0008945230129015535,
        0.0008934515236965306,
        0.000895299018732402
    ],
    "t max": [
        463.0137356638828,
        552.9516555410398,
        642.8895754181971,
        732.4573803987403,
        822.3953002758974,
        911.9631052564407,
        1001.9010251335977,
        1091.8389450107547,
        1181.4067499912983,
        1271.3446698684552,
        1360.9124748489985,
        1450.8503947261554,
        1540.7883146033128,
        1630.3561195838558,
        1720.2940394610132,
        1810.2319593381703
    ],
    "R max": [
        0.002068510450445992,
        0.002070396235124175,
        0.00207146136674738,
        0.0020693567584946244,
        0.002070972295616729,
        0.0020681259563274297,
        0.002070109556189613,
        0.0020713687541193356,
        0.0020690070109519025,
        0.002070745581202101,
        0.0020677283532559098,
        0.002069801877837958,
        0.002071226645568553,
        0.0020686417130055456,
        0.002070491164873509,
        0.002071479649985974
    ],
    "R end": 0.0013530002084486614,
    "v end": -16.438842741000943,
    "t end": 1850.574483069076,
    "v max": 141.37595128181368
}