{
    "star": "MS10",
    "grain": "sil",
    "stream": {
        "L4": 0.64,
        "eta": 0.0066,
        "vinf": 100.0,
        "n": 5011.872336272797,
        "T": 8000.0,
        "kappa": 600.0,
        "cs": 10.19646997739904,
        "taustar": 0.05040573984815099,
        "Rstar": 0.0024973663788930116,
        "Qp": 2.0,
        "a": 0.02,
        "rho_d": 3.5,
        "kappa_d": 214285.71428571426,
        "drag_constant": 6.7386610144642125,
        "phi_norm": 0.7,
        "Rstarstar": 0.08991542857142858,
        "Upstarstar": 0.07419871676684348,
        "R0": 0.0003632464834781426
    },
    "R sonic drift": 0.00133668783513723,
    "w sonic drift": 7.745966692414831,
    "R critical": 0.0028250750892455114,
    "w critical": 38.7741595142002,
    "R equilib drift": 0.0020000000000000005,
    "w equilib drift": 100.0,
    "t min": [
        120.45339355188867,
        371.9207646389479,
        374.8484512877785,
        385.61815574597694,
        387.1865593078505,
        409.24876941153843,
        412.9083777225767,
        416.35886555869854,
        434.3432264015152,
        455.882635317912,
        463.410972414905
    ],
    "R min": [
        0.001205837056692949,
        0.001994331935654379,
        0.00199433193560348,
        0.0019943319371963433,
        0.0019943319371503736,
        0.0019943319375867775,
        0.0019943319373333804,
        0.001994331937115815,
        0.001994331938164116,
        0.0019943319388447973,
        0.00199433193858454
    ],
    "t max": [
        369.93412012724144,
        373.6982886757379,
        383.84063170918694,
        385.72271598343514,
        394.92401687975996,
        410.39893202357905,
        413.32661867240967,
        426.08296764231454,
        444.9038103847971,
        459.1240026791173,
        464.45657478948743
    ],
    "R max": [
        0.001994331935698662,
        0.001994331935682171,
        0.0019943319375045855,
        0.0019943319371979675,
        0.001994331939468751,
        0.001994331937638216,
        0.001994331937334857,
        0.0019943319398313874,
        0.0019943319411129955,
        0.0019943319393715304,
        0.0019943319386336016
    ],
    "R end": 0.001994331933742841,
    "v end": -2.193611945823892e-08,
    "t end": 522.8011872911834,
    "v max": 77.84358444684796
}