{
    "star": "MS20",
    "grain": "gra",
    "stream": {
        "L4": 5.45,
        "eta": 0.1199,
        "vinf": 40.0,
        "n": 0.6309573444801969,
        "T": 9000.0,
        "kappa": 600.0,
        "cs": 10.814989597775858,
        "taustar": 0.004125990906336216,
        "Rstar": 1.6237925087792364,
        "Qp": 2.0,
        "a": 0.02,
        "rho_d": 2.2,
        "kappa_d": 340909.0909090908,
        "drag_constant": 0.8035139524907425,
        "phi_norm": 1.5,
        "Rstarstar": 7.613355823863634,
        "Upstarstar": 0.6222667303412639,
        "R0": 0.5689936775498765
    },
    "R sonic drift": 0.1191324287058022,
    "w sonic drift": 9.672835454459698,
    "R critical": 0.2825075089245511,
    "w critical": 48.41952977064848,
    "R equilib drift": 0.2517850823588335,
    "w equilib drift": 40.0,
    "t min": [
        27257.902344896152,
        38836.686503369136,
        50415.47066184211,
        61994.2548203151,
        73573.03897878808,
        85151.82313726106,
        96730.60729573404,
        108309.39145420704
    ],
    "R min": [
        0.10988234108211793,
        0.10988765156240456,
        0.10989581612415837,
        0.10990679616923905,
        0.10992056194934978,
        0.10993707335319294,
        0.10995629475907484,
        0.10997818350675888
    ],
    "t max": [
        31381.53372527788,
        42960.31788375087,
        54539.10204222384,
        66117.88620069683,
        77696.6703591698,
        89275.4545176428,
        100854.23867611577,
        112433.02283458874
    ],
    "R max": [
        0.3794713026007179,
        0.3794708662559664,
        0.37947012987546636,
        0.3794691018029573,
        0.3794677504546891,
        0.3794661091488131,
        0.37946418864811826,
        0.3794619219445916
    ],
    "R end": 0.23152640364519467,
    "v end": -37.70844991487544,
    "t end": 116486.76215767587,
    "v max": 127.49734769177026
}