{
    "star": "MS10",
    "grain": "gra",
    "stream": {
        "L4": 0.64,
        "eta": 0.0066,
        "vinf": 300.0,
        "n": 31.622776601684052,
        "T": 8000.0,
        "kappa": 600.0,
        "cs": 10.19646997739904,
        "taustar": 0.0013346234117851007,
        "Rstar": 0.010479993323162677,
        "Qp": 2.0,
        "a": 0.2,
        "rho_d": 2.2,
        "kappa_d": 34090.90909090909,
        "drag_constant": 1.3285543266815075e-05,
        "phi_norm": 1.0,
        "Rstarstar": 0.0015894141414141416,
        "Upstarstar": 37634.89305318143,
        "R0": 0.0008654988407110633
    },
    "R sonic drift": 0.01061768888461977,
    "w sonic drift": 7.745966692414831,
    "R critical": 0.02377004454874038,
    "w critical": 43.32928075712418,
    "R equilib drift": 0.008933671843019271,
    "w equilib drift": 300.0,
    "t min": [
        348.55477464258,
        1075.2873270149173
    ],
    "R min": [
        0.0012753268110313237,
        0.003811191272289313
    ],
    "t max": [
        646.4459084912028,
        1293.7223684708313
    ],
    "R max": [
        0.03868634032012905,
        0.01565827316454121
    ],
    "R end": 0.013664260241116433,
    "v end": -40.15476457037778,
    "t end": 1384.2524807092136,
    "v max": 261.8922486784813
}