{
    "star": "MS10",
    "grain": "gra",
    "stream": {
        "L4": 0.64,
        "eta": 0.0066,
        "vinf": 30.0,
        "n": 0.001584893192461114,
        "T": 8000.0,
        "kappa": 600.0,
        "cs": 10.19646997739904,
        "taustar": 9.448410181136336e-05,
        "Rstar": 14.803384036363122,
        "Qp": 2.0,
        "a": 0.02,
        "rho_d": 2.2,
        "kappa_d": 340909.0909090908,
        "drag_constant": 0.0006658544677130426,
        "phi_norm": 1.0,
        "Rstarstar": 1.5894141414141407,
        "Upstarstar": 750.9148383689761,
        "R0": 1.204032091327907
    },
    "R sonic drift": 1.4997884186649117,
    "w sonic drift": 7.745966692414831,
    "R critical": 3.357608036245125,
    "w critical": 43.32928075712418,
    "R equilib drift": 2.726136163359474,
    "w equilib drift": 30.0,
    "t min": [
        494693.07586045406
    ],
    "R min": [
        0.6540174735973304
    ],
    "t max": [],
    "R max": [],
    "R end": 30.200746214672105,
    "v end": 6.954770876635284,
    "t end": 1955308.6002389486,
    "v max": 35.59397863801895
}