{
    "star": "MS10",
    "grain": "gra",
    "stream": {
        "L4": 0.64,
        "eta": 0.0066,
        "vinf": 80.0,
        "n": 0.005011872336272643,
        "T": 8000.0,
        "kappa": 600.0,
        "cs": 10.19646997739904,
        "taustar": 6.300717481018777e-05,
        "Rstar": 3.121707973616312,
        "Qp": 2.0,
        "a": 0.02,
        "rho_d": 2.2,
        "kappa_d": 340909.0909090908,
        "drag_constant": 4.163939291063243e-05,
        "phi_norm": 1.0,
        "thetaB": 0.0,
        "b_hat": [
            1.0,
            0.0,
            0.0
        ],
        "Rstarstar": 0.22351136363636356,
        "Upstarstar": 12007.85998665046,
        "R0": 0.25380551992111117
    },
    "R sonic drift": 0.7096267784671515,
    "w sonic drift": 10.809183445233842,
    "R critical": 1.5886564694485645,
    "w critical": 40.98849160084206,
    "R equilib drift": 1.4964237898068513,
    "w equilib drift": 80.0,
    "t min": [
        87704.85761164835
    ],
    "R min": [
        0.15377190254471668
    ],
    "t max": [],
    "R max": [],
    "R end": 12.274465722439912,
    "v end": 20.661920022552763,
    "t end": 346933.772197976,
    "v max": 79.48099643861877
}