{
    "star": "MS10",
    "grain": "sil",
    "stream": {
        "L4": 0.64,
        "eta": 0.0066,
        "vinf": 200.0,
        "n": 7943.282347242919,
        "T": 8000.0,
        "kappa": 600.0,
        "cs": 10.19646997739904,
        "taustar": 0.031728533397561556,
        "Rstar": 0.0009918643136029293,
        "Qp": 2.0,
        "a": 0.02,
        "rho_d": 3.5,
        "kappa_d": 214285.71428571426,
        "drag_constant": 0.6675036230079634,
        "phi_norm": 0.7,
        "Rstarstar": 0.02247885714285715,
        "Upstarstar": 0.7490596047207295,
        "R0": 0.00011781595436196295
    },
    "R sonic drift": 0.001061768888461977,
    "w sonic drift": 7.745966692414831,
    "R critical": 0.002244036908603926,
    "w critical": 38.7741595142002,
    "R equilib drift": 0.000972491307132263,
    "w equilib drift": 200.0,
    "t min": [
        48.462679349629575,
        113.78555391429735,
        125.62091262436114,
        126.07771594299518,
        149.66537821428017,
        189.65643238196935
    ],
    "R min": [
        0.0008979688325196235,
        0.000928129436456217,
        0.0009281294380680052,
        0.000928129438331542,
        0.0009281294394128193,
        0.0009281294401005243
    ],
    "t max": [
        108.92682770700802,
        120.67913126822926,
        125.78702292204625,
        132.47296240387175,
        154.0673011029355
    ],
    "R max": [
        0.0009281294375983299,
        0.0009281294386037758,
        0.0009281294380794766,
        0.0009281294411617741,
        0.0009281294392432591
    ],
    "R end": 0.0009281294410895015,
    "v end": 6.305634433571327e-08,
    "t end": 207.63787210638205,
    "v max": 7.262788184456098
}