{
    "star": "MS10",
    "grain": "gra",
    "stream": {
        "L4": 0.64,
        "eta": 0.0066,
        "vinf": 250.0,
        "n": 100.00000000000102,
        "T": 8000.0,
        "kappa": 600.0,
        "cs": 10.19646997739904,
        "taustar": 0.0028480000000000146,
        "Rstar": 0.007071999999999963,
        "Qp": 2.0,
        "a": 0.2,
        "rho_d": 2.2,
        "kappa_d": 34090.90909090909,
        "drag_constant": 8.711727899504218e-05,
        "phi_norm": 1.0,
        "Rstarstar": 0.002288756363636363,
        "Upstarstar": 5739.389542095948,
        "R0": 0.0005950209860598901
    },
    "R sonic drift": 0.005970765237835921,
    "w sonic drift": 7.745966692414831,
    "R critical": 0.0133668783513723,
    "w critical": 43.32928075712418,
    "R equilib drift": 0.0056367658625289105,
    "w equilib drift": 250.0,
    "t min": [
        234.08717642958223,
        509.835518337055,
        739.812624629805
    ],
    "R min": [
        0.0014310529514053852,
        0.003731970860143071,
        0.004929312993002612
    ],
    "t max": [
        345.432712863765,
        616.3236991549816,
        852.0922679132678
    ],
    "R max": [
        0.012887611480271654,
        0.006799228600621809,
        0.005811832516032545
    ],
    "R end": 0.005414508082716506,
    "v end": -4.583456196250533,
    "t end": 934.1068492800568,
    "v max": 196.59719423958404
}