{
    "star": "MS10",
    "grain": "sil",
    "stream": {
        "L4": 0.64,
        "eta": 0.0066,
        "vinf": 120.0,
        "n": 63095.73444802033,
        "T": 8000.0,
        "kappa": 600.0,
        "cs": 10.19646997739904,
        "taustar": 0.14903859493623628,
        "Rstar": 0.0005865445646154811,
        "Qp": 2.0,
        "a": 0.02,
        "rho_d": 3.5,
        "kappa_d": 214285.71428571426,
        "drag_constant": 40.91180359073914,
        "phi_norm": 0.7,
        "Rstarstar": 0.062441269841269825,
        "Upstarstar": 0.01222141182045518,
        "R0": 0.00017972302439326582
    },
    "R sonic drift": 0.0003767298178979601,
    "w sonic drift": 7.745966692414831,
    "R critical": 0.0007962143411069948,
    "w critical": 38.7741595142002,
    "R equilib drift": 0.000502377286301916,
    "w equilib drift": 120.0,
    "t min": [
        28.11841273997782,
        89.24219379657589,
        101.7911098752909
    ],
    "R min": [
        0.0003492068875757201,
        0.0004914626287509888,
        0.000491462629081153
    ],
    "t max": [
        85.77957703121619,
        99.13889277841962,
        120.45485981623688
    ],
    "R max": [
        0.0004914626292630145,
        0.0004914626289487105,
        0.0004914626297816227
    ],
    "R end": 0.000491462629637371,
    "v end": -3.127084208114292e-08,
    "t end": 122.78782855885511,
    "v max": 61.32391372324931
}