{
    "star": "MS10",
    "grain": "gra",
    "stream": {
        "L4": 0.64,
        "eta": 0.0066,
        "vinf": 20.0,
        "n": 0.07943282347242846,
        "T": 8000.0,
        "kappa": 600.0,
        "cs": 10.19646997739904,
        "taustar": 0.0010033443235301475,
        "Rstar": 3.136550360824801,
        "Qp": 2.0,
        "a": 0.02,
        "rho_d": 2.2,
        "kappa_d": 340909.0909090908,
        "drag_constant": 0.16894461532742708,
        "phi_norm": 1.0,
        "Rstarstar": 3.5761818181818175,
        "Upstarstar": 2.9595497851823405,
        "R0": 0.25798076571882217
    },
    "R sonic drift": 0.21185074503545798,
    "w sonic drift": 7.745966692414831,
    "R critical": 0.4742747411323311,
    "w critical": 43.32928075712418,
    "R equilib drift": 0.26793173864009784,
    "w equilib drift": 20.0,
    "t min": [
        101750.1204495016,
        206234.56824007287,
        310636.1576263693
    ],
    "R min": [
        0.17418360859131155,
        0.17416579140311453,
        0.17418416953064456
    ],
    "t max": [
        139864.9864159273,
        244349.43420649858,
        348751.023592795
    ],
    "R max": [
        1.3588259385774166,
        1.3588335379872547,
        1.35882601022865
    ],
    "R end": 0.17754062138903715,
    "v end": -6.874941954129575,
    "t end": 414292.02137419226,
    "v max": 50.91764622545873
}