{
    "star": "MS10",
    "grain": "gra",
    "stream": {
        "L4": 0.64,
        "eta": 0.0066,
        "vinf": 120.0,
        "n": 39.810717055350096,
        "T": 8000.0,
        "kappa": 600.0,
        "cs": 10.19646997739904,
        "taustar": 0.003743680243915831,
        "Rstar": 0.023350759702260294,
        "Qp": 2.0,
        "a": 0.02,
        "rho_d": 2.2,
        "kappa_d": 340909.0909090908,
        "drag_constant": 0.06533401573470474,
        "phi_norm": 1.0,
        "Rstarstar": 0.09933838383838381,
        "Upstarstar": 7.6529812897205005,
        "R0": 0.001986426452369251
    },
    "R sonic drift": 0.009463025179229607,
    "w sonic drift": 7.745966692414831,
    "R critical": 0.021185074503545776,
    "w critical": 43.32928075712418,
    "R equilib drift": 0.014716215179660763,
    "w equilib drift": 120.0,
    "t min": [
        722.9577647189856,
        1141.1875978925966,
        1634.0572685499935,
        2176.892450250256,
        2595.122283423867,
        3009.034109470317
    ],
    "R min": [
        0.007449127945697954,
        0.01440750725732907,
        0.014415210687989219,
        0.014415214241495005,
        0.014415214226185386,
        0.014415214200840491
    ],
    "t max": [
        890.1263263562254,
        1388.5477204628298,
        1846.8733341029376,
        2406.363686150821,
        2801.152909205557
    ],
    "R max": [
        0.014790685864215624,
        0.01441537725774629,
        0.014415214369510028,
        0.014415214251653485,
        0.014415214276640012
    ],
    "R end": 0.014415214191494243,
    "v end": 8.47873881193295e-07,
    "t end": 3084.290805115126,
    "v max": 102.22033939534265
}