{
    "star": "MS10",
    "grain": "gra",
    "stream": {
        "L4": 0.64,
        "eta": 0.0066,
        "vinf": 500.0,
        "n": 0.6309573444801969,
        "T": 8000.0,
        "kappa": 600.0,
        "cs": 10.19646997739904,
        "taustar": 0.00011311234062473802,
        "Rstar": 0.044515602561041624,
        "Qp": 2.0,
        "a": 0.02,
        "rho_d": 2.2,
        "kappa_d": 340909.0909090908,
        "drag_constant": 3.43545543831573e-06,
        "phi_norm": 1.0,
        "Rstarstar": 0.005721890909090908,
        "Upstarstar": 145541.11062640668,
        "R0": 0.00362150337104495
    },
    "R sonic drift": 0.07516748085768887,
    "w sonic drift": 7.745966692414831,
    "R critical": 0.16827902832903915,
    "w critical": 43.32928075712418,
    "R equilib drift": 0.047328035593947666,
    "w equilib drift": 500.0,
    "t min": [
        1479.3713291611768,
        4217.031467704277
    ],
    "R min": [
        0.00505964582649135,
        0.015784653632201686
    ],
    "t max": [
        2604.77543250557,
        5060.202567075154
    ],
    "R max": [
        0.23944876830516482,
        0.1014342243564409
    ],
    "R end": 0.0395557171255411,
    "v end": -103.246585401251,
    "t end": 5879.854249448239,
    "v max": 443.1716733979757
}