{
    "star": "MS10",
    "grain": "gra",
    "stream": {
        "L4": 0.64,
        "eta": 0.0066,
        "vinf": 140.0,
        "n": 2.5118864315095975,
        "T": 8000.0,
        "kappa": 600.0,
        "cs": 10.19646997739904,
        "taustar": 0.0008060313950230834,
        "Rstar": 0.07968089893149842,
        "Qp": 2.0,
        "a": 0.2,
        "rho_d": 2.2,
        "kappa_d": 34090.90909090909,
        "drag_constant": 2.2251136312189286e-05,
        "phi_norm": 1.0,
        "Rstarstar": 0.007298330241187384,
        "Upstarstar": 22470.76252578155,
        "R0": 0.006537846446797949
    },
    "R sonic drift": 0.03767298178979601,
    "w sonic drift": 7.745966692414831,
    "R critical": 0.08433930068571646,
    "w critical": 43.32928075712418,
    "R equilib drift": 0.052872988260782634,
    "w equilib drift": 140.0,
    "t min": [
        2656.4269652790026
    ],
    "R min": [
        0.005604967779970814
    ],
    "t max": [
        8948.075300634739
    ],
    "R max": [
        0.357486845332611
    ],
    "R end": 0.34324998848868404,
    "v end": -17.154015511600697,
    "t end": 10524.671019330439,
    "v max": 130.7992381837284
}