{
    "star": "MS40",
    "grain": "gra",
    "stream": {
        "L4": 22.2,
        "eta": 0.4468,
        "vinf": 100.0,
        "n": 1258.9254117941816,
        "T": 10000.0,
        "kappa": 600.0,
        "cs": 11.4,
        "taustar": 0.14878751619253613,
        "Rstar": 0.029347341173096654,
        "Qp": 2.0,
        "a": 0.02,
        "rho_d": 2.2,
        "kappa_d": 340909.0909090908,
        "drag_constant": 185.75792469768558,
        "phi_norm": 1.5,
        "Rstarstar": 4.961952272727272,
        "Upstarstar": 0.0026916752047791885,
        "R0": 0.02387453057915052
    },
    "R sonic drift": 0.0053214501195976175,
    "w sonic drift": 8.6559494714014,
    "R critical": 0.011913242870580215,
    "w critical": 48.41952977064848,
    "R equilib drift": 0.010583498832357803,
    "w equilib drift": 100.0,
    "t min": [
        476.20350248214015
    ],
    "R min": [
        0.005022758120381319
    ],
    "t max": [
        1491.049777876771
    ],
    "R max": [
        0.010228095924499919
    ],
    "R end": 0.010228095903060189,
    "v end": -2.514834755919196e-08,
    "t end": 2081.309014345018,
    "v max": 221.81809978177452
}