{
    "star": "MS10",
    "grain": "sil",
    "stream": {
        "L4": 0.64,
        "eta": 0.0066,
        "vinf": 70.0,
        "n": 15848.931924611368,
        "T": 8000.0,
        "kappa": 600.0,
        "cs": 10.19646997739904,
        "taustar": 0.12805069902820765,
        "Rstar": 0.002006246169989313,
        "Qp": 2.0,
        "a": 0.002,
        "rho_d": 3.5,
        "kappa_d": 2142857.1428571427,
        "drag_constant": 8875.267465842462,
        "phi_norm": 0.7,
        "Rstarstar": 1.8350087463556846,
        "Upstarstar": 5.633633036123253e-05,
        "R0": 0.0005450718330911661
    },
    "R sonic drift": 0.0007516748085768887,
    "w sonic drift": 7.745966692414831,
    "R critical": 0.0015886564694485628,
    "w critical": 38.7741595142002,
    "R equilib drift": 0.0014468999629381942,
    "w equilib drift": 70.0,
    "t min": [
        96.51360760880037,
        308.0203647532385,
        309.0283397674296,
        321.54402952696944,
        322.04801703406497,
        329.69182755834765,
        331.4557838331821,
        333.38773594371514,
        333.7237276151122,
        334.9836963828511,
        335.8236755613437,
        338.6796047682186,
        341.78752772864124,
        346.07142153895353,
        347.3313903066924,
        348.5913590744313,
        349.0113486636776,
        350.27131743141655,
        350.85930285636135,
        351.1112966099091,
        351.6152841170047,
        353.5472362275377,
        353.7152320632362,
        354.2192195703318,
        358.5871112984933,
        359.763082148383,
        361.02305091612186,
        362.61901135525784,
        363.62698636944896,
        364.3829676300923,
        364.9709530550371,
        366.31491974062527,
        379.75458659650695
    ],
    "R min": [
        0.0007137786891745751,
        0.0014029910398356304,
        0.0014029910399080304,
        0.001402991036671299,
        0.0014029910366844319,
        0.0014029910391424867,
        0.0014029910393412828,
        0.0014029910395533152,
        0.0014029910395980704,
        0.0014029910396087522,
        0.0014029910395684934,
        0.0014029910397832066,
        0.001402991039717092,
        0.0014029910405279926,
        0.0014029910405925063,
        0.0014029910405604156,
        0.0014029910405482817,
        0.001402991040475103,
        0.0014029910405338158,
        0.0014029910405273973,
        0.0014029910405884873,
        0.0014029910405593136,
        0.0014029910405574267,
        0.0014029910405401382,
        0.0014029910403667411,
        0.0014029910404406189,
        0.001402991040388513,
        0.001402991040557697,
        0.0014029910405088228,
        0.0014029910404456459,
        0.00140299104043883,
        0.0014029910405183638,
        0.0014029910401891109
    ],
    "t max": [
        296.59664792573903,
        308.69234809603256,
        313.64822524913893,
        321.8800211983664,
        329.43983380479995,
        331.3717859153329,
        333.0517442723181,
        333.6397296972629,
        334.6477047114541,
        335.48768388994665,
        338.2596151789723,
        339.5195839467112,
        345.903425703255,
        347.0793965531446,
        347.58338406024023,
        348.75935491012984,
        349.34734033507465,
        350.6913070206628,
        350.9433007742106,
        351.53128619915543,
        352.37126537764806,
        353.63123414538694,
        353.79922998108543,
        355.22719458452286,
        359.5110883948352,
        359.84708006623225,
        362.53501343740857,
        362.7870071909564,
        363.79498220514745,
        364.6349613836401,
        366.1469239049268,
        366.6509114120223,
        400.1660806338773
    ],
    "R max": [
        0.0014029910401717207,
        0.0014029910399011812,
        0.0014029910401744867,
        0.0014029910367930774,
        0.0014029910391767334,
        0.0014029910393438963,
        0.001402991039547698,
        0.0014029910395930176,
        0.0014029910396589846,
        0.0014029910396223893,
        0.001402991039838194,
        0.0014029910398555218,
        0.0014029910405328333,
        0.001402991040612765,
        0.0014029910405988107,
        0.0014029910405630366,
        0.0014029910405476374,
        0.0014029910405409804,
        0.0014029910405391728,
        0.0014029910405911475,
        0.001402991040648606,
        0.0014029910405579241,
        0.0014029910405576672,
        0.0014029910407174287,
        0.0014029910404465122,
        0.0014029910404413733,
        0.001402991040558327,
        0.0014029910405554385,
        0.0014029910405123735,
        0.0014029910404486567,
        0.0014029910405269049,
        0.0014029910405630105,
        0.0014029910396009884
    ],
    "R end": 0.0014029910381255146,
    "v end": -7.061461681093143e-08,
    "t end": 419.9895892463028,
    "v max": 108.05462071413446
}