{
    "star": "MS40",
    "grain": "gra",
    "stream": {
        "L4": 22.2,
        "eta": 0.4468,
        "vinf": 300.0,
        "n": 10.000000000000082,
        "T": 10000.0,
        "kappa": 600.0,
        "cs": 11.4,
        "taustar": 0.004420233779639582,
        "Rstar": 0.10976086126970108,
        "Qp": 2.0,
        "a": 0.02,
        "rho_d": 2.2,
        "kappa_d": 340909.0909090908,
        "drag_constant": 0.018216390668044216,
        "phi_norm": 1.5,
        "Rstarstar": 0.5513280303030301,
        "Upstarstar": 27.447808356301675,
        "R0": 0.07385288531344696
    },
    "R sonic drift": 0.05970765237835921,
    "w sonic drift": 8.6559494714014,
    "R critical": 0.133668783513723,
    "w critical": 48.41952977064848,
    "R equilib drift": 0.0632455532033676,
    "w equilib drift": 300.0,
    "t min": [
        1826.1788903425106,
        2441.1325661185483,
        3143.269547827391,
        3753.5526893570277,
        4242.4019404802575,
        5013.040091136304,
        6571.441684685199,
        7647.221406106064
    ],
    "R min": [
        0.046639469588098094,
        0.06087279182970063,
        0.060896559079078275,
        0.0608965738762589,
        0.06089657392004059,
        0.0608965738992139,
        0.060896574011624426,
        0.06089657364294257
    ],
    "t max": [
        2084.6151186433262,
        2791.4226345985694,
        3502.9006848002127,
        4002.647849165043,
        4731.251191603487,
        5917.5668901891595,
        6794.070483763613
    ],
    "R max": [
        0.06191103503911491,
        0.06089716781962659,
        0.06089657432670462,
        0.06089657398202736,
        0.060896573944506906,
        0.0608965739268655,
        0.06089657397804731
    ],
    "R end": 0.06089657368886704,
    "v end": 3.1271591785809755e-07,
    "t end": 7784.223744000472,
    "v max": 114.02881324606575
}