{
    "star": "MS20",
    "grain": "gra",
    "stream": {
        "L4": 5.45,
        "eta": 0.1199,
        "vinf": 20.0,
        "n": 0.001584893192461114,
        "T": 9000.0,
        "kappa": 600.0,
        "cs": 10.814989597775858,
        "taustar": 0.0004135787936635849,
        "Rstar": 64.79784000191987,
        "Qp": 2.0,
        "a": 0.02,
        "rho_d": 2.2,
        "kappa_d": 340909.0909090908,
        "drag_constant": 0.032293372716641906,
        "phi_norm": 1.5,
        "Rstarstar": 30.45342329545454,
        "Upstarstar": 15.48305295910862,
        "R0": 22.46408667908897
    },
    "R sonic drift": 2.3770044548740383,
    "w sonic drift": 9.672835454459698,
    "R critical": 5.636765862528911,
    "w critical": 48.41952977064848,
    "R equilib drift": 3.006243552474001,
    "w equilib drift": 20.0,
    "t min": [
        1146303.5616524029,
        2505505.3517057793,
        3865636.828346059
    ],
    "R min": [
        1.9873322131705045,
        1.9873769179683687,
        1.9871008649315056
    ],
    "t max": [
        1662279.6173840195,
        3021481.4074373962,
        4381612.884077676
    ],
    "R max": [
        17.00825108907603,
        17.0082337090435,
        17.008345010060488
    ],
    "R end": 12.283202500483677,
    "v end": -19.485099294174336,
    "t end": 4648432.934519071,
    "v max": 45.757805782928784
}