{
    "star": "MS10",
    "grain": "sil",
    "stream": {
        "L4": 0.64,
        "eta": 0.0066,
        "vinf": 100.0,
        "n": 25118.86431509618,
        "T": 8000.0,
        "kappa": 600.0,
        "cs": 10.19646997739904,
        "taustar": 0.11284439530323215,
        "Rstar": 0.0011155325850409734,
        "Qp": 2.0,
        "a": 0.02,
        "rho_d": 3.5,
        "kappa_d": 214285.71428571426,
        "drag_constant": 33.77330872191267,
        "phi_norm": 0.7,
        "Rstarstar": 0.08991542857142858,
        "Upstarstar": 0.014804590338393224,
        "R0": 0.0002747825584693117
    },
    "R sonic drift": 0.0005970765237835921,
    "w sonic drift": 7.745966692414831,
    "R critical": 0.0012619146889603862,
    "w critical": 38.7741595142002,
    "R equilib drift": 0.0008933671843019262,
    "w equilib drift": 100.0,
    "t min": [
        53.61773314867526,
        211.80872807425288
    ],
    "R min": [
        0.0005511493642486481,
        0.0008908353547474018
    ],
    "t max": [
        186.91478054093938
    ],
    "R max": [
        0.0008908353554910333
    ],
    "R end": 0.0008908353562540592,
    "v end": 1.9364144728871395e-08,
    "t end": 233.5267123200142,
    "v max": 78.60136060598592
}