{
    "star": "MS10",
    "grain": "gra",
    "stream": {
        "L4": 0.64,
        "eta": 0.0066,
        "vinf": 40.0,
        "n": 25118.86431509618,
        "T": 8000.0,
        "kappa": 600.0,
        "cs": 10.19646997739904,
        "taustar": 0.28211098825808034,
        "Rstar": 0.0027888314626024332,
        "Qp": 2.0,
        "a": 0.2,
        "rho_d": 2.2,
        "kappa_d": 34090.90909090909,
        "drag_constant": 33.390611428479325,
        "phi_norm": 1.0,
        "Rstarstar": 0.08940454545454544,
        "Upstarstar": 0.014974269071741016,
        "R0": 0.0014060213403198837
    },
    "R sonic drift": 0.0003767298178979601,
    "w sonic drift": 7.745966692414831,
    "R critical": 0.0008433930068571646,
    "w critical": 43.32928075712418,
    "R equilib drift": 0.0007962143411069948,
    "w equilib drift": 40.0,
    "t min": [
        85.82869216263973,
        110.14068221729305,
        134.37899957481105,
        158.61731693232906,
        182.92930698698237,
        207.16762434450038,
        231.40594170201837,
        255.64425905953638,
        279.9562491141897,
        304.1945664717077,
        328.4328838292257,
        352.6712011867437
    ],
    "R min": [
        0.0003483502928128189,
        0.00034747299809675134,
        0.00034770210653183064,
        0.0003480677960686837,
        0.0003474130856448536,
        0.0003475391475872141,
        0.0003478229397374248,
        0.0003482284676032417,
        0.0003474395293671912,
        0.00034762685912574626,
        0.00034796033687049945,
        0.00034839975308148286
    ],
    "t max": [
        95.62716088163637,
        119.86547823915438,
        144.17746829380772,
        168.41578565132568,
        192.6541030088437,
        216.8924203663617,
        241.204410421015,
        265.442727778533,
        289.681045136051,
        313.99303519070435,
        338.23135254822233,
        362.4696699057404
    ],
    "R max": [
        0.0008690898006744435,
        0.0008690714421857841,
        0.0008691053702107029,
        0.0008690979862782584,
        0.0008690838100102143,
        0.0008690630449057022,
        0.0008691034597377497,
        0.0008690935439825371,
        0.0008690769223344397,
        0.0008691061626286899,
        0.0008691006036979903,
        0.0008690881971656441
    ],
    "R end": 0.0006584688910808562,
    "v end": -37.50847403728022,
    "t end": 368.3634856765654,
    "v max": 145.40506513713322
}