{
    "star": "MS20",
    "grain": "gra",
    "stream": {
        "L4": 5.45,
        "eta": 0.1199,
        "vinf": 20.0,
        "n": 12.589254117941765,
        "T": 9000.0,
        "kappa": 600.0,
        "cs": 10.814989597775858,
        "taustar": 0.03686024878448941,
        "Rstar": 0.7270437228105981,
        "Qp": 2.0,
        "a": 0.02,
        "rho_d": 2.2,
        "kappa_d": 340909.0909090908,
        "drag_constant": 256.5153774330362,
        "phi_norm": 1.5,
        "Rstarstar": 30.45342329545454,
        "Upstarstar": 0.0019492008822376585,
        "R0": 0.27955593871844675
    },
    "R sonic drift": 0.026670428643266485,
    "w sonic drift": 9.672835454459698,
    "R critical": 0.0632455532033676,
    "w critical": 48.41952977064848,
    "R equilib drift": 0.03373060744002124,
    "w equilib drift": 20.0,
    "t min": [
        12475.781066388095,
        15563.432567768428,
        18651.084069148757,
        21738.735570529087,
        24826.38707190942,
        27914.038573289752,
        31012.121329742313,
        34099.772831122646,
        37187.424332502975,
        40275.07583388331,
        43362.72733526364,
        46450.37883664397,
        49538.0303380243
    ],
    "R min": [
        0.026122630065937135,
        0.02612393815139363,
        0.026125251584571588,
        0.026126569582669974,
        0.026127892322448158,
        0.026129220546890392,
        0.026066549781022744,
        0.026066600006670358,
        0.026066721812624403,
        0.026066910266211923,
        0.026067161177859878,
        0.02606747195628119,
        0.0260678378951377
    ],
    "t max": [
        12966.050054782945,
        16053.701556163278,
        19141.35305754361,
        22229.00455892394,
        25316.65606030427,
        28404.307561684604,
        31491.959063064933,
        34579.61056444527,
        37667.2620658256,
        40754.91356720593,
        43842.56506858626,
        46930.216569966586,
        50017.86807134692
    ],
    "R max": [
        0.06982415602588993,
        0.06982409648613583,
        0.06982396859206559,
        0.06982377476652983,
        0.06982351665491389,
        0.0698231967769596,
        0.06982281736919303,
        0.06982238028643939,
        0.0698218868726185,
        0.0698213383408127,
        0.0698207368636645,
        0.06982008442931585,
        0.06981938172951827
    ],
    "R end": 0.03212871679319398,
    "v end": -14.640395809775468,
    "t end": 52156.27536115424,
    "v max": 187.1890592965897
}