{
    "star": "MS10",
    "grain": "gra",
    "stream": {
        "L4": 0.64,
        "eta": 0.0066,
        "vinf": 80.0,
        "n": 100000.00000000163,
        "T": 8000.0,
        "kappa": 600.0,
        "cs": 10.19646997739904,
        "taustar": 0.2814427117549881,
        "Rstar": 0.0006988633628972061,
        "Qp": 2.0,
        "a": 0.2,
        "rho_d": 2.2,
        "kappa_d": 34090.90909090909,
        "drag_constant": 8.308151149276997,
        "phi_norm": 1.0,
        "Rstarstar": 0.022351136363636365,
        "Upstarstar": 0.0601818612849276,
        "R0": 0.0003517325564907492
    },
    "R sonic drift": 0.00020000000000000004,
    "w sonic drift": 6.557178316607908,
    "R critical": 0.0004226978079673296,
    "w critical": 43.32928075712418,
    "R equilib drift": 0.0003758846613403973,
    "w equilib drift": 80.0,
    "t min": [
        22.62611201342308,
        61.11201386512283,
        65.10140613023806,
        70.24459321712679,
        74.11665041562098,
        76.58068681466273,
        76.65891019241009,
        90.36755714263444
    ],
    "R min": [
        0.00017266794242869608,
        0.0003650274986027229,
        0.00036502749882825526,
        0.0003650274987775657,
        0.00036502749906285395,
        0.00036502749904436803,
        0.00036502749904470576,
        0.00036502749878673747
    ],
    "t max": [
        60.016886576659836,
        63.24360090873832,
        67.38943992934826,
        72.80640883835274,
        75.97445563712071,
        76.63935434797324,
        81.0980868795726
    ],
    "R max": [
        0.0003650274985705915,
        0.0003650274987375137,
        0.0003650274991788047,
        0.00036502749931525573,
        0.0003650274991009539,
        0.00036502749904477786,
        0.0003650274990180781
    ],
    "R end": 0.00036502749933848693,
    "v end": 7.482370967708771e-08,
    "t end": 97.77922218419653,
    "v max": 133.07664021593504
}