{
    "star": "MS20",
    "grain": "gra",
    "stream": {
        "L4": 5.45,
        "eta": 0.1199,
        "vinf": 300.0,
        "n": 1000.0000000000123,
        "T": 9000.0,
        "kappa": 600.0,
        "cs": 10.814989597775858,
        "taustar": 0.02190115420601301,
        "Rstar": 0.005438376493852602,
        "Qp": 2.0,
        "a": 0.02,
        "rho_d": 2.2,
        "kappa_d": 340909.0909090908,
        "drag_constant": 0.40248376678719483,
        "phi_norm": 1.5,
        "Rstarstar": 0.13534854797979792,
        "Upstarstar": 1.242286127441172,
        "R0": 0.0020049767478970432
    },
    "R sonic drift": 0.002992471312188866,
    "w sonic drift": 9.672835454459698,
    "R critical": 0.007096267784671507,
    "w critical": 48.41952977064848,
    "R equilib drift": 0.0032004252026348523,
    "w equilib drift": 300.0,
    "t min": [
        89.26296954869748,
        212.15560682072416,
        225.264154796407,
        228.46326471904388,
        237.9045403443869,
        243.21038119168708,
        254.36825238527427,
        268.1010169312277,
        310.0795812819264
    ],
    "R min": [
        0.002784383325896633,
        0.003090122077568311,
        0.0030901220827355747,
        0.003090122079391578,
        0.003090122073503431,
        0.0030901220740331622,
        0.003090122078301715,
        0.0030901220655578927,
        0.003090122083707674
    ],
    "t max": [
        192.4927848571999,
        221.28477416093187,
        225.88837136667763,
        230.41394150113953,
        241.33773148087528,
        252.9637651021654,
        258.73776837716855,
        282.5360251187356,
        335.90654187687295
    ],
    "R max": [
        0.003090122084769704,
        0.0030901220842988564,
        0.003090122082794017,
        0.0030901220795540654,
        0.0030901220758664644,
        0.0030901220786015648,
        0.003090122082086588,
        0.003090122093122762,
        0.0030901220864514678
    ],
    "R end": 0.0030901220841611844,
    "v end": -1.529871332464152e-07,
    "t end": 390.13535641913234,
    "v max": 54.33527847178262
}