{
    "star": "MS10",
    "grain": "sil",
    "stream": {
        "L4": 0.64,
        "eta": 0.0066,
        "vinf": 90.0,
        "n": 1.0000000000000062,
        "T": 8000.0,
        "kappa": 600.0,
        "cs": 10.19646997739904,
        "taustar": 0.0007911111111111135,
        "Rstar": 0.1964444444444438,
        "Qp": 2.0,
        "a": 0.002,
        "rho_d": 3.5,
        "kappa_d": 2142857.1428571427,
        "drag_constant": 0.20492907141457523,
        "phi_norm": 0.7,
        "Rstarstar": 1.1100670194003524,
        "Upstarstar": 2.4398685679324186,
        "R0": 0.016115377972479816
    },
    "R sonic drift": 0.09463025179229617,
    "w sonic drift": 7.745966692414831,
    "R critical": 0.20000000000000004,
    "w critical": 38.7741595142002,
    "R equilib drift": 0.15745942124596998,
    "w equilib drift": 90.0,
    "t min": [
        9664.11118936074,
        16112.335165921437,
        23193.866854465778,
        32775.73028902344
    ],
    "R min": [
        0.07493144046492577,
        0.15186126489994564,
        0.15187738631476772,
        0.15187738934967443
    ],
    "t max": [
        12394.736648822667,
        19821.7089075399,
        28285.002876775816,
        40687.96430107879
    ],
    "R max": [
        0.15331612034478664,
        0.1518775698399563,
        0.15187738977723791,
        0.15187738944419205
    ],
    "R end": 0.1518773893538502,
    "v end": -1.4232503429043435e-07,
    "t end": 41123.87740153506,
    "v max": 80.41768699120463
}