{
    "star": "MS10",
    "grain": "sil",
    "stream": {
        "L4": 0.64,
        "eta": 0.0066,
        "vinf": 170.0,
        "n": 0.1995262314968889,
        "T": 8000.0,
        "kappa": 600.0,
        "cs": 10.19646997739904,
        "taustar": 0.00018708159859499206,
        "Rstar": 0.23282699841110677,
        "Qp": 2.0,
        "a": 0.02,
        "rho_d": 3.5,
        "kappa_d": 214285.71428571426,
        "drag_constant": 3.212017659974712e-05,
        "phi_norm": 0.7,
        "Rstarstar": 0.031112605042016808,
        "Upstarstar": 15566.539568899389,
        "R0": 0.01895856190176303
    },
    "R sonic drift": 0.21185074503545798,
    "w sonic drift": 7.745966692414831,
    "R critical": 0.44774422771366806,
    "w critical": 38.7741595142002,
    "R equilib drift": 0.2167847302399928,
    "w equilib drift": 170.0,
    "t min": [
        12302.036022923074,
        47979.890098912336
    ],
    "R min": [
        0.02518352326925073,
        0.08988308712665367
    ],
    "t max": [
        26641.413986250995
    ],
    "R max": [
        1.0038106780034928
    ],
    "R end": 0.10159638195716836,
    "v end": 28.5732363665609,
    "t end": 48740.237808728496,
    "v max": 150.97143057441286
}