{
    "star": "MS10",
    "grain": "sil",
    "stream": {
        "L4": 0.64,
        "eta": 0.0066,
        "vinf": 90.0,
        "n": 0.39810717055349937,
        "T": 8000.0,
        "kappa": 600.0,
        "cs": 10.19646997739904,
        "taustar": 0.0004991573658554431,
        "Rstar": 0.3113434626968045,
        "Qp": 2.0,
        "a": 0.02,
        "rho_d": 3.5,
        "kappa_d": 214285.71428571426,
        "drag_constant": 0.0008158373278501208,
        "phi_norm": 0.7,
        "Rstarstar": 0.11100670194003524,
        "Upstarstar": 612.8672750456158,
        "R0": 0.02544954291151062
    },
    "R sonic drift": 0.14997884186649119,
    "w sonic drift": 7.745966692414831,
    "R critical": 0.31697863849222285,
    "w critical": 38.7741595142002,
    "R equilib drift": 0.2495563648216045,
    "w equilib drift": 90.0,
    "t min": [
        16281.202944656314,
        49195.56438201195
    ],
    "R min": [
        0.05302436366616359,
        0.15453262742144896
    ],
    "t max": [
        29486.05369160335,
        61722.57481420949
    ],
    "R max": [
        0.5859806764936618,
        0.3053222573035722
    ],
    "R end": 0.2928678045831423,
    "v end": -6.558475203949141,
    "t end": 65176.95334129829,
    "v max": 82.90880456800909
}