{
    "star": "MS10",
    "grain": "gra",
    "stream": {
        "L4": 0.64,
        "eta": 0.0066,
        "vinf": 70.0,
        "n": 0.0501187233627274,
        "T": 8000.0,
        "kappa": 600.0,
        "cs": 10.19646997739904,
        "taustar": 0.0002277099215229515,
        "Rstar": 1.1281951298898591,
        "Qp": 2.0,
        "a": 0.02,
        "rho_d": 2.2,
        "kappa_d": 340909.0909090908,
        "drag_constant": 0.0007103496599831477,
        "phi_norm": 1.0,
        "Rstarstar": 0.29193320964749525,
        "Upstarstar": 703.8787067369924,
        "R0": 0.09191226211206424
    },
    "R sonic drift": 0.26670428643266486,
    "w sonic drift": 7.745966692414831,
    "R critical": 0.5970765237835921,
    "w critical": 43.32928075712418,
    "R equilib drift": 0.5636765862528911,
    "w equilib drift": 70.0,
    "t min": [
        37016.05371345919,
        138527.0673592257
    ],
    "R min": [
        0.11410042024507983,
        0.11411719651576749
    ],
    "t max": [
        83926.89795257736
    ],
    "R max": [
        1.7747008995275488
    ],
    "R end": 0.8010766168397461,
    "v end": 61.51206128817389,
    "t end": 149017.92960329787,
    "v max": 74.77071603822097
}