{
    "star": "MS10",
    "grain": "gra",
    "stream": {
        "L4": 0.64,
        "eta": 0.0066,
        "vinf": 30.0,
        "n": 63.09573444801995,
        "T": 8000.0,
        "kappa": 600.0,
        "cs": 10.19646997739904,
        "taustar": 0.018852056770789705,
        "Rstar": 0.07419267093506922,
        "Qp": 2.0,
        "a": 0.02,
        "rho_d": 2.2,
        "kappa_d": 340909.0909090908,
        "drag_constant": 26.50814381416468,
        "phi_norm": 1.0,
        "Rstarstar": 1.5894141414141407,
        "Upstarstar": 0.01886212793718223,
        "R0": 0.0075829826617477775
    },
    "R sonic drift": 0.007516748085768888,
    "w sonic drift": 7.745966692414831,
    "R critical": 0.016827902832903904,
    "w critical": 43.32928075712418,
    "R equilib drift": 0.013663046422054004,
    "w equilib drift": 30.0,
    "t min": [
        2308.8227686166756,
        2957.5666874724648,
        3608.2705577447364,
        4258.974428017008,
        4909.67829828928,
        5558.422217145069,
        6209.126087417341,
        6859.8299576896125,
        7510.5338279618845,
        8159.277746817674,
        8809.981617089947,
        9460.685487362218
    ],
    "R min": [
        0.0069069205126576294,
        0.00691923043724349,
        0.006913628326915129,
        0.006909423209329325,
        0.006906998384260039,
        0.006919588528007399,
        0.006913917293532126,
        0.006909621468658055,
        0.006907083777588314,
        0.006919950575740425,
        0.006914211397101276,
        0.0069098253158700355
    ],
    "t max": [
        2502.857958848467,
        3153.5618291207393,
        3804.2656993930113,
        4453.0096182488005,
        5103.713488521073,
        5754.417358793344,
        6405.121229065616,
        7053.865147921405,
        7704.569018193677,
        8355.272888465948,
        9005.97675873822,
        9656.680629010492
    ],
    "R max": [
        0.019121619172662616,
        0.019122421593183947,
        0.019122906258257116,
        0.01912044250689172,
        0.019121563442194792,
        0.01912238371606456,
        0.01912288725909033,
        0.01912036868089158,
        0.019121506706874142,
        0.01912234476849569,
        0.019122867161029993,
        0.01912305568375568
    ],
    "R end": 0.015122924495899755,
    "v end": -27.99632440364544,
    "t end": 9799.757082413733,
    "v max": 133.28290632509035
}