{
    "star": "MS10",
    "grain": "sil",
    "stream": {
        "L4": 0.64,
        "eta": 0.0066,
        "vinf": 40.0,
        "n": 39.810717055350096,
        "T": 8000.0,
        "kappa": 600.0,
        "cs": 10.19646997739904,
        "taustar": 0.011231040731747494,
        "Rstar": 0.07005227910678088,
        "Qp": 2.0,
        "a": 0.002,
        "rho_d": 3.5,
        "kappa_d": 2142857.1428571427,
        "drag_constant": 209.09018390721346,
        "phi_norm": 0.7,
        "Rstarstar": 5.619714285714286,
        "Upstarstar": 0.0023913126415436195,
        "R0": 0.006531023419921542
    },
    "R sonic drift": 0.01499788418664912,
    "w sonic drift": 7.745966692414831,
    "R critical": 0.03169786384922229,
    "w critical": 38.7741595142002,
    "R equilib drift": 0.03169786384922229,
    "w equilib drift": 40.0,
    "t min": [
        3419.8347418179214,
        4381.8465731354845,
        5343.858404453047,
        6302.937272870251,
        7264.949104187814,
        8226.960935505376,
        9188.97276682294,
        10148.051635240143,
        11110.063466557707,
        12072.07529787527,
        13031.154166292474,
        13993.165997610036
    ],
    "R min": [
        0.013995634861387263,
        0.013974889287689762,
        0.013960602665476109,
        0.01400409330419135,
        0.013982022068180213,
        0.013964801261364535,
        0.013956959389761596,
        0.013989786642475783,
        0.013970294716944526,
        0.013958504507851502,
        0.013998002737461455,
        0.013976835334088845
    ],
    "t max": [
        3871.5110284731186,
        4833.522859790682,
        5795.534691108244,
        6754.613559525449,
        7716.625390843011,
        8678.637222160574,
        9637.71609057778,
        10599.72792189534,
        11561.739753212903,
        12523.751584530468,
        13482.830452947672,
        14444.842284265234
    ],
    "R max": [
        0.03211038181845319,
        0.03211082936287901,
        0.03211103343311433,
        0.03211015762179913,
        0.032110692332340665,
        0.03211098719898844,
        0.03210990226596287,
        0.03211052287222749,
        0.032110907209170494,
        0.032111045434137286,
        0.03211032150860549,
        0.032110793824909514
    ],
    "R end": 0.024345023058714027,
    "v end": -37.09341842516331,
    "t end": 14664.814501792116,
    "v max": 121.13788163360809
}