{
    "star": "MS10",
    "grain": "sil",
    "stream": {
        "L4": 0.64,
        "eta": 0.0066,
        "vinf": 80.0,
        "n": 0.501187233627275,
        "T": 8000.0,
        "kappa": 600.0,
        "cs": 10.19646997739904,
        "taustar": 0.0006300717481018844,
        "Rstar": 0.3121707973616279,
        "Qp": 2.0,
        "a": 0.002,
        "rho_d": 3.5,
        "kappa_d": 2142857.1428571427,
        "drag_constant": 0.16451809117344102,
        "phi_norm": 0.7,
        "Rstarstar": 1.4049285714285715,
        "Upstarstar": 3.039179438769936,
        "R0": 0.025558317958467473
    },
    "R sonic drift": 0.133668783513723,
    "w sonic drift": 7.745966692414831,
    "R critical": 0.2825075089245511,
    "w critical": 38.7741595142002,
    "R equilib drift": 0.237167187750174,
    "w equilib drift": 80.0,
    "t min": [
        15409.56499540763,
        24898.406544742607,
        35785.74127008151,
        46620.795876691285,
        55782.88668396927
    ],
    "R min": [
        0.10404127916131659,
        0.23081312927852016,
        0.2313953047129418,
        0.231397205991187,
        0.23139721188488735
    ],
    "t max": [
        19382.854018820624,
        30335.538892570916,
        41222.87361790981,
        51953.36798706135,
        61416.06947703177
    ],
    "R max": [
        0.24149838270613014,
        0.23143056583959248,
        0.2313973232014043,
        0.23139721352094558,
        0.2313972130310307
    ],
    "R end": 0.23139721354249201,
    "v end": -3.609917287473709e-07,
    "t end": 65350.14841139793,
    "v max": 81.42306428926892
}