{
    "star": "MS10",
    "grain": "sil",
    "stream": {
        "L4": 0.64,
        "eta": 0.0066,
        "vinf": 250.0,
        "n": 1.0000000000000062,
        "T": 8000.0,
        "kappa": 600.0,
        "cs": 10.19646997739904,
        "taustar": 0.0002848000000000009,
        "Rstar": 0.07071999999999978,
        "Qp": 2.0,
        "a": 0.002,
        "rho_d": 3.5,
        "kappa_d": 2142857.1428571427,
        "drag_constant": 0.0034420214721306336,
        "phi_norm": 0.7,
        "Rstarstar": 0.1438646857142857,
        "Upstarstar": 145.2634749807348,
        "R0": 0.005765495850055924
    },
    "R sonic drift": 0.09463025179229617,
    "w sonic drift": 7.745966692414831,
    "R critical": 0.20000000000000004,
    "w critical": 38.7741595142002,
    "R equilib drift": 0.07285108225948937,
    "w equilib drift": 250.0,
    "t min": [
        3636.0087443341226,
        5012.836159737516,
        6493.295746192777,
        7973.755332648038,
        9418.683889028374,
        10757.019355183931,
        13664.641982982064
    ],
    "R min": [
        0.045666423871350975,
        0.06868730857831078,
        0.06928049667810067,
        0.0692913659995534,
        0.06929156303473406,
        0.06929156671736687,
        0.06929156792130901
    ],
    "t max": [
        4242.9971747807795,
        5750.105033792236,
        7233.525539420408,
        8708.063287529849,
        10034.555076993764,
        11899.934155927393
    ],
    "R max": [
        0.07407690625738225,
        0.06937375541681448,
        0.06929306170925172,
        0.06929159576614778,
        0.06929157015129632,
        0.06929156828582203
    ],
    "R end": 0.06929156803060449,
    "v end": 1.6829553491016368e-07,
    "t end": 14804.595864552617,
    "v max": 84.8596349502819
}