{
    "star": "MS10",
    "grain": "sil",
    "stream": {
        "L4": 0.64,
        "eta": 0.0066,
        "vinf": 500.0,
        "n": 1000.0000000000123,
        "T": 8000.0,
        "kappa": 600.0,
        "cs": 10.19646997739904,
        "taustar": 0.0045030833880798,
        "Rstar": 0.001118181380635532,
        "Qp": 2.0,
        "a": 0.02,
        "rho_d": 3.5,
        "kappa_d": 214285.71428571426,
        "drag_constant": 0.0021512634200816587,
        "phi_norm": 0.7,
        "Rstarstar": 0.0035966171428571422,
        "Upstarstar": 232.42155996917418,
        "R0": 9.601413775725826e-05
    },
    "R sonic drift": 0.002992471312188866,
    "w sonic drift": 7.745966692414831,
    "R critical": 0.00632455532033676,
    "w critical": 38.7741595142002,
    "R equilib drift": 0.0013338852768825869,
    "w equilib drift": 500.0,
    "t min": [
        58.80120091949162,
        70.78615906868737,
        83.05201467450487,
        94.94334033816003,
        103.13618282296181,
        108.05188831384288,
        116.47881201249614,
        126.82520166473154
    ],
    "R min": [
        0.0011575604037370522,
        0.0012898566896813453,
        0.0012910924259739488,
        0.0012911029297508875,
        0.0012911030345867057,
        0.0012911030249263648,
        0.001291103026033494,
        0.001291103029763582
    ],
    "t max": [
        64.60641502300831,
        76.91908687159612,
        89.13812623464335,
        100.37402449951436,
        104.30658889221921,
        112.21853392039921,
        120.78590634736335,
        212.82663963376507
    ],
    "R max": [
        0.0013047538436579621,
        0.0012912181004990856,
        0.0012911040209599445,
        0.0012911030484434515,
        0.0012911030299030538,
        0.001291103043934729,
        0.0012911030401165525,
        0.001291103037821178
    ],
    "R end": 0.001291103035694066,
    "v end": -9.015484957840664e-08,
    "t end": 234.08121385147936,
    "v max": 45.4969534159934
}