{
    "star": "MS10",
    "grain": "sil",
    "stream": {
        "L4": 0.64,
        "eta": 0.0066,
        "vinf": 10.0,
        "n": 1.5848931924611238,
        "T": 8000.0,
        "kappa": 600.0,
        "cs": 10.19646997739904,
        "taustar": 0.008963548931974501,
        "Rstar": 1.404372318992525,
        "Qp": 2.0,
        "a": 0.002,
        "rho_d": 3.5,
        "kappa_d": 2142857.1428571427,
        "drag_constant": 2130.95171854876,
        "phi_norm": 0.7,
        "Rstarstar": 89.91542857142856,
        "Upstarstar": 0.00023463694444495197,
        "R0": 0.12736090626527136
    },
    "R sonic drift": 0.07516748085768887,
    "w sonic drift": 7.745966692414831,
    "R critical": 0.15886564694485644,
    "w critical": 38.7741595142002,
    "R equilib drift": 0.07516748085768887,
    "w equilib drift": 10.0,
    "t min": [
        78848.8454851009,
        80495.2046749464,
        82141.56386479191,
        83846.72159713191,
        85081.49098951602,
        85904.67058443878,
        90961.34523896426,
        102309.46394039938,
        113657.58264183448,
        160578.81955243144
    ],
    "R min": [
        0.07146158007390024,
        0.07147057000612252,
        0.0714707892461385,
        0.07147079425903896,
        0.07147079435927622,
        0.07147079438226653,
        0.0714707941059366,
        0.07147079430819515,
        0.07147079437965047,
        0.0714707943785964
    ],
    "t max": [
        79672.02508002365,
        81318.38426986916,
        82964.74345971466,
        84611.10264956017,
        85551.87932947189,
        86375.05892439465,
        96664.80386092907,
        110188.46863466,
        137647.3879795833
    ],
    "R max": [
        0.07147229672553425,
        0.07147082836222193,
        0.07147079514325608,
        0.0714707944577851,
        0.07147079438720169,
        0.07147079438809896,
        0.07147079448012818,
        0.07147079437927704,
        0.07147079437807685
    ],
    "R end": 0.07147079437913412,
    "v end": 3.516487474549753e-11,
    "t end": 293992.712472412,
    "v max": 0.0217998314264776
}