{
    "star": "MS10",
    "grain": "gra",
    "stream": {
        "L4": 0.64,
        "eta": 0.0066,
        "vinf": 70.0,
        "n": 0.10000000000000041,
        "T": 8000.0,
        "kappa": 600.0,
        "cs": 10.19646997739904,
        "taustar": 0.0003216488134342701,
        "Rstar": 0.7987009861682404,
        "Qp": 2.0,
        "a": 0.2,
        "rho_d": 2.2,
        "kappa_d": 34090.90909090909,
        "drag_constant": 1.4173339070153329e-05,
        "phi_norm": 1.0,
        "Rstarstar": 0.029193320964749532,
        "Upstarstar": 35277.50218386547,
        "R0": 0.06514417787517283
    },
    "R sonic drift": 0.18881217525718474,
    "w sonic drift": 7.745966692414831,
    "R critical": 0.4226978079673296,
    "w critical": 43.32928075712418,
    "R equilib drift": 0.3990524629937762,
    "w equilib drift": 70.0,
    "t min": [
        26732.842256281787
    ],
    "R min": [
        0.023992513088106262
    ],
    "t max": [],
    "R max": [],
    "R end": 4.3782543603576665,
    "v end": 42.189730581306414,
    "t end": 105496.61506030697,
    "v max": 69.20023362744243
}