{
    "star": "MS10",
    "grain": "sil",
    "stream": {
        "L4": 0.64,
        "eta": 0.0066,
        "vinf": 250.0,
        "n": 100000.00000000163,
        "T": 8000.0,
        "kappa": 600.0,
        "cs": 10.19646997739904,
        "taustar": 0.09006166776159619,
        "Rstar": 0.00022363627612710595,
        "Qp": 2.0,
        "a": 0.02,
        "rho_d": 3.5,
        "kappa_d": 214285.71428571426,
        "drag_constant": 3.4420214721306674,
        "phi_norm": 0.7,
        "Rstarstar": 0.014386468571428569,
        "Upstarstar": 0.14526347498073333,
        "R0": 4.6616218136087646e-05
    },
    "R sonic drift": 0.0002992471312188866,
    "w sonic drift": 7.745966692414831,
    "R critical": 0.000632455532033676,
    "w critical": 38.7741595142002,
    "R equilib drift": 0.00023037534994827205,
    "w equilib drift": 250.0,
    "t min": [
        24.77515567404058,
        25.33695058728413,
        25.468036067040956,
        25.55230530402749,
        25.880019003419562,
        38.43613531441292
    ],
    "R min": [
        0.00021911917788925068,
        0.0002191191776156979,
        0.00021911917765616654,
        0.0002191191776626691,
        0.00021911917763265364,
        0.00021911917688300975
    ],
    "t max": [
        25.168412113311064,
        25.43058307282472,
        25.533578806919373,
        25.64593778956808,
        27.46240800905556
    ],
    "R max": [
        0.0002191191776631672,
        0.0002191191776516775,
        0.00021911917766185803,
        0.0002191191776828947,
        0.00021911917767680606
    ],
    "R end": 0.00021911917694024893,
    "v end": 2.407008149976511e-08,
    "t end": 46.81624277029588,
    "v max": 7.556914738345371e-07
}