{
    "star": "MS10",
    "grain": "sil",
    "stream": {
        "L4": 0.64,
        "eta": 0.0066,
        "vinf": 40.0,
        "n": 0.00794328234724283,
        "T": 8000.0,
        "kappa": 600.0,
        "cs": 10.19646997739904,
        "taustar": 0.00015864266698780685,
        "Rstar": 4.959321568014674,
        "Qp": 2.0,
        "a": 0.002,
        "rho_d": 3.5,
        "kappa_d": 2142857.1428571427,
        "drag_constant": 0.041718976437997234,
        "phi_norm": 0.7,
        "Rstarstar": 5.619714285714284,
        "Upstarstar": 11.984953675531818,
        "R0": 0.40368470678882407
    },
    "R sonic drift": 1.0617688884619771,
    "w sonic drift": 7.745966692414831,
    "R critical": 2.2440369086039262,
    "w critical": 38.7741595142002,
    "R equilib drift": 2.2440369086039262,
    "w equilib drift": 40.0,
    "t min": [
        252280.01460925426,
        529891.8496154872,
        807503.68462172
    ],
    "R min": [
        0.7304959179158815,
        0.7304615224433211,
        0.7304342640076545
    ],
    "t max": [
        387244.6314784026,
        664856.4664846355,
        942468.3014908683
    ],
    "R max": [
        4.871900559826158,
        4.871903010152041,
        4.871905261864735
    ],
    "R end": 2.3419726548472455,
    "v end": -38.244236566526894,
    "t end": 1038189.3605319106,
    "v max": 59.521558417764346
}