{
    "star": "MS20",
    "grain": "gra",
    "stream": {
        "L4": 5.45,
        "eta": 0.1199,
        "vinf": 100.0,
        "n": 0.025118864315095874,
        "T": 9000.0,
        "kappa": 600.0,
        "cs": 10.814989597775858,
        "taustar": 0.00032929736669267724,
        "Rstar": 3.2552963018390204,
        "Qp": 2.0,
        "a": 0.02,
        "rho_d": 2.2,
        "kappa_d": 340909.0909090908,
        "drag_constant": 0.0008189047452834453,
        "phi_norm": 1.5,
        "Rstarstar": 1.2181369318181816,
        "Upstarstar": 610.5716237203344,
        "R0": 1.1282701059794804
    },
    "R sonic drift": 0.5970765237835921,
    "w sonic drift": 9.672835454459698,
    "R critical": 1.4158915687682763,
    "w critical": 48.41952977064848,
    "R equilib drift": 1.191324287058022,
    "w equilib drift": 100.0,
    "t min": [
        56887.107121155444,
        147355.3554739289,
        227501.72314215775
    ],
    "R min": [
        0.3349212636660954,
        0.7942897264312876,
        1.0624765283098436
    ],
    "t max": [
        94625.02383206974,
        184486.10273281118
    ],
    "R max": [
        2.387985385351428,
        1.4139722667978147
    ],
    "R end": 1.07502181412173,
    "v end": 3.843402772109931,
    "t end": 233526.71232001414,
    "v max": 105.75936663977205
}