{
    "star": "MS10",
    "grain": "gra",
    "stream": {
        "L4": 0.64,
        "eta": 0.0066,
        "vinf": 500.0,
        "n": 19952.623149689072,
        "T": 8000.0,
        "kappa": 600.0,
        "cs": 10.19646997739904,
        "taustar": 0.02011453463542816,
        "Rstar": 0.0002503296293582294,
        "Qp": 2.0,
        "a": 0.02,
        "rho_d": 2.2,
        "kappa_d": 340909.0909090908,
        "drag_constant": 0.10863863985089886,
        "phi_norm": 1.0,
        "Rstarstar": 0.005721890909090907,
        "Upstarstar": 4.602414027699768,
        "R0": 2.597320209146528e-05
    },
    "R sonic drift": 0.0004226978079673296,
    "w sonic drift": 7.745966692414831,
    "R critical": 0.0009463025179229607,
    "w critical": 43.32928075712418,
    "R equilib drift": 0.00026614510254556543,
    "w equilib drift": 500.0,
    "t min": [
        12.346415104114133,
        12.710128457475824,
        13.01432508028742,
        13.417716254015842,
        15.328864601680001,
        17.054849787632754,
        17.583887392522485,
        20.00423443489301,
        22.451033357508024,
        25.90300372941353,
        27.919959598055634
    ],
    "R min": [
        0.0002530209648632368,
        0.00025302096488616854,
        0.0002530209649400934,
        0.0002530209647960038,
        0.0002530209651728014,
        0.0002530209647617134,
        0.00025302096471475737,
        0.0002530209652179599,
        0.0002530209644854215,
        0.0002530209645309936,
        0.00025302096467884593
    ],
    "t max": [
        12.53819123588666,
        12.901904589248351,
        13.153197451570975,
        13.721912876827437,
        16.40677872164283,
        17.1606573086107,
        19.04535377603037,
        20.99617994406126,
        25.208641872995756,
        27.26527556200459,
        30.78337563452131
    ],
    "R max": [
        0.00025302096507988337,
        0.00025302096519354717,
        0.00025302096519428345,
        0.00025302096483867685,
        0.00025302096489065274,
        0.0002530209647433576,
        0.0002530209652099121,
        0.00025302096544823607,
        0.0002530209655783678,
        0.00025302096462540946,
        0.00025302096448185957
    ],
    "R end": 0.0002530209644363356,
    "v end": -8.152796018252804e-08,
    "t end": 33.06485030560828,
    "v max": 6.65680333827718e-06
}