{
    "star": "MS10",
    "grain": "sil",
    "stream": {
        "L4": 0.64,
        "eta": 0.0066,
        "vinf": 70.0,
        "n": 0.07943282347242846,
        "T": 8000.0,
        "kappa": 600.0,
        "cs": 10.19646997739904,
        "taustar": 0.0002866698067228993,
        "Rstar": 0.8961572459499431,
        "Qp": 2.0,
        "a": 0.02,
        "rho_d": 3.5,
        "kappa_d": 214285.71428571426,
        "drag_constant": 0.00044481707489076684,
        "phi_norm": 0.7,
        "Rstarstar": 0.18350087463556847,
        "Upstarstar": 1124.0575693340559,
        "R0": 0.0730615072831923
    },
    "R sonic drift": 0.33576080362451216,
    "w sonic drift": 7.745966692414831,
    "R critical": 0.7096267784671515,
    "w critical": 38.7741595142002,
    "R equilib drift": 0.6463064729283281,
    "w equilib drift": 70.0,
    "t min": [
        47238.299022739484
    ],
    "R min": [
        0.10113803243931123
    ],
    "t max": [
        124380.42991293201
    ],
    "R max": [
        2.505764239799462
    ],
    "R end": 1.5446817643721646,
    "v end": -28.292744092711416,
    "t end": 187602.458390546,
    "v max": 68.96701163053132
}