{
    "star": "MS10",
    "grain": "gra",
    "stream": {
        "L4": 0.64,
        "eta": 0.0066,
        "vinf": 40.0,
        "n": 10000.000000000144,
        "T": 8000.0,
        "kappa": 600.0,
        "cs": 10.19646997739904,
        "taustar": 0.17800000000000127,
        "Rstar": 0.004419999999999968,
        "Qp": 2.0,
        "a": 0.02,
        "rho_d": 2.2,
        "kappa_d": 340909.0909090908,
        "drag_constant": 1329.3041838843158,
        "phi_norm": 1.0,
        "Rstarstar": 0.8940454545454541,
        "Upstarstar": 0.00037613663303079863,
        "R0": 0.001561199836992213
    },
    "R sonic drift": 0.0005970765237835921,
    "w sonic drift": 7.745966692414831,
    "R critical": 0.00133668783513723,
    "w critical": 43.32928075712418,
    "R equilib drift": 0.0012619146889603862,
    "w equilib drift": 40.0,
    "t min": [
        135.67901985792827,
        169.89068321281033,
        204.21910992385244,
        238.5475366348945,
        272.7591999897766,
        307.0876267008187,
        341.2992900557008,
        375.6277167667429,
        409.83938012162497,
        444.16780683266705,
        478.37947018754915,
        512.7078968985912,
        546.9195602534733,
        581.2479869645153
    ],
    "R min": [
        0.0005626519688060957,
        0.0005645740847097802,
        0.000562994283204577,
        0.0005616851847797367,
        0.0005633418974519419,
        0.0005618734454325273,
        0.00056369308360722,
        0.000562165090857353,
        0.0005640468906306769,
        0.0005624906621151395,
        0.0005644027875651459,
        0.0005628292880735285,
        0.0005647603681439034,
        0.0005631746483160955
    ],
    "t max": [
        149.3403325286491,
        183.66875923969118,
        217.88042259457328,
        252.20884930561536,
        286.5372760166574,
        320.7489393715395,
        355.07736608258165,
        389.2890294374637,
        423.6174561485058,
        457.82911950338786,
        492.15754621442994,
        526.369209569312,
        560.6976362803541
    ],
    "R max": [
        0.001320923968222914,
        0.0013210593424834633,
        0.0013208831209515083,
        0.0013210364457271742,
        0.0013211003306036833,
        0.0013210091386702304,
        0.0013210952085047684,
        0.0013209776758256566,
        0.0013210845300554198,
        0.0013209422788837374,
        0.0013210686789525642,
        0.001320903155523436,
        0.0013210479938733641
    ],
    "R end": 0.0008821064040011943,
    "v end": 88.16232625908272,
    "t end": 583.8167808000355,
    "v max": 178.08525638013413
}