{
    "star": "MS20",
    "grain": "gra",
    "stream": {
        "L4": 5.45,
        "eta": 0.1199,
        "vinf": 120.0,
        "n": 0.001584893192461114,
        "T": 9000.0,
        "kappa": 600.0,
        "cs": 10.814989597775858,
        "taustar": 6.89297989439308e-05,
        "Rstar": 10.799640000319977,
        "Qp": 2.0,
        "a": 0.02,
        "rho_d": 2.2,
        "kappa_d": 340909.0909090908,
        "drag_constant": 2.4917725861606395e-05,
        "phi_norm": 1.5,
        "Rstarstar": 0.8459284248737371,
        "Upstarstar": 20066.036635004777,
        "R0": 3.740290391485328
    },
    "R sonic drift": 2.3770044548740383,
    "w sonic drift": 9.672835454459698,
    "R critical": 5.636765862528911,
    "w critical": 48.41952977064848,
    "R equilib drift": 4.393353301361592,
    "w equilib drift": 120.0,
    "t min": [
        195079.23548531695
    ],
    "R min": [
        0.5572660207082712
    ],
    "t max": [
        732593.0304802053
    ],
    "R max": [
        27.529980630298084
    ],
    "R end": 27.413553551563613,
    "v end": -5.364854201705325,
    "t end": 774738.822419845,
    "v max": 116.2875212275338
}