{
    "star": "MS40",
    "grain": "gra",
    "stream": {
        "L4": 22.2,
        "eta": 0.4468,
        "vinf": 30.0,
        "n": 0.03162277660168389,
        "T": 10000.0,
        "kappa": 600.0,
        "cs": 11.4,
        "taustar": 0.0024856801212936614,
        "Rstar": 19.51854796240486,
        "Qp": 2.0,
        "a": 0.02,
        "rho_d": 2.2,
        "kappa_d": 340909.0909090908,
        "drag_constant": 0.5760528525845569,
        "phi_norm": 1.5,
        "Rstarstar": 55.13280303030301,
        "Upstarstar": 0.8679759118571622,
        "R0": 13.095328461736853
    },
    "R sonic drift": 1.0617688884619771,
    "w sonic drift": 8.6559494714014,
    "R critical": 2.3770044548740383,
    "w critical": 48.41952977064848,
    "R equilib drift": 1.7200756343247163,
    "w equilib drift": 30.0,
    "t min": [
        329452.09040879284,
        511066.0158778417,
        692679.9413468904,
        874017.0163197975,
        1055630.9417888464,
        1237244.8672578952
    ],
    "R min": [
        0.9321588140562398,
        0.9320194597348466,
        0.9319486832358469,
        0.9324635970658367,
        0.9322327552724974,
        0.9320668624621151
    ],
    "t max": [
        385929.5916217288,
        567543.5170907776,
        749157.4425598264,
        930771.3680288753,
        1112108.443001782,
        1293722.368470831
    ],
    "R max": [
        4.354616639236304,
        4.354663190455533,
        4.354691873383801,
        4.35470409236218,
        4.354594261132299,
        4.354646955103476
    ],
    "R end": 1.775623328717157,
    "v end": -27.129006690175256,
    "t end": 1384252.4807092138,
    "v max": 106.68486007973871
}