{
    "star": "MS20",
    "grain": "gra",
    "stream": {
        "L4": 5.45,
        "eta": 0.1199,
        "vinf": 70.0,
        "n": 63.09573444801995,
        "T": 9000.0,
        "kappa": 600.0,
        "cs": 10.814989597775858,
        "taustar": 0.02357709089334985,
        "Rstar": 0.09278814335881332,
        "Qp": 2.0,
        "a": 0.02,
        "rho_d": 2.2,
        "kappa_d": 340909.0909090908,
        "drag_constant": 8.567245807481504,
        "phi_norm": 1.5,
        "Rstarstar": 2.4859937384044515,
        "Upstarstar": 0.05836181326364722,
        "R0": 0.03437114712534658
    },
    "R sonic drift": 0.011913242870580215,
    "w sonic drift": 9.672835454459698,
    "R critical": 0.028250750892455084,
    "w critical": 48.41952977064848,
    "R equilib drift": 0.027254517977713548,
    "w equilib drift": 70.0,
    "t min": [
        1526.9750422269042,
        2773.0505779935843,
        3012.6804887179464,
        3172.4337625341873,
        3241.660181187892,
        3421.3826142311627,
        3461.320932685223,
        3583.7984426110074,
        5446.255359852019
    ],
    "R min": [
        0.011483322896782121,
        0.026647442986020217,
        0.026647442995156756,
        0.026647442994505853,
        0.02664744299853684,
        0.02664744297512364,
        0.026647442973705266,
        0.026647442978536367,
        0.026647442994591233
    ],
    "t max": [
        2746.4250323575443,
        2879.552760537745,
        3067.2628572718286,
        3224.3535765244656,
        3253.6416767241094,
        3448.0081598672027,
        3566.4918379475816,
        4140.272346404247,
        6167.807646588707
    ],
    "R max": [
        0.02664744298591194,
        0.026647442999838743,
        0.026647442999993356,
        0.02664744299863962,
        0.02664744299885244,
        0.02664744297409179,
        0.02664744297929408,
        0.026647443014422467,
        0.026647442990065814
    ],
    "R end": 0.026647442986793213,
    "v end": -1.3855342194904899e-09,
    "t end": 6656.386409010044,
    "v max": 187.11934662216618
}