{
    "star": "MS10",
    "grain": "gra",
    "stream": {
        "L4": 0.64,
        "eta": 0.0066,
        "vinf": 300.0,
        "n": 199.52623149688992,
        "T": 8000.0,
        "kappa": 600.0,
        "cs": 10.19646997739904,
        "taustar": 0.00335242243923802,
        "Rstar": 0.004172160489303832,
        "Qp": 2.0,
        "a": 0.2,
        "rho_d": 2.2,
        "kappa_d": 34090.90909090909,
        "drag_constant": 8.382611099606362e-05,
        "phi_norm": 1.0,
        "Rstarstar": 0.0015894141414141412,
        "Upstarstar": 5964.728579898921,
        "R0": 0.00035321909638242433
    },
    "R sonic drift": 0.004226978079673296,
    "w sonic drift": 7.745966692414831,
    "R critical": 0.009463025179229607,
    "w critical": 43.32928075712418,
    "R equilib drift": 0.003556558820077846,
    "w equilib drift": 300.0,
    "t min": [
        138.10085810975724,
        269.1478814876514,
        382.2296695328317,
        495.4216737456974
    ],
    "R min": [
        0.0009968110440646718,
        0.002438523424816175,
        0.0031330666911100675,
        0.003355622104647822
    ],
    "t max": [
        191.3352671017866,
        321.8312096412539,
        437.6684018785683
    ],
    "R max": [
        0.007434720011911083,
        0.004153082173592942,
        0.0036133033981839567
    ],
    "R end": 0.003485233433996976,
    "v end": 0.11626756818800774,
    "t end": 551.0808384268047,
    "v max": 225.48572904207126
}