{
    "star": "MS20",
    "grain": "gra",
    "stream": {
        "L4": 5.45,
        "eta": 0.1199,
        "vinf": 30.0,
        "n": 10.000000000000082,
        "T": 9000.0,
        "kappa": 600.0,
        "cs": 10.814989597775858,
        "taustar": 0.021901154206012966,
        "Rstar": 0.5438376493852614,
        "Qp": 2.0,
        "a": 0.02,
        "rho_d": 2.2,
        "kappa_d": 340909.0909090908,
        "drag_constant": 40.248376678719325,
        "phi_norm": 1.5,
        "Rstarstar": 13.534854797979794,
        "Upstarstar": 0.012422861274411766,
        "R0": 0.20049767478970473
    },
    "R sonic drift": 0.029924713121888692,
    "w sonic drift": 9.672835454459698,
    "R critical": 0.07096267784671514,
    "w critical": 48.41952977064848,
    "R equilib drift": 0.05321450119597623,
    "w equilib drift": 30.0,
    "t min": [
        9144.772754464471,
        11540.203842877947,
        13927.832224163041,
        16315.460605448132,
        18710.891693861606,
        21098.520075146702,
        23493.951163560174,
        25881.579544845266,
        28277.010633258742,
        30664.63901454383,
        33052.26739582892,
        35447.698484242406,
        37835.326865527495
    ],
    "R min": [
        0.029020728175220206,
        0.028975590269363728,
        0.02900510275730893,
        0.029054845559144143,
        0.0289916876979342,
        0.02903663298064631,
        0.028981397597309878,
        0.029019551522526527,
        0.02897531824745184,
        0.029004058026663917,
        0.029053510368857158,
        0.02899083387690995,
        0.029035365777182055
    ],
    "t max": [
        9737.778496221554,
        12133.20958463503,
        14520.837965920122,
        16916.269054333596,
        19303.897435618688,
        21699.328524032164,
        24086.956905317256,
        26474.58528660235,
        28870.016375015824,
        31257.644756300913,
        33653.075844714396,
        36040.704225999485,
        38436.13531441296
    ],
    "R max": [
        0.07724515690672974,
        0.07726336674132216,
        0.07725102755248366,
        0.0772657439218217,
        0.07725608694337249,
        0.07726707097229595,
        0.07726028617413484,
        0.07724560314118466,
        0.07726357081039782,
        0.07725141649296735,
        0.07726587534894436,
        0.07725641616355129,
        0.07726712398012447
    ],
    "R end": 0.060859641055549196,
    "v end": -27.859157159703177,
    "t end": 39013.53564191327,
    "v max": 178.66955006871927
}