{
    "star": "MS10",
    "grain": "gra",
    "stream": {
        "L4": 0.64,
        "eta": 0.0066,
        "vinf": 30.0,
        "n": 0.03162277660168389,
        "T": 8000.0,
        "kappa": 600.0,
        "cs": 10.19646997739904,
        "taustar": 0.00042204497998257165,
        "Rstar": 3.314064876455119,
        "Qp": 2.0,
        "a": 0.2,
        "rho_d": 2.2,
        "kappa_d": 34090.90909090909,
        "drag_constant": 0.00013285543266815006,
        "phi_norm": 1.0,
        "Rstarstar": 0.1589414141414141,
        "Upstarstar": 3763.4893053181636,
        "R0": 0.27063817237368404
    },
    "R sonic drift": 0.33576080362451216,
    "w sonic drift": 7.745966692414831,
    "R critical": 0.7516748085768887,
    "w critical": 43.32928075712418,
    "R equilib drift": 0.6103058655528445,
    "w equilib drift": 30.0,
    "t min": [
        111711.01055629048
    ],
    "R min": [
        0.0978736190287052
    ],
    "t max": [],
    "R max": [],
    "R end": 8.426310135318603,
    "v end": 19.59527175634949,
    "t end": 437739.0695779407,
    "v max": 32.02408354559574
}