{
    "star": "MS10",
    "grain": "gra",
    "stream": {
        "L4": 0.64,
        "eta": 0.0066,
        "vinf": 40.0,
        "n": 0.25118864315095923,
        "T": 8000.0,
        "kappa": 600.0,
        "cs": 10.19646997739904,
        "taustar": 0.0008921132758565468,
        "Rstar": 0.8819059432162426,
        "Qp": 2.0,
        "a": 0.2,
        "rho_d": 2.2,
        "kappa_d": 34090.90909090909,
        "drag_constant": 0.00033390611428478977,
        "phi_norm": 1.0,
        "Rstarstar": 0.08940454545454544,
        "Upstarstar": 1497.4269071741169,
        "R0": 0.07243739887592354
    },
    "R sonic drift": 0.1191324287058022,
    "w sonic drift": 7.745966692414831,
    "R critical": 0.26670428643266486,
    "w critical": 43.32928075712418,
    "R equilib drift": 0.2517850823588335,
    "w equilib drift": 40.0,
    "t min": [
        29424.556121028916
    ],
    "R min": [
        0.04351972768943837
    ],
    "t max": [],
    "R max": [],
    "R end": 2.3638108257907398,
    "v end": 11.753439450327916,
    "t end": 116486.76215767585,
    "v max": 44.845321881861075
}