{
    "star": "MS10",
    "grain": "sil",
    "stream": {
        "L4": 0.64,
        "eta": 0.0066,
        "vinf": 40.0,
        "n": 100.00000000000102,
        "T": 8000.0,
        "kappa": 600.0,
        "cs": 10.19646997739904,
        "taustar": 0.01780000000000009,
        "Rstar": 0.04419999999999977,
        "Qp": 2.0,
        "a": 0.02,
        "rho_d": 3.5,
        "kappa_d": 214285.71428571426,
        "drag_constant": 5.252107959183725,
        "phi_norm": 0.7,
        "Rstarstar": 0.5619714285714285,
        "Upstarstar": 0.09519987096337393,
        "R0": 0.004461051704996841
    },
    "R sonic drift": 0.009463025179229607,
    "w sonic drift": 7.745966692414831,
    "R critical": 0.020000000000000004,
    "w critical": 38.7741595142002,
    "R equilib drift": 0.020000000000000004,
    "w equilib drift": 40.0,
    "t min": [
        2174.4250176061637,
        2933.1605556644845,
        3691.8960937228057,
        4450.631631781127,
        5209.367169839448,
        5968.102707897769,
        6726.83824595609,
        7485.57378401441,
        8244.309322072731,
        9003.044860131053
    ],
    "R min": [
        0.008384495522038855,
        0.008384467393813164,
        0.008384439643099506,
        0.008384411952414432,
        0.008384384319230899,
        0.008384356743399369,
        0.008384329225048906,
        0.00838430176411042,
        0.008384274360656856,
        0.00838424701465813
    ],
    "t max": [
        2511.2295735247358,
        3269.9651115830566,
        4028.7006496413774,
        4787.436187699698,
        5546.171725758019,
        6304.907263816341,
        7063.642801874662,
        7822.378339932983,
        8581.113877991304
    ],
    "R max": [
        0.022397800660094086,
        0.02239780309732076,
        0.02239780439010839,
        0.022397805679860418,
        0.022397806966724946,
        0.022397808250723576,
        0.022397809531840694,
        0.022397810810087255,
        0.022397812085455146
    ],
    "R end": 0.021631500829033035,
    "v end": 16.601691852730532,
    "t end": 9252.872415345379,
    "v max": 95.52481561445596
}