{
    "star": "MS10",
    "grain": "sil",
    "stream": {
        "L4": 0.64,
        "eta": 0.0066,
        "vinf": 120.0,
        "n": 0.1995262314968889,
        "T": 8000.0,
        "kappa": 600.0,
        "cs": 10.19646997739904,
        "taustar": 0.0002650322646762387,
        "Rstar": 0.3298382477490679,
        "Qp": 2.0,
        "a": 0.002,
        "rho_d": 3.5,
        "kappa_d": 2142857.1428571427,
        "drag_constant": 0.012937448253218936,
        "phi_norm": 0.7,
        "Rstarstar": 0.6244126984126983,
        "Upstarstar": 38.64749757554362,
        "R0": 0.026883744395574213
    },
    "R sonic drift": 0.21185074503545798,
    "w sonic drift": 7.745966692414831,
    "R critical": 0.44774422771366806,
    "w critical": 38.7741595142002,
    "R equilib drift": 0.2825075089245511,
    "w equilib drift": 120.0,
    "t min": [
        16668.348993288335,
        27495.180485200563,
        39482.02963696052,
        51524.11772490371,
        63455.72794048045
    ],
    "R min": [
        0.1291126752524047,
        0.27105071922033847,
        0.2762534672881679,
        0.276367239995009,
        0.2763696918467115
    ],
    "t max": [
        21059.844419854773,
        33460.98559298893,
        45503.07368093212,
        57545.16176887531
    ],
    "R max": [
        0.3166684046546516,
        0.2771632161254715,
        0.2763868327483751,
        0.2763701169584456
    ],
    "R end": 0.2763697569297812,
    "v end": 2.9353529565084124e-06,
    "t end": 69048.67022903204,
    "v max": 83.04896131692705
}