{
    "star": "MS10",
    "grain": "sil",
    "stream": {
        "L4": 0.64,
        "eta": 0.0066,
        "vinf": 10.0,
        "n": 10000.000000000144,
        "T": 8000.0,
        "kappa": 600.0,
        "cs": 10.19646997739904,
        "taustar": 0.7120000000000051,
        "Rstar": 0.017679999999999873,
        "Qp": 2.0,
        "a": 0.02,
        "rho_d": 3.5,
        "kappa_d": 214285.71428571426,
        "drag_constant": 134453.96375510396,
        "phi_norm": 0.7,
        "Rstarstar": 8.991542857142855,
        "Upstarstar": 3.7187449595067804e-06,
        "R0": 0.01483203270166609
    },
    "R sonic drift": 0.0009463025179229607,
    "w sonic drift": 7.745966692414831,
    "R critical": 0.0020000000000000005,
    "w critical": 38.7741595142002,
    "R equilib drift": 0.0009463025179229607,
    "w equilib drift": 10.0,
    "t min": [
        1028.1791827931786,
        1030.3998721728615,
        1038.5423998983654,
        1048.9056170035524,
        1051.8665361764627,
        1057.0481447290563,
        1065.9309022477878,
        1081.475727905568,
        1083.6964172852508,
        1087.397566251389,
        1094.7998641836655,
        1099.9814727362586,
        1105.1630812888523,
        1116.2665281872667,
        1122.9285963263153,
        1178.4458308183875,
        1207.3147927542652,
        1239.884903656281,
        1288.7400700093044,
        1344.9975342946043,
        1816.5239125806052
    ],
    "R min": [
        0.0008997639925652874,
        0.0008997639924968709,
        0.0008997639924611332,
        0.0008997639919528197,
        0.0008997639920208267,
        0.0008997639922959569,
        0.0008997639925006948,
        0.0008997639931439887,
        0.0008997639928124782,
        0.0008997639928963804,
        0.0008997639925363782,
        0.0008997639923901524,
        0.0008997639913449808,
        0.000899763991416065,
        0.0008997639919729598,
        0.0008997639928655642,
        0.0008997639925178395,
        0.0008997639923698347,
        0.000899763992395008,
        0.0008997639924228401,
        0.0008997639924886984
    ],
    "t max": [
        1028.9194125864062,
        1034.8412509322275,
        1042.2435488645035,
        1050.3860765900076,
        1055.5676851426008,
        1059.268834108739,
        1078.5148087326575,
        1082.2159576987956,
        1085.1768768717063,
        1089.6182556310719,
        1097.7607833565758,
        1100.7217025294865,
        1111.825149427901,
        1120.7079069466324,
        1158.4596264012416,
        1185.8481287506638,
        1221.3791588255901,
        1259.871108073427,
        1308.7262744264506,
        1431.604420102237,
        2120.758357597161
    ],
    "R max": [
        0.0008997639925253765,
        0.0008997639925224302,
        0.0008997639929055012,
        0.0008997639922281086,
        0.0008997639925482295,
        0.0008997639926207672,
        0.0008997639938619786,
        0.0008997639932753084,
        0.0008997639931117432,
        0.0008997639930457927,
        0.0008997639928573053,
        0.0008997639924076608,
        0.0008997639923807439,
        0.0008997639922374416,
        0.0008997639931294107,
        0.000899763992773253,
        0.0008997639924683159,
        0.0008997639924389739,
        0.0008997639923846514,
        0.000899763992453883,
        0.0008997639924709137
    ],
    "R end": 0.0008997639924516758,
    "v end": -7.61990581322463e-11,
    "t end": 3701.148966138152,
    "v max": 3.8417433158987313e-07
}