{
    "star": "MS10",
    "grain": "gra",
    "stream": {
        "L4": 0.64,
        "eta": 0.0066,
        "vinf": 30.0,
        "n": 25.118864315096026,
        "T": 8000.0,
        "kappa": 600.0,
        "cs": 10.19646997739904,
        "taustar": 0.011894843678087318,
        "Rstar": 0.11758745909549878,
        "Qp": 2.0,
        "a": 0.02,
        "rho_d": 2.2,
        "kappa_d": 340909.0909090908,
        "drag_constant": 10.55308213048229,
        "phi_norm": 1.0,
        "Rstarstar": 1.5894141414141412,
        "Upstarstar": 0.04737952323480584,
        "R0": 0.011051597557169864
    },
    "R sonic drift": 0.011913242870580215,
    "w sonic drift": 7.745966692414831,
    "R critical": 0.026670428643266485,
    "w critical": 43.32928075712418,
    "R equilib drift": 0.02165446926259356,
    "w equilib drift": 30.0,
    "t min": [
        3665.4501158948647,
        4845.849305759313,
        6023.142181966223,
        7203.54137183067,
        8383.940561695119,
        9561.233437902029,
        10741.632627766478,
        11922.031817630925,
        13102.431007495372,
        14279.723883702283,
        15460.12307356673
    ],
    "R min": [
        0.010828769706237652,
        0.010826733068099082,
        0.010836894739105964,
        0.010830718907828569,
        0.010827292155984703,
        0.010840573671273602,
        0.010833256994966985,
        0.010828512283377155,
        0.010826706737711992,
        0.010836345993485137,
        0.010830362693235016
    ],
    "t max": [
        4028.888813826813,
        5206.1816900337235,
        6386.580879898172,
        7566.980069762619,
        8747.379259627067,
        9924.672135833976,
        11105.071325698425,
        12285.470515562874,
        13462.763391769784,
        14643.162581634231
    ],
    "R max": [
        0.032772645597666065,
        0.032769955346718636,
        0.032771404686920844,
        0.03277236888730383,
        0.03277282867818537,
        0.03277079199907761,
        0.03277198300750667,
        0.032772680011102784,
        0.03277008037134356,
        0.03277149290089513
    ],
    "R end": 0.01745295274905987,
    "v end": 117.24561610407406,
    "t end": 15531.568287690105,
    "v max": 121.0329691301862
}