{
    "star": "MS40",
    "grain": "gra",
    "stream": {
        "L4": 22.2,
        "eta": 0.4468,
        "vinf": 140.0,
        "n": 0.001,
        "T": 10000.0,
        "kappa": 600.0,
        "cs": 11.4,
        "taustar": 9.471929527799066e-05,
        "Rstar": 23.520184557793186,
        "Qp": 2.0,
        "a": 0.02,
        "rho_d": 2.2,
        "kappa_d": 340909.0909090908,
        "drag_constant": 3.840919523405794e-05,
        "phi_norm": 1.5,
        "Rstarstar": 2.5316083024118727,
        "Upstarstar": 13017.716121181411,
        "R0": 15.723848285234745
    },
    "R sonic drift": 5.970765237835927,
    "w sonic drift": 8.6559494714014,
    "R critical": 13.3668783513723,
    "w critical": 48.41952977064848,
    "R equilib drift": 9.959415619602808,
    "w equilib drift": 140.0,
    "t min": [
        418680.03423088294
    ],
    "R min": [
        1.5433249285159423
    ],
    "t max": [
        1134272.6026972127
    ],
    "R max": [
        45.22648889384669
    ],
    "R end": 29.838116774758596,
    "v end": -53.048181290338036,
    "t end": 1668047.9451429602,
    "v max": 133.47807288268896
}