{
    "star": "MS10",
    "grain": "sil",
    "stream": {
        "L4": 0.64,
        "eta": 0.0066,
        "vinf": 50.0,
        "n": 25118.86431509618,
        "T": 8000.0,
        "kappa": 600.0,
        "cs": 10.19646997739904,
        "taustar": 0.2256887906064643,
        "Rstar": 0.0022310651700819467,
        "Qp": 2.0,
        "a": 0.02,
        "rho_d": 3.5,
        "kappa_d": 214285.71428571426,
        "drag_constant": 540.3729395506027,
        "phi_norm": 0.7,
        "Rstarstar": 0.3596617142857143,
        "Upstarstar": 0.0009252868961495765,
        "R0": 0.0009506841520033808
    },
    "R sonic drift": 0.0005970765237835921,
    "w sonic drift": 7.745966692414831,
    "R critical": 0.0012619146889603862,
    "w critical": 38.7741595142002,
    "R equilib drift": 0.0012619146889603862,
    "w equilib drift": 50.0,
    "t min": [
        108.16957314663057,
        145.90748985754487,
        160.38614602138577,
        184.85974547252326
    ],
    "R min": [
        0.0005611712974453535,
        0.001243141369751261,
        0.0012431475804255464,
        0.0012431475935950856
    ],
    "t max": [
        138.71486711808845,
        153.19352328192934,
        167.5787687608422,
        308.62890300213076
    ],
    "R max": [
        0.0012432821416047978,
        0.0012431478769410155,
        0.001243147594507906,
        0.0012431475937222272
    ],
    "R end": 0.0012431475937261756,
    "v end": -9.150601387726771e-11,
    "t end": 467.0534246400284,
    "v max": 120.40466743521779
}