{
    "star": "MS10",
    "grain": "gra",
    "stream": {
        "L4": 0.64,
        "eta": 0.0066,
        "vinf": 170.0,
        "n": 50.11872336272776,
        "T": 8000.0,
        "kappa": 600.0,
        "cs": 10.19646997739904,
        "taustar": 0.002965043520479464,
        "Rstar": 0.014690390464076565,
        "Qp": 2.0,
        "a": 0.2,
        "rho_d": 2.2,
        "kappa_d": 34090.90909090909,
        "drag_constant": 0.00020420607196029147,
        "phi_norm": 1.0,
        "Rstarstar": 0.004949732620320855,
        "Upstarstar": 2448.5070164672993,
        "R0": 0.0012377939338740482
    },
    "R sonic drift": 0.008433930068571646,
    "w sonic drift": 7.745966692414831,
    "R critical": 0.018881217525718474,
    "w critical": 43.32928075712418,
    "R equilib drift": 0.010257196803667748,
    "w equilib drift": 170.0,
    "t min": [
        484.3198006267914,
        1176.6487463945766,
        1761.0923519586372
    ],
    "R min": [
        0.0026338081600224697,
        0.007155377588786821,
        0.009300462464224835
    ],
    "t max": [
        761.7946864025572,
        1448.3024807205013
    ],
    "R max": [
        0.02267822383961114,
        0.012125338227446866
    ],
    "R end": 0.010259350328789222,
    "v end": 5.48209835889628,
    "t end": 1940.3838166137475,
    "v max": 140.56988514642507
}