{
    "star": "MS10",
    "grain": "sil",
    "stream": {
        "L4": 0.64,
        "eta": 0.0066,
        "vinf": 90.0,
        "n": 3.981071705535002,
        "T": 8000.0,
        "kappa": 600.0,
        "cs": 10.19646997739904,
        "taustar": 0.0015784741869531637,
        "Rstar": 0.09845544767255712,
        "Qp": 2.0,
        "a": 0.002,
        "rho_d": 3.5,
        "kappa_d": 2142857.1428571427,
        "drag_constant": 0.8158373278501221,
        "phi_norm": 0.7,
        "Rstarstar": 1.1100670194003526,
        "Upstarstar": 0.6128672750456144,
        "R0": 0.00815545668457841
    },
    "R sonic drift": 0.047427474113233115,
    "w sonic drift": 7.745966692414831,
    "R critical": 0.10023744672545451,
    "w critical": 38.7741595142002,
    "R equilib drift": 0.078916651742819,
    "w equilib drift": 90.0,
    "t min": [
        4798.185475290089,
        16327.845934384919,
        20041.905310017537
    ],
    "R min": [
        0.0402489435664507,
        0.0761190087823609,
        0.07611900863177659
    ],
    "t max": [
        15668.301539156038,
        17189.375800652637
    ],
    "R max": [
        0.07611900907543485,
        0.07611900887204268
    ],
    "R end": 0.07611900866359277,
    "v end": 5.5035867309105515e-08,
    "t end": 20610.762350902445,
    "v max": 81.78090011219463
}