{
    "star": "MS10",
    "grain": "gra",
    "stream": {
        "L4": 0.64,
        "eta": 0.0066,
        "vinf": 300.0,
        "n": 0.03981071705534985,
        "T": 8000.0,
        "kappa": 600.0,
        "cs": 10.19646997739904,
        "taustar": 4.735422560859482e-05,
        "Rstar": 0.29536634301767195,
        "Qp": 2.0,
        "a": 0.2,
        "rho_d": 2.2,
        "kappa_d": 34090.90909090909,
        "drag_constant": 1.672550802808431e-08,
        "phi_norm": 1.0,
        "Rstarstar": 0.0015894141414141412,
        "Upstarstar": 29894458.162970874,
        "R0": 0.02400966600804158
    },
    "R sonic drift": 0.2992471312188869,
    "w sonic drift": 7.745966692414831,
    "R critical": 0.669930878315656,
    "w critical": 43.32928075712418,
    "R equilib drift": 0.2517850823588335,
    "w equilib drift": 300.0,
    "t min": [
        9768.989324735081
    ],
    "R min": [
        0.0016024169238203429
    ],
    "t max": [],
    "R max": [],
    "R end": 8.099637210161244,
    "v end": 245.609647127234,
    "t end": 39013.535641913266,
    "v max": 297.5232602207176
}