{
    "star": "MS10",
    "grain": "sil",
    "stream": {
        "L4": 0.64,
        "eta": 0.0066,
        "vinf": 30.0,
        "n": 0.501187233627275,
        "T": 8000.0,
        "kappa": 600.0,
        "cs": 10.19646997739904,
        "taustar": 0.0016801913282716917,
        "Rstar": 0.8324554596310076,
        "Qp": 2.0,
        "a": 0.02,
        "rho_d": 3.5,
        "kappa_d": 214285.71428571426,
        "drag_constant": 0.08319334585758204,
        "phi_norm": 0.7,
        "Rstarstar": 0.9990603174603173,
        "Upstarstar": 6.010096058114377,
        "R0": 0.06904194882420348
    },
    "R sonic drift": 0.133668783513723,
    "w sonic drift": 7.745966692414831,
    "R critical": 0.2825075089245511,
    "w critical": 38.7741595142002,
    "R equilib drift": 0.2429671413074461,
    "w equilib drift": 30.0,
    "t min": [
        42556.01664550233,
        89921.80421408355,
        137322.44519515085
    ],
    "R min": [
        0.09805383490766226,
        0.09806655768813671,
        0.098056918449504
    ],
    "t max": [
        64443.95968675987,
        111844.60066782717,
        159210.38823640838
    ],
    "R max": [
        0.7270260825622746,
        0.7270266054898139,
        0.7270254242020199
    ],
    "R end": 0.36959402671293173,
    "v end": -28.70654723572816,
    "t end": 174267.06243039446,
    "v max": 52.988872161598394
}