{
    "star": "MS10",
    "grain": "sil",
    "stream": {
        "L4": 0.64,
        "eta": 0.0066,
        "vinf": 250.0,
        "n": 3.162277660168402,
        "T": 8000.0,
        "kappa": 600.0,
        "cs": 10.19646997739904,
        "taustar": 0.0005064539759790871,
        "Rstar": 0.03976877851746134,
        "Qp": 2.0,
        "a": 0.002,
        "rho_d": 3.5,
        "kappa_d": 2142857.1428571427,
        "drag_constant": 0.01088462760713859,
        "phi_norm": 0.7,
        "Rstarstar": 0.1438646857142857,
        "Upstarstar": 45.936344177000535,
        "R0": 0.003251033835984366
    },
    "R sonic drift": 0.05321450119597623,
    "w sonic drift": 7.745966692414831,
    "R critical": 0.11246826503806984,
    "w critical": 38.7741595142002,
    "R equilib drift": 0.040967174139352386,
    "w equilib drift": 250.0,
    "t min": [
        2023.0323619433593,
        2734.007521243618,
        3489.9389552537295,
        4145.9675565752805,
        4886.913565682107,
        6027.470905543178
    ],
    "R min": [
        0.03113270555570067,
        0.038949057428633915,
        0.038965486514068275,
        0.03896551221725045,
        0.038965512167170535,
        0.0389655120366278
    ],
    "t max": [
        2352.7117098156104,
        3111.973238248674,
        3859.5794362014053,
        4335.782938683546,
        5354.791832106867
    ],
    "R max": [
        0.03938858188468782,
        0.038966162357318444,
        0.03896551310191467,
        0.038965512160153426,
        0.038965512132041115
    ],
    "R end": 0.038965512181619,
    "v end": 2.7705273334862614e-08,
    "t end": 8325.23605738008,
    "v max": 49.89450454398752
}