{
    "star": "MS20",
    "grain": "gra",
    "stream": {
        "L4": 5.45,
        "eta": 0.1199,
        "vinf": 170.0,
        "n": 501.18723362727764,
        "T": 9000.0,
        "kappa": 600.0,
        "cs": 10.814989597775858,
        "taustar": 0.02736146434110676,
        "Rstar": 0.013556313492989408,
        "Qp": 2.0,
        "a": 0.02,
        "rho_d": 2.2,
        "kappa_d": 340909.0909090908,
        "drag_constant": 1.9563101229789632,
        "phi_norm": 1.5,
        "Rstarstar": 0.42150066844919776,
        "Upstarstar": 0.25558319927242773,
        "R0": 0.0050755704707316765
    },
    "R sonic drift": 0.004226978079673296,
    "w sonic drift": 9.672835454459698,
    "R critical": 0.010023744672545451,
    "w critical": 48.41952977064848,
    "R equilib drift": 0.00632455532033676,
    "w equilib drift": 170.0,
    "t min": [
        221.53449704757548,
        711.672278048357,
        766.9100279706673,
        811.4503263235162
    ],
    "R min": [
        0.00403556614174052,
        0.006098702136487434,
        0.0060987021347513335,
        0.006098702133020048
    ],
    "t max": [
        685.6093960427598,
        736.3736662178409,
        769.8275147623388,
        898.1969335958767
    ],
    "R max": [
        0.006098702139327563,
        0.006098702138634994,
        0.0060987021342986366,
        0.006098702142754559
    ],
    "R end": 0.006098702139166238,
    "v end": -4.480216584546512e-08,
    "t end": 972.495597223773,
    "v max": 140.44647944210456
}