{
    "star": "MS20",
    "grain": "gra",
    "stream": {
        "L4": 5.45,
        "eta": 0.1199,
        "vinf": 90.0,
        "n": 3.981071705535002,
        "T": 9000.0,
        "kappa": 600.0,
        "cs": 10.814989597775858,
        "taustar": 0.004606231366292383,
        "Rstar": 0.28730819610491826,
        "Qp": 2.0,
        "a": 0.02,
        "rho_d": 2.2,
        "kappa_d": 340909.0909090908,
        "drag_constant": 0.1978168809745222,
        "phi_norm": 1.5,
        "Rstarstar": 1.5038727553310878,
        "Upstarstar": 2.527590150733381,
        "R0": 0.10081504549389157
    },
    "R sonic drift": 0.047427474113233115,
    "w sonic drift": 9.672835454459698,
    "R critical": 0.11246826503806984,
    "w critical": 48.41952977064848,
    "R equilib drift": 0.10023744672545451,
    "w equilib drift": 90.0,
    "t min": [
        4761.086103058465,
        7300.332024689645,
        10247.671040868694,
        12762.184047678793,
        13586.61454171489,
        15915.630687366867
    ],
    "R min": [
        0.042694191295932174,
        0.09724604909116295,
        0.09729343837831436,
        0.09729346638807572,
        0.09729346661902186,
        0.09729346655118541
    ],
    "t max": [
        5824.601440365031,
        8776.062609014261,
        11673.935795551144,
        13549.515169483266,
        14143.105125189255,
        16624.640912237912
    ],
    "R max": [
        0.0991681420615678,
        0.09729461615340519,
        0.09729346743274932,
        0.09729346661945536,
        0.09729346663852306,
        0.09729346667876022
    ],
    "R end": 0.09729346658114388,
    "v end": -1.2718461904343013e-08,
    "t end": 20610.76235090244,
    "v max": 143.20713022401458
}