{
    "star": "MS20",
    "grain": "gra",
    "stream": {
        "L4": 5.45,
        "eta": 0.1199,
        "vinf": 100.0,
        "n": 5.011872336272761,
        "T": 9000.0,
        "kappa": 600.0,
        "cs": 10.814989597775858,
        "taustar": 0.004651448937988143,
        "Rstar": 0.2304573293808203,
        "Qp": 2.0,
        "a": 0.02,
        "rho_d": 2.2,
        "kappa_d": 340909.0909090908,
        "drag_constant": 0.1633929777813256,
        "phi_norm": 1.5,
        "Rstarstar": 1.2181369318181818,
        "Upstarstar": 3.0601070302370457,
        "R0": 0.08087687879453598
    },
    "R sonic drift": 0.04226978079673296,
    "w sonic drift": 9.672835454459698,
    "R critical": 0.10023744672545451,
    "w critical": 48.41952977064848,
    "R equilib drift": 0.08433930068571646,
    "w equilib drift": 100.0,
    "t min": [
        3818.990210297757,
        6116.997306537533,
        8960.574432819845,
        11089.950792501018,
        14723.777841087369
    ],
    "R min": [
        0.03788383974222309,
        0.08253331379375259,
        0.08253934626260423,
        0.08253934635979615,
        0.08253934642100803
    ],
    "t max": [
        4728.273593701985,
        7515.640474464764,
        10207.119289341277,
        12637.385786803487
    ],
    "R max": [
        0.08339212326122117,
        0.08253938720766613,
        0.08253934705786839,
        0.08253934657760299
    ],
    "R end": 0.08253934659977821,
    "v end": 1.530051033233987e-07,
    "t end": 16532.425152804142,
    "v max": 143.11437865053273
}