{
    "star": "MS20",
    "grain": "gra",
    "stream": {
        "L4": 5.45,
        "eta": 0.1199,
        "vinf": 100.0,
        "n": 501.18723362727764,
        "T": 9000.0,
        "kappa": 600.0,
        "cs": 10.814989597775858,
        "taustar": 0.04651448937988149,
        "Rstar": 0.023045732938081997,
        "Qp": 2.0,
        "a": 0.02,
        "rho_d": 2.2,
        "kappa_d": 340909.0909090908,
        "drag_constant": 16.339297778132607,
        "phi_norm": 1.5,
        "Rstarstar": 1.2181369318181816,
        "Upstarstar": 0.030601070302370373,
        "R0": 0.009101566780229753
    },
    "R sonic drift": 0.004226978079673296,
    "w sonic drift": 9.672835454459698,
    "R critical": 0.010023744672545451,
    "w critical": 48.41952977064848,
    "R equilib drift": 0.008433930068571646,
    "w equilib drift": 100.0,
    "t min": [
        377.2699419869904,
        1165.2053247696356,
        1272.0047912567502,
        1334.4973583343499,
        1404.5948409822395,
        1477.3375116545776
    ],
    "R min": [
        0.004098160809341194,
        0.00825393462952746,
        0.008253934649241335,
        0.008253934655037189,
        0.008253934655107868,
        0.008253934656426022
    ],
    "t max": [
        1115.9386978142793,
        1239.9318864603104,
        1332.1828188129573,
        1338.795788874079,
        1456.1760074589884,
        1584.1369781416925
    ],
    "R max": [
        0.008253934637753101,
        0.008253934646691021,
        0.008253934655141492,
        0.008253934655139017,
        0.008253934656044414,
        0.008253934652811237
    ],
    "R end": 0.00825393464924992,
    "v end": -2.3409447495626888e-08,
    "t end": 1653.2425152804137,
    "v max": 190.02819772286955
}