{
    "star": "MS10",
    "grain": "sil",
    "stream": {
        "L4": 0.64,
        "eta": 0.0066,
        "vinf": 50.0,
        "n": 1.2589254117941753,
        "T": 8000.0,
        "kappa": 600.0,
        "cs": 10.19646997739904,
        "taustar": 0.0015977542789260013,
        "Rstar": 0.3151463317240914,
        "Qp": 2.0,
        "a": 0.02,
        "rho_d": 3.5,
        "kappa_d": 214285.71428571426,
        "drag_constant": 0.027082801870040148,
        "phi_norm": 0.7,
        "Rstarstar": 0.3596617142857143,
        "Upstarstar": 18.461900744217893,
        "R0": 0.026111018405842113
    },
    "R sonic drift": 0.08433930068571646,
    "w sonic drift": 7.745966692414831,
    "R critical": 0.1782501876267492,
    "w critical": 38.7741595142002,
    "R equilib drift": 0.1782501876267492,
    "w equilib drift": 50.0,
    "t min": [
        16005.061872956838,
        32814.994953045054,
        49638.12264308625
    ],
    "R min": [
        0.0555021218541644,
        0.055507380879121944,
        0.055500062358128606
    ],
    "t max": [
        24093.357774129585,
        40903.290854217805,
        57713.22393430603
    ],
    "R max": [
        0.32204894283842067,
        0.3220487485956441,
        0.3220484550049555
    ],
    "R end": 0.06751163038892702,
    "v end": -39.07227511118608,
    "t end": 65973.04976486744,
    "v max": 65.23142882337545
}