{
    "star": "MS10",
    "grain": "sil",
    "stream": {
        "L4": 0.64,
        "eta": 0.0066,
        "vinf": 200.0,
        "n": 0.31622776601683955,
        "T": 8000.0,
        "kappa": 600.0,
        "cs": 10.19646997739904,
        "taustar": 0.0002001935117677648,
        "Rstar": 0.15719989984744037,
        "Qp": 2.0,
        "a": 0.002,
        "rho_d": 3.5,
        "kappa_d": 2142857.1428571427,
        "drag_constant": 0.0026573797868990638,
        "phi_norm": 0.7,
        "Rstarstar": 0.2247885714285714,
        "Upstarstar": 188.15526574899465,
        "R0": 0.01280248889607424
    },
    "R sonic drift": 0.16827902832903915,
    "w sonic drift": 7.745966692414831,
    "R critical": 0.3556558820077846,
    "w critical": 38.7741595142002,
    "R equilib drift": 0.1541294852401534,
    "w equilib drift": 200.0,
    "t min": [
        8095.4627099635045,
        12162.939095945168,
        16539.754300925437,
        20936.314536905615,
        25319.711418885854,
        29433.259543867312
    ],
    "R min": [
        0.07790540943423933,
        0.14305677196514194,
        0.14694048716035626,
        0.1470925344404254,
        0.14709836796526188,
        0.14709859142428156
    ],
    "t max": [
        9800.11705295582,
        14334.892505935377,
        18731.452741915557,
        23134.594654895707,
        27478.501474876124,
        31703.938108857074
    ],
    "R max": [
        0.17060817774145548,
        0.1479097972084821,
        0.14712959406320264,
        0.14709978845235763,
        0.1470986501037984,
        0.14709860686843992
    ],
    "R end": 0.1470986044152902,
    "v end": -2.0363457850227605e-06,
    "t end": 32908.384999851645,
    "v max": 99.02446726114064
}