{
    "star": "MS10",
    "grain": "gra",
    "stream": {
        "L4": 0.64,
        "eta": 0.0066,
        "vinf": 300.0,
        "n": 0.010000000000000021,
        "T": 8000.0,
        "kappa": 600.0,
        "cs": 10.19646997739904,
        "taustar": 2.3733333333333356e-05,
        "Rstar": 0.5893333333333326,
        "Qp": 2.0,
        "a": 0.02,
        "rho_d": 2.2,
        "kappa_d": 340909.0909090908,
        "drag_constant": 4.201257667584946e-07,
        "phi_norm": 1.0,
        "Rstarstar": 0.015894141414141406,
        "Upstarstar": 1190119.8154490257,
        "R0": 0.04789165519172362
    },
    "R sonic drift": 0.5970765237835921,
    "w sonic drift": 7.745966692414831,
    "R critical": 1.33668783513723,
    "w critical": 43.32928075712418,
    "R equilib drift": 0.5023772863019165,
    "w equilib drift": 300.0,
    "t min": [
        19553.970044929185
    ],
    "R min": [
        0.015374593890511126
    ],
    "t max": [],
    "R max": [],
    "R end": 10.794280251970386,
    "v end": 94.38279102424245,
    "t end": 77842.23744000473,
    "v max": 290.4844896838573
}