{
    "star": "MS10",
    "grain": "gra",
    "stream": {
        "L4": 0.64,
        "eta": 0.0066,
        "vinf": 250.0,
        "n": 0.001,
        "T": 8000.0,
        "kappa": 600.0,
        "cs": 10.19646997739904,
        "taustar": 9.006166776159545e-06,
        "Rstar": 2.236362761271078,
        "Qp": 2.0,
        "a": 0.02,
        "rho_d": 2.2,
        "kappa_d": 340909.0909090908,
        "drag_constant": 8.711727899504128e-08,
        "phi_norm": 1.0,
        "Rstarstar": 0.02288756363636363,
        "Upstarstar": 5739389.542096008,
        "R0": 0.18170311174995588
    },
    "R sonic drift": 1.8881217525718474,
    "w sonic drift": 7.745966692414831,
    "R critical": 4.226978079673296,
    "w critical": 43.32928075712418,
    "R equilib drift": 1.782501876267492,
    "w equilib drift": 250.0,
    "t min": [
        74083.94295994997
    ],
    "R min": [
        0.022594115634824042
    ],
    "t max": [],
    "R max": [],
    "R end": 47.623483950109936,
    "v end": 178.38698727569655,
    "t end": 295390.5221688595,
    "v max": 246.1929699009712
}