{
    "star": "MS40",
    "grain": "gra",
    "stream": {
        "L4": 22.2,
        "eta": 0.4468,
        "vinf": 40.0,
        "n": 0.12589254117941726,
        "T": 10000.0,
        "kappa": 600.0,
        "cs": 11.4,
        "taustar": 0.0037196879048133897,
        "Rstar": 7.336835293274189,
        "Qp": 2.0,
        "a": 0.02,
        "rho_d": 2.2,
        "kappa_d": 340909.0909090908,
        "drag_constant": 0.7256168933503293,
        "phi_norm": 1.5,
        "Rstarstar": 31.012201704545443,
        "Upstarstar": 0.6890688524234773,
        "R0": 4.93146631582346
    },
    "R sonic drift": 0.5321450119597623,
    "w sonic drift": 8.6559494714014,
    "R critical": 1.191324287058022,
    "w critical": 48.41952977064848,
    "R equilib drift": 1.0617688884619771,
    "w equilib drift": 40.0,
    "t min": [
        122380.97004348719,
        174829.9572049817,
        227383.00981719347,
        279936.0624294052,
        332489.11504161695,
        384938.10220311146,
        437491.1548153233,
        490044.207427535
    ],
    "R min": [
        0.46973149588137875,
        0.47004189968851834,
        0.4698870953292999,
        0.4697836406435246,
        0.4697331165426161,
        0.4700557065794806,
        0.4698970334381525,
        0.4697896502590106
    ],
    "t max": [
        140696.4893697234,
        193145.47653121786,
        245698.52914342962,
        298251.5817556414,
        350804.63436785317,
        403253.62152934767,
        455806.6741415595,
        508359.7267537712
    ],
    "R max": [
        1.7105750025916002,
        1.7105390193605554,
        1.710557406914692,
        1.710569442962294,
        1.7105748701813146,
        1.710537273343992,
        1.7105562324839325,
        1.7105688881832102
    ],
    "R end": 1.281326543204919,
    "v end": -38.38162460478193,
    "t end": 520327.2535862551,
    "v max": 129.35726722272855
}