{
    "star": "MS10",
    "grain": "sil",
    "stream": {
        "L4": 0.64,
        "eta": 0.0066,
        "vinf": 120.0,
        "n": 0.10000000000000041,
        "T": 8000.0,
        "kappa": 600.0,
        "cs": 10.19646997739904,
        "taustar": 0.00018762847450332423,
        "Rstar": 0.46590890859814027,
        "Qp": 2.0,
        "a": 0.002,
        "rho_d": 3.5,
        "kappa_d": 2142857.1428571427,
        "drag_constant": 0.006484083900226782,
        "phi_norm": 0.7,
        "Rstarstar": 0.6244126984126984,
        "Upstarstar": 77.11189548033336,
        "R0": 0.03793813605173221
    },
    "R sonic drift": 0.2992471312188869,
    "w sonic drift": 7.745966692414831,
    "R critical": 0.632455532033676,
    "w critical": 38.7741595142002,
    "R equilib drift": 0.3990524629937762,
    "w equilib drift": 120.0,
    "t min": [
        23739.736438104224,
        41490.89515517477,
        60529.50054842844,
        79724.16008424977
    ],
    "R min": [
        0.16405908648867373,
        0.3727210104365419,
        0.3895350902509704,
        0.39034305915578843
    ],
    "t max": [
        30840.199924932444,
        50893.15724487587,
        70126.83031633911,
        89301.98308433947
    ],
    "R max": [
        0.48754250268195626,
        0.394338221134581,
        0.3905660078206048,
        0.3903911910105971
    ],
    "R end": 0.3903810611668773,
    "v end": -0.00039717911451121046,
    "t end": 97533.83910478318,
    "v max": 87.0708896325851
}