{
    "star": "MS20",
    "grain": "gra",
    "stream": {
        "L4": 5.45,
        "eta": 0.1199,
        "vinf": 80.0,
        "n": 0.12589254117941726,
        "T": 9000.0,
        "kappa": 600.0,
        "cs": 10.814989597775858,
        "taustar": 0.0009215062196122337,
        "Rstar": 1.817609307026498,
        "Qp": 2.0,
        "a": 0.02,
        "rho_d": 2.2,
        "kappa_d": 340909.0909090908,
        "drag_constant": 0.010020131930977942,
        "phi_norm": 1.5,
        "Rstarstar": 1.9033389559659084,
        "Upstarstar": 49.89954258528423,
        "R0": 0.6310525594543346
    },
    "R sonic drift": 0.26670428643266486,
    "w sonic drift": 9.672835454459698,
    "R critical": 0.632455532033676,
    "w critical": 48.41952977064848,
    "R equilib drift": 0.595737040908947,
    "w equilib drift": 80.0,
    "t min": [
        30876.51501380332,
        57345.824759589115,
        83815.1345053749,
        110284.44425116068
    ],
    "R min": [
        0.20288634354885277,
        0.20288250768438643,
        0.20287884823277488,
        0.20287536827822855
    ],
    "t max": [
        42376.97373093783,
        68820.20533904305,
        95289.51508482885,
        121758.82483061463
    ],
    "R max": [
        0.8445992096602865,
        0.8445968180679394,
        0.8445970147111201,
        0.8445971970807329
    ],
    "R end": 0.6326364991522645,
    "v end": -45.45255644108156,
    "t end": 130390.68840288563,
    "v max": 108.18790005371557
}