{
    "star": "MS10",
    "grain": "gra",
    "stream": {
        "L4": 0.64,
        "eta": 0.0066,
        "vinf": 10.0,
        "n": 251.1886431509608,
        "T": 8000.0,
        "kappa": 600.0,
        "cs": 10.19646997739904,
        "taustar": 0.1128443953032319,
        "Rstar": 0.11155325850409756,
        "Qp": 2.0,
        "a": 0.2,
        "rho_d": 2.2,
        "kappa_d": 34090.90909090909,
        "drag_constant": 85.47996525690671,
        "phi_norm": 1.0,
        "Rstarstar": 1.4304727272727271,
        "Upstarstar": 0.005849323856148858,
        "R0": 0.027478255846931154
    },
    "R sonic drift": 0.0037672981789796047,
    "w sonic drift": 7.745966692414831,
    "R critical": 0.008433930068571646,
    "w critical": 43.32928075712418,
    "R equilib drift": 0.0037672981789796047,
    "w equilib drift": 10.0,
    "t min": [
        3898.759132400772,
        4028.423079358923,
        4158.087026317075,
        4287.750973275225,
        4417.414920233376,
        4544.131959306115,
        4673.795906264266,
        4806.40676110783,
        4918.389260753505,
        5024.477944628356,
        5189.504786211459,
        5434.098140700698
    ],
    "R min": [
        0.0035704704386960175,
        0.0035738806231580315,
        0.0035745394737187494,
        0.0035746523088162935,
        0.0035746711544145868,
        0.0035746742927871638,
        0.0035746748067714464,
        0.0035746748879992157,
        0.003574674897833277,
        0.0035746748913528547,
        0.0035746749006384877,
        0.0035746749026746884
    ],
    "t max": [
        3963.5911058798474,
        4093.2550528379984,
        4222.918999796149,
        4352.582946754301,
        4479.299985827039,
        4608.963932785191,
        4738.6278797433415,
        4865.344918816081,
        4968.486694805519,
        5092.256825992845,
        5301.487285857134
    ],
    "R max": [
        0.003576848007906625,
        0.0035750127793462206,
        0.0035747305104527165,
        0.0035746841126039525,
        0.0035746764030215473,
        0.003574675148400826,
        0.0035746749398555097,
        0.0035746749119993614,
        0.003574674915662698,
        0.003574674908660975,
        0.0035746749047534097
    ],
    "R end": 0.0035746749030010957,
    "v end": 8.783834944657596e-12,
    "t end": 14734.53942706263,
    "v max": 0.15746354682837593
}