{
    "star": "MS10",
    "grain": "sil",
    "stream": {
        "L4": 0.64,
        "eta": 0.0066,
        "vinf": 80.0,
        "n": 63.09573444801995,
        "T": 8000.0,
        "kappa": 600.0,
        "cs": 10.19646997739904,
        "taustar": 0.00706952128904614,
        "Rstar": 0.02782225160065096,
        "Qp": 2.0,
        "a": 0.002,
        "rho_d": 3.5,
        "kappa_d": 2142857.1428571427,
        "drag_constant": 20.711600567811562,
        "phi_norm": 0.7,
        "Rstarstar": 1.4049285714285713,
        "Upstarstar": 0.02414106038608446,
        "R0": 0.002465388388252727
    },
    "R sonic drift": 0.011913242870580215,
    "w sonic drift": 7.745966692414831,
    "R critical": 0.025178508235883353,
    "w critical": 38.7741595142002,
    "R equilib drift": 0.02113754785768846,
    "w equilib drift": 80.0,
    "t min": [
        1341.9275000564253,
        4470.761931611597,
        4575.6000175535055,
        4688.5921768464505,
        4821.387085706201,
        4957.676597430682,
        4997.282096564291,
        5092.801241533585,
        5138.23107877508,
        5156.868960720307,
        5165.023034071345,
        5225.596150393337,
        5282.674663850597,
        5375.8640735767385,
        5500.504909085451,
        5637.959288431508
    ],
    "R min": [
        0.010916330737026018,
        0.020623298284957924,
        0.020623298279316853,
        0.020623298293102745,
        0.020623298295739195,
        0.02062329828448107,
        0.020623298286040898,
        0.020623298296809412,
        0.0206232982956952,
        0.02062329829555499,
        0.02062329829552336,
        0.020623298292595415,
        0.020623298296688373,
        0.020623298290617008,
        0.02062329828609519,
        0.020623298292004905
    ],
    "t max": [
        4402.034741938569,
        4516.19176885309,
        4638.502869118651,
        4759.649101762633,
        4883.12506964977,
        4991.457758456408,
        5084.647168182549,
        5111.439123478814,
        5148.71488736927,
        5161.528431206615,
        5187.155518881304,
        5271.02598763483,
        5337.423442064705,
        5438.766925141883,
        5630.970082702049
    ],
    "R max": [
        0.02062329830735153,
        0.020623298286606365,
        0.02062329829344996,
        0.020623298322510683,
        0.02062329832622457,
        0.02062329828632562,
        0.020623298297072087,
        0.02062329829648974,
        0.020623298296039826,
        0.020623298295594242,
        0.020623298294962834,
        0.020623298297044543,
        0.020623298298551713,
        0.02062329829798511,
        0.020623298292352106
    ],
    "R end": 0.020623298335532794,
    "v end": 1.7465703887532285e-07,
    "t end": 5824.33810788379,
    "v max": 92.96248383570394
}