{
    "star": "MS10",
    "grain": "gra",
    "stream": {
        "L4": 0.64,
        "eta": 0.0066,
        "vinf": 200.0,
        "n": 199.52623149688992,
        "T": 8000.0,
        "kappa": 600.0,
        "cs": 10.19646997739904,
        "taustar": 0.00502863365885703,
        "Rstar": 0.006258240733955749,
        "Qp": 2.0,
        "a": 0.2,
        "rho_d": 2.2,
        "kappa_d": 34090.90909090909,
        "drag_constant": 0.00042436968691757216,
        "phi_norm": 1.0,
        "Rstarstar": 0.0035761818181818178,
        "Upstarstar": 1178.2179910911452,
        "R0": 0.0005408508129909671
    },
    "R sonic drift": 0.004226978079673296,
    "w sonic drift": 7.745966692414831,
    "R critical": 0.009463025179229607,
    "w critical": 43.32928075712418,
    "R equilib drift": 0.004601354862987261,
    "w equilib drift": 200.0,
    "t min": [
        204.8367476432433,
        389.99990935464973,
        565.7395887289576,
        743.6284833731303
    ],
    "R min": [
        0.0016043896896557489,
        0.003786785055975068,
        0.0044050879305262795,
        0.00451295634458799
    ],
    "t max": [
        279.23266083086196,
        474.1499533824228,
        654.0227390449319
    ],
    "R max": [
        0.007514842418386371,
        0.0048801838251782345,
        0.004585206771372004
    ],
    "R end": 0.004541104132671605,
    "v end": 0.06795753368767328,
    "t end": 826.621257640207,
    "v max": 146.50793077017187
}