{
    "star": "MS40",
    "grain": "gra",
    "stream": {
        "L4": 22.2,
        "eta": 0.4468,
        "vinf": 200.0,
        "n": 630.9573444802007,
        "T": 10000.0,
        "kappa": 600.0,
        "cs": 11.4,
        "taustar": 0.05266674742874632,
        "Rstar": 0.020727110620926095,
        "Qp": 2.0,
        "a": 0.02,
        "rho_d": 2.2,
        "kappa_d": 340909.0909090908,
        "drag_constant": 5.818718775223519,
        "phi_norm": 1.5,
        "Rstarstar": 1.2404880681818178,
        "Upstarstar": 0.08592956960371287,
        "R0": 0.01494566872289334
    },
    "R sonic drift": 0.007516748085768888,
    "w sonic drift": 8.6559494714014,
    "R critical": 0.016827902832903904,
    "w critical": 48.41952977064848,
    "R equilib drift": 0.010023744672545451,
    "w equilib drift": 200.0,
    "t min": [
        335.445684931022,
        891.0919115038805,
        1069.8394806871072,
        1218.89378591062,
        1430.862531603229
    ],
    "R min": [
        0.006969792899747882,
        0.009734271988977987,
        0.009734272022698066,
        0.009734271991346636,
        0.009734272006654094
    ],
    "t max": [
        855.5187932947188,
        983.405623220218,
        1131.5779503063136,
        1329.7290385127192
    ],
    "R max": [
        0.009734271990506058,
        0.009734272001786861,
        0.009734272038912849,
        0.009734272014317693
    ],
    "R end": 0.009734272003845,
    "v end": 1.0849387358139743e-07,
    "t end": 1469.9635623620597,
    "v max": 136.58729381590325
}