{
    "star": "MS20",
    "grain": "gra",
    "stream": {
        "L4": 5.45,
        "eta": 0.1199,
        "vinf": 70.0,
        "n": 0.025118864315095874,
        "T": 9000.0,
        "kappa": 600.0,
        "cs": 10.814989597775858,
        "taustar": 0.00047042480956096746,
        "Rstar": 4.650423288341457,
        "Qp": 2.0,
        "a": 0.02,
        "rho_d": 2.2,
        "kappa_d": 340909.0909090908,
        "drag_constant": 0.003410681987852749,
        "phi_norm": 1.5,
        "Rstarstar": 2.485993738404452,
        "Upstarstar": 146.5982468552523,
        "R0": 1.6124713149931316
    },
    "R sonic drift": 0.5970765237835921,
    "w sonic drift": 9.672835454459698,
    "R critical": 1.4158915687682763,
    "w critical": 48.41952977064848,
    "R equilib drift": 1.365961646909502,
    "w equilib drift": 70.0,
    "t min": [
        80199.74520247344,
        179548.68081518807,
        278964.3383457084
    ],
    "R min": [
        0.4066425252830961,
        0.40668115953313116,
        0.40661888909231675
    ],
    "t max": [
        127372.14109111631,
        226721.0767038309,
        326070.0123165456
    ],
    "R max": [
        2.650604810945845,
        2.6506040135243945,
        2.6506022035817947
    ],
    "R end": 2.6055451857214034,
    "v end": -11.642032003923783,
    "t end": 333609.58902859176,
    "v max": 92.34121361522854
}