{
    "star": "MS40",
    "grain": "gra",
    "stream": {
        "L4": 22.2,
        "eta": 0.4468,
        "vinf": 120.0,
        "n": 158.48931924611304,
        "T": 10000.0,
        "kappa": 600.0,
        "cs": 11.4,
        "taustar": 0.04399316907993268,
        "Rstar": 0.0689267045335418,
        "Qp": 2.0,
        "a": 0.02,
        "rho_d": 2.2,
        "kappa_d": 340909.0909090908,
        "drag_constant": 11.277747484763866,
        "phi_norm": 1.5,
        "Rstarstar": 3.4458001893939385,
        "Upstarstar": 0.0443350944570709,
        "R0": 0.049105625107163084
    },
    "R sonic drift": 0.01499788418664912,
    "w sonic drift": 8.6559494714014,
    "R critical": 0.033576080362451216,
    "w critical": 48.41952977064848,
    "R equilib drift": 0.026670428643266485,
    "w equilib drift": 120.0,
    "t min": [
        1118.4365193366787,
        3481.426962725448,
        4088.550283099642,
        4591.064593361051
    ],
    "R min": [
        0.01394712603677575,
        0.026265300502126446,
        0.026265300511692704,
        0.026265300427656124
    ],
    "t max": [
        3422.7677047182797,
        3633.9410335440866,
        4292.880031824612
    ],
    "R max": [
        0.02626530049712494,
        0.026265300515589514,
        0.026265300495282
    ],
    "R end": 0.026265300571488667,
    "v end": 3.645934493017695e-07,
    "t end": 4888.271500597372,
    "v max": 191.06133047842806
}