{
    "star": "MS10",
    "grain": "sil",
    "stream": {
        "L4": 0.64,
        "eta": 0.0066,
        "vinf": 200.0,
        "n": 31.622776601684052,
        "T": 8000.0,
        "kappa": 600.0,
        "cs": 10.19646997739904,
        "taustar": 0.0020019351176776513,
        "Rstar": 0.015719989984744016,
        "Qp": 2.0,
        "a": 0.02,
        "rho_d": 3.5,
        "kappa_d": 214285.71428571426,
        "drag_constant": 0.002657379786899073,
        "phi_norm": 0.7,
        "Rstarstar": 0.022478857142857148,
        "Upstarstar": 188.155265748994,
        "R0": 0.0013089507388105127
    },
    "R sonic drift": 0.016827902832903904,
    "w sonic drift": 7.745966692414831,
    "R critical": 0.03556558820077846,
    "w critical": 38.7741595142002,
    "R equilib drift": 0.015412948524015339,
    "w equilib drift": 200.0,
    "t min": [
        809.5462709963497,
        1216.2939095945155,
        1653.9754300925422,
        2093.6314536905597,
        2531.971141888583,
        2943.3259543867284
    ],
    "R min": [
        0.007790540943423941,
        0.014305677196526251,
        0.014694048716141448,
        0.014709253447863592,
        0.014709836803203407,
        0.014709859179290434
    ],
    "t max": [
        980.0117052955811,
        1433.4892505935363,
        1873.145274191554,
        2313.459465489568,
        2747.85014748761,
        3169.0774754857102
    ],
    "R max": [
        0.017060817774145434,
        0.014790979720881154,
        0.01471295940610673,
        0.014709978843817336,
        0.01470986501643,
        0.014709860662298537
    ],
    "R end": 0.01470986042341868,
    "v end": -1.948206137245708e-06,
    "t end": 3290.8384999851614,
    "v max": 99.02446726114037
}