{
    "star": "MS10",
    "grain": "gra",
    "stream": {
        "L4": 0.64,
        "eta": 0.0066,
        "vinf": 20.0,
        "n": 0.01995262314968885,
        "T": 8000.0,
        "kappa": 600.0,
        "cs": 10.19646997739904,
        "taustar": 0.0005028633658857012,
        "Rstar": 6.258240733955771,
        "Qp": 2.0,
        "a": 0.02,
        "rho_d": 2.2,
        "kappa_d": 340909.0909090908,
        "drag_constant": 0.042436968691756886,
        "phi_norm": 1.0,
        "Rstarstar": 3.5761818181818166,
        "Upstarstar": 11.78217991091154,
        "R0": 0.5115785302303896
    },
    "R sonic drift": 0.4226978079673296,
    "w sonic drift": 7.745966692414831,
    "R critical": 0.9463025179229617,
    "w critical": 43.32928075712418,
    "R equilib drift": 0.5345941010926787,
    "w equilib drift": 20.0,
    "t min": [
        205167.3961462994,
        484400.0569771614,
        763632.7178080232
    ],
    "R min": [
        0.3229928975964789,
        0.3229904902212592,
        0.3229888679785485
    ],
    "t max": [
        321886.31772509665,
        601118.9785559586
    ],
    "R max": [
        3.1660287234616287,
        3.16603050578411
    ],
    "R end": 2.3857782113610617,
    "v end": 25.433189598604507,
    "t end": 826621.2576402071,
    "v max": 39.72960357667573
}