{
    "star": "MS10",
    "grain": "sil",
    "stream": {
        "L4": 0.64,
        "eta": 0.0066,
        "vinf": 60.0,
        "n": 7.943282347242878,
        "T": 8000.0,
        "kappa": 600.0,
        "cs": 10.19646997739904,
        "taustar": 0.0033444810784338313,
        "Rstar": 0.10455167869415982,
        "Qp": 2.0,
        "a": 0.02,
        "rho_d": 3.5,
        "kappa_d": 214285.71428571426,
        "drag_constant": 0.08240785469234069,
        "phi_norm": 0.7,
        "Rstarstar": 0.24976507936507933,
        "Upstarstar": 6.0673827982379445,
        "R0": 0.008850581123735974
    },
    "R sonic drift": 0.033576080362451216,
    "w sonic drift": 7.745966692414831,
    "R critical": 0.07096267784671514,
    "w critical": 38.7741595142002,
    "R equilib drift": 0.06755728043478894,
    "w equilib drift": 60.0,
    "t min": [
        5222.2271000648325,
        9056.821349567592,
        13228.474682645367,
        17461.411485464054,
        21698.725678978517
    ],
    "R min": [
        0.024650399594679056,
        0.055465850837031136,
        0.06544451561152037,
        0.06681621379053054,
        0.06700552797361632
    ],
    "t max": [
        6876.880783069448,
        11083.553241713458,
        15338.376998011041,
        19580.068582221287
    ],
    "R max": [
        0.0862498650858455,
        0.07112336353108958,
        0.0676223662846229,
        0.06711798502245245
    ],
    "R end": 0.0670067213475645,
    "v end": 0.012134660581265236,
    "t end": 21886.953478897034,
    "v max": 75.96675108026157
}