{
    "star": "MS10",
    "grain": "sil",
    "stream": {
        "L4": 0.64,
        "eta": 0.0066,
        "vinf": 20.0,
        "n": 10000.000000000144,
        "T": 8000.0,
        "kappa": 600.0,
        "cs": 10.19646997739904,
        "taustar": 0.35600000000000254,
        "Rstar": 0.008839999999999936,
        "Qp": 2.0,
        "a": 0.002,
        "rho_d": 3.5,
        "kappa_d": 2142857.1428571427,
        "drag_constant": 840337.2734693997,
        "phi_norm": 0.7,
        "Rstarstar": 22.47885714285714,
        "Upstarstar": 5.949991935210847e-07,
        "R0": 0.0052342248411311664
    },
    "R sonic drift": 0.0009463025179229607,
    "w sonic drift": 7.745966692414831,
    "R critical": 0.0020000000000000005,
    "w critical": 38.7741595142002,
    "R equilib drift": 0.0012619146889603862,
    "w equilib drift": 20.0,
    "t min": [
        444.50799083319197,
        527.4137276746866,
        610.3194645161811,
        693.2252013576758,
        775.7608233025566,
        858.6665601440512,
        941.5722969855457,
        1024.4780338270402,
        1107.383770668535,
        1190.2895075100296,
        1273.195244351524,
        1356.1009811930187,
        1439.0067180345134,
        1521.912454876008,
        1604.8181917175025,
        1687.723928558997,
        1770.6296654004916
    ],
    "R min": [
        0.0008985073351472832,
        0.0008983334183768471,
        0.0008981653163868661,
        0.0008980179738347536,
        0.0009015833158910927,
        0.0009013924979656365,
        0.0009012021694103941,
        0.0009010123571149142,
        0.0009008230762099905,
        0.0009006343167092597,
        0.000900446141138892,
        0.0009002585948538208,
        0.0009000717294718412,
        0.0008998855463947012,
        0.000899700105376683,
        0.0008995154845028028,
        0.0008993317891725868
    ],
    "t max": [
        460.42293138758606,
        543.3286682290806,
        626.2344050705752,
        709.1401419120698,
        791.6757638569505,
        874.5815006984452,
        957.4872375399398,
        1040.3929743814344,
        1123.2987112229291,
        1206.2044480644236,
        1289.1101849059182,
        1372.0159217474127,
        1454.9216585889073,
        1537.8273954304018,
        1620.7331322718965,
        1703.6388691133911,
        1786.5446059548858
    ],
    "R max": [
        0.0019965783245006557,
        0.00199687370742123,
        0.001997113134742615,
        0.0019972366654035564,
        0.001989444164399447,
        0.001989928763053614,
        0.0019904090187766073,
        0.001990884659014422,
        0.001991355400513767,
        0.001991821006218945,
        0.0019922809626682927,
        0.0019927348315634075,
        0.001993181975931254,
        0.001993621878165634,
        0.0019940537137175625,
        0.0019944764449825007,
        0.0019948887890050065
    ],
    "R end": 0.0009334268247399877,
    "v end": -12.12098386397324,
    "t end": 1850.5744830690755,
    "v max": 156.277576999337
}