{
    "star": "MS10",
    "grain": "sil",
    "stream": {
        "L4": 0.64,
        "eta": 0.0066,
        "vinf": 60.0,
        "n": 1.2589254117941753,
        "T": 8000.0,
        "kappa": 600.0,
        "cs": 10.19646997739904,
        "taustar": 0.0013314618991050009,
        "Rstar": 0.26262194310340947,
        "Qp": 2.0,
        "a": 0.02,
        "rho_d": 3.5,
        "kappa_d": 214285.71428571426,
        "drag_constant": 0.013060764790721519,
        "phi_norm": 0.7,
        "Rstarstar": 0.2497650793650793,
        "Upstarstar": 38.28259738321024,
        "R0": 0.021688004768427423
    },
    "R sonic drift": 0.08433930068571646,
    "w sonic drift": 7.745966692414831,
    "R critical": 0.1782501876267492,
    "w critical": 38.7741595142002,
    "R equilib drift": 0.16969621607383392,
    "w equilib drift": 60.0,
    "t min": [
        13392.529102268087,
        29083.11943801239,
        44773.709773756695
    ],
    "R min": [
        0.0508449865986317,
        0.05084372609714132,
        0.05084272774470137
    ],
    "t max": [
        20473.63644369719,
        36164.226779441495,
        51854.8171151858
    ],
    "R max": [
        0.29482538759276095,
        0.2948252862691065,
        0.2948252984956546
    ],
    "R end": 0.2632185622474641,
    "v end": -18.980986836489116,
    "t end": 54977.54147072285,
    "v max": 68.58256320926557
}