{
    "star": "MS10",
    "grain": "gra",
    "stream": {
        "L4": 0.64,
        "eta": 0.0066,
        "vinf": 170.0,
        "n": 0.010000000000000021,
        "T": 8000.0,
        "kappa": 600.0,
        "cs": 10.19646997739904,
        "taustar": 4.188235294117651e-05,
        "Rstar": 1.0399999999999987,
        "Qp": 2.0,
        "a": 0.2,
        "rho_d": 2.2,
        "kappa_d": 34090.90909090909,
        "drag_constant": 4.0744467987018923e-08,
        "phi_norm": 1.0,
        "Rstarstar": 0.004949732620320854,
        "Upstarstar": 12271604.581002226,
        "R0": 0.0845335681344997
    },
    "R sonic drift": 0.5970765237835921,
    "w sonic drift": 7.745966692414831,
    "R critical": 1.33668783513723,
    "w critical": 43.32928075712418,
    "R equilib drift": 0.7261539236755039,
    "w equilib drift": 170.0,
    "t min": [
        34424.584769056215
    ],
    "R min": [
        0.004940821537591212
    ],
    "t max": [],
    "R max": [],
    "R end": 16.758542138879612,
    "v end": 150.86866181292214,
    "t end": 137368.6543058907,
    "v max": 168.44880377124605
}