{
    "star": "MS10",
    "grain": "gra",
    "stream": {
        "L4": 0.64,
        "eta": 0.0066,
        "vinf": 50.0,
        "n": 3.981071705535002,
        "T": 8000.0,
        "kappa": 600.0,
        "cs": 10.19646997739904,
        "taustar": 0.002841253536515695,
        "Rstar": 0.17721980581060284,
        "Qp": 2.0,
        "a": 0.2,
        "rho_d": 2.2,
        "kappa_d": 34090.90909090909,
        "drag_constant": 0.0021676258404397354,
        "phi_norm": 1.0,
        "Rstarstar": 0.057218909090909084,
        "Upstarstar": 230.66711545502136,
        "R0": 0.01490960926479112
    },
    "R sonic drift": 0.029924713121888692,
    "w sonic drift": 7.745966692414831,
    "R critical": 0.0669930878315656,
    "w critical": 43.32928075712418,
    "R equilib drift": 0.0669930878315656,
    "w equilib drift": 50.0,
    "t min": [
        5777.124357854517,
        19775.180946173004
    ],
    "R min": [
        0.01586669917225513,
        0.01586757280666751
    ],
    "t max": [
        12785.51590056782
    ],
    "R max": [
        0.22626783263226444
    ],
    "R end": 0.18228254449144982,
    "v end": 27.060162829824,
    "t end": 23408.121385147966,
    "v max": 61.79804866432663
}