{
    "star": "MS10",
    "grain": "sil",
    "stream": {
        "L4": 0.64,
        "eta": 0.0066,
        "vinf": 300.0,
        "n": 100000.00000000163,
        "T": 8000.0,
        "kappa": 600.0,
        "cs": 10.19646997739904,
        "taustar": 0.07505138980133015,
        "Rstar": 0.00018636356343925496,
        "Qp": 2.0,
        "a": 0.002,
        "rho_d": 3.5,
        "kappa_d": 2142857.1428571427,
        "drag_constant": 165.99254784580765,
        "phi_norm": 0.7,
        "Rstarstar": 0.09990603174603173,
        "Upstarstar": 0.003012183417200486,
        "R0": 3.4278295941852634e-05
    },
    "R sonic drift": 0.0002992471312188866,
    "w sonic drift": 7.745966692414831,
    "R critical": 0.000632455532033676,
    "w critical": 38.7741595142002,
    "R equilib drift": 0.00020000000000000004,
    "w equilib drift": 300.0,
    "t min": [
        19.210264950078074,
        20.13878709835561,
        20.185603341125905,
        20.20120875538267,
        20.263630412409732,
        20.443092676362536,
        20.809819911396517,
        24.258616462141646
    ],
    "R min": [
        0.00018992754331480336,
        0.0001899275430750489,
        0.00018992754308913378,
        0.00018992754309569117,
        0.0001899275431168737,
        0.00018992754320470572,
        0.0001899275431218914,
        0.00018992754314467938
    ],
    "t max": [
        19.60820301362559,
        20.17780063399752,
        20.19340604825429,
        20.240222291024583,
        20.388473726463854,
        20.46650079774768,
        21.590090624234783
    ],
    "R max": [
        0.00018992754330252994,
        0.00018992754309154114,
        0.00018992754309808866,
        0.00018992754312068663,
        0.000189927543233795,
        0.00018992754321664013,
        0.0001899275433234876
    ],
    "R end": 0.0001899275434516512,
    "v end": 1.7822763493800668e-08,
    "t end": 39.01353564191323,
    "v max": 2.6876640987745935e-06
}