{
    "star": "MS10",
    "grain": "sil",
    "stream": {
        "L4": 0.64,
        "eta": 0.0066,
        "vinf": 60.0,
        "n": 1.995262314968893,
        "T": 8000.0,
        "kappa": 600.0,
        "cs": 10.19646997739904,
        "taustar": 0.0016762112196190074,
        "Rstar": 0.20860802446519192,
        "Qp": 2.0,
        "a": 0.002,
        "rho_d": 3.5,
        "kappa_d": 2142857.1428571427,
        "drag_constant": 2.069991720515034,
        "phi_norm": 0.7,
        "Rstarstar": 2.4976507936507932,
        "Upstarstar": 0.24154685984714716,
        "R0": 0.017300624478117782
    },
    "R sonic drift": 0.0669930878315656,
    "w sonic drift": 7.745966692414831,
    "R critical": 0.14158915687682763,
    "w critical": 38.7741595142002,
    "R equilib drift": 0.1347944957533187,
    "w equilib drift": 60.0,
    "t min": [
        10192.627822945798,
        15581.532164640364,
        20446.393944743886,
        25215.181255222386,
        29084.362168302923
    ],
    "R min": [
        0.05821668338238026,
        0.13371120692535432,
        0.1337544554698768,
        0.13375460351018204,
        0.13375460355529212
    ],
    "t max": [
        13170.936381321562,
        18018.330076038714,
        22883.19185614224,
        27363.75575774566,
        33276.70266103127
    ],
    "R max": [
        0.13446614807830992,
        0.1337571392616934,
        0.13375461247282264,
        0.13375460357873684,
        0.13375460423912292
    ],
    "R end": 0.13375460369931072,
    "v end": -8.368070381912646e-09,
    "t end": 43670.2134659203,
    "v max": 92.53103318208998
}