{
    "star": "MS10",
    "grain": "sil",
    "stream": {
        "L4": 0.64,
        "eta": 0.0066,
        "vinf": 40.0,
        "n": 12589.254117941868,
        "T": 8000.0,
        "kappa": 600.0,
        "cs": 10.19646997739904,
        "taustar": 0.19971928486575105,
        "Rstar": 0.003939329146551125,
        "Qp": 2.0,
        "a": 0.02,
        "rho_d": 3.5,
        "kappa_d": 214285.71428571426,
        "drag_constant": 661.2012175302831,
        "phi_norm": 0.7,
        "Rstarstar": 0.5619714285714286,
        "Upstarstar": 0.0007561994544831579,
        "R0": 0.0015250529175517263
    },
    "R sonic drift": 0.0008433930068571646,
    "w sonic drift": 7.745966692414831,
    "R critical": 0.001782501876267492,
    "w critical": 38.7741595142002,
    "R equilib drift": 0.001782501876267492,
    "w equilib drift": 40.0,
    "t min": [
        192.1465074401764,
        244.43014937883385,
        296.71379131749126,
        348.9974332561487,
        401.2810751948062,
        453.5647171334636,
        505.84835907212107,
        558.1320010107785,
        610.2507103250238,
        662.5343522636813,
        714.8179942023387,
        767.1016361409961,
        819.3852780796535
    ],
    "R min": [
        0.0007920365774042106,
        0.0007916780725495855,
        0.0007913324881347424,
        0.0007910063705101598,
        0.0007907101200118812,
        0.0007904586565937711,
        0.0007902689327024612,
        0.0007901554678651058,
        0.0007937464847750173,
        0.0007933615745048644,
        0.0007929802243730692,
        0.0007926032221635261,
        0.0007922319460567511
    ],
    "t max": [
        216.72146847758955,
        269.00511041624696,
        321.28875235490443,
        373.57239429356184,
        425.8560362322193,
        478.1396781708767,
        530.2583874851221,
        582.5420294237795,
        634.8256713624369,
        687.1093133010943,
        739.3929552397518,
        791.6765971784092
    ],
    "R max": [
        0.001790783086391129,
        0.0017907910853543487,
        0.001790797673087287,
        0.0017908028224561388,
        0.001790806499906104,
        0.0017908086804593562,
        0.0017906977756558737,
        0.001790714403993179,
        0.0017907297743756144,
        0.0017907438664628676,
        0.0017907566565388993,
        0.0017907681235518529
    ],
    "R end": 0.0012599216381992352,
    "v end": 61.97210300443005,
    "t end": 824.663122060843,
    "v max": 126.6245520498316
}