{
    "star": "MS10",
    "grain": "sil",
    "stream": {
        "L4": 0.64,
        "eta": 0.0066,
        "vinf": 300.0,
        "n": 3162.277660168418,
        "T": 8000.0,
        "kappa": 600.0,
        "cs": 10.19646997739904,
        "taustar": 0.013346234117851033,
        "Rstar": 0.0010479993323162654,
        "Qp": 2.0,
        "a": 0.02,
        "rho_d": 3.5,
        "kappa_d": 214285.71428571426,
        "drag_constant": 0.052491452580722624,
        "phi_norm": 0.7,
        "Rstarstar": 0.009990603174603173,
        "Upstarstar": 9.525360328542783,
        "R0": 0.00010024721745003532
    },
    "R sonic drift": 0.0016827902832903898,
    "w sonic drift": 7.745966692414831,
    "R critical": 0.003556558820077846,
    "w critical": 38.7741595142002,
    "R equilib drift": 0.0010720318334923626,
    "w equilib drift": 300.0,
    "t min": [
        84.99138899295009,
        92.2751115395839,
        100.96292517954473,
        103.37620674620051,
        104.86805353286046,
        155.59084427929838
    ],
    "R min": [
        0.0010680410627842238,
        0.0010680410622260746,
        0.0010680410644068313,
        0.0010680410641494952,
        0.0010680410641865715,
        0.0010680410631220205
    ],
    "t max": [
        87.53630409960527,
        97.7598423728925,
        102.89355043286936,
        103.50784028619992,
        114.69669118614948
    ],
    "R max": [
        0.001068041065493512,
        0.0010680410644145636,
        0.0010680410642312905,
        0.0010680410642474444,
        0.0010680410657660222
    ],
    "R end": 0.0010680410632392724,
    "v end": 4.684862444118415e-08,
    "t end": 219.38923333234405,
    "v max": 2.0785121060414887e-06
}