{
    "star": "MS40",
    "grain": "gra",
    "stream": {
        "L4": 22.2,
        "eta": 0.4468,
        "vinf": 10.0,
        "n": 1.2589254117941753,
        "T": 10000.0,
        "kappa": 600.0,
        "cs": 11.4,
        "taustar": 0.047050743856759676,
        "Rstar": 9.280444137702345,
        "Qp": 2.0,
        "a": 0.02,
        "rho_d": 2.2,
        "kappa_d": 340909.0909090908,
        "drag_constant": 1857.5792469768471,
        "phi_norm": 1.5,
        "Rstarstar": 496.1952272727271,
        "Upstarstar": 0.00026916752047792026,
        "R0": 6.639969489336682
    },
    "R sonic drift": 0.16827902832903915,
    "w sonic drift": 8.6559494714014,
    "R critical": 0.37672981789796045,
    "w critical": 48.41952977064848,
    "R equilib drift": 0.16827902832903915,
    "w equilib drift": 10.0,
    "t min": [
        209692.22921905463,
        216537.1732990238,
        233254.63287894844,
        259581.34087882977,
        346327.8437384387
    ],
    "R min": [
        0.16110196032943627,
        0.16110195988152284,
        0.16110196002305185,
        0.16110196007636762,
        0.16110196006286812
    ],
    "t max": [
        210087.12983905285,
        220091.2788790078,
        244575.1173188974,
        273534.49611876684,
        398059.8249582055
    ],
    "R max": [
        0.1611019603438381,
        0.16110196003437427,
        0.16110196005315072,
        0.1611019600599498,
        0.16110196003181904
    ],
    "R end": 0.16110196001554358,
    "v end": -3.534057416837001e-10,
    "t end": 658167.6999970329,
    "v max": 1.1690986561080085e-07
}