{
    "star": "MS10",
    "grain": "sil",
    "stream": {
        "L4": 0.64,
        "eta": 0.0066,
        "vinf": 200.0,
        "n": 5011.872336272797,
        "T": 8000.0,
        "kappa": 600.0,
        "cs": 10.19646997739904,
        "taustar": 0.025202869924075496,
        "Rstar": 0.0012486831894465058,
        "Qp": 2.0,
        "a": 0.002,
        "rho_d": 3.5,
        "kappa_d": 2142857.1428571427,
        "drag_constant": 42.11663134040131,
        "phi_norm": 0.7,
        "Rstarstar": 0.22478857142857145,
        "Upstarstar": 0.011871794682694952,
        "R0": 0.00013757022154447046
    },
    "R sonic drift": 0.00133668783513723,
    "w sonic drift": 7.745966692414831,
    "R critical": 0.0028250750892455114,
    "w critical": 38.7741595142002,
    "R equilib drift": 0.001224294019297732,
    "w equilib drift": 200.0,
    "t min": [
        138.17635380105978,
        148.37097695323786,
        163.009410197391,
        184.86249982616246,
        193.69783989138344,
        211.99588144657486
    ],
    "R min": [
        0.0011684457382752172,
        0.0011684457357797765,
        0.001168445735265599,
        0.0011684457359129048,
        0.0011684457354530502,
        0.0011684457355639027
    ],
    "t max": [
        139.84931760039154,
        157.0494766622715,
        168.81250337632312,
        186.1695027943904,
        207.65663159205803
    ],
    "R max": [
        0.0011684457388825237,
        0.0011684457359548222,
        0.0011684457366241672,
        0.0011684457358007475,
        0.0011684457355515022
    ],
    "R end": 0.0011684457349399842,
    "v end": 4.34849838510354e-09,
    "t end": 261.4005936455917,
    "v max": 6.534036857564589e-07
}