{
    "star": "MS10",
    "grain": "sil",
    "stream": {
        "L4": 0.64,
        "eta": 0.0066,
        "vinf": 300.0,
        "n": 0.39810717055349937,
        "T": 8000.0,
        "kappa": 600.0,
        "cs": 10.19646997739904,
        "taustar": 0.00014974720975663295,
        "Rstar": 0.09340303880904137,
        "Qp": 2.0,
        "a": 0.002,
        "rho_d": 3.5,
        "kappa_d": 2142857.1428571427,
        "drag_constant": 0.0006608282355585978,
        "phi_norm": 0.7,
        "Rstarstar": 0.09990603174603174,
        "Upstarstar": 756.6262654884141,
        "R0": 0.007602098308272892
    },
    "R sonic drift": 0.14997884186649119,
    "w sonic drift": 7.745966692414831,
    "R critical": 0.31697863849222285,
    "w critical": 38.7741595142002,
    "R equilib drift": 0.09554493773093078,
    "w equilib drift": 300.0,
    "t min": [
        4876.5396489959385,
        6925.7030620463565,
        9068.721287908244,
        11231.292599772521,
        13389.953294436322,
        15548.61398910012,
        17679.900363360575
    ],
    "R min": [
        0.049003221867780035,
        0.0900231532174565,
        0.09478067957915721,
        0.09515797545801676,
        0.09518687388135048,
        0.09518908043578389,
        0.0951892439664191
    ],
    "t max": [
        5736.875433101076,
        7981.569706175389,
        10148.051635240145,
        12310.62294710442,
        14469.283641768223,
        16620.123102031066,
        18821.80058590012
    ],
    "R max": [
        0.11774325958967743,
        0.09668835564624427,
        0.09530259010706595,
        0.09519790642890724,
        0.09518991917297524,
        0.09518931084531057,
        0.09518926526492885
    ],
    "R end": 0.09518925967326794,
    "v end": -6.442151953568552e-06,
    "t end": 19553.08600238949,
    "v max": 140.86780289056682
}