{
    "star": "MS10",
    "grain": "gra",
    "stream": {
        "L4": 0.64,
        "eta": 0.0066,
        "vinf": 500.0,
        "n": 1.0000000000000062,
        "T": 8000.0,
        "kappa": 600.0,
        "cs": 10.19646997739904,
        "taustar": 0.00014240000000000045,
        "Rstar": 0.03535999999999989,
        "Qp": 2.0,
        "a": 0.2,
        "rho_d": 2.2,
        "kappa_d": 34090.90909090909,
        "drag_constant": 5.444829937190117e-08,
        "phi_norm": 1.0,
        "Rstarstar": 0.0005721890909090909,
        "Upstarstar": 9183023.267353551,
        "R0": 0.0028776995983758693
    },
    "R sonic drift": 0.05970765237835921,
    "w sonic drift": 7.745966692414831,
    "R critical": 0.133668783513723,
    "w critical": 43.32928075712418,
    "R equilib drift": 0.0375939949663084,
    "w equilib drift": 500.0,
    "t min": [
        1170.4358821479113
    ],
    "R min": [
        0.000568159027896935
    ],
    "t max": [],
    "R max": [],
    "R end": 1.1490501083163627,
    "v end": 182.47030146842025,
    "t end": 4670.534246400285,
    "v max": 490.4396362205675
}