{
    "star": "MS10",
    "grain": "gra",
    "stream": {
        "L4": 0.64,
        "eta": 0.0066,
        "vinf": 50.0,
        "n": 0.07943282347242846,
        "T": 8000.0,
        "kappa": 600.0,
        "cs": 10.19646997739904,
        "taustar": 0.00040133772941205906,
        "Rstar": 1.2546201443299205,
        "Qp": 2.0,
        "a": 0.02,
        "rho_d": 2.2,
        "kappa_d": 340909.0909090908,
        "drag_constant": 0.0043249821523821345,
        "phi_norm": 1.0,
        "Rstarstar": 0.5721890909090909,
        "Upstarstar": 115.60741348368519,
        "R0": 0.10243057591173768
    },
    "R sonic drift": 0.21185074503545798,
    "w sonic drift": 7.745966692414831,
    "R critical": 0.4742747411323311,
    "w critical": 43.32928075712418,
    "R equilib drift": 0.4742747411323311,
    "w equilib drift": 50.0,
    "t min": [
        40567.4747329609,
        114245.16781414725
    ],
    "R min": [
        0.12472130732324908,
        0.12472844070054909
    ],
    "t max": [
        77124.60269901963,
        150835.4391419159
    ],
    "R max": [
        1.3157092291756303,
        1.3157098460567038
    ],
    "R end": 1.1329280435979276,
    "v end": -27.33039925053872,
    "t end": 165716.80854967688,
    "v max": 65.2944437254176
}