{
    "star": "MS20",
    "grain": "gra",
    "stream": {
        "L4": 5.45,
        "eta": 0.1199,
        "vinf": 10.0,
        "n": 7.943282347242878,
        "T": 9000.0,
        "kappa": 600.0,
        "cs": 10.814989597775858,
        "taustar": 0.05855827269696264,
        "Rstar": 1.8305876362633924,
        "Qp": 2.0,
        "a": 0.02,
        "rho_d": 2.2,
        "kappa_d": 340909.0909090908,
        "drag_constant": 2589.604181815729,
        "phi_norm": 1.5,
        "Rstarstar": 121.81369318181815,
        "Upstarstar": 0.0001930797005623537,
        "R0": 0.7471289112015866
    },
    "R sonic drift": 0.033576080362451216,
    "w sonic drift": 9.672835454459698,
    "R critical": 0.07962143411069948,
    "w critical": 48.41952977064848,
    "R equilib drift": 0.033576080362451216,
    "w equilib drift": 10.0,
    "t min": [
        39212.665852791935,
        39606.63101541208,
        40499.61871735108,
        40735.99781492317,
        41287.549042591374,
        41760.30723773555,
        41970.421991132964,
        42154.272400355694,
        42416.91584210246,
        42968.46706977067,
        43756.39739501096,
        44071.56952510707,
        44439.27034355255,
        46251.510091605225,
        49718.40352266251,
        130376.20448309388
    ],
    "R min": [
        0.03329218706603239,
        0.03329218703805519,
        0.03329218703933455,
        0.0332921870561319,
        0.033292187032627374,
        0.03329218702734408,
        0.03329218702843171,
        0.033292187027764986,
        0.03329218701819847,
        0.0332921869837652,
        0.03329218700744818,
        0.03329218703515014,
        0.033292187029893894,
        0.03329218703525529,
        0.03329218703151913,
        0.033292187018576225
    ],
    "t max": [
        39238.930196966605,
        40131.91789890561,
        40683.469126573815,
        40788.52650327252,
        41471.399451814104,
        41944.15764695828,
        42075.479367831664,
        42233.065432879725,
        42627.03059549987,
        43441.22526491484,
        44045.3051809324,
        44229.15559015513,
        44780.70681782334,
        47590.99164451371,
        73907.86450753952
    ],
    "R max": [
        0.03329218706681386,
        0.0332921870659879,
        0.03329218706126294,
        0.03329218706121978,
        0.03329218705581207,
        0.03329218702879947,
        0.033292187028807776,
        0.03329218702925758,
        0.03329218702177165,
        0.03329218703150221,
        0.033292187035334264,
        0.03329218705164034,
        0.03329218708792653,
        0.033292187034304324,
        0.0332921872134421
    ],
    "R end": 0.033292187021138654,
    "v end": 3.733837537760252e-10,
    "t end": 131321.7208733822,
    "v max": 2.790697930386052e-07
}