{
    "star": "MS20",
    "grain": "gra",
    "stream": {
        "L4": 5.45,
        "eta": 0.1199,
        "vinf": 30.0,
        "n": 63095.73444802033,
        "T": 9000.0,
        "kappa": 600.0,
        "cs": 10.814989597775858,
        "taustar": 1.739670515888662,
        "Rstar": 0.006846510367015094,
        "Qp": 2.0,
        "a": 0.02,
        "rho_d": 2.2,
        "kappa_d": 340909.0909090908,
        "drag_constant": 253950.0886884349,
        "phi_norm": 1.5,
        "Rstarstar": 13.534854797979792,
        "Upstarstar": 1.9688908264703852e-06,
        "R0": 0.007159792078762812
    },
    "R sonic drift": 0.0003767298178979601,
    "w sonic drift": 9.672835454459698,
    "R critical": 0.0008933671843019262,
    "w critical": 48.41952977064848,
    "R equilib drift": 0.0006699308783156552,
    "w equilib drift": 30.0,
    "t min": [
        114.73294700539421,
        138.7011311400827,
        162.66931527477124,
        186.63749940945976,
        210.6056835441483,
        234.5738676788368,
        258.4438215506782,
        282.41200568536675,
        306.38018982005525,
        330.34837395474375,
        354.31655808943225,
        378.2847422241208,
        402.25292635880936,
        426.2211104934978,
        450.09106436533926,
        474.05924850002776
    ],
    "R min": [
        0.00037310886729399306,
        0.0003728489295035719,
        0.0003725903038359658,
        0.00037233326111280133,
        0.0003720782479002063,
        0.0003718265121570435,
        0.00037354346978308797,
        0.0003732816511065032,
        0.0003730209031819978,
        0.0003727613672117306,
        0.0003725032510385657,
        0.00037224682763106195,
        0.0003719926962747637,
        0.0003717429742243853,
        0.00037345484551340967,
        0.0003731933567253071
    ],
    "t max": [
        120.23384172483092,
        144.20202585951944,
        168.17020999420797,
        192.04016386604937,
        216.0083480007379,
        239.9765321354264,
        263.9447162701149,
        287.91290040480345,
        311.88108453949195,
        335.84926867418045,
        359.7192225460219,
        383.6874066807104,
        407.6555908153989,
        431.62377495008747,
        455.59195908477597,
        479.5601432194645
    ],
    "R max": [
        0.0008674090130372778,
        0.0008676617343392481,
        0.000867815015512856,
        0.0008659027164016717,
        0.000866251132003673,
        0.0008665887700906996,
        0.000866913081415471,
        0.000867219618946699,
        0.0008674998989943726,
        0.0008677319921152122,
        0.0008656669875594807,
        0.0008660215396348232,
        0.0008663665527406073,
        0.0008667000711368295,
        0.0008670189969644682,
        0.0008673179789262522
    ],
    "R end": 0.0005434427944607106,
    "v end": -26.20499128426666,
    "t end": 491.15131423542044,
    "v max": 283.6158496003343
}