{
    "star": "MS10",
    "grain": "gra",
    "stream": {
        "L4": 0.64,
        "eta": 0.0066,
        "vinf": 500.0,
        "n": 0.15848931924611206,
        "T": 8000.0,
        "kappa": 600.0,
        "cs": 10.19646997739904,
        "taustar": 5.669046108681814e-05,
        "Rstar": 0.08882030421817856,
        "Qp": 2.0,
        "a": 0.02,
        "rho_d": 2.2,
        "kappa_d": 340909.0909090908,
        "drag_constant": 8.62947390156107e-07,
        "phi_norm": 1.0,
        "Rstarstar": 0.005721890909090909,
        "Upstarstar": 579409.5975069236,
        "R0": 0.007220832623392152
    },
    "R sonic drift": 0.14997884186649119,
    "w sonic drift": 7.745966692414831,
    "R critical": 0.33576080362451216,
    "w critical": 43.32928075712418,
    "R equilib drift": 0.09443184586210962,
    "w equilib drift": 500.0,
    "t min": [
        2947.041122280144
    ],
    "R min": [
        0.005428323175836492
    ],
    "t max": [
        7414.530212106095
    ],
    "R max": [
        0.9206659838011896
    ],
    "R end": 0.456014211575832,
    "v end": -190.16702844152846,
    "t end": 11731.851601433695,
    "v max": 468.2952916638312
}