{
    "star": "MS10",
    "grain": "gra",
    "stream": {
        "L4": 0.64,
        "eta": 0.0066,
        "vinf": 90.0,
        "n": 19.952623149688993,
        "T": 8000.0,
        "kappa": 600.0,
        "cs": 10.19646997739904,
        "taustar": 0.0035337635290165256,
        "Rstar": 0.04397843303320893,
        "Qp": 2.0,
        "a": 0.02,
        "rho_d": 2.2,
        "kappa_d": 340909.0909090908,
        "drag_constant": 0.10348902592106615,
        "phi_norm": 1.0,
        "Rstarstar": 0.17660157126823783,
        "Upstarstar": 4.831430149718129,
        "R0": 0.0037315639313367883
    },
    "R sonic drift": 0.0133668783513723,
    "w sonic drift": 7.745966692414831,
    "R critical": 0.029924713121888692,
    "w critical": 43.32928075712418,
    "R equilib drift": 0.024955636482160454,
    "w equilib drift": 90.0,
    "t min": [
        1360.444867373279,
        2157.426232888283,
        3086.850565850387,
        4024.4073617259087,
        4991.008668006497
    ],
    "R min": [
        0.010742936301754297,
        0.024211958122407427,
        0.024297359343283923,
        0.024297669372503175,
        0.02429767031399655
    ],
    "t max": [
        1684.581603493813,
        2622.138399369335,
        3552.7245127476413,
        4512.355136531013,
        5461.529736568561
    ],
    "R max": [
        0.02571398288783108,
        0.024302833004026924,
        0.024297689205869326,
        0.024297670508434895,
        0.024297670566573504
    ],
    "R end": 0.02429767047608735,
    "v end": -4.0405085630394375e-07,
    "t end": 5808.902081013148,
    "v max": 104.77333905262785
}