{
    "star": "MS10",
    "grain": "gra",
    "stream": {
        "L4": 0.64,
        "eta": 0.0066,
        "vinf": 120.0,
        "n": 79.43282347242886,
        "T": 8000.0,
        "kappa": 600.0,
        "cs": 10.19646997739904,
        "taustar": 0.005288088899593581,
        "Rstar": 0.016531071893382186,
        "Qp": 2.0,
        "a": 0.02,
        "rho_d": 2.2,
        "kappa_d": 340909.0909090908,
        "drag_constant": 0.1303584994810401,
        "phi_norm": 1.0,
        "Rstarstar": 0.09933838383838381,
        "Upstarstar": 3.8355765215962934,
        "R0": 0.0014332078256811434
    },
    "R sonic drift": 0.00669930878315656,
    "w sonic drift": 7.745966692414831,
    "R critical": 0.01499788418664912,
    "w critical": 43.32928075712418,
    "R equilib drift": 0.010418282498530697,
    "w equilib drift": 120.0,
    "t min": [
        508.75798687797135,
        902.2266102059132,
        1214.0319343525841,
        1376.0484263111482,
        1566.4505570225608,
        1819.7377951248984,
        2049.8798200902984
    ],
    "R min": [
        0.00549227618858869,
        0.010205179762692628,
        0.010205190120339493,
        0.01020519014894917,
        0.010205190142646264,
        0.010205190117806722,
        0.010205190134462564
    ],
    "t max": [
        661.6037340086924,
        1127.564911690062,
        1306.612786900335,
        1455.9649169537824,
        1692.6574739390703,
        1943.3244992334528,
        2179.5803540840816
    ],
    "R max": [
        0.010223451765292397,
        0.010205190175817624,
        0.010205190163015777,
        0.010205190160541182,
        0.010205190203254461,
        0.01020519016873712,
        0.010205190177185549
    ],
    "R end": 0.01020519017829569,
    "v end": -8.617313312690369e-08,
    "t end": 2183.510673296015,
    "v max": 102.85533276911855
}