{
    "star": "MS10",
    "grain": "sil",
    "stream": {
        "L4": 0.64,
        "eta": 0.0066,
        "vinf": 50.0,
        "n": 100000.00000000163,
        "T": 8000.0,
        "kappa": 600.0,
        "cs": 10.19646997739904,
        "taustar": 0.45030833880798093,
        "Rstar": 0.0011181813806355298,
        "Qp": 2.0,
        "a": 0.002,
        "rho_d": 3.5,
        "kappa_d": 2142857.1428571427,
        "drag_constant": 215126.34200816677,
        "phi_norm": 0.7,
        "Rstarstar": 3.5966171428571427,
        "Upstarstar": 2.3242155996917333e-06,
        "R0": 0.0007631268107670522
    },
    "R sonic drift": 0.0002992471312188866,
    "w sonic drift": 7.745966692414831,
    "R critical": 0.000632455532033676,
    "w critical": 38.7741595142002,
    "R equilib drift": 0.000632455532033676,
    "w equilib drift": 50.0,
    "t min": [
        54.119576642462036,
        84.78421565700583,
        88.10816889369683,
        88.85722877802156,
        92.83660941349672,
        96.67554132066098,
        98.50137478870252,
        98.87590473086489,
        99.8590458290411,
        102.29349045309648,
        103.65116149343507,
        104.2597726494489,
        106.27287108857163,
        106.50695230242312,
        107.11556345843695,
        107.34964467228843,
        109.22229438310026,
        110.1118029957359,
        121.25406877506632,
        160.0179177888713
    ],
    "R min": [
        0.00028510458445637495,
        0.000623049702764395,
        0.0006230497034751942,
        0.0006230497032058808,
        0.0006230497032939779,
        0.0006230497035218557,
        0.0006230497032495083,
        0.0006230497028680982,
        0.0006230497028153238,
        0.0006230497033413316,
        0.00062304970342242,
        0.0006230497033321268,
        0.0006230497034773402,
        0.0006230497034609789,
        0.000623049703324433,
        0.0006230497032847115,
        0.0006230497033804098,
        0.000623049703453841,
        0.0006230497031979892,
        0.0006230497034781028
    ],
    "t max": [
        84.45650195761375,
        87.40592525214241,
        88.3890663503186,
        90.7766947316037,
        95.55195149417388,
        97.56504993329659,
        98.59500727424312,
        99.53133212964903,
        101.26353311214999,
        103.46389652235389,
        103.97887519282713,
        105.5706274470172,
        106.31968733134194,
        106.647401030734,
        107.20919594397755,
        108.75413195539731,
        110.0181705101953,
        110.48633293789825,
        143.67904906203805,
        206.97460928747807
    ],
    "R max": [
        0.0006230497029725027,
        0.0006230497037940398,
        0.0006230497036039493,
        0.0006230497039709038,
        0.0006230497039833148,
        0.0006230497036505235,
        0.0006230497032361979,
        0.0006230497031007212,
        0.0006230497034486378,
        0.0006230497034861921,
        0.0006230497034355394,
        0.0006230497040003322,
        0.0006230497034782217,
        0.0006230497034663807,
        0.0006230497033190515,
        0.0006230497036083913,
        0.0006230497034554121,
        0.0006230497035123849,
        0.0006230497034208675,
        0.0006230497033873016
    ],
    "R end": 0.0006230497033682887,
    "v end": -3.036619760766194e-09,
    "t end": 234.0812138514794,
    "v max": 129.14966762851142
}