{
    "star": "MS10",
    "grain": "sil",
    "stream": {
        "L4": 0.64,
        "eta": 0.0066,
        "vinf": 30.0,
        "n": 0.12589254117941726,
        "T": 8000.0,
        "kappa": 600.0,
        "cs": 10.19646997739904,
        "taustar": 0.0008420904437810208,
        "Rstar": 1.660967007491848,
        "Qp": 2.0,
        "a": 0.02,
        "rho_d": 3.5,
        "kappa_d": 214285.71428571426,
        "drag_constant": 0.020897223665154382,
        "phi_norm": 0.7,
        "Rstarstar": 0.9990603174603172,
        "Upstarstar": 23.92662336450645,
        "R0": 0.13634343311996305
    },
    "R sonic drift": 0.26670428643266486,
    "w sonic drift": 7.745966692414831,
    "R critical": 0.5636765862528911,
    "w critical": 38.7741595142002,
    "R equilib drift": 0.48478318082646576,
    "w equilib drift": 30.0,
    "t min": [
        86023.08349566374,
        239571.15815890185
    ],
    "R min": [
        0.17202590610042348,
        0.17200547888195103
    ],
    "t max": [
        161962.6204215043,
        315441.15338426083
    ],
    "R max": [
        1.9616439904483207,
        1.9616433033468401
    ],
    "R end": 1.4330525499810398,
    "v end": -29.331247585493518,
    "t end": 347708.502407695,
    "v max": 44.77130877278065
}