{
    "star": "MS20",
    "grain": "gra",
    "stream": {
        "L4": 5.45,
        "eta": 0.1199,
        "vinf": 40.0,
        "n": 0.001,
        "T": 9000.0,
        "kappa": 600.0,
        "cs": 10.814989597775858,
        "taustar": 0.00016425865654509658,
        "Rstar": 40.787823703894766,
        "Qp": 2.0,
        "a": 0.02,
        "rho_d": 2.2,
        "kappa_d": 340909.0909090908,
        "drag_constant": 0.0012734837933500928,
        "phi_norm": 1.5,
        "Rstarstar": 7.613355823863634,
        "Upstarstar": 392.62376373449865,
        "R0": 14.130129115598795
    },
    "R sonic drift": 2.992471312188866,
    "w sonic drift": 9.672835454459698,
    "R critical": 7.096267784671507,
    "w critical": 48.41952977064848,
    "R equilib drift": 6.32455532033676,
    "w equilib drift": 40.0,
    "t min": [
        721555.3416971853,
        2714756.8776425323
    ],
    "R min": [
        1.797514973897241,
        1.797392794439253
    ],
    "t max": [
        1743905.0431935217
    ],
    "R max": [
        31.061617001533858
    ],
    "R end": 12.180535700143897,
    "v end": 48.79691810045925,
    "t end": 2926015.1731434925,
    "v max": 55.567310038825255
}