{
    "star": "MS40",
    "grain": "gra",
    "stream": {
        "L4": 22.2,
        "eta": 0.4468,
        "vinf": 80.0,
        "n": 316.2277660168418,
        "T": 10000.0,
        "kappa": 600.0,
        "cs": 11.4,
        "taustar": 0.09321300454851275,
        "Rstar": 0.0731945548590179,
        "Qp": 2.0,
        "a": 0.02,
        "rho_d": 2.2,
        "kappa_d": 340909.0909090908,
        "drag_constant": 113.91670180505257,
        "phi_norm": 1.5,
        "Rstarstar": 7.753050426136363,
        "Upstarstar": 0.004389172018477657,
        "R0": 0.0556981026604958
    },
    "R sonic drift": 0.01061768888461977,
    "w sonic drift": 8.6559494714014,
    "R critical": 0.02377004454874038,
    "w critical": 48.41952977064848,
    "R equilib drift": 0.022440369086039285,
    "w equilib drift": 80.0,
    "t min": [
        1191.8413858906329,
        2822.836871286264,
        3009.710956182008,
        3031.5129327531777,
        3144.6755730511563,
        3271.334675036049,
        3298.3275984098786,
        3485.2016833056223,
        3544.3784768559417,
        3548.531234298069,
        3573.4477789508346,
        3614.9753533721114,
        3722.94704686743,
        4229.583454807002
    ],
    "R min": [
        0.009960822487299716,
        0.02229496248423454,
        0.022294962489846026,
        0.022294962490550765,
        0.022294962495794518,
        0.02229496250124661,
        0.02229496250113039,
        0.022294962493648384,
        0.022294962502929203,
        0.022294962502844268,
        0.022294962503864146,
        0.022294962507735414,
        0.022294962446681738,
        0.02229496248863808
    ],
    "t max": [
        2771.9655926202004,
        2928.732186060519,
        3025.2837965899867,
        3103.1479986298796,
        3195.54685171722,
        3286.9075154440275,
        3423.9485110342403,
        3542.3020981348777,
        3545.4166662164735,
        3572.409589590303,
        3603.55527040626,
        3628.4718150590265,
        3938.8904338580674,
        4702.997803209553
    ],
    "R max": [
        0.0222949624808462,
        0.022294962517414228,
        0.02229496248997524,
        0.022294962499613786,
        0.02229496250679277,
        0.022294962502047606,
        0.022294962501643055,
        0.022294962502969144,
        0.022294962502938616,
        0.022294962503877393,
        0.022294962507839487,
        0.022294962507811267,
        0.02229496248635059,
        0.022294962497723017
    ],
    "R end": 0.022294962449622327,
    "v end": -7.286175033692607e-08,
    "t end": 5190.946802659551,
    "v max": 227.77155831985522
}