{
    "star": "MS10",
    "grain": "gra",
    "stream": {
        "L4": 0.64,
        "eta": 0.0066,
        "vinf": 30.0,
        "n": 3981.0717055350265,
        "T": 8000.0,
        "kappa": 600.0,
        "cs": 10.19646997739904,
        "taustar": 0.14974720975663353,
        "Rstar": 0.009340303880904097,
        "Qp": 2.0,
        "a": 0.2,
        "rho_d": 2.2,
        "kappa_d": 34090.90909090909,
        "drag_constant": 16.725508028084473,
        "phi_norm": 1.0,
        "Rstarstar": 0.15894141414141408,
        "Upstarstar": 0.029894458162970584,
        "R0": 0.002872821471280004
    },
    "R sonic drift": 0.0009463025179229607,
    "w sonic drift": 7.745966692414831,
    "R critical": 0.00211850745035458,
    "w critical": 43.32928075712418,
    "R equilib drift": 0.0017200756343247153,
    "w equilib drift": 30.0,
    "t min": [
        290.91030873845864,
        378.0106810749098,
        465.11105341136096,
        552.2114257478121,
        639.3117980842633,
        726.4121704207143,
        813.5125427571655,
        900.3661718292075,
        987.4665441656587,
        1074.5669165021097,
        1161.6672888385608
    ],
    "R min": [
        0.000865116330970758,
        0.00086510327089531,
        0.0008650923140329667,
        0.0008650833915114535,
        0.0008650766375302984,
        0.000865071950098383,
        0.0008650694387762264,
        0.000866686621393887,
        0.0008666171938922384,
        0.0008665489099867618,
        0.0008664817976787776
    ],
    "t max": [
        317.31183803024413,
        404.41221036669526,
        491.5125827031464,
        578.6129550395975,
        665.7133273760487,
        752.8136997124999,
        839.914072048951,
        927.0144443854022,
        1014.1148167218533,
        1101.2151890583045,
        1188.0688181303465
    ],
    "R max": [
        0.002494965060481694,
        0.002494968119913669,
        0.0024949708340129034,
        0.002494973224290591,
        0.0024949752629827068,
        0.0024949769679563747,
        0.0024949783346985095,
        0.0024949793640481814,
        0.002494980056457482,
        0.0024949803851501773,
        0.002494699181112197
    ],
    "R end": 0.0012297485768947398,
    "v end": -25.924178180886308,
    "t end": 1233.7163220460504,
    "v max": 127.18367021071157
}