{
    "star": "MS10",
    "grain": "sil",
    "stream": {
        "L4": 0.64,
        "eta": 0.0066,
        "vinf": 70.0,
        "n": 0.015848931924611172,
        "T": 8000.0,
        "kappa": 600.0,
        "cs": 10.19646997739904,
        "taustar": 0.00012805069902820687,
        "Rstar": 2.0062461699893257,
        "Qp": 2.0,
        "a": 0.002,
        "rho_d": 3.5,
        "kappa_d": 2142857.1428571427,
        "drag_constant": 0.008875267465842355,
        "phi_norm": 0.7,
        "Rstarstar": 1.8350087463556848,
        "Upstarstar": 56.33633036123322,
        "R0": 0.16324531034770687
    },
    "R sonic drift": 0.7516748085768887,
    "w sonic drift": 7.745966692414831,
    "R critical": 1.5886564694485645,
    "w critical": 38.7741595142002,
    "R equilib drift": 1.446899962938194,
    "w equilib drift": 70.0,
    "t min": [
        102477.4597760979,
        227550.35945364687,
        350775.3049385121
    ],
    "R min": [
        0.4296382024086545,
        1.0691094335124576,
        1.335048930963035
    ],
    "t max": [
        153800.1875819961,
        285760.91652318445,
        412597.7724755679
    ],
    "R max": [
        2.313617549476535,
        1.5706502912200033,
        1.4329254669445264
    ],
    "R end": 1.430967801226465,
    "v end": -0.49658170233636145,
    "t end": 419989.5892463028,
    "v max": 72.88780930547831
}