{
    "star": "MS10",
    "grain": "sil",
    "stream": {
        "L4": 0.64,
        "eta": 0.0066,
        "vinf": 80.0,
        "n": 6309.57344480202,
        "T": 8000.0,
        "kappa": 600.0,
        "cs": 10.19646997739904,
        "taustar": 0.07069521289046155,
        "Rstar": 0.00278222516006509,
        "Qp": 2.0,
        "a": 0.002,
        "rho_d": 3.5,
        "kappa_d": 2142857.1428571427,
        "drag_constant": 2071.1600567811647,
        "phi_norm": 0.7,
        "Rstarstar": 1.404928571428571,
        "Upstarstar": 0.00024141060386084355,
        "R0": 0.0004922806215203002
    },
    "R sonic drift": 0.001191324287058021,
    "w sonic drift": 7.745966692414831,
    "R critical": 0.0025178508235883354,
    "w critical": 38.7741595142002,
    "R equilib drift": 0.0021137547857688482,
    "w equilib drift": 80.0,
    "t min": [
        133.6103161948541,
        412.5961115624876,
        422.7304598702054,
        424.8272215890435,
        426.69100978356636,
        431.00101998340034,
        441.48482857759114,
        486.798179056927
    ],
    "R min": [
        0.0011288340034411408,
        0.0020623298290267733,
        0.0020623298300521805,
        0.0020623298301256873,
        0.002062329830298135,
        0.0020623298304894675,
        0.00206232982914925,
        0.002062329828438505
    ],
    "t max": [
        407.23772050323447,
        419.4688305297904,
        424.2447877782551,
        425.7591156863049,
        428.6712847402468,
        433.68021551302684,
        452.667557744728
    ],
    "R max": [
        0.0020623298262529423,
        0.0020623298303019465,
        0.0020623298302310817,
        0.0020623298303725805,
        0.0020623298308047548,
        0.0020623298309640618,
        0.002062329830166455
    ],
    "R end": 0.002062329830268439,
    "v end": 1.7822034902711768e-08,
    "t end": 582.4338107883789,
    "v max": 98.02979272130948
}