{
    "star": "MS10",
    "grain": "sil",
    "stream": {
        "L4": 0.64,
        "eta": 0.0066,
        "vinf": 90.0,
        "n": 794.3282347242919,
        "T": 8000.0,
        "kappa": 600.0,
        "cs": 10.19646997739904,
        "taustar": 0.022296540522892268,
        "Rstar": 0.00697011191294397,
        "Qp": 2.0,
        "a": 0.002,
        "rho_d": 3.5,
        "kappa_d": 2142857.1428571427,
        "drag_constant": 162.78094754042687,
        "phi_norm": 0.7,
        "Rstarstar": 1.1100670194003526,
        "Upstarstar": 0.003071612541607943,
        "R0": 0.0007421372292161014
    },
    "R sonic drift": 0.0033576080362451217,
    "w sonic drift": 7.745966692414831,
    "R critical": 0.007096267784671507,
    "w critical": 38.7741595142002,
    "R equilib drift": 0.005586871091903985,
    "w equilib drift": 90.0,
    "t min": [
        334.72447520393206,
        1140.1643632273433,
        1232.381393885096,
        1335.68781430549,
        1431.9904096126372
    ],
    "R min": [
        0.003140828241909169,
        0.0053888131244591376,
        0.00538881312060317,
        0.0053888131223927115,
        0.00538881312049348
    ],
    "t max": [
        1081.2155018575138,
        1187.1483566953755,
        1279.073561306743,
        1377.7107649849722
    ],
    "R max": [
        0.005388813128911607,
        0.005388813127385696,
        0.005388813134523007,
        0.005388813137285956
    ],
    "R end": 0.005388813126583981,
    "v end": 4.859081351113809e-07,
    "t end": 1459.1302319264694,
    "v max": 87.95111697197697
}