{
    "star": "MS40",
    "grain": "gra",
    "stream": {
        "L4": 22.2,
        "eta": 0.4468,
        "vinf": 500.0,
        "n": 0.0031622776601683824,
        "T": 10000.0,
        "kappa": 600.0,
        "cs": 11.4,
        "taustar": 4.7162464307349404e-05,
        "Rstar": 3.7033840908262796,
        "Qp": 2.0,
        "a": 0.02,
        "rho_d": 2.2,
        "kappa_d": 340909.0909090908,
        "drag_constant": 7.465644969495844e-07,
        "phi_norm": 1.5,
        "Rstarstar": 0.1984780909090909,
        "Upstarstar": 669734.4998897865,
        "R0": 2.475631387711711
    },
    "R sonic drift": 3.357608036245125,
    "w sonic drift": 8.6559494714014,
    "R critical": 7.516748085768888,
    "w critical": 48.41952977064848,
    "R equilib drift": 2.819151913090819,
    "w equilib drift": 500.0,
    "t min": [
        66081.08994348599
    ],
    "R min": [
        0.18078935626644851
    ],
    "t max": [
        252715.51964873698
    ],
    "R max": [
        39.51763581396164
    ],
    "R end": 39.438675223686914,
    "v end": -15.452846357719194,
    "t end": 262643.4417467647,
    "v max": 478.1778506922142
}