{
    "star": "MS10",
    "grain": "gra",
    "stream": {
        "L4": 0.64,
        "eta": 0.0066,
        "vinf": 80.0,
        "n": 0.025118864315095874,
        "T": 8000.0,
        "kappa": 600.0,
        "cs": 10.19646997739904,
        "taustar": 0.00014105549412903932,
        "Rstar": 1.394415731301225,
        "Qp": 2.0,
        "a": 0.02,
        "rho_d": 2.2,
        "kappa_d": 340909.0909090908,
        "drag_constant": 0.00020869132142799324,
        "phi_norm": 1.0,
        "Rstarstar": 0.2235113636363636,
        "Upstarstar": 2395.8830514785923,
        "R0": 0.11347972802277281
    },
    "R sonic drift": 0.37672981789796045,
    "w sonic drift": 7.745966692414831,
    "R critical": 0.8433930068571646,
    "w critical": 43.32928075712418,
    "R equilib drift": 0.7499884995473349,
    "w equilib drift": 80.0,
    "t min": [
        46192.78110384134
    ],
    "R min": [
        0.11899490030613426
    ],
    "t max": [
        133089.7273749432
    ],
    "R max": [
        3.251885697375671
    ],
    "R end": 2.5553365552141467,
    "v end": -25.724467153351572,
    "t end": 184181.74283828287,
    "v max": 80.39372464179627
}