{
    "star": "MS40",
    "grain": "gra",
    "stream": {
        "L4": 22.2,
        "eta": 0.4468,
        "vinf": 30.0,
        "n": 0.6309573444801969,
        "T": 10000.0,
        "kappa": 600.0,
        "cs": 11.4,
        "taustar": 0.011103125255176958,
        "Rstar": 4.369658591759569,
        "Qp": 2.0,
        "a": 0.02,
        "rho_d": 2.2,
        "kappa_d": 340909.0909090908,
        "drag_constant": 11.49376548192292,
        "phi_norm": 1.5,
        "Rstarstar": 55.132803030302995,
        "Upstarstar": 0.043501844611879906,
        "R0": 2.969364791844985
    },
    "R sonic drift": 0.23770044548740382,
    "w sonic drift": 8.6559494714014,
    "R critical": 0.5321450119597623,
    "w critical": 48.41952977064848,
    "R equilib drift": 0.3850769682499089,
    "w equilib drift": 30.0,
    "t min": [
        73135.34483643336,
        95075.94828736337,
        117016.55173829336,
        138957.15518922338,
        160897.7586401534,
        182776.3829852898,
        204716.9864362198,
        226657.58988714984,
        248598.19333807981,
        270538.7967890098,
        292479.4002399398
    ],
    "R min": [
        0.21902253261558985,
        0.21890116393298417,
        0.2188008251933699,
        0.21872644369271604,
        0.21868327433804977,
        0.21909497607814732,
        0.21896417106105404,
        0.2188519305083188,
        0.21876292797356278,
        0.21870232975509488,
        0.21867525656801165
    ],
    "t max": [
        78589.50614626906,
        100468.13049140548,
        122408.7339423355,
        144349.3373932655,
        166289.94084419552,
        188230.54429512552,
        210171.14774605553,
        232049.77209119196,
        253990.37554212197,
        275930.978993052,
        297871.58244398196
    ],
    "R max": [
        0.663682158904056,
        0.6635624416656132,
        0.6636039357526038,
        0.6636372714454869,
        0.6636620192514652,
        0.6636776771900421,
        0.6636837326889884,
        0.663582586709545,
        0.6636203923751186,
        0.6636497938073755,
        0.6636704033484121
    ],
    "R end": 0.32594216147658256,
    "v end": -25.94283268003498,
    "t end": 309895.528967938,
    "v max": 160.5546930719793
}