{
    "star": "MS10",
    "grain": "sil",
    "stream": {
        "L4": 0.64,
        "eta": 0.0066,
        "vinf": 30.0,
        "n": 0.10000000000000041,
        "T": 8000.0,
        "kappa": 600.0,
        "cs": 10.19646997739904,
        "taustar": 0.0007505138980132969,
        "Rstar": 1.863635634392561,
        "Qp": 2.0,
        "a": 0.02,
        "rho_d": 3.5,
        "kappa_d": 214285.71428571426,
        "drag_constant": 0.01659925478458056,
        "phi_norm": 0.7,
        "Rstarstar": 0.9990603174603174,
        "Upstarstar": 30.12183417200522,
        "R0": 0.15280753275887174
    },
    "R sonic drift": 0.2992471312188869,
    "w sonic drift": 7.745966692414831,
    "R critical": 0.632455532033676,
    "w critical": 38.7741595142002,
    "R equilib drift": 0.5439356752225004,
    "w equilib drift": 30.0,
    "t min": [
        96753.56839194491,
        285188.94554238603
    ],
    "R min": [
        0.1879688377085942,
        0.18797214847986865
    ],
    "t max": [
        190854.21636023972,
        379289.5935106808
    ],
    "R max": [
        2.33076199217041,
        2.330761939434514
    ],
    "R end": 2.2973083692953704,
    "v end": -6.3222242667934845,
    "t end": 390135.3564191327,
    "v max": 43.605318589574686
}