{
    "star": "MS10",
    "grain": "sil",
    "stream": {
        "L4": 0.64,
        "eta": 0.0066,
        "vinf": 250.0,
        "n": 3162.277660168418,
        "T": 8000.0,
        "kappa": 600.0,
        "cs": 10.19646997739904,
        "taustar": 0.01601548094142124,
        "Rstar": 0.0012575991987795185,
        "Qp": 2.0,
        "a": 0.002,
        "rho_d": 3.5,
        "kappa_d": 2142857.1428571427,
        "drag_constant": 10.884627607138649,
        "phi_norm": 0.7,
        "Rstarstar": 0.14386468571428573,
        "Upstarstar": 0.0459363441770003,
        "R0": 0.00012423726356713838
    },
    "R sonic drift": 0.0016827902832903898,
    "w sonic drift": 7.745966692414831,
    "R critical": 0.003556558820077846,
    "w critical": 38.7741595142002,
    "R equilib drift": 0.0012954957958110174,
    "w equilib drift": 250.0,
    "t min": [
        130.5804716794112,
        154.48512254330342,
        154.6430827913027,
        156.1700318552958,
        159.27658339928183,
        161.54068028727158,
        165.12111257525544,
        167.96439703924264,
        169.38603927123623,
        169.5439995192355,
        170.49176100723122,
        173.3876988872182,
        187.49881437515455,
        240.04692354291763
    ],
    "R min": [
        0.0012321976882338668,
        0.0012321976873613941,
        0.001232197687374703,
        0.0012321976864607903,
        0.0012321976871624537,
        0.0012321976880106675,
        0.0012321976886546405,
        0.001232197687726873,
        0.0012321976883167883,
        0.0012321976883340163,
        0.0012321976879616004,
        0.0012321976870624538,
        0.0012321976824966017,
        0.001232197687045659
    ],
    "t max": [
        149.9042753513241,
        154.59042937530293,
        154.801043039302,
        158.4341287432856,
        161.48802687127184,
        164.7525386632571,
        165.7529535672526,
        169.22807902323694,
        169.49134610323574,
        169.59665293523528,
        170.91298833522933,
        176.70486409520322,
        205.50628264707336
    ],
    "R max": [
        0.0012321976869276478,
        0.0012321976873730252,
        0.0012321976873516684,
        0.001232197687103016,
        0.0012321976880108197,
        0.0012321976886426418,
        0.0012321976887473168,
        0.001232197688335137,
        0.0012321976883430232,
        0.0012321976883379279,
        0.0012321976880732308,
        0.0012321976877785192,
        0.0012321976871282213
    ],
    "R end": 0.0012321976870248647,
    "v end": 6.870741321231219e-10,
    "t end": 263.2670799988129,
    "v max": 1.513645530247879e-06
}