{
    "star": "MS20",
    "grain": "gra",
    "stream": {
        "L4": 5.45,
        "eta": 0.1199,
        "vinf": 80.0,
        "n": 19952.623149689072,
        "T": 9000.0,
        "kappa": 600.0,
        "cs": 10.814989597775858,
        "taustar": 0.36685823373727783,
        "Rstar": 0.0045656281561053695,
        "Qp": 2.0,
        "a": 0.02,
        "rho_d": 2.2,
        "kappa_d": 340909.0909090908,
        "drag_constant": 1588.0838884969326,
        "phi_norm": 1.5,
        "Rstarstar": 1.903338955965909,
        "Upstarstar": 0.00031484482880386944,
        "R0": 0.0033403803616867496
    },
    "R sonic drift": 0.0006699308783156552,
    "w sonic drift": 9.672835454459698,
    "R critical": 0.0015886564694485628,
    "w critical": 48.41952977064848,
    "R equilib drift": 0.0014964237898068514,
    "w equilib drift": 80.0,
    "t min": [
        74.7415703469225,
        216.10205133610634,
        244.72787626301704,
        257.5014137017987,
        257.9599509431909,
        258.2874775441853,
        260.31814247035055,
        269.55439261839274,
        270.9300043425692,
        274.5983022737065,
        275.4498714362919,
        275.7773980372864,
        276.10492463828075,
        276.497956559474,
        277.02199912106505,
        279.9697385300147,
        281.80388749558335,
        281.9348981359811,
        286.2582492691072,
        298.9007760674911,
        302.6345793188273,
        303.6171591218105,
        304.0101910430038,
        306.17186660956685,
        306.56489853076016,
        306.9579304519534,
        307.48197301354446,
        307.6784889741411,
        308.9230900579198,
        309.7091539003064,
        309.84016454070417,
        310.6917337032896,
        311.60880818607393,
        319.2729306493429
    ],
    "R min": [
        0.0006627187726147278,
        0.0014404054567287447,
        0.0014404054536451773,
        0.0014404054575696398,
        0.0014404054574033856,
        0.0014404054573682462,
        0.001440405457322077,
        0.0014404054573658159,
        0.0014404054570914414,
        0.0014404054566832271,
        0.0014404054565634267,
        0.0014404054565286006,
        0.001440405456497278,
        0.0014404054564808037,
        0.0014404054564258833,
        0.0014404054562318503,
        0.0014404054564377338,
        0.0014404054564446842,
        0.001440405456585037,
        0.0014404054574532978,
        0.001440405456933783,
        0.0014404054568829651,
        0.0014404054569472546,
        0.0014404054566701735,
        0.0014404054566568185,
        0.001440405456662984,
        0.0014404054566767048,
        0.0014404054566763027,
        0.0014404054570032131,
        0.0014404054569036073,
        0.0014404054569108933,
        0.0014404054567373663,
        0.0014404054566920597,
        0.0014404054577105184
    ],
    "t max": [
        207.45534906985415,
        228.875588774888,
        257.10838178060544,
        257.5669190219976,
        258.09096158358864,
        258.6150041451797,
        263.2658818793002,
        269.8819192193871,
        271.9780894657513,
        274.9258288747009,
        275.5808820766897,
        275.9084086776841,
        276.3014405988774,
        276.6289671998718,
        278.8561480866337,
        281.73838217538446,
        281.8693928157822,
        284.03106838234527,
        293.0052972495919,
        300.47290375226424,
        302.83109527942395,
        303.94468572280493,
        304.07569636320267,
        306.43388789036237,
        306.6959091711579,
        307.41646769334557,
        307.6129836539422,
        308.7920794175221,
        308.9885953781187,
        309.7746592205052,
        310.0366805013008,
        311.0847656244828,
        314.6875582354213
    ],
    "R max": [
        0.0014404054555892589,
        0.001440405458567726,
        0.0014404054576547774,
        0.0014404054575763978,
        0.001440405457388271,
        0.0014404054574896324,
        0.0014404054581921497,
        0.0014404054573735807,
        0.0014404054568548487,
        0.001440405456696209,
        0.0014404054565639586,
        0.0014404054565343414,
        0.0014404054564939118,
        0.001440405456485549,
        0.0014404054566946884,
        0.00144040545643667,
        0.0014404054564433673,
        0.0014404054566282997,
        0.0014404054578257119,
        0.0014404054573505356,
        0.001440405456957747,
        0.001440405456947817,
        0.0014404054569477247,
        0.0014404054566811003,
        0.001440405456666936,
        0.00144040545667709,
        0.001440405456678659,
        0.0014404054570126832,
        0.001440405457006877,
        0.0014404054569101873,
        0.0014404054569159168,
        0.0014404054567749053,
        0.0014404054579926155
    ],
    "R end": 0.0014404054616426252,
    "v end": 4.905916070642268e-07,
    "t end": 327.52660099440186,
    "v max": 228.54650447464635
}