{
    "star": "MS20",
    "grain": "gra",
    "stream": {
        "L4": 5.45,
        "eta": 0.1199,
        "vinf": 100.0,
        "n": 0.12589254117941726,
        "T": 9000.0,
        "kappa": 600.0,
        "cs": 10.814989597775858,
        "taustar": 0.000737204975689787,
        "Rstar": 1.4540874456211985,
        "Qp": 2.0,
        "a": 0.02,
        "rho_d": 2.2,
        "kappa_d": 340909.0909090908,
        "drag_constant": 0.004104246038928566,
        "phi_norm": 1.5,
        "Rstarstar": 1.2181369318181816,
        "Upstarstar": 121.82505513985404,
        "R0": 0.5045735705555917
    },
    "R sonic drift": 0.26670428643266486,
    "w sonic drift": 9.672835454459698,
    "R critical": 0.632455532033676,
    "w critical": 48.41952977064848,
    "R equilib drift": 0.5321450119597623,
    "w equilib drift": 100.0,
    "t min": [
        24888.9746023428,
        49193.79892064068,
        73811.56089110549,
        98783.98553402614
    ],
    "R min": [
        0.18709451990500703,
        0.4520039683632209,
        0.5129837232515405,
        0.5199550246669564
    ],
    "t max": [
        34736.07939052873,
        61106.292213128305,
        86245.61693720466
    ],
    "R max": [
        0.7715245794063988,
        0.545463260718044,
        0.5233544163476769
    ],
    "R end": 0.5205183354840907,
    "v end": 0.13832540619953562,
    "t end": 104312.55072230849,
    "v max": 113.06648723170518
}