{
    "star": "MS40",
    "grain": "gra",
    "stream": {
        "L4": 22.2,
        "eta": 0.4468,
        "vinf": 140.0,
        "n": 251.1886431509608,
        "T": 10000.0,
        "kappa": 600.0,
        "cs": 11.4,
        "taustar": 0.04747210157150115,
        "Rstar": 0.04692893788927746,
        "Qp": 2.0,
        "a": 0.02,
        "rho_d": 2.2,
        "kappa_d": 340909.0909090908,
        "drag_constant": 9.64795363536336,
        "phi_norm": 1.5,
        "Rstarstar": 2.5316083024118723,
        "Upstarstar": 0.05182446132072122,
        "R0": 0.03359639891792136
    },
    "R sonic drift": 0.011913242870580215,
    "w sonic drift": 8.6559494714014,
    "R critical": 0.026670428643266485,
    "w critical": 48.41952977064848,
    "R equilib drift": 0.019871646664905915,
    "w equilib drift": 140.0,
    "t min": [
        760.8249665498483
    ],
    "R min": [
        0.011064495201271037
    ],
    "t max": [],
    "R max": [],
    "R end": 0.0191206376415151,
    "v end": 1.9243020264809874e-08,
    "t end": 3328.193204505023,
    "v max": 179.35661060180055
}