{
    "star": "MS10",
    "grain": "sil",
    "stream": {
        "L4": 0.64,
        "eta": 0.0066,
        "vinf": 70.0,
        "n": 63095.73444802033,
        "T": 8000.0,
        "kappa": 600.0,
        "cs": 10.19646997739904,
        "taustar": 0.25549473417640506,
        "Rstar": 0.0010055049679122535,
        "Qp": 2.0,
        "a": 0.02,
        "rho_d": 3.5,
        "kappa_d": 214285.71428571426,
        "drag_constant": 353.3307618732057,
        "phi_norm": 0.7,
        "Rstarstar": 0.1835008746355685,
        "Upstarstar": 0.00141510463835421,
        "R0": 0.000471091564807351
    },
    "R sonic drift": 0.0003767298178979601,
    "w sonic drift": 7.745966692414831,
    "R critical": 0.0007962143411069948,
    "w critical": 38.7741595142002,
    "R equilib drift": 0.0007251677897603962,
    "w equilib drift": 70.0,
    "t min": [
        48.45558537299734,
        146.92440742985292,
        156.43871003132764,
        160.22759159828664,
        160.7748744912918,
        161.7431442250702,
        164.6900521104827,
        172.35201261255528,
        198.1164072678762
    ],
    "R min": [
        0.00035293434047236824,
        0.000703161197296916,
        0.0007031611984279863,
        0.0007031611984135244,
        0.0007031611984165714,
        0.0007031611985002309,
        0.000703161197839311,
        0.0007031611985584938,
        0.0007031611960342913
    ],
    "t max": [
        146.16663111646113,
        152.64982846436868,
        159.51191396897212,
        160.4380850186732,
        161.65894685691555,
        162.07993369768877,
        169.57349946345204,
        173.9938612915708
    ],
    "R max": [
        0.0007031611972177453,
        0.0007031611983684383,
        0.000703161198540906,
        0.0007031611984238761,
        0.000703161198502809,
        0.000703161198507475,
        0.0007031611985354923,
        0.0007031611985359105
    ],
    "R end": 0.0007031611975319138,
    "v end": 2.7413149963023224e-07,
    "t end": 210.49342038660876,
    "v max": 105.47338065324224
}