{
    "star": "MS10",
    "grain": "sil",
    "stream": {
        "L4": 0.64,
        "eta": 0.0066,
        "vinf": 60.0,
        "n": 0.001584893192461114,
        "T": 8000.0,
        "kappa": 600.0,
        "cs": 10.19646997739904,
        "taustar": 4.724205090568168e-05,
        "Rstar": 7.401692018181561,
        "Qp": 2.0,
        "a": 0.02,
        "rho_d": 3.5,
        "kappa_d": 214285.71428571426,
        "drag_constant": 1.644252869250575e-05,
        "phi_norm": 0.7,
        "Rstarstar": 0.2497650793650793,
        "Upstarstar": 30408.94800006597,
        "R0": 0.6016660735846583
    },
    "R sonic drift": 2.3770044548740383,
    "w sonic drift": 7.745966692414831,
    "R critical": 5.023772863019165,
    "w critical": 38.7741595142002,
    "R equilib drift": 4.78268918882658,
    "w equilib drift": 60.0,
    "t min": [
        392637.63520237757
    ],
    "R min": [
        0.2199986910882973
    ],
    "t max": [],
    "R max": [],
    "R end": 56.565559709012895,
    "v end": 38.085544329041916,
    "t end": 1549477.6448396903,
    "v max": 58.873192155648425
}