{
    "star": "MS40",
    "grain": "gra",
    "stream": {
        "L4": 22.2,
        "eta": 0.4468,
        "vinf": 80.0,
        "n": 63.09573444801995,
        "T": 10000.0,
        "kappa": 600.0,
        "cs": 11.4,
        "taustar": 0.04163671970691368,
        "Rstar": 0.16386219719098352,
        "Qp": 2.0,
        "a": 0.02,
        "rho_d": 2.2,
        "kappa_d": 340909.0909090908,
        "drag_constant": 22.72937021571681,
        "phi_norm": 1.5,
        "Rstarstar": 7.753050426136361,
        "Upstarstar": 0.021997969818550536,
        "R0": 0.1163556263501099
    },
    "R sonic drift": 0.02377004454874038,
    "w sonic drift": 8.6559494714014,
    "R critical": 0.05321450119597623,
    "w critical": 48.41952977064848,
    "R equilib drift": 0.05023772863019165,
    "w equilib drift": 80.0,
    "t min": [
        2670.5247208812057,
        6168.470504106806,
        6363.704687356607,
        6449.700696645209,
        6507.8061083266975,
        6572.884169409965,
        6598.450550549821,
        6614.720065820637,
        6851.79014548111,
        7067.942276936246,
        8931.963883678392
    ],
    "R min": [
        0.022140460615302858,
        0.04991220378429301,
        0.04991220385687133,
        0.04991220384357748,
        0.04991220384584796,
        0.04991220384009279,
        0.04991220383967365,
        0.04991220384002869,
        0.04991220383854301,
        0.04991220382977438,
        0.049912203885058064
    ],
    "t max": [
        6159.173638237768,
        6361.380470889347,
        6379.974202627424,
        6503.15767539218,
        6526.399840064774,
        6586.829468213523,
        6610.071632886118,
        6758.821486790728,
        6933.137721835193,
        8246.32002583683,
        10082.451034971862
    ],
    "R max": [
        0.049912203784062206,
        0.049912203856852404,
        0.04991220385703632,
        0.04991220384582255,
        0.04991220384567726,
        0.049912203840061974,
        0.04991220383981972,
        0.04991220384746652,
        0.04991220384219325,
        0.04991220387979874,
        0.04991220386405762
    ],
    "R end": 0.04991220382210954,
    "v end": -2.8130652224871227e-08,
    "t end": 11621.082336297675,
    "v max": 210.04232258614428
}