{
    "star": "MS10",
    "grain": "gra",
    "stream": {
        "L4": 0.64,
        "eta": 0.0066,
        "vinf": 200.0,
        "n": 100.00000000000102,
        "T": 8000.0,
        "kappa": 600.0,
        "cs": 10.19646997739904,
        "taustar": 0.003560000000000018,
        "Rstar": 0.008839999999999954,
        "Qp": 2.0,
        "a": 0.02,
        "rho_d": 2.2,
        "kappa_d": 340909.0909090908,
        "drag_constant": 0.02126886694214896,
        "phi_norm": 1.0,
        "Rstarstar": 0.035761818181818165,
        "Upstarstar": 23.50853956442501,
        "R0": 0.0007503146662940821
    },
    "R sonic drift": 0.005970765237835921,
    "w sonic drift": 7.745966692414831,
    "R critical": 0.0133668783513723,
    "w critical": 43.32928075712418,
    "R equilib drift": 0.006499586500101998,
    "w equilib drift": 200.0,
    "t min": [
        276.49562738689684,
        398.8636246425843,
        537.1114383360327,
        654.5753746329999,
        1085.4321588634261
    ],
    "R min": [
        0.004332633059475346,
        0.006400362444651843,
        0.006403398373816952,
        0.006403400611074761,
        0.0064034006314418945
    ],
    "t max": [
        328.8056109465801,
        467.9875314893086,
        605.067711621157,
        744.2496321638854
    ],
    "R max": [
        0.006519753481031874,
        0.006403482792000551,
        0.006403400714325366,
        0.006403400642228661
    ],
    "R end": 0.0064034006327627355,
    "v end": 2.6278044209185404e-08,
    "t end": 1167.633561600071,
    "v max": 87.11593798135473
}