{
    "star": "MS10",
    "grain": "gra",
    "stream": {
        "L4": 0.64,
        "eta": 0.0066,
        "vinf": 300.0,
        "n": 79.43282347242886,
        "T": 8000.0,
        "kappa": 600.0,
        "cs": 10.19646997739904,
        "taustar": 0.0021152355598374325,
        "Rstar": 0.006612428757352875,
        "Qp": 2.0,
        "a": 0.02,
        "rho_d": 2.2,
        "kappa_d": 340909.0909090908,
        "drag_constant": 0.0033371775867146263,
        "phi_norm": 1.0,
        "Rstarstar": 0.01589414141414141,
        "Upstarstar": 149.82720787485528,
        "R0": 0.0005513626204838269
    },
    "R sonic drift": 0.00669930878315656,
    "w sonic drift": 7.745966692414831,
    "R critical": 0.01499788418664912,
    "w critical": 43.32928075712418,
    "R equilib drift": 0.0056367658625289105,
    "w equilib drift": 300.0,
    "t min": [
        212.06255659050902,
        288.92213229052874,
        370.84745275259525,
        453.12213492238914,
        535.7461787999102,
        634.9649037944813,
        700.6449048472255,
        767.3729910231516,
        830.6074601218041
    ],
    "R min": [
        0.0038152911533099795,
        0.005400738512966671,
        0.005451739694933098,
        0.005452868518147068,
        0.005452893296402001,
        0.0054528937402080835,
        0.005452893737966273,
        0.0054528937558744805,
        0.005452893759780085
    ],
    "t max": [
        246.12532309392682,
        329.79745209463016,
        411.8974534105603,
        493.82277387262684,
        583.608732758559,
        670.2504362749448,
        735.2317139122343,
        799.514268134069,
        862.0500138172669
    ],
    "R max": [
        0.005837979482460507,
        0.005460708088541082,
        0.005453064515786336,
        0.005452897538911519,
        0.005452893838854216,
        0.005452893808342047,
        0.0054528938264532915,
        0.005452893819577811,
        0.005452893822739991
    ],
    "R end": 0.005452893825383059,
    "v end": -3.639819266906649e-06,
    "t end": 873.4042693184061,
    "v max": 104.49337716118062
}