{
    "star": "MS20",
    "grain": "gra",
    "stream": {
        "L4": 5.45,
        "eta": 0.1199,
        "vinf": 140.0,
        "n": 0.25118864315095923,
        "T": 9000.0,
        "kappa": 600.0,
        "cs": 10.814989597775858,
        "taustar": 0.0007438069330318066,
        "Rstar": 0.7352964837524474,
        "Qp": 2.0,
        "a": 0.02,
        "rho_d": 2.2,
        "kappa_d": 340909.0909090908,
        "drag_constant": 0.0021316762424079734,
        "phi_norm": 1.5,
        "Rstarstar": 0.6214984346011129,
        "Upstarstar": 234.55719496840328,
        "R0": 0.25515538526289144
    },
    "R sonic drift": 0.18881217525718474,
    "w sonic drift": 9.672835454459698,
    "R critical": 0.44774422771366806,
    "w critical": 48.41952977064848,
    "R equilib drift": 0.31494437522201985,
    "w equilib drift": 140.0,
    "t min": [
        12649.044145730804,
        23683.99008103891,
        34908.82992345557,
        46270.81536545063
    ],
    "R min": [
        0.12332203805346126,
        0.28086674814517915,
        0.30410615574105726,
        0.30601074031175135
    ],
    "t max": [
        17048.252993745606,
        29169.814064174876,
        40584.54781370009,
        51946.53325569515
    ],
    "R max": [
        0.42770767766911255,
        0.3137698533949675,
        0.3067475491883602,
        0.30621511606487667
    ],
    "R end": 0.3062107340255703,
    "v end": -0.009963226043098778,
    "t end": 52748.30753015348,
    "v max": 128.08310514142093
}