{
    "star": "MS10",
    "grain": "gra",
    "stream": {
        "L4": 0.64,
        "eta": 0.0066,
        "vinf": 70.0,
        "n": 0.12589254117941726,
        "T": 8000.0,
        "kappa": 600.0,
        "cs": 10.19646997739904,
        "taustar": 0.0003608959044775803,
        "Rstar": 0.711843003210792,
        "Qp": 2.0,
        "a": 0.02,
        "rho_d": 2.2,
        "kappa_d": 340909.0909090908,
        "drag_constant": 0.0017843176725391128,
        "phi_norm": 1.0,
        "Rstarstar": 0.29193320964749525,
        "Upstarstar": 280.2191603519187,
        "R0": 0.058087863202764836
    },
    "R sonic drift": 0.16827902832903915,
    "w sonic drift": 7.745966692414831,
    "R critical": 0.37672981789796045,
    "w critical": 43.32928075712418,
    "R equilib drift": 0.3556558820077846,
    "w equilib drift": 70.0,
    "t min": [
        23111.088665610096,
        65948.40353970269
    ],
    "R min": [
        0.08627461932846833,
        0.08627851348719823
    ],
    "t max": [
        42818.51008266411,
        85655.8249567567
    ],
    "R max": [
        0.8408550869032804,
        0.840853740912532
    ],
    "R end": 0.7455713006057227,
    "v end": -21.597540029190405,
    "t end": 94023.95714243325,
    "v max": 77.65251408265746
}