{
    "star": "MS10",
    "grain": "gra",
    "stream": {
        "L4": 0.64,
        "eta": 0.0066,
        "vinf": 80.0,
        "n": 398.10717055347493,
        "T": 8000.0,
        "kappa": 600.0,
        "cs": 10.19646997739904,
        "taustar": 0.01775783460322253,
        "Rstar": 0.011076237863163028,
        "Qp": 2.0,
        "a": 0.02,
        "rho_d": 2.2,
        "kappa_d": 340909.0909090908,
        "drag_constant": 3.3075345465692094,
        "phi_norm": 1.0,
        "thetaB": 0.0,
        "b_hat": [
            1.0,
            0.0,
            0.0
        ],
        "Rstarstar": 0.2235113636363636,
        "Upstarstar": 0.15117000078461235,
        "R0": 0.001117346619621422
    },
    "R sonic drift": 0.002992471312188866,
    "w sonic drift": 9.150277314867738,
    "R critical": 0.00669930878315656,
    "w critical": 43.32928075712418,
    "R equilib drift": 0.005970765237835921,
    "w equilib drift": 80.0,
    "t min": [
        336.4917449115016,
        885.4121913932208,
        1204.055243748547,
        1326.362677985945,
        1369.9603040657832,
        1411.5097195244207,
        1440.1846682212267
    ],
    "R min": [
        0.002790986098730765,
        0.0058185633629988884,
        0.005818563095538753,
        0.005818563223720443,
        0.005818563332388245,
        0.0058185633884006984,
        0.005818563387234444
    ],
    "t max": [
        866.393092767788,
        930.7654265769448,
        1287.7392777004509,
        1360.3044539944096,
        1396.5870421413888,
        1427.8954044940242
    ],
    "R max": [
        0.005818563406175968,
        0.005818563488056098,
        0.005818563363864685,
        0.005818563343426665,
        0.005818563426257669,
        0.005818563412839777
    ],
    "R end": 0.005818563468818782,
    "v end": 2.9550520138826496e-06,
    "t end": 1463.007586571746,
    "v max": 123.19315207507995
}