{
    "star": "MS40",
    "grain": "gra",
    "stream": {
        "L4": 22.2,
        "eta": 0.4468,
        "vinf": 20.0,
        "n": 0.06309573444801955,
        "T": 10000.0,
        "kappa": 600.0,
        "cs": 11.4,
        "taustar": 0.00526667474287461,
        "Rstar": 20.727110620926183,
        "Qp": 2.0,
        "a": 0.02,
        "rho_d": 2.2,
        "kappa_d": 340909.0909090908,
        "drag_constant": 5.818718775223469,
        "phi_norm": 1.5,
        "Rstarstar": 124.04880681818177,
        "Upstarstar": 0.08592956960371359,
        "R0": 13.963846799833066
    },
    "R sonic drift": 0.7516748085768887,
    "w sonic drift": 8.6559494714014,
    "R critical": 1.6827902832903914,
    "w critical": 48.41952977064848,
    "R equilib drift": 0.8974787249790074,
    "w equilib drift": 20.0,
    "t min": [
        355731.1820916185,
        514781.2395391934,
        673831.2969867683,
        832881.354434343,
        992225.4045943904,
        1151275.4620419652,
        1310325.51948954,
        1469375.576937115
    ],
    "R min": [
        0.6893441391438226,
        0.6894240011151571,
        0.6895123771196882,
        0.6896087391215875,
        0.6890726548644737,
        0.6890851468037711,
        0.6891100623514508,
        0.6891466464355874
    ],
    "t max": [
        387776.3877511114,
        546826.4451986863,
        705876.5026462611,
        864926.560093836,
        1024270.6102538833,
        1183320.6677014583,
        1342370.7251490331
    ],
    "R max": [
        2.917124939346273,
        2.9170383278732017,
        2.9169406065363046,
        2.916832383409953,
        2.9174013355967907,
        2.917390697620025,
        2.9173670253554476
    ],
    "R end": 0.6917704042146786,
    "v end": 12.137442133423432,
    "t end": 1469963.56236206,
    "v max": 117.90160536097042
}