{
    "star": "MS10",
    "grain": "sil",
    "stream": {
        "L4": 0.64,
        "eta": 0.0066,
        "vinf": 140.0,
        "n": 0.03981071705534985,
        "T": 8000.0,
        "kappa": 600.0,
        "cs": 10.19646997739904,
        "taustar": 0.00010147334058984604,
        "Rstar": 0.6329278778950114,
        "Qp": 2.0,
        "a": 0.02,
        "rho_d": 3.5,
        "kappa_d": 214285.71428571426,
        "drag_constant": 1.3933539952167405e-05,
        "phi_norm": 0.7,
        "Rstarstar": 0.04587521865889212,
        "Upstarstar": 35884.63532716419,
        "R0": 0.05148356875935015
    },
    "R sonic drift": 0.4742747411323311,
    "w sonic drift": 7.745966692414831,
    "R critical": 1.0023744672545452,
    "w critical": 38.7741595142002,
    "R equilib drift": 0.5600590977648906,
    "w equilib drift": 140.0,
    "t min": [
        33442.434111649985
    ],
    "R min": [
        0.04005059600557908
    ],
    "t max": [
        122984.41894783486
    ],
    "R max": [
        4.91990677679904
    ],
    "R end": 4.884509030047692,
    "v end": -7.168500777014848,
    "t end": 132497.7579700871,
    "v max": 130.75028959172587
}