{
    "star": "MS40",
    "grain": "gra",
    "stream": {
        "L4": 22.2,
        "eta": 0.4468,
        "vinf": 20.0,
        "n": 3162.277660168418,
        "T": 10000.0,
        "kappa": 600.0,
        "cs": 11.4,
        "taustar": 1.1790616076837417,
        "Rstar": 0.09258460227065646,
        "Qp": 2.0,
        "a": 0.02,
        "rho_d": 2.2,
        "kappa_d": 340909.0909090908,
        "drag_constant": 291626.7566209346,
        "phi_norm": 1.5,
        "Rstarstar": 124.04880681818179,
        "Upstarstar": 1.7145203197178348e-06,
        "R0": 0.10893655420075742
    },
    "R sonic drift": 0.0033576080362451217,
    "w sonic drift": 8.6559494714014,
    "R critical": 0.007516748085768888,
    "w critical": 48.41952977064848,
    "R equilib drift": 0.004008890207526889,
    "w equilib drift": 20.0,
    "t min": [
        1577.17386768932,
        1880.527042906833,
        2183.880218124346,
        2487.2333933418586,
        2790.5865685593717,
        3093.939743776885,
        3397.2929189943975,
        3700.64609421191,
        4003.999269429423,
        4307.352444646936,
        4610.705619864449,
        4914.058795081962,
        5217.411970299474,
        5520.765145516988,
        5824.1183207345,
        6127.471495952013,
        6430.824671169526
    ],
    "R min": [
        0.003183478678645897,
        0.0031832904073350364,
        0.003183102389858889,
        0.0031829146780049623,
        0.003182727413779795,
        0.003182540503528715,
        0.0031823541053367876,
        0.003182168147644992,
        0.0031819826856663417,
        0.0031817976871160274,
        0.0031816131615038257,
        0.003181429230882086,
        0.003181245860692065,
        0.003181062997170883,
        0.0031808807643283854,
        0.0031806993011653387,
        0.003180518517763162
    ],
    "t max": [
        1616.5703839513349,
        1919.9235591688478,
        2223.2767343863607,
        2526.6299096038733,
        2829.983084821386,
        3133.336260038899,
        3436.6894352564123,
        3740.042610473925,
        4043.3957856914376,
        4346.748960908951,
        4650.102136126464,
        4953.455311343976,
        5256.808486561489,
        5560.161661779001,
        5863.514836996515,
        6166.868012214028,
        6470.221187431541
    ],
    "R max": [
        0.007466413682102525,
        0.007467106491436608,
        0.007467790894565874,
        0.007468466279062074,
        0.007469131463973998,
        0.0074697860930406125,
        0.0074704287678544114,
        0.007471058797044834,
        0.00747167489968069,
        0.00747227578938819,
        0.0074728598603829525,
        0.0074734246028233114,
        0.007473967553676829,
        0.007474485710240182,
        0.007474974131839938,
        0.007475426355274177,
        0.0074758333877045806
    ],
    "R end": 0.005738714086862813,
    "v end": -17.202951175957452,
    "t end": 6566.08604366911,
    "v max": 294.58147366567863
}