{
    "star": "MS10",
    "grain": "gra",
    "stream": {
        "L4": 0.64,
        "eta": 0.0066,
        "vinf": 500.0,
        "n": 10000.000000000144,
        "T": 8000.0,
        "kappa": 600.0,
        "cs": 10.19646997739904,
        "taustar": 0.014240000000000102,
        "Rstar": 0.0003535999999999975,
        "Qp": 2.0,
        "a": 0.02,
        "rho_d": 2.2,
        "kappa_d": 340909.0909090908,
        "drag_constant": 0.05444829937190155,
        "phi_norm": 1.0,
        "Rstarstar": 0.005721890909090908,
        "Upstarstar": 9.183023267353482,
        "R0": 3.41916995009501e-05
    },
    "R sonic drift": 0.0005970765237835921,
    "w sonic drift": 7.745966692414831,
    "R critical": 0.00133668783513723,
    "w critical": 43.32928075712418,
    "R equilib drift": 0.00037593994966308406,
    "w equilib drift": 500.0,
    "t min": [
        16.76721794457702,
        20.101979396506824,
        20.158025807463627,
        23.352671232001423,
        26.2577435332624,
        30.442542218037055,
        37.037336573954256
    ],
    "R min": [
        0.00035740161250999333,
        0.00035740161329893575,
        0.0003574016132116526,
        0.0003574016128560837,
        0.00035740161098537793,
        0.0003574016121288335,
        0.0003574016110731548
    ],
    "t max": [
        17.663960519885876,
        20.120661533492427,
        21.428411122484505,
        24.31480128675988,
        28.56498745098414,
        33.59048230011084
    ],
    "R max": [
        0.00035740161370317495,
        0.00035740161330244944,
        0.0003574016134947911,
        0.0003574016131803356,
        0.00035740161228988164,
        0.00035740161233473373
    ],
    "R end": 0.000357401612375423,
    "v end": 2.3963292307416465e-08,
    "t end": 46.70534246400285,
    "v max": 3.3254291314333152e-06
}