{
    "star": "MS10",
    "grain": "gra",
    "stream": {
        "L4": 0.64,
        "eta": 0.0066,
        "vinf": 250.0,
        "n": 1584.8931924611336,
        "T": 8000.0,
        "kappa": 600.0,
        "cs": 10.19646997739904,
        "taustar": 0.011338092217363673,
        "Rstar": 0.0017764060843635638,
        "Qp": 2.0,
        "a": 0.2,
        "rho_d": 2.2,
        "kappa_d": 34090.90909090909,
        "drag_constant": 0.0013807158242497822,
        "phi_norm": 1.0,
        "Rstarstar": 0.0022887563636363635,
        "Upstarstar": 362.1309984418242,
        "R0": 0.0001658314102981344
    },
    "R sonic drift": 0.001499788418664912,
    "w sonic drift": 7.745966692414831,
    "R critical": 0.0033576080362451217,
    "w critical": 43.32928075712418,
    "R equilib drift": 0.0014158915687682763,
    "w equilib drift": 250.0,
    "t min": [
        57.43914544061936,
        86.95648406982653,
        117.83471748480004,
        148.90066052539646,
        180.06045837880433,
        210.98561920018355
    ],
    "R min": [
        0.0007376225248308603,
        0.001317618743610166,
        0.0013749774190309802,
        0.0013786432177659478,
        0.0013788696252251958,
        0.0013788835433351883
    ],
    "t max": [
        69.7810533253276,
        102.16096374528462,
        133.36768900509824,
        164.4805594521004,
        195.59342989910255,
        226.33088109485882
    ],
    "R max": [
        0.0016798700803317707,
        0.0013948064244062664,
        0.0013798571714988919,
        0.001378944388883184,
        0.001378888172134312,
        0.0013788847754090732
    ],
    "R end": 0.0013788845459748898,
    "v end": -3.5208822289082446e-05,
    "t end": 234.6370320286739,
    "v max": 134.38187412086342
}