{
    "star": "MS40",
    "grain": "gra",
    "stream": {
        "L4": 22.2,
        "eta": 0.4468,
        "vinf": 250.0,
        "n": 251.1886431509608,
        "T": 10000.0,
        "kappa": 600.0,
        "cs": 11.4,
        "taustar": 0.026584376880040644,
        "Rstar": 0.02628020521799538,
        "Qp": 2.0,
        "a": 0.02,
        "rho_d": 2.2,
        "kappa_d": 340909.0909090908,
        "drag_constant": 0.9488276143516642,
        "phi_norm": 1.5,
        "Rstarstar": 0.7939123636363632,
        "Upstarstar": 0.5269661131665639,
        "R0": 0.01826578065663926
    },
    "R sonic drift": 0.011913242870580215,
    "w sonic drift": 8.6559494714014,
    "R critical": 0.026670428643266485,
    "w critical": 48.41952977064848,
    "R equilib drift": 0.013722587476643369,
    "w equilib drift": 250.0,
    "t min": [
        426.4347389068195,
        1051.1765417108663,
        1060.868240322385,
        1073.9147576840446,
        1077.6423340730903,
        1097.398488935032,
        1670.6997375702492
    ],
    "R min": [
        0.010825080201523713,
        0.01349058376292936,
        0.013490583760731803,
        0.01349058376298813,
        0.013490583763001485,
        0.013490583764340579,
        0.013490583782364458
    ],
    "t max": [
        1026.9472951820696,
        1054.5313604610074,
        1073.54200004514,
        1074.2875153229493,
        1087.334032684609,
        1250.6018785248073
    ],
    "R max": [
        0.013490583758361888,
        0.013490583763021714,
        0.013490583762967733,
        0.013490583762956797,
        0.013490583767105803,
        0.01349058377997328
    ],
    "R end": 0.013490583787677014,
    "v end": 6.095126454133903e-08,
    "t end": 1863.7881945228125,
    "v max": 99.98026059376286
}