{
    "R sonic drift": 0.05970765237835921,
    "w sonic drift": 7.745966692414831,
    "R critical": 0.133668783513723,
    "w critical": 43.32928075712418,
    "R equilib drift": 0.11886516673566964,
    "w equilib drift": 80.0,
    "t min": [
        7023.315873024428,
        14385.245478912877,
        21805.556762881326
    ],
    "R min": [
        0.03851259026963286,
        0.09439778718999783,
        0.11224590162343413
    ],
    "t max": [
        10041.648629760612,
        17934.85150617709,
        25547.822327809557
    ],
    "R max": [
        0.17733105053952103,
        0.12425418799810171,
        0.11664130231480546
    ],
    "R end": 0.11498562068414288,
    "v end": -0.05221360332855519,
    "t end": 29190.839040001774,
    "v max": 89.87616767141242
}