{
    "star": "MS10",
    "grain": "gra",
    "stream": {
        "L4": 0.64,
        "eta": 0.0066,
        "vinf": 250.0,
        "n": 3.981071705535002,
        "T": 8000.0,
        "kappa": 600.0,
        "cs": 10.19646997739904,
        "taustar": 0.000568250707303139,
        "Rstar": 0.03544396116212057,
        "Qp": 2.0,
        "a": 0.2,
        "rho_d": 2.2,
        "kappa_d": 34090.90909090909,
        "drag_constant": 3.468201344703576e-06,
        "phi_norm": 1.0,
        "Rstarstar": 0.0022887563636363635,
        "Upstarstar": 144166.94715938836,
        "R0": 0.002899691569349766
    },
    "R sonic drift": 0.029924713121888692,
    "w sonic drift": 7.745966692414831,
    "R critical": 0.0669930878315656,
    "w critical": 43.32928075712418,
    "R equilib drift": 0.028250750892455084,
    "w equilib drift": 250.0,
    "t min": [
        1179.7693178114575
    ],
    "R min": [
        0.002039749375870951
    ],
    "t max": [
        4006.5340562819256
    ],
    "R max": [
        0.2836629209591897
    ],
    "R end": 0.27340813023403276,
    "v end": -28.815102764102086,
    "t end": 4681.624277029593,
    "v max": 233.70223603630586
}