{
    "R sonic drift": 0.05970765237835921,
    "w sonic drift": 7.745966692414831,
    "R critical": 0.133668783513723,
    "w critical": 43.32928075712418,
    "R equilib drift": 0.07551342389272607,
    "w equilib drift": 20.0,
    "t min": [
        28303.43753318572,
        45047.302806530744,
        61767.81540864376,
        78511.68068198877,
        95232.1932841018,
        111976.0585574468
    ],
    "R min": [
        0.053002537618787295,
        0.052996067835299705,
        0.05300665715396101,
        0.05299691074759985,
        0.05301172124329213,
        0.05299880197724072
    ],
    "t max": [
        32927.266437122,
        49671.13171046702,
        66391.64431258004,
        83135.50958592506,
        99879.37485927009,
        116599.88746138308
    ],
    "R max": [
        0.26874401254382896,
        0.26875176329572975,
        0.2687405149778309,
        0.2687499445062319,
        0.2687539510732478,
        0.26874760796017294
    ],
    "R end": 0.2679978820012344,
    "v end": -10.97952685363839,
    "t end": 116763.3561600071,
    "v max": 78.7523176279565
}