{
    "star": "MS10",
    "grain": "gra",
    "stream": {
        "L4": 0.64,
        "eta": 0.0066,
        "vinf": 90.0,
        "n": 0.001,
        "T": 8000.0,
        "kappa": 600.0,
        "cs": 10.19646997739904,
        "taustar": 2.501712993377651e-05,
        "Rstar": 6.21211878130855,
        "Qp": 2.0,
        "a": 0.02,
        "rho_d": 2.2,
        "kappa_d": 340909.0909090908,
        "drag_constant": 5.186737861215973e-06,
        "phi_norm": 1.0,
        "Rstarstar": 0.1766015712682379,
        "Upstarstar": 96399.70505137127,
        "R0": 0.5048303485291042
    },
    "R sonic drift": 1.8881217525718474,
    "w sonic drift": 7.745966692414831,
    "R critical": 4.226978079673296,
    "w critical": 43.32928075712418,
    "R equilib drift": 3.5250773481008952,
    "w equilib drift": 90.0,
    "t min": [
        207429.7889007991
    ],
    "R min": [
        0.1566130323815701
    ],
    "t max": [],
    "R max": [],
    "R end": 44.18964513096089,
    "v end": 56.16468969938383,
    "t end": 820529.2282468319,
    "v max": 87.93752980092155
}