{
    "star": "MS10",
    "grain": "sil",
    "stream": {
        "L4": 0.64,
        "eta": 0.0066,
        "vinf": 120.0,
        "n": 125.89254117941816,
        "T": 8000.0,
        "kappa": 600.0,
        "cs": 10.19646997739904,
        "taustar": 0.006657309495525021,
        "Rstar": 0.013131097155170442,
        "Qp": 2.0,
        "a": 0.002,
        "rho_d": 3.5,
        "kappa_d": 2142857.1428571427,
        "drag_constant": 8.162977994200991,
        "phi_norm": 0.7,
        "Rstarstar": 0.6244126984126984,
        "Upstarstar": 0.06125215581313605,
        "R0": 0.001157713444042028
    },
    "R sonic drift": 0.008433930068571646,
    "w sonic drift": 7.745966692414831,
    "R critical": 0.01782501876267492,
    "w critical": 38.7741595142002,
    "R equilib drift": 0.011246826503806984,
    "w equilib drift": 120.0,
    "t min": [
        631.6919514986055,
        1899.4740578134742,
        1931.9108072812007,
        1966.546658407756,
        2001.1825095343115,
        2036.9179114902813,
        2045.714318125597,
        2049.01297061384,
        2088.596800472761
    ],
    "R min": [
        0.0076530099376116625,
        0.011002477741557362,
        0.011002477755731148,
        0.011002477761777716,
        0.011002477765308471,
        0.011002477767063586,
        0.011002477765713337,
        0.011002477765793835,
        0.011002477770017071
    ],
    "t max": [
        1884.630121616379,
        1919.2659727429345,
        1951.1529467959538,
        1985.7887979225093,
        2027.0219540255514,
        2038.0174623196958,
        2047.9134197844257,
        2073.2030888609584,
        2551.507699656247
    ],
    "R max": [
        0.011002477745190543,
        0.011002477753731537,
        0.011002477766693235,
        0.01100247777395491,
        0.011002477769026322,
        0.011002477767002096,
        0.011002477765804998,
        0.011002477770698637,
        0.011002477857948792
    ],
    "R end": 0.011002477821742823,
    "v end": -6.965154510217061e-08,
    "t end": 2748.8770735361422,
    "v max": 62.47036367987033
}