{
    "star": "MS10",
    "grain": "sil",
    "stream": {
        "L4": 0.64,
        "eta": 0.0066,
        "vinf": 250.0,
        "n": 0.012589254117941701,
        "T": 8000.0,
        "kappa": 600.0,
        "cs": 10.19646997739904,
        "taustar": 3.195508557851996e-05,
        "Rstar": 0.6302926634481841,
        "Qp": 2.0,
        "a": 0.02,
        "rho_d": 3.5,
        "kappa_d": 214285.71428571426,
        "drag_constant": 4.333248299206407e-07,
        "phi_norm": 0.7,
        "Rstarstar": 0.014386468571428572,
        "Upstarstar": 1153868.796513623,
        "R0": 0.0512253630048392
    },
    "R sonic drift": 0.8433930068571646,
    "w sonic drift": 7.745966692414831,
    "R critical": 1.782501876267492,
    "w critical": 38.7741595142002,
    "R equilib drift": 0.6492859540782857,
    "w equilib drift": 250.0,
    "t min": [
        33118.470981963445
    ],
    "R min": [
        0.014096143967810615
    ],
    "t max": [],
    "R max": [],
    "R end": 14.944763661674152,
    "v end": 74.22383509531798,
    "t end": 131946.09952973484,
    "v max": 242.57820652694036
}