{
    "star": "MS20",
    "grain": "gra",
    "stream": {
        "L4": 5.45,
        "eta": 0.1199,
        "vinf": 300.0,
        "n": 0.15848931924611206,
        "T": 9000.0,
        "kappa": 600.0,
        "cs": 10.814989597775858,
        "taustar": 0.0002757191957757238,
        "Rstar": 0.4319856000127982,
        "Qp": 2.0,
        "a": 0.02,
        "rho_d": 2.2,
        "kappa_d": 340909.0909090908,
        "drag_constant": 6.378937820571267e-05,
        "phi_norm": 1.5,
        "Rstarstar": 0.13534854797979795,
        "Upstarstar": 7838.295560548707,
        "R0": 0.14970097947975777
    },
    "R sonic drift": 0.23770044548740382,
    "w sonic drift": 9.672835454459698,
    "R critical": 0.5636765862528911,
    "w critical": 48.41952977064848,
    "R equilib drift": 0.2542188101576042,
    "w equilib drift": 300.0,
    "t min": [
        7728.794492460375,
        17112.43110960954,
        24692.475748165303
    ],
    "R min": [
        0.07423969832720263,
        0.1647986898500409,
        0.21589579035244624
    ],
    "t max": [
        11633.478157456395,
        20626.646408105957,
        28343.045079407617
    ],
    "R max": [
        0.5935984058079854,
        0.31352086482933755,
        0.26423729581180555
    ],
    "R end": 0.24128881999909066,
    "v end": -8.713002910798016,
    "t end": 30989.552896793804,
    "v max": 242.8811438348569
}