{
    "star": "MS40",
    "grain": "gra",
    "stream": {
        "L4": 22.2,
        "eta": 0.4468,
        "vinf": 250.0,
        "n": 6.309573444801981,
        "T": 10000.0,
        "kappa": 600.0,
        "cs": 11.4,
        "taustar": 0.004213339794299696,
        "Rstar": 0.16581688496740912,
        "Qp": 2.0,
        "a": 0.02,
        "rho_d": 2.2,
        "kappa_d": 340909.0909090908,
        "drag_constant": 0.02383347210331542,
        "phi_norm": 1.5,
        "Rstarstar": 0.7939123636363633,
        "Upstarstar": 20.97889882903155,
        "R0": 0.11153600204640257
    },
    "R sonic drift": 0.07516748085768887,
    "w sonic drift": 8.6559494714014,
    "R critical": 0.16827902832903915,
    "w critical": 48.41952977064848,
    "R equilib drift": 0.08658367353660057,
    "w equilib drift": 250.0,
    "t min": [
        2747.0679053422173,
        3857.1843876380444,
        5160.160089315774,
        6258.516863112705,
        7004.082381942741,
        8168.293523333493,
        9386.59932381917,
        10941.232787373283
    ],
    "R min": [
        0.05988705520697,
        0.08510719005617727,
        0.08511982733887746,
        0.08511982889001345,
        0.08511982900828148,
        0.08511982899531535,
        0.08511982909062428,
        0.0851198291272592
    ],
    "t max": [
        3191.584886600504,
        4513.376121876468,
        5969.228034039852,
        6571.325109183352,
        7575.604214989111,
        8742.167298079641,
        10082.77406695384
    ],
    "R max": [
        0.08629369439279871,
        0.08511997262540745,
        0.08511982935142043,
        0.08511982928243648,
        0.08511982932632192,
        0.0851198291434908,
        0.08511982908712117
    ],
    "R end": 0.08511982920041,
    "v end": 1.7102959873316116e-07,
    "t end": 11759.708498896478,
    "v max": 124.54671779444787
}