{
    "star": "MS10",
    "grain": "gra",
    "stream": {
        "L4": 0.64,
        "eta": 0.0066,
        "vinf": 20.0,
        "n": 3.162277660168402,
        "T": 8000.0,
        "kappa": 600.0,
        "cs": 10.19646997739904,
        "taustar": 0.006330674699738588,
        "Rstar": 0.49710973146826676,
        "Qp": 2.0,
        "a": 0.02,
        "rho_d": 2.2,
        "kappa_d": 340909.0909090908,
        "drag_constant": 6.72580627882512,
        "phi_norm": 1.0,
        "Rstarstar": 3.576181818181817,
        "Upstarstar": 0.07434052948776589,
        "R0": 0.04365297212661657
    },
    "R sonic drift": 0.033576080362451216,
    "w sonic drift": 7.745966692414831,
    "R critical": 0.07516748085768887,
    "w critical": 43.32928075712418,
    "R equilib drift": 0.042464318861496146,
    "w equilib drift": 20.0,
    "t min": [
        15850.531709417233,
        23138.887217889947,
        30427.24272636266,
        37702.46606274803,
        44990.821571220746,
        52279.17707969346,
        59554.40041607883
    ],
    "R min": [
        0.0304111214507193,
        0.03040127413317336,
        0.030397214041987114,
        0.03040954705897529,
        0.030400403283921185,
        0.030397155539081372,
        0.030408055513729434
    ],
    "t max": [
        17636.507113295233,
        24924.862621767945,
        32200.085958153315,
        39488.441466626035,
        46776.79697509874,
        54052.02031148412,
        61340.37581995683
    ],
    "R max": [
        0.1273519698183913,
        0.12735709671584497,
        0.12734467074495875,
        0.12735284512952297,
        0.12735748905966787,
        0.12734591341019322,
        0.12735365273575272
    ],
    "R end": 0.04707308225854403,
    "v end": -16.447850346933652,
    "t end": 65660.8604366911,
    "v max": 94.02498352007376
}