{
    "star": "MS10",
    "grain": "sil",
    "stream": {
        "L4": 0.64,
        "eta": 0.0066,
        "vinf": 80.0,
        "n": 25118.86431509618,
        "T": 8000.0,
        "kappa": 600.0,
        "cs": 10.19646997739904,
        "taustar": 0.14105549412904017,
        "Rstar": 0.0013944157313012166,
        "Qp": 2.0,
        "a": 0.02,
        "rho_d": 3.5,
        "kappa_d": 214285.71428571426,
        "drag_constant": 82.4543669968571,
        "phi_norm": 0.7,
        "Rstarstar": 0.14049285714285714,
        "Upstarstar": 0.006063960202605865,
        "R0": 0.00040892898943340194
    },
    "R sonic drift": 0.0005970765237835921,
    "w sonic drift": 7.745966692414831,
    "R critical": 0.0012619146889603862,
    "w critical": 38.7741595142002,
    "R equilib drift": 0.001059386913645896,
    "w equilib drift": 80.0,
    "t min": [
        67.13892979200409,
        257.28805529857567
    ],
    "R min": [
        0.0005546805401526457,
        0.0010336133830535733
    ],
    "t max": [
        210.2324227660928
    ],
    "R max": [
        0.0010336133858058678
    ],
    "R end": 0.0010336133837126756,
    "v end": 5.081379279996233e-08,
    "t end": 291.90839040001777,
    "v max": 95.44895580393934
}