{
    "star": "MS40",
    "grain": "gra",
    "stream": {
        "L4": 22.2,
        "eta": 0.4468,
        "vinf": 500.0,
        "n": 15.848931924611271,
        "T": 10000.0,
        "kappa": 600.0,
        "cs": 11.4,
        "taustar": 0.00333884677875555,
        "Rstar": 0.05231169070450704,
        "Qp": 2.0,
        "a": 0.02,
        "rho_d": 2.2,
        "kappa_d": 340909.0909090908,
        "drag_constant": 0.003741685949505011,
        "phi_norm": 1.5,
        "Rstarstar": 0.19847809090909083,
        "Upstarstar": 133.6296008664611,
        "R0": 0.03514145947729489
    },
    "R sonic drift": 0.047427474113233115,
    "w sonic drift": 8.6559494714014,
    "R critical": 0.1061768888461977,
    "w critical": 48.41952977064848,
    "R equilib drift": 0.03982157921235846,
    "w equilib drift": 500.0,
    "t min": [
        892.6108958928829,
        1125.594953507484,
        1363.0309357898802,
        1601.2089055169088,
        1840.1288626885698,
        2079.048819860231,
        2321.6787142550547,
        2600.66599343687,
        3124.5091293474065,
        3636.4804661438225
    ],
    "R min": [
        0.031048875652097015,
        0.037482368578682305,
        0.03816783119238722,
        0.03822676193947442,
        0.03823167660383165,
        0.03823208573175511,
        0.038232119507068535,
        0.03823212209035386,
        0.03823212219762318,
        0.038232122200239166
    ],
    "t max": [
        1000.1990753645937,
        1243.5709572040496,
        1482.4909143757106,
        1720.6688841027392,
        1959.5888412744005,
        2199.250785890694,
        2444.8486300640475,
        2739.4176455831453,
        3448.7576426518035
    ],
    "R max": [
        0.041337769702323786,
        0.03845802329748697,
        0.03825073347515737,
        0.038233668399911734,
        0.038232250071772514,
        0.03823213251200054,
        0.03823212288232063,
        0.038232122235602725,
        0.038232122191666114
    ],
    "R end": 0.03823212221182292,
    "v end": 8.608569219234453e-08,
    "t end": 3709.9372231624393,
    "v max": 155.21206187486314
}