{
    "star": "MS10",
    "grain": "sil",
    "stream": {
        "L4": 0.64,
        "eta": 0.0066,
        "vinf": 300.0,
        "n": 0.010000000000000021,
        "T": 8000.0,
        "kappa": 600.0,
        "cs": 10.19646997739904,
        "taustar": 2.3733333333333356e-05,
        "Rstar": 0.5893333333333326,
        "Qp": 2.0,
        "a": 0.02,
        "rho_d": 3.5,
        "kappa_d": 214285.71428571426,
        "drag_constant": 1.6599254784580522e-07,
        "phi_norm": 0.7,
        "Rstarstar": 0.00999060317460317,
        "Upstarstar": 3012183.4172005295,
        "R0": 0.04789165519172362
    },
    "R sonic drift": 0.9463025179229617,
    "w sonic drift": 7.745966692414831,
    "R critical": 2.0000000000000004,
    "w critical": 38.7741595142002,
    "R equilib drift": 0.6028478018923349,
    "w equilib drift": 300.0,
    "t min": [
        30916.931030474054
    ],
    "R min": [
        0.01040327203808636
    ],
    "t max": [],
    "R max": [],
    "R end": 17.99635855985816,
    "v end": 107.83369991527546,
    "t end": 123371.63220460516,
    "v max": 293.2518336459126
}