{
    "star": "MS10",
    "grain": "sil",
    "stream": {
        "L4": 0.64,
        "eta": 0.0066,
        "vinf": 40.0,
        "n": 100000.00000000163,
        "T": 8000.0,
        "kappa": 600.0,
        "cs": 10.19646997739904,
        "taustar": 0.5628854235099762,
        "Rstar": 0.0013977267257944122,
        "Qp": 2.0,
        "a": 0.002,
        "rho_d": 3.5,
        "kappa_d": 2142857.1428571427,
        "drag_constant": 525210.795918376,
        "phi_norm": 0.7,
        "Rstarstar": 5.619714285714285,
        "Upstarstar": 9.519987096337335e-07,
        "R0": 0.0010675701467086625
    },
    "R sonic drift": 0.0002992471312188866,
    "w sonic drift": 7.745966692414831,
    "R critical": 0.000632455532033676,
    "w critical": 38.7741595142002,
    "R equilib drift": 0.000632455532033676,
    "w equilib drift": 40.0,
    "t min": [
        68.05911292731763,
        85.2055618419385,
        102.35201075655938,
        119.49845967118024,
        136.64490858580112,
        153.79135750042198,
        170.93780641504284,
        188.14277563312658,
        205.28922454774744,
        222.43567346236833,
        239.5821223769892,
        256.7285712916101,
        273.87502020623094,
        291.02146912085175
    ],
    "R min": [
        0.0002846309062605967,
        0.000284802972540164,
        0.0002849755301879358,
        0.0002851486008475592,
        0.0002853220433128228,
        0.0002854958765925584,
        0.00028567004455418453,
        0.00028403588672575177,
        0.0002842036630810381,
        0.0002843736610715178,
        0.00028454466816042734,
        0.0002847164081822607,
        0.00028488872560637556,
        0.0002850615551284645
    ],
    "t max": [
        75.95935389480506,
        93.10580280942594,
        110.2522517240468,
        127.39870063866768,
        144.54514955328855,
        161.69159846790942,
        178.83804738253028,
        195.9844962971511,
        213.130945211772,
        230.33591442985573,
        247.48236334447662,
        264.62881225909746,
        281.7752611737183
    ],
    "R max": [
        0.0006259985561946175,
        0.0006259793452189857,
        0.0006259562679026472,
        0.000625930257937768,
        0.0006259018979542012,
        0.0006258716031787693,
        0.0006258396717172978,
        0.0006258063203064604,
        0.0006257717210097216,
        0.0006260163681562743,
        0.0006260062988211994,
        0.0006259895625603612,
        0.0006259682877001468
    ],
    "R end": 0.00043041706624560524,
    "v end": 65.30185912786837,
    "t end": 292.6015173143493,
    "v max": 138.88707592360672
}