{
    "star": "MS10",
    "grain": "sil",
    "stream": {
        "L4": 0.64,
        "eta": 0.0066,
        "vinf": 30.0,
        "n": 79432.82347242952,
        "T": 8000.0,
        "kappa": 600.0,
        "cs": 10.19646997739904,
        "taustar": 0.6688962156867693,
        "Rstar": 0.0020910335738831866,
        "Qp": 2.0,
        "a": 0.002,
        "rho_d": 3.5,
        "kappa_d": 2142857.1428571427,
        "drag_constant": 1318525.6750774626,
        "phi_norm": 0.7,
        "Rstarstar": 9.99060317460317,
        "Upstarstar": 3.7921142488986825e-07,
        "R0": 0.0017152175352247603
    },
    "R sonic drift": 0.0003357608036245122,
    "w sonic drift": 7.745966692414831,
    "R critical": 0.0007096267784671508,
    "w critical": 38.7741595142002,
    "R equilib drift": 0.0006103058655528446,
    "w equilib drift": 30.0,
    "t min": [
        102.86868135081608,
        123.96770450447283,
        145.06672765812957,
        166.25329862570192,
        187.35232177935865,
        208.45134493301538,
        229.63791590058773,
        250.7369390542445,
        271.8359622079012,
        292.934985361558,
        314.1215563291303,
        335.22057948278706,
        356.31960263644385,
        377.5061736040161,
        398.6051967576729,
        419.70421991132963
    ],
    "R min": [
        0.00031892965516022525,
        0.0003194875792172062,
        0.00032005440011403946,
        0.0003188144497317592,
        0.0003193689505165743,
        0.00031993428826810195,
        0.0003187061125140212,
        0.0003192507115995108,
        0.00031981447301156045,
        0.0003203847831576936,
        0.000319133010218883,
        0.00031969493497982645,
        0.0003202640426316031,
        0.00031901589499620336,
        0.00031957568645275906,
        0.0003201435061739154
    ],
    "t max": [
        109.52231520840078,
        130.7088861759731,
        151.80790932962987,
        172.90693248328662,
        194.00595563694336,
        215.1925266045157,
        236.29154975817244,
        257.39057291182917,
        278.57714387940155,
        299.6761670330583,
        320.775190186715,
        341.9617611542874,
        363.06078430794406,
        384.15980746160085,
        405.34637842917317,
        426.4454015828299
    ],
    "R max": [
        0.0007030262146230212,
        0.0007038425635169648,
        0.0007035390212336122,
        0.0007031205156122776,
        0.0007026608436882582,
        0.0007036184235796442,
        0.0007032131132987208,
        0.0007027602509548979,
        0.0007036926879355731,
        0.0007033036916605371,
        0.0007028584583541502,
        0.0007037597164107971,
        0.000703392019418474,
        0.0007029553567785712,
        0.0007038151913883778,
        0.0007034776655348641
    ],
    "R end": 0.0003941368828767378,
    "v end": -24.930854457449158,
    "t end": 437.73906957794077,
    "v max": 148.60192353263366
}