{
    "star": "MS10",
    "grain": "gra",
    "stream": {
        "L4": 0.64,
        "eta": 0.0066,
        "vinf": 50.0,
        "n": 63.09573444801995,
        "T": 8000.0,
        "kappa": 600.0,
        "cs": 10.19646997739904,
        "taustar": 0.011311234062473825,
        "Rstar": 0.044515602561041534,
        "Qp": 2.0,
        "a": 0.02,
        "rho_d": 2.2,
        "kappa_d": 340909.0909090908,
        "drag_constant": 3.4354554383157447,
        "phi_norm": 1.0,
        "Rstarstar": 0.5721890909090908,
        "Upstarstar": 0.14554111062640607,
        "R0": 0.004154271855856664
    },
    "R sonic drift": 0.007516748085768888,
    "w sonic drift": 7.745966692414831,
    "R critical": 0.016827902832903904,
    "w critical": 43.32928075712418,
    "R equilib drift": 0.016827902832903904,
    "w equilib drift": 50.0,
    "t min": [
        1368.8300692715502,
        1869.7936513245404,
        2369.581262527641,
        2870.544844580631,
        3370.332455783731,
        3871.2960378367216,
        4372.259619889712,
        4872.047231092812,
        5373.010813145802,
        5872.798424348902
    ],
    "R min": [
        0.006736894436249784,
        0.0067348090855033245,
        0.006738659137346634,
        0.006735349886706999,
        0.006740937570577678,
        0.006736417674434514,
        0.0067347459857626185,
        0.006738007858358969,
        0.006735109819944552,
        0.006740115055197354
    ],
    "t max": [
        1595.7924433002524,
        2096.7560253532424,
        2596.543636556343,
        3097.507218609333,
        3598.4708006623227,
        4098.258411865424,
        4599.221993918413,
        5099.009605121513,
        5599.973187174503
    ],
    "R max": [
        0.017369909760539082,
        0.017369977474395858,
        0.017369864227103828,
        0.017369955207327228,
        0.017369991336296603,
        0.017369922925532667,
        0.017369982613342577,
        0.017369880595647355,
        0.01736996377547476
    ],
    "R end": 0.006951696420792299,
    "v end": 65.62850977212719,
    "t end": 5879.85424944824,
    "v max": 125.3469799009461
}