{
    "star": "MS10",
    "grain": "sil",
    "stream": {
        "L4": 0.64,
        "eta": 0.0066,
        "vinf": 140.0,
        "n": 0.015848931924611172,
        "T": 8000.0,
        "kappa": 600.0,
        "cs": 10.19646997739904,
        "taustar": 6.402534951410343e-05,
        "Rstar": 1.0031230849946629,
        "Qp": 2.0,
        "a": 0.002,
        "rho_d": 3.5,
        "kappa_d": 2142857.1428571427,
        "drag_constant": 0.0005547042166151472,
        "phi_norm": 0.7,
        "Rstarstar": 0.4587521865889212,
        "Upstarstar": 901.3812857797316,
        "R0": 0.08155835494997447
    },
    "R sonic drift": 0.7516748085768887,
    "w sonic drift": 7.745966692414831,
    "R critical": 1.5886564694485645,
    "w critical": 38.7741595142002,
    "R equilib drift": 0.8876338514234885,
    "w equilib drift": 140.0,
    "t min": [
        52456.699696863216,
        116169.12038552736,
        174379.67745506493
    ],
    "R min": [
        0.23893980375515664,
        0.675428645041528,
        0.8306522284280018
    ],
    "t max": [
        77488.07921594287,
        143636.43952223557,
        203484.95598983372
    ],
    "R max": [
        1.658907249006739,
        0.9746846178947274,
        0.8890061928340923
    ],
    "R end": 0.8852332281431572,
    "v end": -1.0291246503868918,
    "t end": 209994.7946231514,
    "v max": 110.48765903972658
}