{
    "star": "MS10",
    "grain": "gra",
    "stream": {
        "L4": 0.64,
        "eta": 0.0066,
        "vinf": 200.0,
        "n": 25118.86431509618,
        "T": 8000.0,
        "kappa": 600.0,
        "cs": 10.19646997739904,
        "taustar": 0.056422197651616074,
        "Rstar": 0.0005577662925204867,
        "Qp": 2.0,
        "a": 0.02,
        "rho_d": 2.2,
        "kappa_d": 340909.0909090908,
        "drag_constant": 5.342497828556691,
        "phi_norm": 1.0,
        "Rstarstar": 0.03576181818181818,
        "Upstarstar": 0.09358918169838137,
        "R0": 8.621178611745526e-05
    },
    "R sonic drift": 0.0003767298178979601,
    "w sonic drift": 7.745966692414831,
    "R critical": 0.0008433930068571646,
    "w critical": 43.32928075712418,
    "R equilib drift": 0.0004100961838323668,
    "w equilib drift": 200.0,
    "t min": [
        16.84157856513256,
        42.90697881160632,
        43.746847558948886,
        43.8205202560842,
        43.92366203207364,
        44.24782189946902,
        44.30676005717727,
        44.46883999087496,
        44.571981766864404,
        44.645654463999705,
        46.914773535767345,
        55.34293008804717,
        67.29264156339494
    ],
    "R min": [
        0.00034557357703490955,
        0.00040402726574937465,
        0.0004040272661055976,
        0.00040402726610849657,
        0.00040402726610360877,
        0.0004040272660754354,
        0.0004040272660773485,
        0.00040402726607356926,
        0.00040402726606678053,
        0.00040402726606184167,
        0.00040402726602745755,
        0.00040402726516424337,
        0.0004040272656487094
    ],
    "t max": [
        42.2439245373885,
        43.540564006970015,
        43.79105117723008,
        43.83525479551127,
        43.938396571500704,
        44.292025517750204,
        44.35096367545846,
        44.483574530302015,
        44.58671630629146,
        45.293974198790465,
        48.22614754477593,
        62.68073072272435
    ],
    "R max": [
        0.000404027265986478,
        0.0004040272661430705,
        0.0004040272661092119,
        0.00040402726610999293,
        0.0004040272661032018,
        0.0004040272660798939,
        0.00040402726608094477,
        0.0004040272660735142,
        0.0004040272660669425,
        0.00040402726629133886,
        0.0004040272657452464,
        0.0004040272653895588
    ],
    "R end": 0.0004040272661038485,
    "v end": 3.286798581944377e-08,
    "t end": 73.67269713531306,
    "v max": 46.21065007465665
}