{
    "star": "MS10",
    "grain": "sil",
    "stream": {
        "L4": 0.64,
        "eta": 0.0066,
        "vinf": 120.0,
        "n": 0.03981071705534985,
        "T": 8000.0,
        "kappa": 600.0,
        "cs": 10.19646997739904,
        "taustar": 0.00011838556402148705,
        "Rstar": 0.7384158575441799,
        "Qp": 2.0,
        "a": 0.002,
        "rho_d": 3.5,
        "kappa_d": 2142857.1428571427,
        "drag_constant": 0.0025813602951507667,
        "phi_norm": 0.7,
        "Rstarstar": 0.6244126984126984,
        "Upstarstar": 193.69632396503445,
        "R0": 0.06007666848090515
    },
    "R sonic drift": 0.4742747411323311,
    "w sonic drift": 7.745966692414831,
    "R critical": 1.0023744672545452,
    "w critical": 38.7741595142002,
    "R equilib drift": 0.632455532033676,
    "w equilib drift": 120.0,
    "t min": [
        38057.77268094136,
        73827.75074093255,
        110030.55481029268,
        146697.10103254812
    ],
    "R min": [
        0.21898362407174135,
        0.5532355483148971,
        0.6119731140468535,
        0.618057799340923
    ],
    "t max": [
        52155.53412895863,
        91419.03640742777,
        128332.91177789406
    ],
    "R max": [
        0.902345941930504,
        0.6409953585214867,
        0.6208314438771297
    ],
    "R end": 0.6184819238360748,
    "v end": 0.07401803725762081,
    "t end": 154580.7176317683,
    "v max": 92.49824279820513
}