{
    "star": "MS20",
    "grain": "gra",
    "stream": {
        "L4": 5.45,
        "eta": 0.1199,
        "vinf": 90.0,
        "n": 0.6309573444801969,
        "T": 9000.0,
        "kappa": 600.0,
        "cs": 10.814989597775858,
        "taustar": 0.001833773736149429,
        "Rstar": 0.7216855594574384,
        "Qp": 2.0,
        "a": 0.02,
        "rho_d": 2.2,
        "kappa_d": 340909.0909090908,
        "drag_constant": 0.031351862801041006,
        "phi_norm": 1.5,
        "Rstarstar": 1.5038727553310878,
        "Upstarstar": 15.948015694410286,
        "R0": 0.2512210865558228
    },
    "R sonic drift": 0.1191324287058022,
    "w sonic drift": 9.672835454459698,
    "R critical": 0.2825075089245511,
    "w critical": 48.41952977064848,
    "R equilib drift": 0.2517850823588335,
    "w equilib drift": 90.0,
    "t min": [
        12104.268885539828,
        19745.800483083363,
        28370.998072180606,
        37027.258797853225,
        45704.22828124277
    ],
    "R min": [
        0.09870461983208222,
        0.23554550729026577,
        0.2441109634053686,
        0.24438132827385867,
        0.24438985813529476
    ],
    "t max": [
        15220.936921936309,
        24032.513330485835,
        32699.12843501692,
        41365.743539548,
        50146.256811522144
    ],
    "R max": [
        0.2902892867077882,
        0.245961577026431,
        0.24443971728604497,
        0.2443917047551095,
        0.24439018414324873
    ],
    "R end": 0.24439016046838935,
    "v end": -2.0784206098230407e-05,
    "t end": 51771.89429230037,
    "v max": 123.81757097570735
}