{
    "star": "MS40",
    "grain": "gra",
    "stream": {
        "L4": 22.2,
        "eta": 0.4468,
        "vinf": 250.0,
        "n": 3162.277660168418,
        "T": 10000.0,
        "kappa": 600.0,
        "cs": 11.4,
        "taustar": 0.09432492861469934,
        "Rstar": 0.007406768181652517,
        "Qp": 2.0,
        "a": 0.02,
        "rho_d": 2.2,
        "kappa_d": 340909.0909090908,
        "drag_constant": 11.945031951193483,
        "phi_norm": 1.5,
        "Rstarstar": 0.7939123636363634,
        "Upstarstar": 0.041858406243111206,
        "R0": 0.005644244690569038
    },
    "R sonic drift": 0.0033576080362451217,
    "w sonic drift": 8.6559494714014,
    "R critical": 0.007516748085768888,
    "w critical": 48.41952977064848,
    "R equilib drift": 0.003867550631695502,
    "w equilib drift": 250.0,
    "t min": [
        119.66035205982584,
        272.93906466323756,
        275.1452695739104,
        275.7756138341026,
        282.0790564360249,
        310.96983502816903,
        313.8063841990341,
        316.53787599320043,
        319.2693677873668,
        325.257638259193,
        333.3470562649934,
        334.7128021620765,
        338.7049824766273,
        348.58037588630566,
        394.17527737354396,
        510.57885075570994
    ],
    "R min": [
        0.0031323622209695544,
        0.0038021630982903887,
        0.0038021630992207253,
        0.003802163099074399,
        0.003802163100408582,
        0.003802163096742429,
        0.0038021630982246137,
        0.0038021630980757527,
        0.003802163098142216,
        0.0038021630992714703,
        0.003802163102853275,
        0.0038021631024128836,
        0.003802163100437352,
        0.003802163089950434,
        0.0038021630979520843,
        0.0038021631046240663
    ],
    "t max": [
        265.79516304772557,
        274.61998269041686,
        275.25032695060906,
        279.87285152535213,
        290.6937613253188,
        313.2810973155406,
        314.96201534271984,
        318.53396615047586,
        321.68568745143705,
        333.2419988882947,
        333.55717101839076,
        334.92291691547393,
        338.8100398533261,
        381.14816266290444,
        473.1784246509707
    ],
    "R max": [
        0.003802163074184977,
        0.0038021630991850906,
        0.003802163099213891,
        0.0038021631006798237,
        0.0038021631049615055,
        0.0038021630983428793,
        0.003802163098701549,
        0.0038021630990275747,
        0.0038021630997178684,
        0.0038021631028748344,
        0.0038021631028851296,
        0.003802163102429696,
        0.003802163100438835,
        0.003802163096707999,
        0.003802163104052027
    ],
    "R end": 0.0038021631049070387,
    "v end": 9.490143842351062e-09,
    "t end": 525.2868834935288,
    "v max": 95.62895409244484
}