{
    "star": "MS10",
    "grain": "sil",
    "stream": {
        "L4": 0.64,
        "eta": 0.0066,
        "vinf": 70.0,
        "n": 1000.0000000000123,
        "T": 8000.0,
        "kappa": 600.0,
        "cs": 10.19646997739904,
        "taustar": 0.03216488134342713,
        "Rstar": 0.007987009861682371,
        "Qp": 2.0,
        "a": 0.002,
        "rho_d": 3.5,
        "kappa_d": 2142857.1428571427,
        "drag_constant": 559.9915191799399,
        "phi_norm": 0.7,
        "Rstarstar": 1.8350087463556843,
        "Upstarstar": 0.0008928706647775803,
        "R0": 0.0009534293839305355
    },
    "R sonic drift": 0.002992471312188866,
    "w sonic drift": 7.745966692414831,
    "R critical": 0.00632455532033676,
    "w critical": 38.7741595142002,
    "R equilib drift": 0.005760212503192846,
    "w equilib drift": 70.0,
    "t min": [
        384.5619941845733,
        1303.1635576845931,
        1587.0706299130302,
        1655.2885836640328
    ],
    "R min": [
        0.0028209618974205652,
        0.005585407955085456,
        0.0055854079347625474,
        0.005585407947260302
    ],
    "t max": [
        1172.0780779277648,
        1423.8825836851418,
        1629.8740518744437
    ],
    "R max": [
        0.00558540793627805,
        0.005585407963882456,
        0.005585407949528434
    ],
    "R end": 0.005585407946384886,
    "v end": 5.970791627901e-09,
    "t end": 1672.00867036771,
    "v max": 106.18850472331332
}