{
    "star": "MS10",
    "grain": "sil",
    "stream": {
        "L4": 0.64,
        "eta": 0.0066,
        "vinf": 200.0,
        "n": 6.309573444801981,
        "T": 8000.0,
        "kappa": 600.0,
        "cs": 10.19646997739904,
        "taustar": 0.0008942315696174141,
        "Rstar": 0.03519267387692903,
        "Qp": 2.0,
        "a": 0.002,
        "rho_d": 3.5,
        "kappa_d": 2142857.1428571427,
        "drag_constant": 0.0530216974535975,
        "phi_norm": 0.7,
        "Rstarstar": 0.22478857142857148,
        "Upstarstar": 9.430101713314263,
        "R0": 0.0028907076002229327
    },
    "R sonic drift": 0.03767298178979601,
    "w sonic drift": 7.745966692414831,
    "R critical": 0.07962143411069948,
    "w critical": 38.7741595142002,
    "R equilib drift": 0.034505293668378824,
    "w equilib drift": 200.0,
    "t min": [
        1751.9367378777447,
        3220.9703187558875
    ],
    "R min": [
        0.027013613015709658,
        0.03293127519408898
    ],
    "t max": [
        2535.814235397476
    ],
    "R max": [
        0.0329313054932535
    ],
    "R end": 0.032931275180895295,
    "v end": 8.316551963689414e-10,
    "t end": 7367.269713531307,
    "v max": 39.27325373822582
}