{
    "star": "MS10",
    "grain": "sil",
    "stream": {
        "L4": 0.64,
        "eta": 0.0066,
        "vinf": 170.0,
        "n": 25.118864315096026,
        "T": 8000.0,
        "kappa": 600.0,
        "cs": 10.19646997739904,
        "taustar": 0.0020990900608389386,
        "Rstar": 0.020750728075676256,
        "Qp": 2.0,
        "a": 0.02,
        "rho_d": 3.5,
        "kappa_d": 214285.71428571426,
        "drag_constant": 0.0040436906552738195,
        "phi_norm": 0.7,
        "Rstarstar": 0.03111260504201681,
        "Upstarstar": 123.64941896529476,
        "R0": 0.0017299095745573366
    },
    "R sonic drift": 0.018881217525718474,
    "w sonic drift": 7.745966692414831,
    "R critical": 0.039905246299377625,
    "w critical": 38.7741595142002,
    "R equilib drift": 0.019320959419946444,
    "w equilib drift": 170.0,
    "t min": [
        1062.5370841544561,
        1655.0557197990508,
        2295.3581163827257,
        2939.1356955801516,
        3582.9132747775775,
        4184.11986695655
    ],
    "R min": [
        0.00952532243944722,
        0.01828918158415214,
        0.018763238682901095,
        0.018779574521818703,
        0.01878012728231614,
        0.01878014542212931
    ],
    "t max": [
        1307.537458423922,
        1972.166133303856,
        2616.8125081547196,
        3260.5900873521455,
        3896.548505668631
    ],
    "R max": [
        0.021820450249243065,
        0.018872496629922977,
        0.018783256912165116,
        0.018780251765104877,
        0.01878015028672366
    ],
    "R end": 0.018780146078246063,
    "v end": 7.005891830638945e-06,
    "t end": 4343.97826718911,
    "v max": 92.90493301480939
}