{
    "star": "MS20",
    "grain": "gra",
    "stream": {
        "L4": 5.45,
        "eta": 0.1199,
        "vinf": 200.0,
        "n": 0.015848931924611172,
        "T": 9000.0,
        "kappa": 600.0,
        "cs": 10.814989597775858,
        "taustar": 0.00013078509799217434,
        "Rstar": 2.0490876186523597,
        "Qp": 2.0,
        "a": 0.02,
        "rho_d": 2.2,
        "kappa_d": 340909.0909090908,
        "drag_constant": 3.229337271664197e-05,
        "phi_norm": 1.5,
        "Rstarstar": 0.3045342329545454,
        "Upstarstar": 15483.052959108589,
        "R0": 0.7097969795587495
    },
    "R sonic drift": 0.7516748085768887,
    "w sonic drift": 9.672835454459698,
    "R critical": 1.782501876267492,
    "w critical": 48.41952977064848,
    "R equilib drift": 1.0023744672545452,
    "w equilib drift": 200.0,
    "t min": [
        36866.68614404046,
        131120.74976269572
    ],
    "R min": [
        0.19090667672426018,
        0.5093391203104582
    ],
    "t max": [
        76232.3103440964
    ],
    "R max": [
        3.643869009851497
    ],
    "R end": 1.2700525795983677,
    "v end": 41.611002035276115,
    "t end": 146996.35623620596,
    "v max": 179.2143834486389
}