{
    "star": "MS20",
    "grain": "gra",
    "stream": {
        "L4": 5.45,
        "eta": 0.1199,
        "vinf": 40.0,
        "n": 0.12589254117941726,
        "T": 9000.0,
        "kappa": 600.0,
        "cs": 10.814989597775858,
        "taustar": 0.0018430124392244673,
        "Rstar": 3.635218614052996,
        "Qp": 2.0,
        "a": 0.02,
        "rho_d": 2.2,
        "kappa_d": 340909.0909090908,
        "drag_constant": 0.16032211089564707,
        "phi_norm": 1.5,
        "Rstarstar": 7.613355823863634,
        "Upstarstar": 3.1187214115802644,
        "R0": 1.2654651226809512
    },
    "R sonic drift": 0.26670428643266486,
    "w sonic drift": 9.672835454459698,
    "R critical": 0.632455532033676,
    "w critical": 48.41952977064848,
    "R equilib drift": 0.5636765862528911,
    "w equilib drift": 40.0,
    "t min": [
        61440.092375439715,
        99357.70456299887,
        137223.16047519687,
        175088.61638739484,
        213006.22857495397,
        250871.68448715197
    ],
    "R min": [
        0.23493995510732033,
        0.23485433241701933,
        0.23489160316228397,
        0.2349589043668033,
        0.23486054539987897,
        0.23490508392647555
    ],
    "t max": [
        76304.63085336868,
        114170.08676556668,
        152087.69895312583,
        189953.15486532383,
        227870.76705288296
    ],
    "R max": [
        1.0580104445592113,
        1.0580035436675,
        1.0580134875480673,
        1.058009044863696,
        1.0580145805383456
    ],
    "R end": 0.961260729992079,
    "v end": 37.500984031287445,
    "t end": 260781.37680577126,
    "v max": 103.22453666012075
}