{
    "star": "MS10",
    "grain": "gra",
    "stream": {
        "L4": 0.64,
        "eta": 0.0066,
        "vinf": 10.0,
        "n": 0.0501187233627274,
        "T": 8000.0,
        "kappa": 600.0,
        "cs": 10.19646997739904,
        "taustar": 0.0015939694506606605,
        "Rstar": 7.8973659092290145,
        "Qp": 2.0,
        "a": 0.02,
        "rho_d": 2.2,
        "kappa_d": 340909.0909090908,
        "drag_constant": 1.7055495336195379,
        "phi_norm": 1.0,
        "Rstarstar": 14.304727272727268,
        "Upstarstar": 0.29316064420532784,
        "R0": 0.6542949851016092
    },
    "R sonic drift": 0.26670428643266486,
    "w sonic drift": 7.745966692414831,
    "R critical": 0.5970765237835921,
    "w critical": 43.32928075712418,
    "R equilib drift": 0.26670428643266486,
    "w equilib drift": 10.0,
    "t min": [
        275385.1339068945,
        299377.02057302545,
        323160.2821377118,
        346526.2934995089,
        370100.92996275064,
        393675.56642599235,
        417041.57778778946,
        440616.21425103117,
        464190.85071427294,
        487765.48717751465,
        511131.4985393117,
        534706.1350025535,
        558280.7714657952,
        581855.4079290369,
        605221.419290834,
        628796.0557540758,
        652370.6922173175,
        675736.7035791146,
        699102.7149409117,
        722051.4760998195,
        745000.2372587274,
        766697.2478089676,
        789646.0089678755,
        815724.1466484526,
        840759.1588218067,
        875808.1758645024,
        1042291.0068173069
    ],
    "R min": [
        0.24961556111605543,
        0.251136606240612,
        0.2520063642175814,
        0.2524973928559699,
        0.25276497773574,
        0.25290835097401926,
        0.2529843335947495,
        0.2530240838867603,
        0.25304489931303453,
        0.25305577136146445,
        0.2530614520998882,
        0.25306440232206323,
        0.25306594012135053,
        0.25306674297803333,
        0.25306715993235207,
        0.2530673763927547,
        0.2530674879277188,
        0.2530675451497682,
        0.25306757373740735,
        0.2530675887474719,
        0.2530675966197955,
        0.2530675996537524,
        0.2530676001942032,
        0.25306760000418804,
        0.2530676006702879,
        0.253067602562932,
        0.25306760221830965
    ],
    "t max": [
        287276.76468923764,
        311060.026253924,
        334843.2878186104,
        358417.9242818521,
        381783.9356436492,
        405358.5721068909,
        428933.2085701326,
        452507.8450333744,
        475873.85639517143,
        499448.4928584132,
        523023.1293216549,
        546389.140683452,
        569963.7771466938,
        593538.4136099354,
        617113.0500731772,
        640479.0614349743,
        664053.697898216,
        687419.7092600132,
        710577.0955203656,
        733525.8566792735,
        756057.3676352921,
        777128.5028811985,
        802580.7652574417,
        828867.5280394634,
        855362.9159229299,
        916698.6957476473
    ],
    "R max": [
        0.25716087566333884,
        0.25486272928687614,
        0.25394260116213,
        0.2535094561839668,
        0.2532940531266545,
        0.25318471852115687,
        0.2531283843299086,
        0.2530991940947602,
        0.2530840184239732,
        0.25307614589268845,
        0.2530720464151004,
        0.25306990779964267,
        0.25306879777761443,
        0.2530682202156733,
        0.253067920802656,
        0.25306776363544903,
        0.253067684094704,
        0.25306764373243423,
        0.2530676233212301,
        0.2530676120046487,
        0.2530676071749829,
        0.2530676062165447,
        0.2530676054860196,
        0.2530676061097981,
        0.25306760325054267,
        0.2530676028176859
    ],
    "R end": 0.253067602244028,
    "v end": 3.677307912606025e-10,
    "t end": 1043125.5072230852,
    "v max": 0.9851131085174847
}