{
    "star": "MS10",
    "grain": "gra",
    "stream": {
        "L4": 0.64,
        "eta": 0.0066,
        "vinf": 300.0,
        "n": 398.1071705535018,
        "T": 8000.0,
        "kappa": 600.0,
        "cs": 10.19646997739904,
        "taustar": 0.004735422560859502,
        "Rstar": 0.0029536634301767077,
        "Qp": 2.0,
        "a": 0.2,
        "rho_d": 2.2,
        "kappa_d": 34090.90909090909,
        "drag_constant": 0.00016725508028084447,
        "phi_norm": 1.0,
        "Rstarstar": 0.0015894141414141412,
        "Upstarstar": 2989.4458162970636,
        "R0": 0.00025434485627029213
    },
    "R sonic drift": 0.002992471312188866,
    "w sonic drift": 7.745966692414831,
    "R critical": 0.00669930878315656,
    "w critical": 43.32928075712418,
    "R equilib drift": 0.0025178508235883354,
    "w equilib drift": 300.0,
    "t min": [
        97.37778496221543,
        170.25506954130935,
        237.82651327310307,
        305.9441465038836,
        374.2178338772318
    ],
    "R min": [
        0.0008746567940391132,
        0.0019467491387583696,
        0.0023246218192880274,
        0.0024125995588903065,
        0.002430998208897398
    ],
    "t max": [
        127.10609912135332,
        202.32419583896205,
        271.4561809964323,
        339.9639495836319
    ],
    "R max": [
        0.004277423158117498,
        0.002708120498891875,
        0.002488048574666269,
        0.0024462324752661927
    ],
    "R end": 0.002434534133257409,
    "v end": 0.3101950367263749,
    "t end": 390.13535641913234,
    "v max": 206.79550609953964
}