{
    "star": "MS10",
    "grain": "sil",
    "stream": {
        "L4": 0.64,
        "eta": 0.0066,
        "vinf": 70.0,
        "n": 0.010000000000000021,
        "T": 8000.0,
        "kappa": 600.0,
        "cs": 10.19646997739904,
        "taustar": 0.00010171428571428582,
        "Rstar": 2.5257142857142827,
        "Qp": 2.0,
        "a": 0.002,
        "rho_d": 3.5,
        "kappa_d": 2142857.1428571427,
        "drag_constant": 0.005599915191799343,
        "phi_norm": 0.7,
        "Rstarstar": 1.8350087463556848,
        "Upstarstar": 89.28706647775888,
        "R0": 0.20544705848076136
    },
    "R sonic drift": 0.9463025179229617,
    "w sonic drift": 7.745966692414831,
    "R critical": 2.0000000000000004,
    "w critical": 38.7741595142002,
    "R equilib drift": 1.8215391316669316,
    "w equilib drift": 70.0,
    "t min": [
        129751.7080414719,
        312165.47851542383,
        485273.5030173713
    ],
    "R min": [
        0.5026005458024593,
        1.2340268952978084,
        1.629611234605982
    ],
    "t max": [
        204937.90561073556,
        392639.03175059916
    ],
    "R max": [
        3.215351538036113,
        2.084542591686203
    ],
    "R end": 1.7512806560943122,
    "v end": 3.542506304874935,
    "t end": 528735.566591165,
    "v max": 72.00458784369556
}