{
    "star": "MS10",
    "grain": "gra",
    "stream": {
        "L4": 0.64,
        "eta": 0.0066,
        "vinf": 90.0,
        "n": 0.1995262314968889,
        "T": 8000.0,
        "kappa": 600.0,
        "cs": 10.19646997739904,
        "taustar": 0.00035337635290165167,
        "Rstar": 0.4397843303320905,
        "Qp": 2.0,
        "a": 0.02,
        "rho_d": 2.2,
        "kappa_d": 340909.0909090908,
        "drag_constant": 0.0010348902592106565,
        "phi_norm": 1.0,
        "Rstarstar": 0.1766015712682379,
        "Upstarstar": 483.14301497181526,
        "R0": 0.035883990771250374
    },
    "R sonic drift": 0.133668783513723,
    "w sonic drift": 7.745966692414831,
    "R critical": 0.2992471312188869,
    "w critical": 43.32928075712418,
    "R equilib drift": 0.2495563648216045,
    "w equilib drift": 90.0,
    "t min": [
        14324.752531778422,
        40406.72287552746
    ],
    "R min": [
        0.06192155452502721,
        0.15869168863378708
    ],
    "t max": [
        25059.60357749072,
        50676.861754758706
    ],
    "R max": [
        0.5434648628896858,
        0.304129647466952
    ],
    "R end": 0.24432817107935995,
    "v end": -10.318066278182679,
    "t end": 58089.020810131486,
    "v max": 89.90467942560544
}