{
    "star": "MS10",
    "grain": "sil",
    "stream": {
        "L4": 0.64,
        "eta": 0.0066,
        "vinf": 300.0,
        "n": 1584.8931924611336,
        "T": 8000.0,
        "kappa": 600.0,
        "cs": 10.19646997739904,
        "taustar": 0.009448410181136395,
        "Rstar": 0.001480338403636303,
        "Qp": 2.0,
        "a": 0.02,
        "rho_d": 3.5,
        "kappa_d": 214285.71428571426,
        "drag_constant": 0.02630804590800952,
        "phi_norm": 0.7,
        "Rstarstar": 0.009990603174603173,
        "Upstarstar": 19.005592500040986,
        "R0": 0.00013504728074164693
    },
    "R sonic drift": 0.002377004454874038,
    "w sonic drift": 7.745966692414831,
    "R critical": 0.005023772863019165,
    "w critical": 38.7741595142002,
    "R equilib drift": 0.001514285213838731,
    "w equilib drift": 300.0,
    "t min": [
        76.9780493956358,
        110.81864115893462,
        113.23582628488454,
        117.14050994988055,
        121.04519361487658,
        125.81758476098281,
        129.84622663756602,
        135.17642973581454,
        141.49829852676046,
        158.10869887944196,
        163.62483929507127,
        164.67848409356222,
        165.05035872832377,
        189.53210551679086
    ],
    "R min": [
        0.00148713567045649,
        0.001508648101767566,
        0.001508648101727994,
        0.0015086481008873027,
        0.0015086481015019737,
        0.001508648100764601,
        0.0015086481010722268,
        0.0015086481019781941,
        0.0015086480954559476,
        0.0015086481028127197,
        0.0015086481020045474,
        0.0015086481019473271,
        0.0015086481019813424,
        0.00150864810195581
    ],
    "t max": [
        97.30719609593253,
        111.00457847631537,
        115.21915767027934,
        119.18582044106894,
        123.09050410606497,
        127.49102061740969,
        133.06914013883255,
        137.71757307335164,
        149.30766585675252,
        158.91442725475858,
        164.4305676703879,
        164.8024423051494,
        169.01702149911335,
        247.23465301062092
    ],
    "R max": [
        0.0015086494514389294,
        0.0015086481015204778,
        0.0015086481012350147,
        0.0015086481024446112,
        0.0015086481028097714,
        0.0015086481015141547,
        0.0015086481031203719,
        0.0015086481003108024,
        0.0015086481055291653,
        0.001508648102757496,
        0.001508648101970349,
        0.0015086481019760103,
        0.001508648102244721,
        0.0015086481002358054
    ],
    "R end": 0.0015086481007740226,
    "v end": -2.2453824481478615e-09,
    "t end": 309.895528967938,
    "v max": 4.035751023332728
}