{
    "star": "MS10",
    "grain": "gra",
    "stream": {
        "L4": 0.64,
        "eta": 0.0066,
        "vinf": 500.0,
        "n": 316.2277660168418,
        "T": 8000.0,
        "kappa": 600.0,
        "cs": 10.19646997739904,
        "taustar": 0.0025322698798954414,
        "Rstar": 0.001988438925873062,
        "Qp": 2.0,
        "a": 0.02,
        "rho_d": 2.2,
        "kappa_d": 340909.0909090908,
        "drag_constant": 0.0017218064073792397,
        "phi_norm": 1.0,
        "Rstarstar": 0.005721890909090907,
        "Upstarstar": 290.3926933115842,
        "R0": 0.00016665415996318034
    },
    "R sonic drift": 0.0033576080362451217,
    "w sonic drift": 7.745966692414831,
    "R critical": 0.007516748085768888,
    "w critical": 43.32928075712418,
    "R equilib drift": 0.0021140656948553205,
    "w equilib drift": 500.0,
    "t min": [
        64.87293011145081,
        81.41946694149698,
        98.54381934338603,
        115.72070043362442,
        132.95011021221217,
        150.54722080924537,
        167.72410189948377,
        187.6324747838885
    ],
    "R min": [
        0.001610898808045087,
        0.0019906407708916787,
        0.002009020825731113,
        0.002009784149730381,
        0.0020098156135498675,
        0.0020098168941947,
        0.0020098169600299186,
        0.0020098169582422622
    ],
    "t max": [
        72.5946472988057,
        89.98164314244148,
        107.1585242326799,
        124.33540532291828,
        141.66987247820472,
        160.94790110241723,
        172.08398303248006,
        241.31679427692717
    ],
    "R max": [
        0.00210942076528776,
        0.002013748490217776,
        0.002009978616190233,
        0.002009823629497704,
        0.0020098172452206915,
        0.002009816976698031,
        0.0020098169681889745,
        0.0020098169631629155
    ],
    "R end": 0.002009816962376887,
    "v end": -8.940105076657246e-08,
    "t end": 262.64344174676444,
    "v max": 108.87618150533723
}