{
    "star": "MS10",
    "grain": "sil",
    "stream": {
        "L4": 0.64,
        "eta": 0.0066,
        "vinf": 70.0,
        "n": 3.162277660168402,
        "T": 8000.0,
        "kappa": 600.0,
        "cs": 10.19646997739904,
        "taustar": 0.0018087641999253107,
        "Rstar": 0.14203135184807622,
        "Qp": 2.0,
        "a": 0.02,
        "rho_d": 3.5,
        "kappa_d": 214285.71428571426,
        "drag_constant": 0.017708486709864683,
        "phi_norm": 0.7,
        "Rstarstar": 0.18350087463556847,
        "Upstarstar": 28.235049566458457,
        "R0": 0.011798402854939641
    },
    "R sonic drift": 0.05321450119597623,
    "w sonic drift": 7.745966692414831,
    "R critical": 0.11246826503806984,
    "w critical": 38.7741595142002,
    "R equilib drift": 0.10243267291876601,
    "w equilib drift": 70.0,
    "t min": [
        7195.382592449928,
        14414.551573635228,
        21883.477636541927,
        29453.49585157396
    ],
    "R min": [
        0.033459589324799435,
        0.0839888552733486,
        0.09722908925946362,
        0.09905109829689628
    ],
    "t max": [
        10138.94819845217,
        18012.24286986019,
        25647.67365391449
    ],
    "R max": [
        0.1440343841529069,
        0.10526450399854222,
        0.10008474801029534
    ],
    "R end": 0.09905857531981382,
    "v end": 0.05154790807591014,
    "t end": 29732.985919214574,
    "v max": 74.43269914536536
}