{
    "star": "MS40",
    "grain": "gra",
    "stream": {
        "L4": 22.2,
        "eta": 0.4468,
        "vinf": 100.0,
        "n": 15848.931924611368,
        "T": 10000.0,
        "kappa": 600.0,
        "cs": 11.4,
        "taustar": 0.5279180289591933,
        "Rstar": 0.008271204544025001,
        "Qp": 2.0,
        "a": 0.02,
        "rho_d": 2.2,
        "kappa_d": 340909.0909090908,
        "drag_constant": 2338.5537184406458,
        "phi_norm": 1.5,
        "Rstarstar": 4.961952272727273,
        "Upstarstar": 0.00021380736138633638,
        "R0": 0.008751870041989789
    },
    "R sonic drift": 0.001499788418664912,
    "w sonic drift": 8.6559494714014,
    "R critical": 0.0033576080362451217,
    "w critical": 48.41952977064848,
    "R equilib drift": 0.0029828352462174493,
    "w equilib drift": 100.0,
    "t min": [
        134.0950638043871
    ],
    "R min": [
        0.0014263208842500053
    ],
    "t max": [
        452.6148347833119
    ],
    "R max": [
        0.0028826690901137685
    ],
    "R end": 0.0028826690927891926,
    "v end": -2.8202785017391938e-08,
    "t end": 586.5925800716847,
    "v max": 234.5070452176366
}