{
    "star": "MS10",
    "grain": "sil",
    "stream": {
        "L4": 0.64,
        "eta": 0.0066,
        "vinf": 80.0,
        "n": 0.39810717055349937,
        "T": 8000.0,
        "kappa": 600.0,
        "cs": 10.19646997739904,
        "taustar": 0.0005615520365873735,
        "Rstar": 0.3502613955339051,
        "Qp": 2.0,
        "a": 0.02,
        "rho_d": 3.5,
        "kappa_d": 214285.71428571426,
        "drag_constant": 0.0013068136494200787,
        "phi_norm": 0.7,
        "Rstarstar": 0.14049285714285714,
        "Upstarstar": 382.6100226469807,
        "R0": 0.0286527309670104
    },
    "R sonic drift": 0.14997884186649119,
    "w sonic drift": 7.745966692414831,
    "R critical": 0.31697863849222285,
    "w critical": 38.7741595142002,
    "R equilib drift": 0.26610596141059367,
    "w equilib drift": 80.0,
    "t min": [
        18257.694054731186,
        54641.098833677424
    ],
    "R min": [
        0.059557810544727675,
        0.16319017636424218
    ],
    "t max": [
        33039.82707253764,
        68748.65038440145
    ],
    "R max": [
        0.6113026600310524,
        0.33349893463188535
    ],
    "R end": 0.3146901358432983,
    "v end": -7.355196328387531,
    "t end": 73324.07250896058,
    "v max": 76.5073465163714
}