{
    "star": "MS40",
    "grain": "gra",
    "stream": {
        "L4": 22.2,
        "eta": 0.4468,
        "vinf": 10.0,
        "n": 0.10000000000000041,
        "T": 10000.0,
        "kappa": 600.0,
        "cs": 11.4,
        "taustar": 0.013260701338918721,
        "Rstar": 32.92825838091039,
        "Qp": 2.0,
        "a": 0.02,
        "rho_d": 2.2,
        "kappa_d": 340909.0909090908,
        "drag_constant": 147.5527644111576,
        "phi_norm": 1.5,
        "Rstarstar": 496.1952272727272,
        "Upstarstar": 0.0033886183155928122,
        "R0": 22.447250221772883
    },
    "R sonic drift": 0.5970765237835921,
    "w sonic drift": 8.6559494714014,
    "R critical": 1.33668783513723,
    "w critical": 48.41952977064848,
    "R equilib drift": 0.5970765237835921,
    "w equilib drift": 10.0,
    "t min": [
        746351.3725747654,
        748219.5862733255,
        782781.5396966876,
        856108.9273651721,
        871988.743802933,
        900946.0561306148,
        929903.3684582966,
        947184.3451699776,
        998560.2218803806,
        1189585.0725581525,
        1396489.7396736848
    ],
    "R min": [
        0.571611324461019,
        0.5716113241974957,
        0.5716113241895929,
        0.5716113237363555,
        0.5716113238696119,
        0.5716113230196201,
        0.5716113244802098,
        0.5716113243425442,
        0.5716113256019643,
        0.5716113194457939,
        0.5716113224833357
    ],
    "t max": [
        746818.4259994054,
        764099.4027110864,
        830888.0424346104,
        864982.9424333326,
        878060.4383232533,
        921496.406814776,
        933172.7424307768,
        996224.9547571806,
        1035457.442426943,
        1276457.0095411977,
        1529132.9122714528
    ],
    "R max": [
        0.5716113244425721,
        0.5716113251540337,
        0.5716113261247251,
        0.5716113245489545,
        0.5716113241214554,
        0.5716113245333527,
        0.5716113245491583,
        0.5716113271190854,
        0.5716113266676061,
        0.571611327249535,
        0.5716113254925679
    ],
    "R end": 0.5716113236160988,
    "v end": -8.28038544526042e-10,
    "t end": 2335267.1232001423,
    "v max": 1.484657520270755e-07
}