{
    "star": "MS10",
    "grain": "gra",
    "stream": {
        "L4": 0.64,
        "eta": 0.0066,
        "vinf": 90.0,
        "n": 100000.00000000163,
        "T": 8000.0,
        "kappa": 600.0,
        "cs": 10.19646997739904,
        "taustar": 0.25017129933776716,
        "Rstar": 0.0006212118781308498,
        "Qp": 2.0,
        "a": 0.02,
        "rho_d": 2.2,
        "kappa_d": 340909.0909090908,
        "drag_constant": 518.6737861216056,
        "phi_norm": 1.0,
        "Rstarstar": 0.17660157126823786,
        "Upstarstar": 0.0009639970505136971,
        "R0": 0.0002864591338904652
    },
    "R sonic drift": 0.00020000000000000004,
    "w sonic drift": 6.557178316607908,
    "R critical": 0.0004226978079673296,
    "w critical": 43.32928075712418,
    "R equilib drift": 0.00035250773481008946,
    "w equilib drift": 90.0,
    "t min": [
        20.007801730490705,
        60.9620857244404,
        64.82110569331002,
        70.52272078245073,
        70.83561429344016,
        71.84382671773943,
        75.89405938776926
    ],
    "R min": [
        0.0001778872363392278,
        0.0003432137179401225,
        0.00034321371791735565,
        0.00034321371840424227,
        0.0003432137183400251,
        0.00034321371836306454,
        0.00034321371823363075
    ],
    "t max": [
        58.07651223420456,
        62.978510573038946,
        67.81097702054235,
        70.60963564661446,
        71.1137418587641,
        73.42567724551931,
        78.64056909534312
    ],
    "R max": [
        0.00034321371821934195,
        0.00034321371812632965,
        0.00034321371848942056,
        0.0003432137184122612,
        0.00034321371838097426,
        0.00034321371860890625,
        0.00034321371885783484
    ],
    "R end": 0.00034321371796964704,
    "v end": -2.8628934159651026e-08,
    "t end": 86.91486416373026,
    "v max": 142.52942334510405
}