{
    "star": "MS10",
    "grain": "sil",
    "stream": {
        "L4": 0.64,
        "eta": 0.0066,
        "vinf": 70.0,
        "n": 0.15848931924611206,
        "T": 8000.0,
        "kappa": 600.0,
        "cs": 10.19646997739904,
        "taustar": 0.00040493186490584386,
        "Rstar": 0.6344307444155611,
        "Qp": 2.0,
        "a": 0.02,
        "rho_d": 3.5,
        "kappa_d": 214285.71428571426,
        "drag_constant": 0.0008875267465842375,
        "phi_norm": 0.7,
        "Rstarstar": 0.18350087463556852,
        "Upstarstar": 563.3633036123309,
        "R0": 0.05179893025678688
    },
    "R sonic drift": 0.23770044548740382,
    "w sonic drift": 7.745966692414831,
    "R critical": 0.5023772863019165,
    "w critical": 38.7741595142002,
    "R equilib drift": 0.45754994292979073,
    "w equilib drift": 70.0,
    "t min": [
        33256.217337245,
        125693.62654939565
    ],
    "R min": [
        0.086076019050181,
        0.19577505495251551
    ],
    "t max": [
        72462.42883067441
    ],
    "R max": [
        1.3665231498436554
    ],
    "R end": 0.3449505551165212,
    "v end": 29.69567151567608,
    "t end": 132812.36955768772,
    "v max": 69.52543066110083
}