{
    "star": "MS20",
    "grain": "gra",
    "stream": {
        "L4": 5.45,
        "eta": 0.1199,
        "vinf": 70.0,
        "n": 19.952623149688993,
        "T": 9000.0,
        "kappa": 600.0,
        "cs": 10.814989597775858,
        "taustar": 0.013258372537099668,
        "Rstar": 0.16500324483071754,
        "Qp": 2.0,
        "a": 0.02,
        "rho_d": 2.2,
        "kappa_d": 340909.0909090908,
        "drag_constant": 2.7092010026169975,
        "phi_norm": 1.5,
        "Rstarstar": 2.485993738404452,
        "Upstarstar": 0.18455625829055014,
        "R0": 0.059353723925458665
    },
    "R sonic drift": 0.021185074503545776,
    "w sonic drift": 9.672835454459698,
    "R critical": 0.05023772863019165,
    "w critical": 48.41952977064848,
    "R equilib drift": 0.04846614815030369,
    "w equilib drift": 70.0,
    "t min": [
        2722.490426173261,
        4036.3879796742694,
        4997.545469262394,
        5632.0041077097285,
        6266.462746157063,
        7163.700895304598,
        8600.702363728224,
        10130.031768343812
    ],
    "R min": [
        0.020103911174047508,
        0.047385380323416326,
        0.04738659785737351,
        0.04738659918463093,
        0.04738659917859808,
        0.047386599176851146,
        0.04738659919015222,
        0.04738659915123661
    ],
    "t max": [
        3553.441851900926,
        4519.334107447613,
        5385.796277864494,
        5856.905490741433,
        6666.550469655567,
        7786.322618855525,
        9322.754172408957
    ],
    "R max": [
        0.04742419858617467,
        0.0473866381234183,
        0.04738659929673635,
        0.04738659924290047,
        0.047386599240272574,
        0.047386599227904974,
        0.047386599172006834
    ],
    "R end": 0.04738659925955748,
    "v end": 6.610573600093186e-08,
    "t end": 11836.914896405482,
    "v max": 171.452519358312
}