{
    "star": "MS10",
    "grain": "sil",
    "stream": {
        "L4": 0.64,
        "eta": 0.0066,
        "vinf": 300.0,
        "n": 25118.86431509618,
        "T": 8000.0,
        "kappa": 600.0,
        "cs": 10.19646997739904,
        "taustar": 0.037614798434410714,
        "Rstar": 0.00037184419501365776,
        "Qp": 2.0,
        "a": 0.02,
        "rho_d": 3.5,
        "kappa_d": 214285.71428571426,
        "drag_constant": 0.41695442866558846,
        "phi_norm": 0.7,
        "Rstarstar": 0.009990603174603175,
        "Upstarstar": 1.199171817409851,
        "R0": 4.7182053146587476e-05
    },
    "R sonic drift": 0.0005970765237835921,
    "w sonic drift": 7.745966692414831,
    "R critical": 0.0012619146889603862,
    "w critical": 38.7741595142002,
    "R equilib drift": 0.00038037124820770906,
    "w equilib drift": 300.0,
    "t min": [
        35.41821803520216,
        35.86970301235419,
        36.41459867443422,
        37.068473468930264,
        38.376223057922346,
        42.5641354321946,
        42.96891506688262,
        57.4164343357475
    ],
    "R min": [
        0.00037895527041476983,
        0.0003789552700666155,
        0.00037895526986122803,
        0.00037895526995002657,
        0.00037895527022120126,
        0.00037895526934529264,
        0.00037895526949256796,
        0.0003789552663167553
    ],
    "t max": [
        35.66731319501018,
        36.11879817216221,
        36.72596762419424,
        37.51995844608229,
        41.42763876557053,
        42.76652524953861,
        48.26218721280294,
        71.19451036262834
    ],
    "R max": [
        0.00037895527016930624,
        0.00037895527016565313,
        0.00037895527018369025,
        0.0003789552702296414,
        0.000378955269766234,
        0.0003789552694695204,
        0.00037895527008102443,
        0.0003789552696272908
    ],
    "R end": 0.00037895526876133545,
    "v end": -3.816524410807287e-07,
    "t end": 77.84223744000475,
    "v max": 2.6893602576193862e-06
}