{
    "star": "MS20",
    "grain": "gra",
    "stream": {
        "L4": 5.45,
        "eta": 0.1199,
        "vinf": 20.0,
        "n": 100.00000000000102,
        "T": 9000.0,
        "kappa": 600.0,
        "cs": 10.814989597775858,
        "taustar": 0.10388629601636641,
        "Rstar": 0.2579648474114241,
        "Qp": 2.0,
        "a": 0.02,
        "rho_d": 2.2,
        "kappa_d": 340909.0909090908,
        "drag_constant": 2037.5740693601692,
        "phi_norm": 1.5,
        "Rstarstar": 30.45342329545453,
        "Upstarstar": 0.0002453898523340593,
        "R0": 0.11846963568045533
    },
    "R sonic drift": 0.009463025179229607,
    "w sonic drift": 9.672835454459698,
    "R critical": 0.022440369086039285,
    "w critical": 48.41952977064848,
    "R equilib drift": 0.011968071146701195,
    "w equilib drift": 20.0,
    "t min": [
        4422.87301453509,
        5396.275192629424,
        6365.97622175762,
        7339.378399851954,
        8312.780577946287,
        9282.481607074482,
        10255.883785168817,
        11229.28596326315,
        12202.688141357483,
        13172.38917048568,
        14145.791348580013,
        15119.193526674348,
        16088.894555802544,
        17062.296733896874,
        18035.69891199121
    ],
    "R min": [
        0.009306764307188266,
        0.009298041464320212,
        0.009319747074598813,
        0.009309599892007794,
        0.009300338978591154,
        0.009322801072389633,
        0.009312503162324801,
        0.009302887404407302,
        0.009295768480930272,
        0.009315460288650814,
        0.009305586214552762,
        0.009297191486264724,
        0.009318461864932652,
        0.009308387590797499,
        0.009299324795336647
    ],
    "t max": [
        4567.217824214478,
        5540.620002308812,
        6510.321031437007,
        7483.723209531341,
        8457.125387625674,
        9426.826416753871,
        10400.228594848204,
        11373.630772942537,
        12347.03295103687,
        13316.733980165067,
        14290.136158259402,
        15263.538336353735,
        16233.239365481932,
        17206.641543576265,
        18180.043721670598
    ],
    "R max": [
        0.023033402410586136,
        0.02304854642350391,
        0.02300510209164506,
        0.02302769456313699,
        0.023044985046470998,
        0.022997766939791314,
        0.02302154736753582,
        0.023040647370780938,
        0.023051796187754704,
        0.02301501062604643,
        0.02303567772075402,
        0.023049772679773442,
        0.02300812259702042,
        0.023030172925216218,
        0.02304660102459858
    ],
    "R end": 0.017092308407218686,
    "v end": -17.407025591641016,
    "t end": 18505.744830690754,
    "v max": 224.75372426914174
}