{
    "star": "MS10",
    "grain": "gra",
    "stream": {
        "L4": 0.64,
        "eta": 0.0066,
        "vinf": 30.0,
        "n": 12.589254117941765,
        "T": 8000.0,
        "kappa": 600.0,
        "cs": 10.19646997739904,
        "taustar": 0.008420904437810222,
        "Rstar": 0.16609670074918453,
        "Qp": 2.0,
        "a": 0.02,
        "rho_d": 2.2,
        "kappa_d": 340909.0909090908,
        "drag_constant": 5.28907003921781,
        "phi_norm": 1.0,
        "Rstarstar": 1.5894141414141412,
        "Upstarstar": 0.09453457721160068,
        "R0": 0.014963570407934786
    },
    "R sonic drift": 0.016827902832903904,
    "w sonic drift": 7.745966692414831,
    "R critical": 0.03767298178979601,
    "w critical": 43.32928075712418,
    "R equilib drift": 0.030587750842292826,
    "w equilib drift": 30.0,
    "t min": [
        5186.361475976615,
        7077.4966673014205,
        8973.019643292873,
        10864.15483461768,
        12755.290025942486,
        14650.813001933939,
        16541.948193258744,
        18437.4711692502,
        20328.606360575002
    ],
    "R min": [
        0.01513587512339928,
        0.015144973850426855,
        0.015133113333425431,
        0.015139150116949884,
        0.015150416172041756,
        0.015135026980192841,
        0.015143393506809147,
        0.015132722291352806,
        0.015137976409760851
    ],
    "t max": [
        5787.487975307237,
        7678.623166632044,
        9574.146142623496,
        11465.281333948302,
        13360.804309939756,
        15251.939501264564,
        17143.074692589365,
        19038.59766858082,
        20929.732859905627
    ],
    "R max": [
        0.049902012788341374,
        0.04990020695931434,
        0.04990260528502796,
        0.049901355212575244,
        0.04990287233595609,
        0.049902187363525446,
        0.04990052246604907,
        0.04990270152943743,
        0.049901586871102785
    ],
    "R end": 0.021834200091522916,
    "v end": -25.924916096161144,
    "t end": 21938.92333323441,
    "v max": 111.81918185489845
}