{
    "star": "MS10",
    "grain": "sil",
    "stream": {
        "L4": 0.64,
        "eta": 0.0066,
        "vinf": 80.0,
        "n": 0.501187233627275,
        "T": 8000.0,
        "kappa": 600.0,
        "cs": 10.19646997739904,
        "taustar": 0.0006300717481018844,
        "Rstar": 0.3121707973616279,
        "Qp": 2.0,
        "a": 0.02,
        "rho_d": 3.5,
        "kappa_d": 214285.71428571426,
        "drag_constant": 0.0016451809117344104,
        "phi_norm": 0.7,
        "Rstarstar": 0.14049285714285714,
        "Upstarstar": 303.91794387699366,
        "R0": 0.025558317958467473
    },
    "R sonic drift": 0.133668783513723,
    "w sonic drift": 7.745966692414831,
    "R critical": 0.2825075089245511,
    "w critical": 38.7741595142002,
    "R equilib drift": 0.237167187750174,
    "w equilib drift": 80.0,
    "t min": [
        16232.976865391247,
        45954.22436289503
    ],
    "R min": [
        0.0559430060586147,
        0.15285250075448711
    ],
    "t max": [
        28270.474202770747,
        57861.021403451734
    ],
    "R max": [
        0.5092548942658087,
        0.2864969980001288
    ],
    "R end": 0.2416022321409313,
    "v end": -8.555208409248564,
    "t end": 65350.14841139793,
    "v max": 76.53409819220919
}