{
    "star": "MS40",
    "grain": "gra",
    "stream": {
        "L4": 22.2,
        "eta": 0.4468,
        "vinf": 10.0,
        "n": 0.001,
        "T": 10000.0,
        "kappa": 600.0,
        "cs": 11.4,
        "taustar": 0.0013260701338918693,
        "Rstar": 329.2825838091046,
        "Qp": 2.0,
        "a": 0.02,
        "rho_d": 2.2,
        "kappa_d": 340909.0909090908,
        "drag_constant": 1.4755276441115694,
        "phi_norm": 1.5,
        "Rstarstar": 496.19522727272715,
        "Upstarstar": 0.3388618315592826,
        "R0": 220.53938292167226
    },
    "R sonic drift": 5.970765237835927,
    "w sonic drift": 8.6559494714014,
    "R critical": 13.3668783513723,
    "w critical": 48.41952977064848,
    "R equilib drift": 5.970765237835927,
    "w equilib drift": 10.0,
    "t min": [
        6342585.506611591,
        6856344.273715623,
        7379444.109312456,
        7939908.2188804895,
        8187446.533939705,
        8397620.57502772,
        8944073.081856553
    ],
    "R min": [
        5.709042200131379,
        5.716036708680059,
        5.716112443640449,
        5.716113239253044,
        5.716113238807431,
        5.716113237601495,
        5.716113239748938
    ],
    "t max": [
        6599464.890163608,
        7117894.191514039,
        7645664.561357272,
        8070683.177779698,
        8285527.753114111,
        8575100.87639093,
        9644653.218816595
    ],
    "R max": [
        5.7168696379376005,
        5.716121057935456,
        5.716113317660211,
        5.716113247957686,
        5.716113244731998,
        5.716113246585619,
        5.7161132462465
    ],
    "R end": 5.716113243508695,
    "v end": -1.8441089241679755e-11,
    "t end": 23352671.23200144,
    "v max": 0.05258616854767063
}