{
    "star": "MS10",
    "grain": "gra",
    "stream": {
        "L4": 0.64,
        "eta": 0.0066,
        "vinf": 60.0,
        "n": 0.002511886431509582,
        "T": 8000.0,
        "kappa": 600.0,
        "cs": 10.19646997739904,
        "taustar": 5.947421839043633e-05,
        "Rstar": 5.879372954774962,
        "Qp": 2.0,
        "a": 0.02,
        "rho_d": 2.2,
        "kappa_d": 340909.0909090908,
        "drag_constant": 6.595676331551372e-05,
        "phi_norm": 1.0,
        "Rstarstar": 0.3973535353535351,
        "Upstarstar": 7580.7237175690025,
        "R0": 0.47799231420879273
    },
    "R sonic drift": 1.191324287058022,
    "w sonic drift": 7.745966692414831,
    "R critical": 2.6670428643266484,
    "w critical": 43.32928075712418,
    "R equilib drift": 2.6670428643266484,
    "w equilib drift": 60.0,
    "t min": [
        196629.65452215687
    ],
    "R min": [
        0.2674403730958759
    ],
    "t max": [],
    "R max": [],
    "R end": 23.974666801747084,
    "v end": 23.960760138587595,
    "t end": 776578.4143845058,
    "v max": 61.12213437761714
}