{
    "star": "MS40",
    "grain": "gra",
    "stream": {
        "L4": 22.2,
        "eta": 0.4468,
        "vinf": 10.0,
        "n": 0.03981071705534985,
        "T": 10000.0,
        "kappa": 600.0,
        "cs": 11.4,
        "taustar": 0.008366936902749094,
        "Rstar": 52.18777254750552,
        "Qp": 2.0,
        "a": 0.02,
        "rho_d": 2.2,
        "kappa_d": 340909.0909090908,
        "drag_constant": 58.74181354707265,
        "phi_norm": 1.5,
        "Rstarstar": 496.19522727272715,
        "Upstarstar": 0.008511824368502443,
        "R0": 35.32081536925002
    },
    "R sonic drift": 0.9463025179229617,
    "w sonic drift": 8.6559494714014,
    "R critical": 2.11850745035458,
    "w critical": 48.41952977064848,
    "R equilib drift": 0.9463025179229617,
    "w equilib drift": 10.0,
    "t min": [
        1163641.2349538358,
        1197691.8054423071,
        1222119.388618819,
        1288740.0700093056,
        1885365.283350776
    ],
    "R min": [
        0.9059428978742269,
        0.9059428963708895,
        0.905942895473339,
        0.9059428972848594,
        0.9059428968805254
    ],
    "t max": [
        1168822.8435064293,
        1207314.7927542662,
        1265792.946419249,
        1322790.6404977767,
        1906831.9473543775
    ],
    "R max": [
        0.905942898137815,
        0.9059428965699353,
        0.9059428971691036,
        0.9059428973700752,
        0.9059428968733695
    ],
    "R end": 0.9059428967603232,
    "v end": -1.7265637742102805e-10,
    "t end": 3701148.966138155,
    "v max": 1.1883176782360149e-07
}