{
    "star": "MS10",
    "grain": "sil",
    "stream": {
        "L4": 0.64,
        "eta": 0.0066,
        "vinf": 40.0,
        "n": 10.000000000000082,
        "T": 8000.0,
        "kappa": 600.0,
        "cs": 10.19646997739904,
        "taustar": 0.005628854235099738,
        "Rstar": 0.13977267257944181,
        "Qp": 2.0,
        "a": 0.002,
        "rho_d": 3.5,
        "kappa_d": 2142857.1428571427,
        "drag_constant": 52.52107959183715,
        "phi_norm": 0.7,
        "Rstarstar": 5.619714285714286,
        "Upstarstar": 0.009519987096337416,
        "R0": 0.01216875678945093
    },
    "R sonic drift": 0.029924713121888692,
    "w sonic drift": 7.745966692414831,
    "R critical": 0.0632455532033676,
    "w critical": 38.7741595142002,
    "R equilib drift": 0.0632455532033676,
    "w equilib drift": 40.0,
    "t min": [
        6841.023474809493,
        8865.825974624791,
        10890.628474440091,
        12915.43097425539,
        14940.233474070688,
        16965.035973885988,
        18989.838473701286,
        21014.640973516583,
        23045.29550367817,
        25070.09800349347,
        27094.90050330877,
        29119.70300312407
    ],
    "R min": [
        0.027509027115530528,
        0.027510982205755485,
        0.027515087843936713,
        0.027521271264729596,
        0.027529426238224054,
        0.027539423876550655,
        0.027551109958427644,
        0.027564302977423513,
        0.027508904077654803,
        0.027510444993967875,
        0.027514151052504814,
        0.02751994849803561
    ],
    "t max": [
        7783.200360561698,
        9808.002860376997,
        11832.805360192297,
        13857.607860007594,
        15882.410359822894,
        17907.21285963819,
        19932.015359453493,
        21956.81785926879,
        23987.47238943038,
        26012.274889245677,
        28037.077389060978
    ],
    "R max": [
        0.06517202028764431,
        0.06517197304818302,
        0.06517186894698183,
        0.0651717086152445,
        0.0651714923337758,
        0.06517122096236151,
        0.0651708948718303,
        0.0651705140131476,
        0.06517202276465528,
        0.0651719863538527,
        0.06517189304471417
    ],
    "R end": 0.04054745270238698,
    "v end": 85.70637871656878,
    "t end": 29260.151731434955,
    "v max": 112.80648782048395
}