{
    "star": "MS10",
    "grain": "sil",
    "stream": {
        "L4": 0.64,
        "eta": 0.0066,
        "vinf": 60.0,
        "n": 0.39810717055349937,
        "T": 8000.0,
        "kappa": 600.0,
        "cs": 10.19646997739904,
        "taustar": 0.0007487360487831646,
        "Rstar": 0.4670151940452068,
        "Qp": 2.0,
        "a": 0.002,
        "rho_d": 3.5,
        "kappa_d": 2142857.1428571427,
        "drag_constant": 0.4130176472241235,
        "phi_norm": 0.7,
        "Rstarstar": 2.4976507936507932,
        "Upstarstar": 1.2106020247814626,
        "R0": 0.03829175447086286
    },
    "R sonic drift": 0.14997884186649119,
    "w sonic drift": 7.745966692414831,
    "R critical": 0.31697863849222285,
    "w critical": 38.7741595142002,
    "R equilib drift": 0.30176728700561495,
    "w equilib drift": 60.0,
    "t min": [
        23013.98222481243,
        35273.76714831064,
        48784.94957596177,
        62296.13200361292,
        75826.86751726644,
        89533.58080494148
    ],
    "R min": [
        0.1223085292226857,
        0.29294460320605564,
        0.29917100363622584,
        0.29942776595466186,
        0.2994387651001649,
        0.2994392399613414
    ],
    "t max": [
        28586.611735493432,
        42039.134905137405,
        55530.764246786144,
        69041.94667443728,
        82670.44761810276,
        96748.6695398232
    ],
    "R max": [
        0.32408319893259996,
        0.30072114419199775,
        0.299494711229262,
        0.2994416409695912,
        0.2994393587226505,
        0.2994392643601473
    ],
    "R end": 0.2994392640731792,
    "v end": -6.845809841610417e-07,
    "t end": 97765.43001194745,
    "v max": 83.95334996009616
}