{
    "star": "MS10",
    "grain": "sil",
    "stream": {
        "L4": 0.64,
        "eta": 0.0066,
        "vinf": 80.0,
        "n": 794.3282347242919,
        "T": 8000.0,
        "kappa": 600.0,
        "cs": 10.19646997739904,
        "taustar": 0.025083608088253804,
        "Rstar": 0.007841375902061966,
        "Qp": 2.0,
        "a": 0.002,
        "rho_d": 3.5,
        "kappa_d": 2142857.1428571427,
        "drag_constant": 260.7436027374856,
        "phi_norm": 0.7,
        "Rstarstar": 1.4049285714285713,
        "Upstarstar": 0.0019175925880850681,
        "R0": 0.000862698629463668
    },
    "R sonic drift": 0.0033576080362451217,
    "w sonic drift": 7.745966692414831,
    "R critical": 0.007096267784671507,
    "w critical": 38.7741595142002,
    "R equilib drift": 0.005957370409089471,
    "w equilib drift": 80.0,
    "t min": [
        377.2216432087904,
        1262.001737593203,
        1293.8472549049982,
        1300.4133409486672,
        1303.3680796683184,
        1307.6360355967033,
        1309.2775571076204,
        1321.4248162884085,
        1441.9124951897365,
        1443.8823210028372,
        1445.1955382115711,
        1452.418232859607,
        1455.372971579258,
        1545.3283503775249
    ],
    "R min": [
        0.0031422307344456816,
        0.005812435201775179,
        0.005812435195686397,
        0.005812435195872709,
        0.005812435196232525,
        0.005812435195945629,
        0.005812435195971716,
        0.0058124351953059905,
        0.005812435191209927,
        0.005812435191222942,
        0.005812435191296922,
        0.005812435191196845,
        0.005812435191120231,
        0.005812435188133387
    ],
    "t max": [
        1261.0168246866526,
        1263.3149548019367,
        1298.4435151355665,
        1302.7114710639514,
        1303.6963839705018,
        1308.6209485032537,
        1311.2473829207213,
        1365.4175927809913,
        1443.5540167006538,
        1444.8672339093876,
        1448.1502769312222,
        1453.0748414639738,
        1456.3578844858087
    ],
    "R max": [
        0.005812435201790193,
        0.005812435201168235,
        0.005812435195896828,
        0.005812435196255706,
        0.005812435196242323,
        0.005812435196002199,
        0.005812435196079306,
        0.005812435207310767,
        0.005812435191228797,
        0.005812435191297433,
        0.005812435191488201,
        0.0058124351912136165,
        0.00581243519113591
    ],
    "R end": 0.005812435195835267,
    "v end": 9.783033741984991e-08,
    "t end": 1641.5215109172773,
    "v max": 96.87117793698002
}