{
    "star": "MS10",
    "grain": "gra",
    "stream": {
        "L4": 0.64,
        "eta": 0.0066,
        "vinf": 120.0,
        "n": 794.3282347242919,
        "T": 8000.0,
        "kappa": 600.0,
        "cs": 10.19646997739904,
        "taustar": 0.016722405392169203,
        "Rstar": 0.005227583934707977,
        "Qp": 2.0,
        "a": 0.02,
        "rho_d": 2.2,
        "kappa_d": 340909.0909090908,
        "drag_constant": 1.3035849948104061,
        "phi_norm": 1.0,
        "Rstarstar": 0.0993383838383838,
        "Upstarstar": 0.38355765215962795,
        "R0": 0.0005208375547251703
    },
    "R sonic drift": 0.00211850745035458,
    "w sonic drift": 7.745966692414831,
    "R critical": 0.004742747411323311,
    "w critical": 43.32928075712418,
    "R equilib drift": 0.003294550200242683,
    "w equilib drift": 120.0,
    "t min": [
        158.95003886723177,
        676.4007735635978
    ],
    "R min": [
        0.0018865191867447368,
        0.0032271644813048153
    ],
    "t max": [
        514.2744958658307
    ],
    "R max": [
        0.0032271644802808965
    ],
    "R end": 0.003227164481945823,
    "v end": 6.517354868389996e-09,
    "t end": 690.4867022903204,
    "v max": 106.99308771918652
}