{
    "star": "MS40",
    "grain": "gra",
    "stream": {
        "L4": 22.2,
        "eta": 0.4468,
        "vinf": 300.0,
        "n": 2.5118864315095975,
        "T": 10000.0,
        "kappa": 600.0,
        "cs": 11.4,
        "taustar": 0.002215364740003383,
        "Rstar": 0.21900171014996198,
        "Qp": 2.0,
        "a": 0.02,
        "rho_d": 2.2,
        "kappa_d": 340909.0909090908,
        "drag_constant": 0.004575750455013795,
        "phi_norm": 1.5,
        "Rstarstar": 0.5513280303030302,
        "Upstarstar": 109.27169322621909,
        "R0": 0.1468727819849441
    },
    "R sonic drift": 0.1191324287058022,
    "w sonic drift": 8.6559494714014,
    "R critical": 0.26670428643266486,
    "w critical": 48.41952977064848,
    "R equilib drift": 0.12619146889603874,
    "w equilib drift": 300.0,
    "t min": [
        3696.513252470247,
        5100.567025677434,
        6616.4480905559885,
        8135.435469092083,
        9741.399630039241,
        10667.08109998557,
        11465.403709972843,
        12726.56705493328,
        14360.48803879828
    ],
    "R min": [
        0.0823044398492144,
        0.12025534188225755,
        0.12148189791714992,
        0.1215042319139166,
        0.12150463145220872,
        0.12150463841790904,
        0.12150463878495488,
        0.12150463809107352,
        0.12150463861337359
    ],
    "t max": [
        4296.031788375085,
        5855.401244459173,
        7374.388622995266,
        8893.37600153136,
        10281.898206450855,
        11058.476620835361,
        12049.39067758999,
        13549.740174180855,
        15500.505151114732
    ],
    "R max": [
        0.13235976269102226,
        0.12167497614636541,
        0.1215076808014534,
        0.12150469467178251,
        0.1215046420407902,
        0.12150463956829649,
        0.12150464004477794,
        0.12150463992365511,
        0.12150464005524689
    ],
    "R end": 0.12150464009402899,
    "v end": -3.0312995136147917e-07,
    "t end": 15531.568287690114,
    "v max": 145.19340112523898
}