{
    "star": "MS40",
    "grain": "gra",
    "stream": {
        "L4": 22.2,
        "eta": 0.4468,
        "vinf": 90.0,
        "n": 31622.776601684312,
        "T": 10000.0,
        "kappa": 600.0,
        "cs": 11.4,
        "taustar": 0.828560040431226,
        "Rstar": 0.0065061826541349095,
        "Qp": 2.0,
        "a": 0.02,
        "rho_d": 2.2,
        "kappa_d": 340909.0909090908,
        "drag_constant": 7111.763612155112,
        "phi_norm": 1.5,
        "Rstarstar": 6.125867003367,
        "Upstarstar": 7.030604886042923e-05,
        "R0": 0.007404192543548861
    },
    "R sonic drift": 0.001061768888461977,
    "w sonic drift": 8.6559494714014,
    "R critical": 0.002377004454874038,
    "w critical": 48.41952977064848,
    "R equilib drift": 0.0022241734426450216,
    "w equilib drift": 90.0,
    "t min": [
        105.66460602746999,
        321.3311425219655,
        322.4385445065329,
        379.56203021046645,
        430.04110400699574
    ],
    "R min": [
        0.0010050260486424423,
        0.0021371357194869137,
        0.0021371357199626213,
        0.0021371357198483936,
        0.002137135722305115
    ],
    "t max": [
        297.8911338486228,
        321.79256001553523,
        350.12359412071714,
        416.5677131947594
    ],
    "R max": [
        0.002137135725493022,
        0.0021371357195011775,
        0.0021371357251699814,
        0.0021371357226516816
    ],
    "R end": 0.002137135725935638,
    "v end": 8.658230513645895e-08,
    "t end": 461.4174935697379,
    "v max": 246.2020168385447
}