{
    "star": "MS10",
    "grain": "sil",
    "stream": {
        "L4": 0.64,
        "eta": 0.0066,
        "vinf": 20.0,
        "n": 0.025118864315095874,
        "T": 8000.0,
        "kappa": 600.0,
        "cs": 10.19646997739904,
        "taustar": 0.0005642219765161573,
        "Rstar": 5.5776629252049,
        "Qp": 2.0,
        "a": 0.002,
        "rho_d": 3.5,
        "kappa_d": 2142857.1428571427,
        "drag_constant": 2.1108317951195166,
        "phi_norm": 0.7,
        "Rstarstar": 22.478857142857144,
        "Upstarstar": 0.23687344541429445,
        "R0": 0.45628929997008766
    },
    "R sonic drift": 0.5970765237835921,
    "w sonic drift": 7.745966692414831,
    "R critical": 1.2619146889603874,
    "w critical": 38.7741595142002,
    "R equilib drift": 0.7962143411069947,
    "w equilib drift": 20.0,
    "t min": [
        285369.64245505736,
        461682.3102566681,
        637761.4513459587,
        814074.1191475695,
        990386.7869491802,
        1166465.928038471
    ],
    "R min": [
        0.5190934099078616,
        0.5190524639506868,
        0.5191878631171944,
        0.519102454544797,
        0.5190558421468259,
        0.5192030774864975
    ],
    "t max": [
        341649.58012418076,
        517962.2479257915,
        694041.3890150822,
        870354.0568166929,
        1046666.7246183037
    ],
    "R max": [
        2.610176363014865,
        2.6101959048872483,
        2.61013343396169,
        2.6101721931015365,
        2.6101942730389003
    ],
    "R end": 0.5231251654308314,
    "v end": 8.82885263732581,
    "t end": 1167633.5616000711,
    "v max": 63.06421842038348
}