{
    "star": "MS40",
    "grain": "gra",
    "stream": {
        "L4": 22.2,
        "eta": 0.4468,
        "vinf": 200.0,
        "n": 10000.000000000144,
        "T": 10000.0,
        "kappa": 600.0,
        "cs": 11.4,
        "taustar": 0.209670098011139,
        "Rstar": 0.00520641479331023,
        "Qp": 2.0,
        "a": 0.02,
        "rho_d": 2.2,
        "kappa_d": 340909.0909090908,
        "drag_constant": 92.22047775697446,
        "phi_norm": 1.5,
        "Rstarstar": 1.2404880681818178,
        "Upstarstar": 0.0054217893049484465,
        "R0": 0.004513671106410085
    },
    "R sonic drift": 0.0018881217525718475,
    "w sonic drift": 8.6559494714014,
    "R critical": 0.004226978079673296,
    "w critical": 48.41952977064848,
    "R equilib drift": 0.0025178508235883354,
    "w equilib drift": 200.0,
    "t min": [
        84.03860355704053,
        259.5005737253431,
        275.30396666137705,
        288.81808305060235,
        291.1812072279533,
        293.47048377476193,
        299.15675132651245,
        322.1233644251413
    ],
    "R min": [
        0.0017809666881539218,
        0.0024451385746710936,
        0.0024451385577132926,
        0.002445138575348247,
        0.002445138574441005,
        0.0024451385743003476,
        0.002445138574824411,
        0.002445138573764312
    ],
    "t max": [
        225.8260541980931,
        264.8914507549248,
        288.74423542006014,
        289.7781022476512,
        292.2150740555443,
        295.8336079521128,
        303.7353044201298,
        365.8411617061325
    ],
    "R max": [
        0.0024451385754719465,
        0.0024451385694744996,
        0.0024451385753453477,
        0.002445138575915644,
        0.00244513857448998,
        0.0024451385752286697,
        0.002445138574038252,
        0.0024451385764494927
    ],
    "R end": 0.0024451385762002714,
    "v end": -4.403029940638514e-08,
    "t end": 369.23815271107435,
    "v max": 140.298180705645
}