{
    "star": "MS20",
    "grain": "gra",
    "stream": {
        "L4": 5.45,
        "eta": 0.1199,
        "vinf": 170.0,
        "n": 31.622776601684052,
        "T": 9000.0,
        "kappa": 600.0,
        "cs": 10.814989597775858,
        "taustar": 0.0068728891024659195,
        "Rstar": 0.053968656078302174,
        "Qp": 2.0,
        "a": 0.02,
        "rho_d": 2.2,
        "kappa_d": 340909.0909090908,
        "drag_constant": 0.12343482401745244,
        "phi_norm": 1.5,
        "Rstarstar": 0.4215006684491977,
        "Upstarstar": 4.050720726343039,
        "R0": 0.019061184144817677
    },
    "R sonic drift": 0.016827902832903904,
    "w sonic drift": 9.672835454459698,
    "R critical": 0.039905246299377625,
    "w critical": 48.41952977064848,
    "R equilib drift": 0.025178508235883353,
    "w equilib drift": 170.0,
    "t min": [
        891.2364972900991,
        2243.964699519294,
        2360.1119406952407,
        2519.6208185768746,
        2720.942703281849,
        2892.8406202222504,
        3019.8282705746187,
        3181.660093279772,
        3334.200136690849,
        3858.4113518649556
    ],
    "R min": [
        0.01509067137315007,
        0.024279370529329568,
        0.02427937048653092,
        0.02427937050417394,
        0.024279370466834566,
        0.024279370507948355,
        0.024279370509243853,
        0.02427937055361354,
        0.024279370521014865,
        0.024279370357289966
    ],
    "t max": [
        2197.505803048915,
        2260.2253132839264,
        2441.4150095184036,
        2624.9276505763996,
        2813.0861812814337,
        2956.334445398435,
        3119.714897985933,
        3230.441934573669,
        3456.5418973961796
    ],
    "R max": [
        0.024279370544765262,
        0.024279370526421238,
        0.0242793705291232,
        0.024279370551839617,
        0.02427937059662763,
        0.02427937052421501,
        0.024279370550581283,
        0.024279370560369606,
        0.024279370473285992
    ],
    "R end": 0.024279370368259622,
    "v end": 4.055348734925638e-08,
    "t end": 3871.574705864896,
    "v max": 132.82652085235404
}