{
    "star": "MS10",
    "grain": "sil",
    "stream": {
        "L4": 0.64,
        "eta": 0.0066,
        "vinf": 300.0,
        "n": 0.001584893192461114,
        "T": 8000.0,
        "kappa": 600.0,
        "cs": 10.19646997739904,
        "taustar": 9.448410181136335e-06,
        "Rstar": 1.4803384036363123,
        "Qp": 2.0,
        "a": 0.02,
        "rho_d": 3.5,
        "kappa_d": 214285.71428571426,
        "drag_constant": 2.630804590800919e-08,
        "phi_norm": 0.7,
        "Rstarstar": 0.009990603174603173,
        "Upstarstar": 19005592.500041228,
        "R0": 0.1202772480768144
    },
    "R sonic drift": 2.3770044548740383,
    "w sonic drift": 7.745966692414831,
    "R critical": 5.023772863019165,
    "w critical": 38.7741595142002,
    "R equilib drift": 1.5142852138387313,
    "w equilib drift": 300.0,
    "t min": [
        77535.8613477781
    ],
    "R min": [
        0.014827765117486237
    ],
    "t max": [],
    "R max": [],
    "R end": 59.26671241556172,
    "v end": 205.95485985149494,
    "t end": 309895.52896793804,
    "v max": 297.0381344646774
}