{
    "star": "MS10",
    "grain": "sil",
    "stream": {
        "L4": 0.64,
        "eta": 0.0066,
        "vinf": 300.0,
        "n": 63095.73444802033,
        "T": 8000.0,
        "kappa": 600.0,
        "cs": 10.19646997739904,
        "taustar": 0.05961543797449451,
        "Rstar": 0.0002346178258461925,
        "Qp": 2.0,
        "a": 0.002,
        "rho_d": 3.5,
        "kappa_d": 2142857.1428571427,
        "drag_constant": 104.73421719229222,
        "phi_norm": 0.7,
        "Rstarstar": 0.09990603174603174,
        "Upstarstar": 0.004773988992365304,
        "R0": 3.7418507464127604e-05
    },
    "R sonic drift": 0.0003767298178979601,
    "w sonic drift": 7.745966692414831,
    "R critical": 0.0007962143411069948,
    "w critical": 38.7741595142002,
    "R equilib drift": 0.0002399980326857527,
    "w equilib drift": 300.0,
    "t min": [
        25.775620971074865,
        39.891309742200846
    ],
    "R min": [
        0.0002391046106814784,
        0.00023910461077825351
    ],
    "t max": [
        33.49651963085567
    ],
    "R max": [
        0.0002391046107730153
    ],
    "R end": 0.00023910461094954607,
    "v end": 1.154008183743185e-08,
    "t end": 49.115131423542046,
    "v max": 1.036603615315996e-07
}