{
    "star": "MS20",
    "grain": "gra",
    "stream": {
        "L4": 5.45,
        "eta": 0.1199,
        "vinf": 40.0,
        "n": 1995.2623149689073,
        "T": 9000.0,
        "kappa": 600.0,
        "cs": 10.814989597775858,
        "taustar": 0.23202151939924465,
        "Rstar": 0.028875567845375517,
        "Qp": 2.0,
        "a": 0.02,
        "rho_d": 2.2,
        "kappa_d": 340909.0909090908,
        "drag_constant": 2540.934221595092,
        "phi_norm": 1.5,
        "Rstarstar": 7.6133558238636345,
        "Upstarstar": 0.0001967780180024184,
        "R0": 0.017424441675090187
    },
    "R sonic drift": 0.00211850745035458,
    "w sonic drift": 9.672835454459698,
    "R critical": 0.005023772863019165,
    "w critical": 48.41952977064848,
    "R equilib drift": 0.004477442277136681,
    "w equilib drift": 40.0,
    "t min": [
        479.3358687299406,
        594.0947586505919,
        708.8536485712432,
        823.1982464705202,
        937.9571363911716,
        1052.7160263118228,
        1167.0606242110998,
        1281.8195141317512,
        1396.1641120310283,
        1510.9230019516797,
        1625.6818918723309,
        1740.026489771608,
        1854.7853796922593,
        1969.1299775915363
    ],
    "R min": [
        0.0020936797849380414,
        0.002088860508512599,
        0.0020841664481189557,
        0.002091703201808586,
        0.0020869187997623537,
        0.002082508674656552,
        0.002089737885441368,
        0.002085006162060106,
        0.00209258893384994,
        0.002087787570627741,
        0.002083177096986695,
        0.002090618371828041,
        0.0020858595695538856,
        0.0020934768149040058
    ],
    "t max": [
        517.4507346963662,
        632.2096246170175,
        746.968514537669,
        861.313112436946,
        976.0720023575972,
        1090.4166002568743,
        1205.1754901775257,
        1319.934380098177,
        1434.278977997454,
        1549.0378679181051,
        1663.3824658173824,
        1778.1413557380338,
        1892.900245658685,
        2007.2448435579622
    ],
    "R max": [
        0.004914086882733281,
        0.004915219579339631,
        0.004915737080751316,
        0.004914605139393968,
        0.004915526134920622,
        0.004913832951039105,
        0.004915048663029206,
        0.0049157072521526885,
        0.004914381111326716,
        0.004915402217423919,
        0.004913567041698226,
        0.00491485974001416,
        0.00491564368426404,
        0.004914143065740417
    ],
    "R end": 0.0025053219316526413,
    "v end": -34.41647692937047,
    "t end": 2071.4601068709617,
    "v max": 250.3936289598742
}