{
    "star": "MS10",
    "grain": "gra",
    "stream": {
        "L4": 0.64,
        "eta": 0.0066,
        "vinf": 170.0,
        "n": 0.31622776601683955,
        "T": 8000.0,
        "kappa": 600.0,
        "cs": 10.19646997739904,
        "taustar": 0.0002355217785503115,
        "Rstar": 0.18494105864404747,
        "Qp": 2.0,
        "a": 0.02,
        "rho_d": 2.2,
        "kappa_d": 340909.0909090908,
        "drag_constant": 0.00012884532089079594,
        "phi_norm": 1.0,
        "Rstarstar": 0.049497326203208535,
        "Upstarstar": 3880.6221020923185,
        "R0": 0.015068302577195455
    },
    "R sonic drift": 0.1061768888461977,
    "w sonic drift": 7.745966692414831,
    "R critical": 0.23770044548740382,
    "w critical": 43.32928075712418,
    "R equilib drift": 0.1291304570991124,
    "w equilib drift": 170.0,
    "t min": [
        6116.767432404478,
        16586.601783556875
    ],
    "R min": [
        0.02893139420954014,
        0.08182320833573149
    ],
    "t max": [
        10337.923232402458,
        20397.36743633283
    ],
    "R max": [
        0.33400803268154133,
        0.1639817919943083
    ],
    "R end": 0.1133959297653334,
    "v end": -5.3423074636238015,
    "t end": 24427.98495369201,
    "v max": 144.24756572647829
}