{
    "star": "MS10",
    "grain": "sil",
    "stream": {
        "L4": 0.64,
        "eta": 0.0066,
        "vinf": 250.0,
        "n": 1995.2623149689073,
        "T": 8000.0,
        "kappa": 600.0,
        "cs": 10.19646997739904,
        "taustar": 0.012721548704459518,
        "Rstar": 0.0015832235891955191,
        "Qp": 2.0,
        "a": 0.02,
        "rho_d": 3.5,
        "kappa_d": 214285.71428571426,
        "drag_constant": 0.06867735730656009,
        "phi_norm": 0.7,
        "Rstarstar": 0.014386468571428572,
        "Upstarstar": 7.28041991726784,
        "R0": 0.00015030209362686952
    },
    "R sonic drift": 0.00211850745035458,
    "w sonic drift": 7.745966692414831,
    "R critical": 0.004477442277136681,
    "w critical": 38.7741595142002,
    "R equilib drift": 0.0016309325782189969,
    "w equilib drift": 250.0,
    "t min": [
        80.14064861462377,
        155.6412265898566,
        171.15231987010634,
        181.75819561728565,
        205.82027621869875,
        286.8889389612007
    ],
    "R min": [
        0.0015167430187323174,
        0.0015512449820894517,
        0.001551244982004843,
        0.0015512449784542488,
        0.0015512449791140082,
        0.001551244979701536
    ],
    "t max": [
        150.66972233336628,
        164.52364752811926,
        174.53294276451973,
        197.20300217411554,
        230.81037094799004,
        324.40722441684755
    ],
    "R max": [
        0.0015512449806895053,
        0.0015512449906940958,
        0.001551244981664304,
        0.001551244979365437,
        0.0015512449808396894,
        0.0015512449795449209
    ],
    "R end": 0.0015512449795065419,
    "v end": -2.347126670669485e-09,
    "t end": 331.43361709935385,
    "v max": 5.508581132300488
}