{
    "star": "MS10",
    "grain": "sil",
    "stream": {
        "L4": 0.64,
        "eta": 0.0066,
        "vinf": 30.0,
        "n": 3162.277660168418,
        "T": 8000.0,
        "kappa": 600.0,
        "cs": 10.19646997739904,
        "taustar": 0.13346234117851033,
        "Rstar": 0.010479993323162653,
        "Qp": 2.0,
        "a": 0.02,
        "rho_d": 3.5,
        "kappa_d": 214285.71428571426,
        "drag_constant": 524.9145258072263,
        "phi_norm": 0.7,
        "Rstarstar": 0.9990603174603173,
        "Upstarstar": 0.0009525360328542782,
        "R0": 0.002941571909049664
    },
    "R sonic drift": 0.0016827902832903898,
    "w sonic drift": 7.745966692414831,
    "R critical": 0.003556558820077846,
    "w critical": 38.7741595142002,
    "R equilib drift": 0.0030587750842292804,
    "w equilib drift": 30.0,
    "t min": [
        516.8810337310025,
        637.5451120637917,
        758.2091903965809,
        878.8732687293701,
        999.5373470621593,
        1120.2014253949485,
        1240.8655037277379,
        1361.529582060527,
        1482.1936603933161,
        1602.8577387261053,
        1723.9605955255593,
        1844.6246738583486,
        1965.2887521911377,
        2085.952830523927
    ],
    "R min": [
        0.0015733044292934296,
        0.0015735717829953658,
        0.0015739647144773017,
        0.0015744538397255649,
        0.0015750134797369222,
        0.0015756240153673446,
        0.0015762715994308174,
        0.0015769467570304902,
        0.0015776430032774396,
        0.0015783558269372733,
        0.0015731889114299906,
        0.0015732807367780828,
        0.001573529829658263,
        0.001573908321511945
    ],
    "t max": [
        557.6874311308185,
        678.3515094636077,
        799.0155877963969,
        919.6796661291861,
        1040.3437444619753,
        1161.0078227947645,
        1281.6719011275538,
        1402.335979460343,
        1523.000057793132,
        1644.102914592586,
        1764.7669929253752,
        1885.4310712581646,
        2006.0951495909537,
        2126.759227923743
    ],
    "R max": [
        0.003692716644689515,
        0.0036926537769248163,
        0.0036925747000293237,
        0.0036924801742518813,
        0.003692370906178171,
        0.003692247540826288,
        0.00369211066952933,
        0.0036919608363333856,
        0.0036917985432663005,
        0.003692792348886344,
        0.003692766992754428,
        0.0036927234778035495,
        0.0036926627663127253,
        0.0036925857255630345
    ],
    "R end": 0.0018675352427987523,
    "v end": -24.30902379697111,
    "t end": 2193.89233332344,
    "v max": 126.98945393410195
}