{
    "star": "MS10",
    "grain": "sil",
    "stream": {
        "L4": 0.64,
        "eta": 0.0066,
        "vinf": 60.0,
        "n": 0.39810717055349937,
        "T": 8000.0,
        "kappa": 600.0,
        "cs": 10.19646997739904,
        "taustar": 0.0007487360487831646,
        "Rstar": 0.4670151940452068,
        "Qp": 2.0,
        "a": 0.02,
        "rho_d": 3.5,
        "kappa_d": 214285.71428571426,
        "drag_constant": 0.004130176472241234,
        "phi_norm": 0.7,
        "Rstarstar": 0.24976507936507933,
        "Upstarstar": 121.06020247814628,
        "R0": 0.03829175447086286
    },
    "R sonic drift": 0.14997884186649119,
    "w sonic drift": 7.745966692414831,
    "R critical": 0.31697863849222285,
    "w critical": 38.7741595142002,
    "R equilib drift": 0.30176728700561495,
    "w equilib drift": 60.0,
    "t min": [
        24148.06121295102,
        65874.34674205018
    ],
    "R min": [
        0.07551881205688331,
        0.07552841542877932
    ],
    "t max": [
        43251.426237285545,
        84977.71176638472
    ],
    "R max": [
        0.6865205132315748,
        0.6864943846878656
    ],
    "R end": 0.5041010639504352,
    "v end": -27.559088883553507,
    "t end": 97765.43001194744,
    "v max": 65.1263210446437
}