{
    "star": "MS10",
    "grain": "sil",
    "stream": {
        "L4": 0.64,
        "eta": 0.0066,
        "vinf": 50.0,
        "n": 10000.000000000144,
        "T": 8000.0,
        "kappa": 600.0,
        "cs": 10.19646997739904,
        "taustar": 0.14240000000000103,
        "Rstar": 0.003535999999999975,
        "Qp": 2.0,
        "a": 0.002,
        "rho_d": 3.5,
        "kappa_d": 2142857.1428571427,
        "drag_constant": 21512.634200816636,
        "phi_norm": 0.7,
        "Rstarstar": 3.596617142857143,
        "Upstarstar": 2.324215599691737e-05,
        "R0": 0.0010448248388642896
    },
    "R sonic drift": 0.0009463025179229607,
    "w sonic drift": 7.745966692414831,
    "R critical": 0.0020000000000000005,
    "w critical": 38.7741595142002,
    "R equilib drift": 0.0020000000000000005,
    "w equilib drift": 50.0,
    "t min": [
        171.28917415287364,
        269.2955987762119,
        277.43812650171583,
        286.6169759377384,
        300.3852500917724,
        308.97191569321285,
        332.363177159206,
        367.4500693581956,
        414.23259229018186
    ],
    "R min": [
        0.0008956673100557455,
        0.0019702561580945076,
        0.0019702561574026934,
        0.0019702561577659037,
        0.0019702561581298474,
        0.001970256158634967,
        0.001970256157635148,
        0.0019702561580647133,
        0.001970256158287956
    ],
    "t max": [
        266.6307715205924,
        273.5889315769321,
        282.3236431370181,
        293.1309981181416,
        303.4942152233284,
        315.63398383226155,
        347.7599568583407,
        402.9810994331219,
        573.0859059168313
    ],
    "R max": [
        0.001970256158147675,
        0.0019702561585655783,
        0.0019702561590609945,
        0.001970256160471796,
        0.001970256160058986,
        0.0019702561582244653,
        0.001970256157873572,
        0.0019702561582362887,
        0.0019702561585588922
    ],
    "R end": 0.0019702561584815687,
    "v end": -2.5120157215438012e-09,
    "t end": 740.2297932276301,
    "v max": 127.48844710820623
}