{
    "star": "MS10",
    "grain": "sil",
    "stream": {
        "L4": 0.64,
        "eta": 0.0066,
        "vinf": 10.0,
        "n": 125.89254117941816,
        "T": 8000.0,
        "kappa": 600.0,
        "cs": 10.19646997739904,
        "taustar": 0.07988771394630026,
        "Rstar": 0.1575731658620453,
        "Qp": 2.0,
        "a": 0.02,
        "rho_d": 3.5,
        "kappa_d": 214285.71428571426,
        "drag_constant": 1692.6751168775181,
        "phi_norm": 0.7,
        "Rstarstar": 8.991542857142857,
        "Upstarstar": 0.0002953904119074848,
        "R0": 0.030217633514530988
    },
    "R sonic drift": 0.008433930068571646,
    "w sonic drift": 7.745966692414831,
    "R critical": 0.01782501876267492,
    "w critical": 38.7741595142002,
    "R equilib drift": 0.008433930068571646,
    "w equilib drift": 10.0,
    "t min": [
        8840.388668492236,
        9031.710512810352,
        9229.629662104953,
        9420.951506423069,
        9625.467960694157,
        9783.803280129841,
        9955.333209518496,
        10100.473919001204,
        10575.47987730825,
        11037.29122566232,
        16038.048397839275
    ],
    "R min": [
        0.008017809485347607,
        0.008019111640551026,
        0.008019153680334354,
        0.00801915498412747,
        0.008019155021272128,
        0.008019155021405022,
        0.008019155022563021,
        0.008019155017559173,
        0.008019155022834259,
        0.008019155022852751,
        0.008019155023471683
    ],
    "t max": [
        8939.348243139537,
        9130.670087457653,
        9321.991931775767,
        9539.70299599983,
        9684.843705482539,
        9869.568244824168,
        10047.69547918931,
        10192.836188672018,
        10964.720870920968,
        14296.359884046773
    ],
    "R max": [
        0.008019413428502308,
        0.008019162707506897,
        0.008019155252359397,
        0.008019155028625055,
        0.008019155029735601,
        0.008019155027480246,
        0.00801915502484526,
        0.008019155029721678,
        0.008019155022805228,
        0.00801915502322304
    ],
    "R end": 0.008019155023688856,
    "v end": 7.742979847207235e-11,
    "t end": 32986.52488243372,
    "v max": 0.0279098013442642
}