{
    "star": "MS20",
    "grain": "gra",
    "stream": {
        "L4": 5.45,
        "eta": 0.1199,
        "vinf": 120.0,
        "n": 3162.277660168418,
        "T": 9000.0,
        "kappa": 600.0,
        "cs": 10.814989597775858,
        "taustar": 0.09736592895160073,
        "Rstar": 0.0076455596110927915,
        "Qp": 2.0,
        "a": 0.02,
        "rho_d": 2.2,
        "kappa_d": 340909.0909090908,
        "drag_constant": 49.71739938638932,
        "phi_norm": 1.5,
        "Rstarstar": 0.8459284248737371,
        "Upstarstar": 0.01005684139096142,
        "R0": 0.0034542367781999557
    },
    "R sonic drift": 0.0016827902832903898,
    "w sonic drift": 9.672835454459698,
    "R critical": 0.003990524629937758,
    "w critical": 48.41952977064848,
    "R equilib drift": 0.003110255949009071,
    "w equilib drift": 120.0,
    "t min": [
        124.83247376610376
    ],
    "R min": [
        0.0016426402312918532
    ],
    "t max": [
        491.651271897783
    ],
    "R max": [
        0.0029828334049928017
    ],
    "R end": 0.0029828334010642207,
    "v end": -8.571370900290937e-08,
    "t end": 548.47308333086,
    "v max": 187.19641657016402
}