{
    "star": "MS10",
    "grain": "sil",
    "stream": {
        "L4": 0.64,
        "eta": 0.0066,
        "vinf": 170.0,
        "n": 100000.00000000163,
        "T": 8000.0,
        "kappa": 600.0,
        "cs": 10.19646997739904,
        "taustar": 0.13244362906117085,
        "Rstar": 0.00032887687665750877,
        "Qp": 2.0,
        "a": 0.02,
        "rho_d": 3.5,
        "kappa_d": 214285.71428571426,
        "drag_constant": 16.09822245364689,
        "phi_norm": 0.7,
        "Rstarstar": 0.0311126050420168,
        "Upstarstar": 0.03105932977629651,
        "R0": 9.175425226240862e-05
    },
    "R sonic drift": 0.0002992471312188866,
    "w sonic drift": 7.745966692414831,
    "R critical": 0.000632455532033676,
    "w critical": 38.7741595142002,
    "R equilib drift": 0.0003062165705649054,
    "w equilib drift": 170.0,
    "t min": [
        15.766058227055524,
        41.349757952705446,
        42.52016402196285,
        43.112251798175414,
        48.67512299793998,
        63.422239470583186
    ],
    "R min": [
        0.00027492474391913616,
        0.00029764526160659476,
        0.00029764526214472295,
        0.00029764526227165093,
        0.0002976452629491053,
        0.0002976452623995703
    ],
    "t max": [
        40.33081619829313,
        42.2585438417759,
        42.85063161798846,
        45.74222308321263,
        52.84727639776341
    ],
    "R max": [
        0.00029764526154984507,
        0.0002976452622190624,
        0.00029764526223178227,
        0.0002976452631268973,
        0.0002976452630259344
    ],
    "R end": 0.00029764526272390744,
    "v end": 4.5268773113116304e-08,
    "t end": 68.84741583867041,
    "v max": 16.82825366781663
}