{
    "star": "MS10",
    "grain": "gra",
    "stream": {
        "L4": 0.64,
        "eta": 0.0066,
        "vinf": 500.0,
        "n": 3.981071705535002,
        "T": 8000.0,
        "kappa": 600.0,
        "cs": 10.19646997739904,
        "taustar": 0.0002841253536515695,
        "Rstar": 0.017721980581060285,
        "Qp": 2.0,
        "a": 0.02,
        "rho_d": 2.2,
        "kappa_d": 340909.0909090908,
        "drag_constant": 2.1676258404397347e-05,
        "phi_norm": 1.0,
        "Rstarstar": 0.005721890909090908,
        "Upstarstar": 23066.711545502145,
        "R0": 0.0014447844604146155
    },
    "R sonic drift": 0.029924713121888692,
    "w sonic drift": 7.745966692414831,
    "R critical": 0.0669930878315656,
    "w critical": 43.32928075712418,
    "R equilib drift": 0.018841630338161715,
    "w equilib drift": 500.0,
    "t min": [
        588.4801716226198,
        1080.987045566133,
        1498.5879310771727,
        1909.6345426003709,
        2321.149316551272
    ],
    "R min": [
        0.004310052904023762,
        0.010863147125830584,
        0.01480156105867282,
        0.016649928588862876,
        0.017418840167068277
    ],
    "t max": [
        790.7263403902982,
        1273.4018033520492,
        1697.5569628509304,
        2112.817036223455
    ],
    "R max": [
        0.04493418927788718,
        0.024681260067765057,
        0.02019364791139563,
        0.01874565682713704
    ],
    "R end": 0.017441298197706123,
    "v end": 2.1998864619536334,
    "t end": 2340.8121385147965,
    "v max": 383.0048795863204
}