{
    "star": "MS10",
    "grain": "gra",
    "stream": {
        "L4": 0.64,
        "eta": 0.0066,
        "vinf": 60.0,
        "n": 7.943282347242878,
        "T": 8000.0,
        "kappa": 600.0,
        "cs": 10.19646997739904,
        "taustar": 0.0033444810784338313,
        "Rstar": 0.10455167869415982,
        "Qp": 2.0,
        "a": 0.2,
        "rho_d": 2.2,
        "kappa_d": 34090.90909090909,
        "drag_constant": 0.002085735991696639,
        "phi_norm": 1.0,
        "Rstarstar": 0.039735353535353526,
        "Upstarstar": 239.72353259976862,
        "R0": 0.008850581123735974
    },
    "R sonic drift": 0.021185074503545776,
    "w sonic drift": 7.745966692414831,
    "R critical": 0.047427474113233115,
    "w critical": 43.32928075712418,
    "R equilib drift": 0.047427474113233115,
    "w equilib drift": 60.0,
    "t min": [
        3397.194575268373,
        10288.251864125763
    ],
    "R min": [
        0.011151083679057846,
        0.011152407282619691
    ],
    "t max": [
        6725.340480307714,
        13616.397769165105
    ],
    "R max": [
        0.1258778770208018,
        0.12587784118865866
    ],
    "R end": 0.125580029573811,
    "v end": -3.025064164071964,
    "t end": 13809.734045806394,
    "v max": 70.46094405490902
}