{
    "star": "MS10",
    "grain": "sil",
    "stream": {
        "L4": 0.64,
        "eta": 0.0066,
        "vinf": 100.0,
        "n": 0.003981071705534978,
        "T": 8000.0,
        "kappa": 600.0,
        "cs": 10.19646997739904,
        "taustar": 4.492416292698979e-05,
        "Rstar": 2.802091164271247,
        "Qp": 2.0,
        "a": 0.002,
        "rho_d": 3.5,
        "kappa_d": 2142857.1428571427,
        "drag_constant": 0.0005352708708024621,
        "phi_norm": 0.7,
        "Rstarstar": 0.8991542857142858,
        "Upstarstar": 934.1065006029844,
        "R0": 0.22776887826276324
    },
    "R sonic drift": 1.4997884186649117,
    "w sonic drift": 7.745966692414831,
    "R critical": 3.1697863849222285,
    "w critical": 38.7741595142002,
    "R equilib drift": 2.2440369086039262,
    "w equilib drift": 100.0,
    "t min": [
        146882.7820499498,
        445810.36085448024
    ],
    "R min": [
        0.4733126711682788,
        1.4291444405429783
    ],
    "t max": [
        266078.39432051615,
        557497.588100129
    ],
    "R max": [
        5.667086819359561,
        2.8530826601412715
    ],
    "R end": 2.7465564225728425,
    "v end": -6.689515744506927,
    "t end": 586592.5800716846,
    "v max": 89.72738089647501
}