{
    "star": "MS10",
    "grain": "sil",
    "stream": {
        "L4": 0.64,
        "eta": 0.0066,
        "vinf": 300.0,
        "n": 5.011872336272761,
        "T": 8000.0,
        "kappa": 600.0,
        "cs": 10.19646997739904,
        "taustar": 0.0005313231502202213,
        "Rstar": 0.026324553030763326,
        "Qp": 2.0,
        "a": 0.002,
        "rho_d": 3.5,
        "kappa_d": 2142857.1428571427,
        "drag_constant": 0.008319334585758228,
        "phi_norm": 0.7,
        "Rstarstar": 0.09990603174603174,
        "Upstarstar": 60.10096058114363,
        "R0": 0.0021526487682855503
    },
    "R sonic drift": 0.04226978079673296,
    "w sonic drift": 7.745966692414831,
    "R critical": 0.08933671843019271,
    "w critical": 38.7741595142002,
    "R equilib drift": 0.026928222166958025,
    "w equilib drift": 300.0,
    "t min": [
        1352.3523774993785,
        1761.2543596120677,
        2187.7909285544147,
        2602.2037190513715,
        2846.883611312873,
        3098.1764736354958,
        3745.1453779485646,
        5026.959408129312
    ],
    "R min": [
        0.02319174688825628,
        0.02682058087287016,
        0.026827966144172478,
        0.026827978477739073,
        0.026827978568373528,
        0.02682797852567337,
        0.026827978629542785,
        0.02682797857599905
    ],
    "t max": [
        1546.3328326256137,
        1973.9715632448144,
        2394.9973238028933,
        2771.9366172868276,
        2967.0192340899166,
        3487.23954556482,
        3954.5560965507507
    ],
    "R max": [
        0.027011450272649933,
        0.026828280191846517,
        0.02682797916245147,
        0.026827978602695528,
        0.026827978586323506,
        0.026827978616103792,
        0.026827978616544828
    ],
    "R end": 0.02682797858073363,
    "v end": 1.4658656446312572e-08,
    "t end": 5510.808384268046,
    "v max": 38.376101538017636
}