{
    "star": "MS10",
    "grain": "gra",
    "stream": {
        "L4": 0.64,
        "eta": 0.0066,
        "vinf": 200.0,
        "n": 0.010000000000000021,
        "T": 8000.0,
        "kappa": 600.0,
        "cs": 10.19646997739904,
        "taustar": 3.560000000000004e-05,
        "Rstar": 0.883999999999999,
        "Qp": 2.0,
        "a": 0.02,
        "rho_d": 2.2,
        "kappa_d": 340909.0909090908,
        "drag_constant": 2.1268866942148793e-06,
        "phi_norm": 1.0,
        "Rstarstar": 0.03576181818181817,
        "Upstarstar": 235085.39564425198,
        "R0": 0.07184797670098712
    },
    "R sonic drift": 0.5970765237835921,
    "w sonic drift": 7.745966692414831,
    "R critical": 1.33668783513723,
    "w critical": 43.32928075712418,
    "R equilib drift": 0.6499586500101998,
    "w equilib drift": 200.0,
    "t min": [
        29424.36575232179
    ],
    "R min": [
        0.032803535867759116
    ],
    "t max": [],
    "R max": [],
    "R end": 9.801662730554312,
    "v end": 48.59230169039551,
    "t end": 116763.35616000711,
    "v max": 190.9169832923449
}