{
    "star": "MS10",
    "grain": "sil",
    "stream": {
        "L4": 0.64,
        "eta": 0.0066,
        "vinf": 30.0,
        "n": 19.952623149688993,
        "T": 8000.0,
        "kappa": 600.0,
        "cs": 10.19646997739904,
        "taustar": 0.010601290587049577,
        "Rstar": 0.1319352990996268,
        "Qp": 2.0,
        "a": 0.002,
        "rho_d": 3.5,
        "kappa_d": 2142857.1428571427,
        "drag_constant": 331.19867528240655,
        "phi_norm": 0.7,
        "Rstarstar": 9.990603174603173,
        "Upstarstar": 0.001509667874044665,
        "R0": 0.01220648448885704
    },
    "R sonic drift": 0.021185074503545776,
    "w sonic drift": 7.745966692414831,
    "R critical": 0.044774422771366805,
    "w critical": 38.7741595142002,
    "R equilib drift": 0.03850769682499086,
    "w equilib drift": 30.0,
    "t min": [
        6507.146682383975,
        8059.360789132613,
        9611.574895881253,
        11163.789002629892,
        12716.00310937853,
        14268.21721612717,
        15820.431322875807,
        17372.64542962445,
        18924.859536373086,
        20477.073643121726,
        22023.76385625204,
        23575.97796300068,
        25128.192069749322,
        26680.406176497956
    ],
    "R min": [
        0.019785854548122976,
        0.019779962590342728,
        0.019774399451703607,
        0.01976924235115534,
        0.019764578740402966,
        0.019760514940965212,
        0.019757163906180278,
        0.01975464228766724,
        0.019753059495472194,
        0.019752511971651142,
        0.019813090090964967,
        0.01980633990269783,
        0.019799738593346106,
        0.01979331429534985
    ],
    "t max": [
        7037.44046974294,
        8589.654576491579,
        10141.868683240218,
        11694.082789988855,
        13246.296896737496,
        14792.987109867812,
        16345.201216616451,
        17897.41532336509,
        19449.62943011373,
        21001.84353686237,
        22554.05764361101,
        24106.271750359647,
        25658.485857108284,
        27210.699963856925
    ],
    "R max": [
        0.04688573729996006,
        0.04688622689014827,
        0.04688660498890464,
        0.04688686738854571,
        0.04688701004185899,
        0.046876550909450136,
        0.04687792279229377,
        0.046879209141416606,
        0.04688040831762722,
        0.04688151741851573,
        0.0468825343890791,
        0.046883456022719795,
        0.04688428021973698,
        0.046885003595318615
    ],
    "R end": 0.03556724225513257,
    "v end": -27.240536713771945,
    "t end": 27619.46809161279,
    "v max": 123.93173258754166
}