{
    "star": "MS40",
    "grain": "gra",
    "stream": {
        "L4": 22.2,
        "eta": 0.4468,
        "vinf": 90.0,
        "n": 0.0501187233627274,
        "T": 10000.0,
        "kappa": 600.0,
        "cs": 11.4,
        "taustar": 0.0010430952900960665,
        "Rstar": 5.168044582452756,
        "Qp": 2.0,
        "a": 0.02,
        "rho_d": 2.2,
        "kappa_d": 340909.0909090908,
        "drag_constant": 0.011271385735297155,
        "phi_norm": 1.5,
        "Rstarstar": 6.125867003367002,
        "Upstarstar": 44.36011788987168,
        "R0": 3.459872401999827
    },
    "R sonic drift": 0.8433930068571646,
    "w sonic drift": 8.6559494714014,
    "R critical": 1.8881217525718474,
    "w critical": 48.41952977064848,
    "R equilib drift": 1.7667237644168494,
    "w equilib drift": 90.0,
    "t min": [
        86864.51552374211,
        154670.15000430032,
        226727.38102526107,
        299884.16287563625
    ],
    "R min": [
        0.6227562561547444,
        1.4433393862282453,
        1.6700230270979783,
        1.694729720604513
    ],
    "t max": [
        115232.92692263512,
        189489.2596024248,
        263159.16517319344,
        336535.8571894515
    ],
    "R max": [
        2.3587046012139474,
        1.7839638050644606,
        1.7064830160787483,
        1.6985064117457573
    ],
    "R end": 1.6973530360376172,
    "v end": -0.018677314495629885,
    "t end": 366516.94313815236,
    "v max": 118.46552001756916
}