{
    "star": "MS20",
    "grain": "gra",
    "stream": {
        "L4": 5.45,
        "eta": 0.1199,
        "vinf": 90.0,
        "n": 0.003981071705534978,
        "T": 9000.0,
        "kappa": 600.0,
        "cs": 10.814989597775858,
        "taustar": 0.00014566182547193232,
        "Rstar": 9.085482901258617,
        "Qp": 2.0,
        "a": 0.02,
        "rho_d": 2.2,
        "kappa_d": 340909.0909090908,
        "drag_constant": 0.00019781688097452105,
        "phi_norm": 1.5,
        "Rstarstar": 1.5038727553310882,
        "Upstarstar": 2527.590150733396,
        "R0": 3.1473155690151366
    },
    "R sonic drift": 1.4997884186649117,
    "w sonic drift": 9.672835454459698,
    "R critical": 3.556558820077846,
    "w critical": 48.41952977064848,
    "R equilib drift": 3.1697863849222285,
    "w equilib drift": 90.0,
    "t min": [
        161769.19819310232
    ],
    "R min": [
        0.6329660147559177
    ],
    "t max": [
        383501.1934601991
    ],
    "R max": [
        10.594670248354076
    ],
    "R end": 0.8311790358050756,
    "v end": -24.27543321091529,
    "t end": 651769.5334129828,
    "v max": 93.99143752787046
}