{
    "star": "MS10",
    "grain": "sil",
    "stream": {
        "L4": 0.64,
        "eta": 0.0066,
        "vinf": 30.0,
        "n": 0.10000000000000041,
        "T": 8000.0,
        "kappa": 600.0,
        "cs": 10.19646997739904,
        "taustar": 0.0007505138980132969,
        "Rstar": 1.863635634392561,
        "Qp": 2.0,
        "a": 0.002,
        "rho_d": 3.5,
        "kappa_d": 2142857.1428571427,
        "drag_constant": 1.6599254784580562,
        "phi_norm": 0.7,
        "Rstarstar": 9.990603174603175,
        "Upstarstar": 0.3012183417200522,
        "R0": 0.15280753275887174
    },
    "R sonic drift": 0.2992471312188869,
    "w sonic drift": 7.745966692414831,
    "R critical": 0.632455532033676,
    "w critical": 38.7741595142002,
    "R equilib drift": 0.5439356752225004,
    "w equilib drift": 30.0,
    "t min": [
        93242.35018417271,
        138732.1327426436,
        184299.9423723983,
        229789.72493086918,
        275357.53456062387,
        320847.3171190948,
        366337.0996775656
    ],
    "R min": [
        0.25629161786241816,
        0.25635051151526855,
        0.25628527155185293,
        0.2563299198762222,
        0.25628272584008266,
        0.2563129989573325,
        0.25639766023466143
    ],
    "t max": [
        110876.46829431751,
        156366.2508527884,
        201934.06048254308,
        247423.84304101398,
        292913.62559948483,
        338481.4352292395,
        383971.2177877104
    ],
    "R max": [
        0.9829110358903448,
        0.9829032138275805,
        0.9829117192173902,
        0.9829060330391224,
        0.9828922640423395,
        0.9829082947751366,
        0.9828966083354082
    ],
    "R end": 0.8409523044013885,
    "v end": -28.69282096500171,
    "t end": 390135.35641913273,
    "v max": 77.26125649718091
}