{
    "star": "MS10",
    "grain": "gra",
    "stream": {
        "L4": 0.64,
        "eta": 0.0066,
        "vinf": 90.0,
        "n": 199.52623149688992,
        "T": 8000.0,
        "kappa": 600.0,
        "cs": 10.19646997739904,
        "taustar": 0.011174741464126732,
        "Rstar": 0.013907201631012774,
        "Qp": 2.0,
        "a": 0.02,
        "rho_d": 2.2,
        "kappa_d": 340909.0909090908,
        "drag_constant": 1.0348902592106617,
        "phi_norm": 1.0,
        "Rstarstar": 0.17660157126823786,
        "Upstarstar": 0.48314301497181295,
        "R0": 0.001295690392588643
    },
    "R sonic drift": 0.004226978079673296,
    "w sonic drift": 7.745966692414831,
    "R critical": 0.009463025179229607,
    "w critical": 43.32928075712418,
    "R equilib drift": 0.0078916651742819,
    "w equilib drift": 90.0,
    "t min": [
        424.6996328142574,
        1235.8906269785139,
        1345.3720202126392
    ],
    "R min": [
        0.0037234113625563485,
        0.00768359805232893,
        0.0076835980575419805
    ],
    "t max": [
        1180.4151559102154,
        1321.1244633218598,
        1483.877004270576
    ],
    "R max": [
        0.007683598064494898,
        0.007683598062110755,
        0.007683598078730026
    ],
    "R end": 0.007683598047141233,
    "v end": -4.2589937214152974e-08,
    "t end": 1836.9361280893488,
    "v max": 117.59512545500529
}