{
    "star": "MS10",
    "grain": "gra",
    "stream": {
        "L4": 0.64,
        "eta": 0.0066,
        "vinf": 100.0,
        "n": 10.000000000000082,
        "T": 8000.0,
        "kappa": 600.0,
        "cs": 10.19646997739904,
        "taustar": 0.0022515416940398956,
        "Rstar": 0.055909069031776726,
        "Qp": 2.0,
        "a": 0.2,
        "rho_d": 2.2,
        "kappa_d": 34090.90909090909,
        "drag_constant": 0.0003403018710743829,
        "phi_norm": 1.0,
        "Rstarstar": 0.014304727272727275,
        "Upstarstar": 1469.2837227765654,
        "R0": 0.004669675556366327
    },
    "R sonic drift": 0.018881217525718474,
    "w sonic drift": 7.745966692414831,
    "R critical": 0.04226978079673296,
    "w critical": 43.32928075712418,
    "R equilib drift": 0.03346796192398321,
    "w equilib drift": 100.0,
    "t min": [
        1840.282953111995,
        6377.481373625677
    ],
    "R min": [
        0.006781120830122816,
        0.018421607267215874
    ],
    "t max": [
        3713.058863662565
    ],
    "R max": [
        0.09322389858365748
    ],
    "R end": 0.04076948742629299,
    "v end": 16.11329065307926,
    "t end": 7384.763054221488,
    "v max": 95.84006673278067
}