{
    "star": "MS40",
    "grain": "gra",
    "stream": {
        "L4": 22.2,
        "eta": 0.4468,
        "vinf": 140.0,
        "n": 25118.86431509618,
        "T": 10000.0,
        "kappa": 600.0,
        "cs": 11.4,
        "taustar": 0.47472101571501246,
        "Rstar": 0.004692893788927737,
        "Qp": 2.0,
        "a": 0.02,
        "rho_d": 2.2,
        "kappa_d": 340909.0909090908,
        "drag_constant": 964.79536353634,
        "phi_norm": 1.5,
        "Rstarstar": 2.5316083024118727,
        "Upstarstar": 0.0005182446132072099,
        "R0": 0.004860607223015175
    },
    "R sonic drift": 0.001191324287058021,
    "w sonic drift": 8.6559494714014,
    "R critical": 0.0026670428643266486,
    "w critical": 48.41952977064848,
    "R equilib drift": 0.0019871646664905915,
    "w equilib drift": 140.0,
    "t min": [
        75.88280506271448,
        219.0616767205205,
        228.84656474176523,
        240.2955493652625,
        244.75532825929926,
        247.21819123063298
    ],
    "R min": [
        0.001128859129974283,
        0.0019120637580996233,
        0.0019120637620654412,
        0.0019120637620223052,
        0.0019120637616207594,
        0.0019120637618288575
    ],
    "t max": [
        217.59727171053828,
        226.45026563452163,
        235.4363872866852,
        243.88999802612796,
        245.22127530792994
    ],
    "R max": [
        0.0019120637568471814,
        0.001912063761406868,
        0.0019120637623627737,
        0.0019120637617528536,
        0.001912063761797003
    ],
    "R end": 0.0019120637656071724,
    "v end": 2.3076787917364813e-08,
    "t end": 332.8193204505021,
    "v max": 198.1479778616031
}