{
    "star": "MS20",
    "grain": "gra",
    "stream": {
        "L4": 5.45,
        "eta": 0.1199,
        "vinf": 250.0,
        "n": 0.12589254117941726,
        "T": 9000.0,
        "kappa": 600.0,
        "cs": 10.814989597775858,
        "taustar": 0.0002948819902759148,
        "Rstar": 0.5816349782484794,
        "Qp": 2.0,
        "a": 0.02,
        "rho_d": 2.2,
        "kappa_d": 340909.0909090908,
        "drag_constant": 0.00010506869859657129,
        "phi_norm": 1.5,
        "Rstarstar": 0.19490190909090907,
        "Upstarstar": 4758.791216400548,
        "R0": 0.2015718666515732
    },
    "R sonic drift": 0.26670428643266486,
    "w sonic drift": 9.672835454459698,
    "R critical": 0.632455532033676,
    "w critical": 48.41952977064848,
    "R equilib drift": 0.31697863849222285,
    "w equilib drift": 250.0,
    "t min": [
        10364.495039768573,
        22831.931102098886,
        33329.94620679202
    ],
    "R min": [
        0.09608740777570147,
        0.21987240629433605,
        0.2796659425055397
    ],
    "t max": [
        15496.672535306152,
        27738.793488076277,
        38478.81371044517
    ],
    "R max": [
        0.6610617721561922,
        0.36521299065469914,
        0.31924038723445564
    ],
    "R end": 0.30440130277569544,
    "v end": -5.3049747045789,
    "t end": 41725.0202889234,
    "v max": 202.0026857207605
}