{
    "star": "MS10",
    "grain": "sil",
    "stream": {
        "L4": 0.64,
        "eta": 0.0066,
        "vinf": 500.0,
        "n": 0.501187233627275,
        "T": 8000.0,
        "kappa": 600.0,
        "cs": 10.19646997739904,
        "taustar": 0.00010081147969630151,
        "Rstar": 0.04994732757786047,
        "Qp": 2.0,
        "a": 0.02,
        "rho_d": 3.5,
        "kappa_d": 214285.71428571426,
        "drag_constant": 1.0781857623142633e-06,
        "phi_norm": 0.7,
        "Rstarstar": 0.0035966171428571435,
        "Upstarstar": 463741.97979277594,
        "R0": 0.004062778421299906
    },
    "R sonic drift": 0.133668783513723,
    "w sonic drift": 7.745966692414831,
    "R critical": 0.2825075089245511,
    "w critical": 38.7741595142002,
    "R equilib drift": 0.05958246669951958,
    "w equilib drift": 500.0,
    "t min": [
        2624.461960201741,
        8544.662605087102
    ],
    "R min": [
        0.0035107720389794027,
        0.014013342533358529
    ],
    "t max": [
        5006.344169500373,
        10175.802309435594
    ],
    "R max": [
        0.4825724790500547,
        0.17287825594596393
    ],
    "R end": 0.16870089358322155,
    "v end": -28.660911932208165,
    "t end": 10456.023745823668,
    "v max": 460.28438164136975
}