{
    "star": "MS10",
    "grain": "sil",
    "stream": {
        "L4": 0.64,
        "eta": 0.0066,
        "vinf": 300.0,
        "n": 39.810717055350096,
        "T": 8000.0,
        "kappa": 600.0,
        "cs": 10.19646997739904,
        "taustar": 0.0014974720975663325,
        "Rstar": 0.009340303880904118,
        "Qp": 2.0,
        "a": 0.002,
        "rho_d": 3.5,
        "kappa_d": 2142857.1428571427,
        "drag_constant": 0.06608282355586005,
        "phi_norm": 0.7,
        "Rstarstar": 0.09990603174603174,
        "Upstarstar": 7.566262654884111,
        "R0": 0.0007729238498806655
    },
    "R sonic drift": 0.01499788418664912,
    "w sonic drift": 7.745966692414831,
    "R critical": 0.03169786384922229,
    "w critical": 38.7741595142002,
    "R equilib drift": 0.009554493773093071,
    "w equilib drift": 300.0,
    "t min": [
        898.6598326698207,
        983.5202259201911,
        1087.5426434529033,
        1117.2633341765352,
        1160.2801233817922,
        1209.162838387766,
        1271.7327135954122,
        1322.179675481577,
        1407.822192172043,
        1712.459272089271
    ],
    "R min": [
        0.009518925986877612,
        0.009518926000472739,
        0.009518926039173418,
        0.009518926020878187,
        0.009518926009378509,
        0.009518926004434795,
        0.009518926009787923,
        0.009518925953225055,
        0.009518925986402584,
        0.009518925987714056
    ],
    "t max": [
        935.4196343543131,
        1033.5761260863082,
        1106.3136060151971,
        1132.5147412583992,
        1182.9617031445641,
        1242.0120228717801,
        1294.0232316381364,
        1348.7718724448268,
        1529.8334488269534
    ],
    "R max": [
        0.009518926023526225,
        0.009518926023725774,
        0.0095189260315933,
        0.00951892604454021,
        0.00951892600860039,
        0.009518926025711829,
        0.009518926021057405,
        0.009518926036906386,
        0.009518926113288573
    ],
    "R end": 0.009518926014869226,
    "v end": 1.7660613773476747e-07,
    "t end": 1955.3086002389489,
    "v max": 4.014873850146017e-06
}