{
    "star": "MS10",
    "grain": "gra",
    "stream": {
        "L4": 0.64,
        "eta": 0.0066,
        "vinf": 250.0,
        "n": 0.0031622776601683824,
        "T": 8000.0,
        "kappa": 600.0,
        "cs": 10.19646997739904,
        "taustar": 1.601548094142115e-05,
        "Rstar": 1.2575991987795256,
        "Qp": 2.0,
        "a": 0.02,
        "rho_d": 2.2,
        "kappa_d": 340909.0909090908,
        "drag_constant": 2.7548902518067535e-07,
        "phi_norm": 1.0,
        "Rstarstar": 0.02288756363636363,
        "Upstarstar": 1814954.3331974212,
        "R0": 0.10218798490010063
    },
    "R sonic drift": 1.0617688884619771,
    "w sonic drift": 7.745966692414831,
    "R critical": 2.3770044548740383,
    "w critical": 43.32928075712418,
    "R equilib drift": 1.0023744672545452,
    "w equilib drift": 250.0,
    "t min": [
        41693.684718961515
    ],
    "R min": [
        0.022890801815771404
    ],
    "t max": [],
    "R max": [],
    "R end": 23.460286024547134,
    "v end": 134.09012629973338,
    "t end": 166110.29768510564,
    "v max": 243.95460899644127
}