{
    "star": "MS10",
    "grain": "gra",
    "stream": {
        "L4": 0.64,
        "eta": 0.0066,
        "vinf": 90.0,
        "n": 19952.623149689072,
        "T": 8000.0,
        "kappa": 600.0,
        "cs": 10.19646997739904,
        "taustar": 0.11174741464126756,
        "Rstar": 0.0013907201631012745,
        "Qp": 2.0,
        "a": 0.2,
        "rho_d": 2.2,
        "kappa_d": 34090.90909090909,
        "drag_constant": 1.034890259210666,
        "phi_norm": 1.0,
        "Rstarstar": 0.01766015712682379,
        "Upstarstar": 0.4831430149718107,
        "R0": 0.00034002131956304256
    },
    "R sonic drift": 0.0004226978079673296,
    "w sonic drift": 7.745966692414831,
    "R critical": 0.0009463025179229607,
    "w critical": 43.32928075712418,
    "R equilib drift": 0.00078916651742819,
    "w equilib drift": 90.0,
    "t min": [
        42.469963281425755,
        115.46980501169648,
        120.53974872522309,
        124.25035970396358,
        130.53268126202914,
        140.0112716829702,
        156.91108406139222,
        175.8315261807125,
        178.8808401533408,
        181.34233456498055
    ],
    "R min": [
        0.0003723411362556314,
        0.0007683598037576995,
        0.0007683598020494247,
        0.0007683598037856337,
        0.0007683598046699005,
        0.0007683598065240251,
        0.0007683598064658286,
        0.0007683598058781795,
        0.0007683598063229118,
        0.000768359806355067
    ],
    "t max": [
        111.64897786527064,
        117.82108325565086,
        123.66254014297499,
        127.70379962477155,
        137.88042577438657,
        147.3590161953276,
        165.43446769572677,
        178.58693037284652,
        180.16669544300336
    ],
    "R max": [
        0.0007683598048776207,
        0.0007683598049007904,
        0.000768359803584899,
        0.0007683598053778239,
        0.0007683598059321073,
        0.0007683598084745464,
        0.0007683598076382758,
        0.0007683598063102731,
        0.0007683598063866705
    ],
    "R end": 0.0007683598067389618,
    "v end": 1.5968626795486488e-07,
    "t end": 183.69361280893492,
    "v max": 117.5951254550012
}