{
    "star": "MS10",
    "grain": "sil",
    "stream": {
        "L4": 0.64,
        "eta": 0.0066,
        "vinf": 50.0,
        "n": 1584.8931924611336,
        "T": 8000.0,
        "kappa": 600.0,
        "cs": 10.19646997739904,
        "taustar": 0.05669046108681837,
        "Rstar": 0.00888203042181782,
        "Qp": 2.0,
        "a": 0.002,
        "rho_d": 3.5,
        "kappa_d": 2142857.1428571427,
        "drag_constant": 3409.5227496780344,
        "phi_norm": 0.7,
        "Rstarstar": 3.596617142857143,
        "Upstarstar": 0.0001466480902780941,
        "R0": 0.0013765143310752648
    },
    "R sonic drift": 0.002377004454874038,
    "w sonic drift": 7.745966692414831,
    "R critical": 0.005023772863019165,
    "w critical": 38.7741595142002,
    "R equilib drift": 0.005023772863019165,
    "w equilib drift": 50.0,
    "t min": [
        430.25895241908506,
        653.755607910762,
        673.8368381878843,
        693.9180684650067,
        715.8586719159368,
        740.4023978101974,
        764.2023744349351,
        778.3336105558731,
        790.9773481377649,
        802.8773364501337,
        823.3304413620176,
        834.4866804048635,
        836.3460535786711,
        842.2960477348555,
        893.9866219667074,
        1127.895767231707,
        1210.4519361487658,
        1266.9768806325178,
        1287.4299855444017,
        1305.6518426477162,
        1380.0267696000215,
        1526.9172503308241
    ],
    "R min": [
        0.0022492810971111153,
        0.004949059709476666,
        0.004949059710437873,
        0.004949059710081104,
        0.004949059711591679,
        0.004949059709179076,
        0.0049490597041007755,
        0.004949059709424719,
        0.004949059710582432,
        0.004949059711099941,
        0.004949059710511344,
        0.004949059711133529,
        0.004949059711145014,
        0.004949059711101023,
        0.004949059710206879,
        0.004949059688564525,
        0.004949059689421022,
        0.004949059712155736,
        0.004949059711128074,
        0.0049490597112748095,
        0.004949059711911483,
        0.004949059711821266
    ],
    "t max": [
        645.94624058077,
        663.7962230493231,
        683.8774533264456,
        704.3305582383294,
        723.2961646111672,
        754.5336339311353,
        774.6148642082578,
        785.399228616342,
        796.9273422939493,
        810.6867037801258,
        833.7429311353403,
        835.2304296743864,
        838.5773013872403,
        856.799158490555,
        1024.1427441332414,
        1156.5301141083446,
        1250.2425220682492,
        1267.7206299020406,
        1292.2643557963015,
        1346.1861778367227,
        1450.6829502047112,
        1617.6546612126363
    ],
    "R max": [
        0.004949059711316487,
        0.004949059710654529,
        0.0049490597106689885,
        0.004949059713820552,
        0.004949059711654072,
        0.004949059712093123,
        0.0049490597097376484,
        0.004949059711228989,
        0.0049490597112039555,
        0.004949059712275198,
        0.004949059711144592,
        0.004949059711142182,
        0.004949059711177787,
        0.004949059711377782,
        0.0049490597265309955,
        0.004949059708685901,
        0.004949059713914034,
        0.004949059712170314,
        0.004949059711090196,
        0.004949059711928262,
        0.004949059711909024,
        0.004949059711399018
    ],
    "R end": 0.004949059710690854,
    "v end": -2.914562025150313e-09,
    "t end": 1859.3731738076278,
    "v max": 123.91053155210837
}