{
    "star": "MS20",
    "grain": "gra",
    "stream": {
        "L4": 5.45,
        "eta": 0.1199,
        "vinf": 30.0,
        "n": 0.15848931924611206,
        "T": 9000.0,
        "kappa": 600.0,
        "cs": 10.814989597775858,
        "taustar": 0.002757191957757238,
        "Rstar": 4.319856000127982,
        "Qp": 2.0,
        "a": 0.02,
        "rho_d": 2.2,
        "kappa_d": 340909.0909090908,
        "drag_constant": 0.6378937820571264,
        "phi_norm": 1.5,
        "Rstarstar": 13.534854797979794,
        "Upstarstar": 0.7838295560548707,
        "R0": 1.5077649129600368
    },
    "R sonic drift": 0.23770044548740382,
    "w sonic drift": 9.672835454459698,
    "R critical": 0.5636765862528911,
    "w critical": 48.41952977064848,
    "R equilib drift": 0.4226978079673296,
    "w equilib drift": 30.0,
    "t min": [
        73383.26125960774,
        113111.86807329739,
        152902.45399278065,
        192693.0399122639,
        232421.64672595353,
        272212.2326454368
    ],
    "R min": [
        0.21789485661463062,
        0.21801448455568984,
        0.21793443783024116,
        0.21789109411496327,
        0.21800122338736158,
        0.21792616934867737
    ],
    "t max": [
        85903.04062991243,
        125693.62654939567,
        165484.21246887892,
        205212.81928256858,
        245003.4052020518,
        284732.01201574143
    ],
    "R max": [
        0.9629767272321625,
        0.9629900812232557,
        0.9629950825562806,
        0.9629790895006112,
        0.9629913545125134,
        0.9629620270811486
    ],
    "R end": 0.2598443369944069,
    "v end": -23.434029955642032,
    "t end": 309895.52896793804,
    "v max": 106.10954799140859
}