{
    "star": "MS10",
    "grain": "sil",
    "stream": {
        "L4": 0.64,
        "eta": 0.0066,
        "vinf": 250.0,
        "n": 19952.623149689072,
        "T": 8000.0,
        "kappa": 600.0,
        "cs": 10.19646997739904,
        "taustar": 0.04022906927085632,
        "Rstar": 0.0005006592587164588,
        "Qp": 2.0,
        "a": 0.02,
        "rho_d": 3.5,
        "kappa_d": 214285.71428571426,
        "drag_constant": 0.6867735730656009,
        "phi_norm": 0.7,
        "Rstarstar": 0.01438646857142857,
        "Upstarstar": 0.7280419917267837,
        "R0": 6.537633347795093e-05
    },
    "R sonic drift": 0.0006699308783156552,
    "w sonic drift": 7.745966692414831,
    "R critical": 0.0014158915687682763,
    "w critical": 38.7741595142002,
    "R equilib drift": 0.0005157461657342751,
    "w equilib drift": 250.0,
    "t min": [
        52.02694551475874,
        52.84445191084077,
        53.179839150259035,
        58.14776263414212,
        75.881362918383
    ],
    "R min": [
        0.0004905467349511399,
        0.0004905467349879282,
        0.0004905467349863166,
        0.0004905467349363261,
        0.0004905467347409464
    ],
    "t max": [
        52.32040934924972,
        53.03310723301354,
        55.06639237198679,
        60.30681798789722
    ],
    "R max": [
        0.0004905467350165816,
        0.0004905467350038122,
        0.00049054673584387,
        0.0004905467348182008
    ],
    "R end": 0.0004905467346915957,
    "v end": 1.9075347119086436e-09,
    "t end": 104.80851231820859,
    "v max": 2.1599420228327185e-06
}