{
    "star": "MS20",
    "grain": "gra",
    "stream": {
        "L4": 5.45,
        "eta": 0.1199,
        "vinf": 60.0,
        "n": 10.000000000000082,
        "T": 9000.0,
        "kappa": 600.0,
        "cs": 10.814989597775858,
        "taustar": 0.010950577103006483,
        "Rstar": 0.2719188246926307,
        "Qp": 2.0,
        "a": 0.02,
        "rho_d": 2.2,
        "kappa_d": 340909.0909090908,
        "drag_constant": 2.515523542419958,
        "phi_norm": 1.5,
        "Rstarstar": 3.3837136994949484,
        "Upstarstar": 0.19876578039058826,
        "R0": 0.09716893970318309
    },
    "R sonic drift": 0.029924713121888692,
    "w sonic drift": 9.672835454459698,
    "R critical": 0.07096267784671514,
    "w critical": 48.41952977064848,
    "R equilib drift": 0.07096267784671514,
    "w equilib drift": 60.0,
    "t min": [
        4498.260659512601,
        5941.761478263392,
        7143.378376034321,
        8298.179031034953,
        9449.078332471396,
        10596.076280343645,
        11743.074228215897,
        12893.973529652338,
        14040.971477524587,
        15187.969425396837,
        16334.96737326909,
        17481.96532114134,
        18632.864622577777
    ],
    "R min": [
        0.02834640037330469,
        0.06466836002033037,
        0.0674475119595459,
        0.0681117882916412,
        0.06832273840147961,
        0.06839676580765439,
        0.06842372692988273,
        0.06843368273894776,
        0.06843738016044615,
        0.0684387555791772,
        0.06843926791709562,
        0.06843945808077911,
        0.06843952879325428
    ],
    "t max": [
        5309.742200864397,
        6573.7807556623875,
        7728.5814106630205,
        8875.57935853527,
        10022.577306407522,
        11169.57525427977,
        12320.474555716213,
        13467.472503588462,
        14614.470451460713,
        15761.468399332964,
        16908.466347205216,
        18055.46429507746,
        19206.363596513904
    ],
    "R max": [
        0.06997856420043755,
        0.06942634783794017,
        0.06888606063942847,
        0.0686182605203116,
        0.068507929827511,
        0.06846528334147395,
        0.06844918279426351,
        0.06844315319113513,
        0.0684409034946863,
        0.06844006477564046,
        0.06843975267805447,
        0.06843963674684099,
        0.06843959359891352
    ],
    "R end": 0.06843957085132783,
    "v end": -0.0001003927933551582,
    "t end": 19506.767820956637,
    "v max": 165.8336311688326
}