{
    "star": "MS10",
    "grain": "gra",
    "stream": {
        "L4": 0.64,
        "eta": 0.0066,
        "vinf": 10.0,
        "n": 63.09573444801995,
        "T": 8000.0,
        "kappa": 600.0,
        "cs": 10.19646997739904,
        "taustar": 0.05655617031236912,
        "Rstar": 0.22257801280520767,
        "Qp": 2.0,
        "a": 0.2,
        "rho_d": 2.2,
        "kappa_d": 34090.90909090909,
        "drag_constant": 21.471596489473402,
        "phi_norm": 1.0,
        "Rstarstar": 1.4304727272727271,
        "Upstarstar": 0.023286577700224957,
        "R0": 0.03444873269818213
    },
    "R sonic drift": 0.007516748085768888,
    "w sonic drift": 7.745966692414831,
    "R critical": 0.016827902832903904,
    "w critical": 43.32928075712418,
    "R equilib drift": 0.007516748085768888,
    "w equilib drift": 10.0,
    "t min": [
        7773.167317770574,
        8131.838426986917,
        8484.629681953811,
        8843.300791170155,
        9201.971900386496,
        9554.763155353392,
        9913.434264569732,
        10272.105373786077,
        10630.776483002419,
        10983.567737969313,
        11336.358992936208,
        11677.390539404205,
        12382.973049337994,
        13188.513081512403,
        20773.525063300633
    ],
    "R min": [
        0.007110592530133823,
        0.007125309533833782,
        0.007130288696834885,
        0.0071317926558814755,
        0.007132234391491599,
        0.007132362646184621,
        0.00713239931019592,
        0.0071324098960834715,
        0.007132412952458594,
        0.007132413805199286,
        0.007132414033545746,
        0.00713241409973694,
        0.007132414122243903,
        0.007132414122303247,
        0.0071324141223667505
    ],
    "t max": [
        7949.562945254021,
        8308.234054470364,
        8666.905163686706,
        9019.6964186536,
        9378.367527869943,
        9737.038637086287,
        10089.82989205318,
        10448.501001269524,
        10807.172110485864,
        11159.96336545276,
        11500.994911920758,
        11930.22427213048,
        12482.930571578616,
        13929.37471694288,
        25330.412106623022
    ],
    "R max": [
        0.007148674423980438,
        0.007136618531082252,
        0.007133593076714644,
        0.007132749355061934,
        0.0071325105776472554,
        0.007132441849462197,
        0.007132422020677299,
        0.007132416367602959,
        0.007132414733335404,
        0.007132414287931552,
        0.007132414162025896,
        0.007132414134288902,
        0.007132414122158915,
        0.007132414122265913,
        0.0071324141222869385
    ],
    "R end": 0.007132414122206264,
    "v end": -2.4285165138478263e-11,
    "t end": 29399.2712472412,
    "v max": 0.3346118554605098
}