{
    "star": "MS10",
    "grain": "gra",
    "stream": {
        "L4": 0.64,
        "eta": 0.0066,
        "vinf": 10.0,
        "n": 0.39810717055349937,
        "T": 8000.0,
        "kappa": 600.0,
        "cs": 10.19646997739904,
        "taustar": 0.004492416292698988,
        "Rstar": 2.802091164271241,
        "Qp": 2.0,
        "a": 0.2,
        "rho_d": 2.2,
        "kappa_d": 34090.90909090909,
        "drag_constant": 0.13547661502748318,
        "phi_norm": 1.0,
        "Rstarstar": 1.4304727272727271,
        "Upstarstar": 3.6906738472803475,
        "R0": 0.24057378365176602
    },
    "R sonic drift": 0.09463025179229617,
    "w sonic drift": 7.745966692414831,
    "R critical": 0.21185074503545798,
    "w critical": 43.32928075712418,
    "R equilib drift": 0.09463025179229617,
    "w equilib drift": 10.0,
    "t min": [
        97710.33270604731,
        114069.41113637795,
        130058.3746700948,
        145825.26926584332,
        161518.1408822691,
        177211.0124986949,
        192903.88411512066,
        208522.7327522237,
        224215.60436864948,
        239834.45300575247,
        255527.32462217828,
        271146.17325928126,
        286839.04487570707,
        302531.9164921329,
        318150.76512923586,
        333843.6367456616,
        349462.48538276466,
        365155.3569991904
    ],
    "R min": [
        0.08523149050332274,
        0.08660673057629822,
        0.08750177839158582,
        0.08813671252710849,
        0.08859716472845909,
        0.08893208806980846,
        0.08917518036517347,
        0.0893510231397256,
        0.08947732443866976,
        0.08956797930414298,
        0.08963263246331975,
        0.08967879771876822,
        0.08971158120470063,
        0.08973489674390381,
        0.08975146062672403,
        0.08976320323038145,
        0.08977152985460303,
        0.08977743203806346
    ],
    "t max": [
        105704.81447290572,
        121989.8699239136,
        137830.78749898492,
        153597.68209473346,
        169364.576690482,
        185057.44830690778,
        200676.2969440108,
        216369.16856043658,
        232062.04017686236,
        247680.88881396537,
        263373.7604303912,
        278992.60906749417,
        294685.4806839199,
        310304.32932102296,
        325997.20093744877,
        341616.04957455175,
        357308.92119097756
    ],
    "R max": [
        0.09685390588198867,
        0.09378553013925973,
        0.09232866608757466,
        0.09148167078855572,
        0.09094511535809083,
        0.09058937545114253,
        0.09034771734272076,
        0.09018146674026957,
        0.09006581841247947,
        0.08998487363615015,
        0.08992808364819667,
        0.0898880603652205,
        0.0898598620403155,
        0.08983992588809868,
        0.0898258514388017,
        0.08981588495853783,
        0.08980884893764642
    ],
    "R end": 0.0897963350786391,
    "v end": 0.004633384126104096,
    "t end": 370114.89661381557,
    "v max": 2.2209615191767975
}