{
    "star": "MS20",
    "grain": "gra",
    "stream": {
        "L4": 5.45,
        "eta": 0.1199,
        "vinf": 170.0,
        "n": 79.43282347242886,
        "T": 9000.0,
        "kappa": 600.0,
        "cs": 10.814989597775858,
        "taustar": 0.010892795151038411,
        "Rstar": 0.03405191992433037,
        "Qp": 2.0,
        "a": 0.02,
        "rho_d": 2.2,
        "kappa_d": 340909.0909090908,
        "drag_constant": 0.3100542596252117,
        "phi_norm": 1.5,
        "Rstarstar": 0.4215006684491977,
        "Upstarstar": 1.6126209670668339,
        "R0": 0.012166283410868249
    },
    "R sonic drift": 0.01061768888461977,
    "w sonic drift": 9.672835454459698,
    "R critical": 0.025178508235883353,
    "w critical": 48.41952977064848,
    "R equilib drift": 0.015886564694485638,
    "w equilib drift": 170.0,
    "t min": [
        559.8894151386207,
        1567.7880743279527,
        1743.669565994535,
        1890.2374757166872,
        2175.55633997581
    ],
    "R min": [
        0.009793742515816245,
        0.01531924711664293,
        0.015319247145574396,
        0.01531924713681975,
        0.01531924714766498
    ],
    "t max": [
        1518.9321044205687,
        1661.1029768510562,
        1814.510722360242,
        1981.1095797444214
    ],
    "R max": [
        0.015319247114422363,
        0.015319247174205694,
        0.01531924714891661,
        0.015319247165023104
    ],
    "R end": 0.015319247142944298,
    "v end": 3.754235748322071e-07,
    "t end": 2442.7984953692003,
    "v max": 134.8701210574333
}