{
    "star": "MS40",
    "grain": "gra",
    "stream": {
        "L4": 22.2,
        "eta": 0.4468,
        "vinf": 200.0,
        "n": 0.39810717055349937,
        "T": 10000.0,
        "kappa": 600.0,
        "cs": 11.4,
        "taustar": 0.001322928882580095,
        "Rstar": 0.8251611363046257,
        "Qp": 2.0,
        "a": 0.02,
        "rho_d": 2.2,
        "kappa_d": 340909.0909090908,
        "drag_constant": 0.0036713633466920483,
        "phi_norm": 1.5,
        "Rstarstar": 1.240488068181818,
        "Upstarstar": 136.18918989603878,
        "R0": 0.5526550236001346
    },
    "R sonic drift": 0.2992471312188869,
    "w sonic drift": 8.6559494714014,
    "R critical": 0.669930878315656,
    "w critical": 48.41952977064848,
    "R equilib drift": 0.3990524629937762,
    "w equilib drift": 200.0,
    "t min": [
        13951.240345548187,
        21757.848827495032,
        30161.364404763146,
        38623.400285494135,
        47062.02804483998,
        54880.3405874794
    ],
    "R min": [
        0.20183894732652263,
        0.3777258676496882,
        0.3872387345779811,
        0.38751999188203495,
        0.3875281047133795,
        0.38752833673695813
    ],
    "t max": [
        17123.040793235734,
        25924.49443405137,
        34398.23437547493,
        42860.27025620592,
        51158.44928724087
    ],
    "R max": [
        0.4572960093981763,
        0.3892428901419229,
        0.3875775640121777,
        0.38752975564470776,
        0.3875284001456595
    ],
    "R end": 0.38752835036366595,
    "v end": 1.148592585120291e-06,
    "t end": 58520.3034628699,
    "v max": 145.82480537700428
}