{
    "star": "MS40",
    "grain": "gra",
    "stream": {
        "L4": 22.2,
        "eta": 0.4468,
        "vinf": 50.0,
        "n": 1.995262314968893,
        "T": 10000.0,
        "kappa": 600.0,
        "cs": 11.4,
        "taustar": 0.011846675417018615,
        "Rstar": 1.4743437618716817,
        "Qp": 2.0,
        "a": 0.02,
        "rho_d": 2.2,
        "kappa_d": 340909.0909090908,
        "drag_constant": 4.710503524785035,
        "phi_norm": 1.5,
        "Rstarstar": 19.847809090909085,
        "Upstarstar": 0.10614576496316654,
        "R0": 1.0029754304344187
    },
    "R sonic drift": 0.133668783513723,
    "w sonic drift": 8.6559494714014,
    "R critical": 0.2992471312188869,
    "w critical": 48.41952977064848,
    "R equilib drift": 0.2992471312188869,
    "w equilib drift": 50.0,
    "t min": [
        24299.799185294203,
        31535.367617404183,
        38770.93604951416,
        46027.416529115784,
        53262.98496122576,
        60498.553393335744,
        67734.12182544572,
        74969.6902575557,
        82205.25868966567,
        89461.7391692673,
        96697.30760137728,
        103932.87603348726
    ],
    "R min": [
        0.12217631724702728,
        0.12223518066485613,
        0.12230599542142706,
        0.12207844765914715,
        0.12209395014905519,
        0.12212373040573352,
        0.12216729980783023,
        0.12222394581248662,
        0.12229275786840145,
        0.12207722884270954,
        0.12209018497712398,
        0.12211748945173281
    ],
    "t max": [
        27143.83764415824,
        34400.31812375987,
        41635.886555869845,
        48871.45498797983,
        56107.0234200898,
        63342.591852199774,
        70578.16028430975,
        77834.64076391137,
        85070.20919602136,
        92305.77762813134,
        99541.34606024133
    ],
    "R max": [
        0.317740272134903,
        0.3177484359362037,
        0.3177479244832192,
        0.3177468988402459,
        0.31774536132425857,
        0.31774331760298474,
        0.3177407702375698,
        0.31774847175954724,
        0.3177480516801518,
        0.3177471167501264,
        0.3177456681628587
    ],
    "R end": 0.21173785117790717,
    "v end": 135.6262868490254,
    "t end": 104560.23745823668,
    "v max": 174.97694968174682
}