{
    "star": "MS10",
    "grain": "gra",
    "stream": {
        "L4": 0.64,
        "eta": 0.0066,
        "vinf": 60.0,
        "n": 79432.82347242952,
        "T": 8000.0,
        "kappa": 600.0,
        "cs": 10.19646997739904,
        "taustar": 0.33444810784338463,
        "Rstar": 0.0010455167869415933,
        "Qp": 2.0,
        "a": 0.02,
        "rho_d": 2.2,
        "kappa_d": 340909.0909090908,
        "drag_constant": 2085.735991696657,
        "phi_norm": 1.0,
        "Rstarstar": 0.3973535353535351,
        "Upstarstar": 0.00023972353259976652,
        "R0": 0.0005939595343180633
    },
    "R sonic drift": 0.00021185074503545775,
    "w sonic drift": 7.745966692414831,
    "R critical": 0.00047427474113233113,
    "w critical": 43.32928075712418,
    "R equilib drift": 0.00047427474113233113,
    "w equilib drift": 60.0,
    "t min": [
        31.79000777344632,
        65.84481193040489,
        66.64577650506166,
        68.02674990964229,
        69.7667763994139,
        72.19728959147582,
        73.79921874078937,
        76.14687352857645,
        90.12232438293253,
        117.68655353836209
    ],
    "R min": [
        0.00020043806827479136,
        0.0004542038283606606,
        0.00045420382860883804,
        0.00045420382892144014,
        0.0004542038289858121,
        0.00045420382864685467,
        0.00045420382894532804,
        0.00045420382838751204,
        0.00045420382907566964,
        0.0004542038289643562
    ],
    "t max": [
        64.767652674832,
        66.56291810078682,
        67.5848384201765,
        69.02105076094035,
        70.73345778262035,
        73.19159044277389,
        74.82113906017905,
        86.14512097774029,
        102.96537704553246
    ],
    "R max": [
        0.0004542038290968239,
        0.00045420382858518373,
        0.0004542038289108224,
        0.00045420382902233226,
        0.0004542038292048337,
        0.0004542038289304468,
        0.0004542038290000405,
        0.0004542038290119505,
        0.0004542038289256002
    ],
    "R end": 0.0004542038290937698,
    "v end": 2.2613253309213067e-08,
    "t end": 138.09734045806394,
    "v max": 168.91798149936685
}