{
    "star": "MS10",
    "grain": "sil",
    "stream": {
        "L4": 0.64,
        "eta": 0.0066,
        "vinf": 90.0,
        "n": 25118.86431509618,
        "T": 8000.0,
        "kappa": 600.0,
        "cs": 10.19646997739904,
        "taustar": 0.1253826614480357,
        "Rstar": 0.0012394806500455257,
        "Qp": 2.0,
        "a": 0.02,
        "rho_d": 3.5,
        "kappa_d": 214285.71428571426,
        "drag_constant": 51.47585539081339,
        "phi_norm": 0.7,
        "Rstarstar": 0.11100670194003526,
        "Upstarstar": 0.009713291721019797,
        "R0": 0.00033124362090432145
    },
    "R sonic drift": 0.0005970765237835921,
    "w sonic drift": 7.745966692414831,
    "R critical": 0.0012619146889603862,
    "w critical": 38.7741595142002,
    "R equilib drift": 0.000993501782927453,
    "w equilib drift": 90.0,
    "t min": [
        59.627153879043625,
        185.10884063233124,
        200.8848674201722,
        204.56939999233242,
        205.03645341697248,
        207.6830894899326,
        215.46731323393308
    ],
    "R min": [
        0.0005528381671983279,
        0.0009582815366274705,
        0.0009582815426651105,
        0.0009582815431084157,
        0.0009582815430928058,
        0.0009582815425458639,
        0.0009582815427702694
    ],
    "t max": [
        182.04704595969108,
        199.69128644609214,
        203.4277138432124,
        204.67318964225245,
        205.19213789185247,
        211.78278066177288,
        252.10505965569533
    ],
    "R max": [
        0.0009582815369486787,
        0.0009582815427552676,
        0.0009582815432175711,
        0.0009582815431139986,
        0.0009582815431031352,
        0.0009582815429716189,
        0.0009582815442779067
    ],
    "R end": 0.0009582815438457118,
    "v end": -5.171077453311088e-08,
    "t end": 259.4741248000158,
    "v max": 86.92949725802796
}