{
    "star": "MS10",
    "grain": "gra",
    "stream": {
        "L4": 0.64,
        "eta": 0.0066,
        "vinf": 10.0,
        "n": 12589.254117941868,
        "T": 8000.0,
        "kappa": 600.0,
        "cs": 10.19646997739904,
        "taustar": 0.7988771394630042,
        "Rstar": 0.0157573165862045,
        "Qp": 2.0,
        "a": 0.02,
        "rho_d": 2.2,
        "kappa_d": 340909.0909090908,
        "drag_constant": 428414.67317664606,
        "phi_norm": 1.0,
        "Rstarstar": 14.304727272727268,
        "Upstarstar": 1.1670935458222214e-06,
        "R0": 0.013716331779881307
    },
    "R sonic drift": 0.0005321450119597618,
    "w sonic drift": 7.745966692414831,
    "R critical": 0.001191324287058021,
    "w critical": 43.32928075712418,
    "R equilib drift": 0.0005321450119597618,
    "w equilib drift": 10.0,
    "t min": [
        573.192502550618,
        575.690073367832,
        576.52259697357,
        584.4315712280811,
        585.2640948338191,
        586.9291420452951,
        589.0104510596401,
        604.8283995686622,
        610.6560648088283,
        611.4885884145664,
        618.1487772604703,
        627.7227987264574,
        629.8041077408025,
        630.6366313465405,
        633.1342021637545,
        635.2155111780995,
        638.1293437981826,
        638.9618674039206,
        656.8611249272877,
        669.3489790133578,
        719.7166571605072,
        913.694657297463,
        1677.1188037592156
    ],
    "R min": [
        0.0005049362511208098,
        0.0005049362510513766,
        0.0005049362510365764,
        0.0005049362511323997,
        0.0005049362510905612,
        0.0005049362511309653,
        0.0005049362509346157,
        0.0005049362487367073,
        0.0005049362510262594,
        0.0005049362510198652,
        0.0005049362507597397,
        0.0005049362507236083,
        0.0005049362507504291,
        0.0005049362509269221,
        0.0005049362510584584,
        0.0005049362510035506,
        0.0005049362508027008,
        0.0005049362508732635,
        0.0005049362509856073,
        0.0005049362510141462,
        0.0005049362510692262,
        0.0005049362510560937,
        0.0005049362512019144
    ],
    "t max": [
        574.025026156356,
        576.106335170701,
        581.934000410867,
        584.8478330309501,
        586.0966184395571,
        587.7616656510331,
        593.5893308911992,
        609.8235412030903,
        611.0723266116973,
        613.5698974289113,
        623.5601806977675,
        628.9715841350645,
        630.2203695436715,
        631.0528931494094,
        633.9667257694925,
        636.0480347838375,
        638.5456056010515,
        646.4545798555627,
        662.6887901674537,
        685.583189325249,
        753.0176013900275,
        1026.501605874963
    ],
    "R max": [
        0.0005049362512231214,
        0.0005049362510349391,
        0.0005049362517661899,
        0.0005049362511085145,
        0.0005049362510625928,
        0.0005049362511426851,
        0.0005049362510094464,
        0.00050493625103712,
        0.000504936251020394,
        0.0005049362513833564,
        0.0005049362517337276,
        0.0005049362509556755,
        0.0005049362508310445,
        0.000504936250992943,
        0.0005049362511828804,
        0.0005049362510226986,
        0.0005049362508906242,
        0.000504936251132041,
        0.0005049362509869218,
        0.0005049362510383484,
        0.000504936251053741,
        0.0005049362510415509
    ],
    "R end": 0.0005049362513241252,
    "v end": 1.505102381526406e-10,
    "t end": 2081.309014345018,
    "v max": 1.1885337354023955e-06
}