{
    "star": "MS10",
    "grain": "sil",
    "stream": {
        "L4": 0.64,
        "eta": 0.0066,
        "vinf": 140.0,
        "n": 5011.872336272797,
        "T": 8000.0,
        "kappa": 600.0,
        "cs": 10.19646997739904,
        "taustar": 0.03600409989153642,
        "Rstar": 0.0017838331277807223,
        "Qp": 2.0,
        "a": 0.002,
        "rho_d": 3.5,
        "kappa_d": 2142857.1428571427,
        "drag_constant": 175.41287522033033,
        "phi_norm": 0.7,
        "Rstarstar": 0.4587521865889212,
        "Upstarstar": 0.0028504179033150595,
        "R0": 0.00022233512037903803
    },
    "R sonic drift": 0.00133668783513723,
    "w sonic drift": 7.745966692414831,
    "R critical": 0.0028250750892455114,
    "w critical": 38.7741595142002,
    "R equilib drift": 0.0015784610016399366,
    "w equilib drift": 140.0,
    "t min": [
        85.29127941236163,
        238.92014259207082,
        360.0606462758279
    ],
    "R min": [
        0.0012524995257248673,
        0.0015489174536751945,
        0.0015489174540531
    ],
    "t max": [
        234.43898955814637,
        265.8070607956174
    ],
    "R max": [
        0.0015489174535251676,
        0.0015489174577405331
    ],
    "R end": 0.0015489174548265186,
    "v end": 1.2981816790141782e-08,
    "t end": 373.4294194937024,
    "v max": 41.87417284941359
}