{
    "star": "MS10",
    "grain": "sil",
    "stream": {
        "L4": 0.64,
        "eta": 0.0066,
        "vinf": 80.0,
        "n": 251.1886431509608,
        "T": 8000.0,
        "kappa": 600.0,
        "cs": 10.19646997739904,
        "taustar": 0.014105549412903987,
        "Rstar": 0.013944157313012195,
        "Qp": 2.0,
        "a": 0.002,
        "rho_d": 3.5,
        "kappa_d": 2142857.1428571427,
        "drag_constant": 82.45436699685673,
        "phi_norm": 0.7,
        "Rstarstar": 1.4049285714285713,
        "Upstarstar": 0.006063960202605891,
        "R0": 0.0013461539431582356
    },
    "R sonic drift": 0.005970765237835921,
    "w sonic drift": 7.745966692414831,
    "R critical": 0.012619146889603867,
    "w critical": 38.7741595142002,
    "R equilib drift": 0.01059386913645896,
    "w equilib drift": 80.0,
    "t min": [
        671.3892979200409,
        2189.896744780933,
        2431.596892032148,
        2504.5739896321525,
        2566.4585683969563,
        2607.325743052959,
        2830.9275700993726
    ],
    "R min": [
        0.005546805401554001,
        0.010336133828044037,
        0.010336133802438252,
        0.010336133821269309,
        0.010336133824222616,
        0.010336133818041465,
        0.010336133795306596
    ],
    "t max": [
        2120.422547865729,
        2310.163001625741,
        2471.880249907351,
        2560.6204005889563,
        2575.215820108957,
        2687.3086420225636
    ],
    "R max": [
        0.010336133821485441,
        0.010336133845570387,
        0.010336133818327688,
        0.010336133824370826,
        0.010336133824382638,
        0.010336133825557453
    ],
    "R end": 0.010336133833193642,
    "v end": 4.6204062904472443e-07,
    "t end": 2919.0839040001774,
    "v max": 95.44895579484654
}