{
    "star": "MS10",
    "grain": "gra",
    "stream": {
        "L4": 0.64,
        "eta": 0.0066,
        "vinf": 70.0,
        "n": 15.848931924611271,
        "T": 8000.0,
        "kappa": 600.0,
        "cs": 10.19646997739904,
        "taustar": 0.004049318649058446,
        "Rstar": 0.06344307444155597,
        "Qp": 2.0,
        "a": 0.02,
        "rho_d": 2.2,
        "kappa_d": 340909.0909090908,
        "drag_constant": 0.22463228606729232,
        "phi_norm": 1.0,
        "Rstarstar": 0.29193320964749525,
        "Upstarstar": 2.2258599097825895,
        "R0": 0.005417346207228787
    },
    "R sonic drift": 0.01499788418664912,
    "w sonic drift": 7.745966692414831,
    "R critical": 0.033576080362451216,
    "w critical": 43.32928075712418,
    "R equilib drift": 0.03169786384922229,
    "w equilib drift": 70.0,
    "t min": [
        1960.8951962396316,
        2981.566285564363,
        4139.667636505889,
        5296.093008647211,
        6457.546317189146,
        7592.1839649278045,
        7999.4468133775745
    ],
    "R min": [
        0.012454286467473737,
        0.030225013408951742,
        0.03071252251194301,
        0.030724050541406187,
        0.030724329907729792,
        0.030724336839071453,
        0.030724336933042693
    ],
    "t max": [
        2406.7055570941116,
        3561.454950435228,
        4717.88032257655,
        5875.981673518076,
        7047.490854861239,
        7915.647873367334,
        8037.994325782285
    ],
    "R max": [
        0.033355093568431186,
        0.030799893622170692,
        0.030726174884315477,
        0.030724381535802574,
        0.030724337745014763,
        0.030724336922845208,
        0.030724336933471708
    ],
    "R end": 0.030724336855446777,
    "v end": -3.23695921786735e-07,
    "t end": 8379.894001024068,
    "v max": 106.38927351945307
}