{
    "star": "MS10",
    "grain": "gra",
    "stream": {
        "L4": 0.64,
        "eta": 0.0066,
        "vinf": 50.0,
        "n": 10.000000000000082,
        "T": 8000.0,
        "kappa": 600.0,
        "cs": 10.19646997739904,
        "taustar": 0.004503083388079791,
        "Rstar": 0.11181813806355345,
        "Qp": 2.0,
        "a": 0.2,
        "rho_d": 2.2,
        "kappa_d": 34090.90909090909,
        "drag_constant": 0.005444829937190127,
        "phi_norm": 1.0,
        "Rstarstar": 0.0572189090909091,
        "Upstarstar": 91.83023267353533,
        "R0": 0.009601413775725848
    },
    "R sonic drift": 0.018881217525718474,
    "w sonic drift": 7.745966692414831,
    "R critical": 0.04226978079673296,
    "w critical": 43.32928075712418,
    "R equilib drift": 0.04226978079673296,
    "w equilib drift": 50.0,
    "t min": [
        3606.718275681775,
        9597.238065266247
    ],
    "R min": [
        0.011466373201217264,
        0.011466434306079186
    ],
    "t max": [
        6566.531307813748,
        12560.005002619908
    ],
    "R max": [
        0.11050703816067858,
        0.1105071271544048
    ],
    "R end": 0.04766698036262549,
    "v end": -48.659103056337,
    "t end": 14769.526108442977,
    "v max": 66.58526813081704
}