{
    "star": "MS20",
    "grain": "gra",
    "stream": {
        "L4": 5.45,
        "eta": 0.1199,
        "vinf": 170.0,
        "n": 158.48931924611304,
        "T": 9000.0,
        "kappa": 600.0,
        "cs": 10.814989597775858,
        "taustar": 0.015386482116726457,
        "Rstar": 0.02410691316061589,
        "Qp": 2.0,
        "a": 0.02,
        "rho_d": 2.2,
        "kappa_d": 340909.0909090908,
        "drag_constant": 0.6186395798257633,
        "phi_norm": 1.5,
        "Rstarstar": 0.42150066844919765,
        "Upstarstar": 0.8082250413735612,
        "R0": 0.0087244080621714
    },
    "R sonic drift": 0.007516748085768888,
    "w sonic drift": 9.672835454459698,
    "R critical": 0.01782501876267492,
    "w critical": 48.41952977064848,
    "R equilib drift": 0.011246826503806984,
    "w equilib drift": 170.0,
    "t min": [
        395.3337298305492,
        1081.5473081190967,
        1241.3409941923371
    ],
    "R min": [
        0.007042877189763828,
        0.010845196413921215,
        0.010845196424552936
    ],
    "t max": [
        1058.373764900683,
        1142.0752195104756,
        1330.922303051578
    ],
    "R max": [
        0.010845196430069513,
        0.010845196441070067,
        0.01084519642805213
    ],
    "R end": 0.0108451962729006,
    "v end": -3.5536894029777004e-07,
    "t end": 1729.368896896541,
    "v max": 136.8339077676693
}