{
    "star": "MS40",
    "grain": "gra",
    "stream": {
        "L4": 22.2,
        "eta": 0.4468,
        "vinf": 50.0,
        "n": 7.943282347242878,
        "T": 10000.0,
        "kappa": 600.0,
        "cs": 11.4,
        "taustar": 0.023637225017245495,
        "Rstar": 0.7389222714280936,
        "Qp": 2.0,
        "a": 0.02,
        "rho_d": 2.2,
        "kappa_d": 340909.0909090908,
        "drag_constant": 18.752852301344486,
        "phi_norm": 1.5,
        "Rstarstar": 19.847809090909085,
        "Upstarstar": 0.026662610677318274,
        "R0": 0.5114008012235346
    },
    "R sonic drift": 0.0669930878315656,
    "w sonic drift": 8.6559494714014,
    "R critical": 0.14997884186649119,
    "w critical": 48.41952977064848,
    "R equilib drift": 0.14997884186649119,
    "w equilib drift": 50.0,
    "t min": [
        12157.78742891221,
        15564.064079253994,
        18970.340729595777,
        22376.61737993756,
        25782.89403027934,
        29189.170680621126,
        32595.44733096291,
        36001.72398130469,
        39408.00063164647,
        42814.27728198826,
        46220.55393233004,
        49626.83058267183
    ],
    "R min": [
        0.062035131242148586,
        0.062042579760763585,
        0.06205236543044382,
        0.06206437960733716,
        0.06207849656408567,
        0.0620945445385664,
        0.06211234760728053,
        0.06213169022770834,
        0.06215237091244364,
        0.06217418106439046,
        0.062196936810143565,
        0.062220471957750344
    ],
    "t max": [
        13551.740642744386,
        16958.01729308617,
        20364.29394342795,
        23770.570593769735,
        27176.84724411152,
        30583.123894453303,
        33989.400544795084,
        37395.677195136865,
        40801.95384547865,
        44218.71134705225,
        47624.98799739403,
        51031.264647735814
    ],
    "R max": [
        0.15320144303342675,
        0.15320103922371947,
        0.15320057670458775,
        0.1532000553280471,
        0.15319947610539153,
        0.153198838998338,
        0.15319814488923386,
        0.15319739358401893,
        0.15319658596082994,
        0.15320259793526445,
        0.15320253323445068,
        0.15320240741039476
    ],
    "R end": 0.09023241302591883,
    "v end": -45.80412766774359,
    "t end": 52404.256159104356,
    "v max": 198.75779682942593
}