{
    "star": "MS10",
    "grain": "sil",
    "stream": {
        "L4": 0.64,
        "eta": 0.0066,
        "vinf": 50.0,
        "n": 39.810717055350096,
        "T": 8000.0,
        "kappa": 600.0,
        "cs": 10.19646997739904,
        "taustar": 0.008984832585397996,
        "Rstar": 0.05604182328542471,
        "Qp": 2.0,
        "a": 0.02,
        "rho_d": 3.5,
        "kappa_d": 214285.71428571426,
        "drag_constant": 0.8564333932839463,
        "phi_norm": 0.7,
        "Rstarstar": 0.3596617142857143,
        "Upstarstar": 0.5838165628768606,
        "R0": 0.005083689694757174
    },
    "R sonic drift": 0.01499788418664912,
    "w sonic drift": 7.745966692414831,
    "R critical": 0.03169786384922229,
    "w critical": 38.7741595142002,
    "R equilib drift": 0.03169786384922229,
    "w equilib drift": 50.0,
    "t min": [
        2761.6778669774917,
        4066.2597650569182,
        5370.841663136344,
        6675.423561215772,
        7980.005459295199,
        9284.587357374625,
        10589.169255454051
    ],
    "R min": [
        0.012595462935572892,
        0.012595076911429724,
        0.012594713134549086,
        0.01259437210051257,
        0.012594053650284927,
        0.012593757469536867,
        0.012593483932124254
    ],
    "t max": [
        3357.655928330323,
        4662.237826409751,
        5966.819724489176,
        7269.055252248317,
        8573.637150327742,
        9878.21904840717,
        11182.800946486597
    ],
    "R max": [
        0.03526958515747806,
        0.035269587318070394,
        0.03526958795639022,
        0.03526938314793949,
        0.03526940039137055,
        0.03526941708566391,
        0.035269432904693594
    ],
    "R end": 0.019309693818723883,
    "v end": -45.812001116978,
    "t end": 11731.851601433693,
    "v max": 85.89663041245377
}