{
    "star": "MS10",
    "grain": "gra",
    "stream": {
        "L4": 0.64,
        "eta": 0.0066,
        "vinf": 120.0,
        "n": 0.015848931924611172,
        "T": 8000.0,
        "kappa": 600.0,
        "cs": 10.19646997739904,
        "taustar": 7.469624109978734e-05,
        "Rstar": 1.1703102658271067,
        "Qp": 2.0,
        "a": 0.02,
        "rho_d": 2.2,
        "kappa_d": 340909.0909090908,
        "drag_constant": 2.6009940145040775e-05,
        "phi_norm": 1.0,
        "Rstarstar": 0.09933838383838382,
        "Upstarstar": 19223.419862245748,
        "R0": 0.09516391288328316
    },
    "R sonic drift": 0.4742747411323311,
    "w sonic drift": 7.745966692414831,
    "R critical": 1.0617688884619771,
    "w critical": 43.32928075712418,
    "R equilib drift": 0.7375579175357853,
    "w equilib drift": 120.0,
    "t min": [
        39047.089273784666
    ],
    "R min": [
        0.07508007549906653
    ],
    "t max": [
        153374.9880342405
    ],
    "R max": [
        5.513576552461464
    ],
    "R end": 5.513175029837914,
    "v end": -0.6577205880485715,
    "t end": 154580.7176317683,
    "v max": 113.75737657000407
}