{
    "star": "MS20",
    "grain": "gra",
    "stream": {
        "L4": 5.45,
        "eta": 0.1199,
        "vinf": 50.0,
        "n": 6309.57344480202,
        "T": 9000.0,
        "kappa": 600.0,
        "cs": 10.814989597775858,
        "taustar": 0.3300792725068986,
        "Rstar": 0.012990340070233839,
        "Qp": 2.0,
        "a": 0.02,
        "rho_d": 2.2,
        "kappa_d": 340909.0909090908,
        "drag_constant": 3291.193149402109,
        "phi_norm": 1.5,
        "Rstarstar": 4.872547727272726,
        "Upstarstar": 0.00015192058846222136,
        "R0": 0.009092546033521132
    },
    "R sonic drift": 0.001191324287058021,
    "w sonic drift": 9.672835454459698,
    "R critical": 0.0028250750892455114,
    "w critical": 48.41952977064848,
    "R equilib drift": 0.0028250750892455114,
    "w equilib drift": 50.0,
    "t min": [
        214.5220211895756,
        273.97686459485334,
        333.6180868195833,
        393.2593090443133,
        452.90053126904326,
        512.355374674321,
        571.9965968990509,
        631.6378191237809,
        691.0926625290587,
        750.7338847537886,
        810.3751069785186,
        870.0163292032486,
        929.4711726085262
    ],
    "R min": [
        0.0011735875626030208,
        0.0011789147216635773,
        0.0011767129347921054,
        0.001174530627451803,
        0.001172401275894275,
        0.0011776732307059615,
        0.0011754811165378969,
        0.001173317757071277,
        0.0011786363222346828,
        0.0011764365393126031,
        0.0011742575788957583,
        0.0011721535554427842,
        0.001177395839806283
    ],
    "t max": [
        240.615055912895,
        300.256278137625,
        359.89750036235495,
        419.538722587085,
        478.9935659923626,
        538.6347882170926,
        598.2760104418226,
        657.7308538471003,
        717.3720760718302,
        777.0132982965603,
        836.4681417018379,
        896.109363926568
    ],
    "R max": [
        0.002740857606460323,
        0.0027410045648650276,
        0.002741104864232394,
        0.0027411474611231867,
        0.0027409455730306523,
        0.002741067367340512,
        0.0027411368396687424,
        0.002740878415420932,
        0.002741019967792351,
        0.002741113693360051,
        0.0027408036708398073,
        0.002740963459130735
    ],
    "R end": 0.0016087117986022918,
    "v end": 141.84665175779415,
    "t end": 931.8940972614058,
    "v max": 251.93672522522058
}