{
    "star": "MS10",
    "grain": "gra",
    "stream": {
        "L4": 0.64,
        "eta": 0.0066,
        "vinf": 250.0,
        "n": 19.952623149688993,
        "T": 8000.0,
        "kappa": 600.0,
        "cs": 10.19646997739904,
        "taustar": 0.0012721548704459492,
        "Rstar": 0.015832235891955218,
        "Qp": 2.0,
        "a": 0.2,
        "rho_d": 2.2,
        "kappa_d": 34090.90909090909,
        "drag_constant": 1.738218237614376e-05,
        "phi_norm": 1.0,
        "Rstarstar": 0.002288756363636363,
        "Upstarstar": 28765.08767312366,
        "R0": 0.0013065135189704263
    },
    "R sonic drift": 0.0133668783513723,
    "w sonic drift": 7.745966692414831,
    "R critical": 0.029924713121888692,
    "w critical": 43.32928075712418,
    "R equilib drift": 0.012619146889603867,
    "w equilib drift": 250.0,
    "t min": [
        526.983596789513,
        1792.1624700341767
    ],
    "R min": [
        0.0017903244208787106,
        0.005464997000684502
    ],
    "t max": [
        1045.184133632534
    ],
    "R max": [
        0.055660327466070976
    ],
    "R end": 0.02121108030448631,
    "v end": 20.039990332062406,
    "t end": 2091.204749164734,
    "v max": 219.81614838747967
}