{
    "star": "MS20",
    "grain": "gra",
    "stream": {
        "L4": 5.45,
        "eta": 0.1199,
        "vinf": 500.0,
        "n": 12.589254117941765,
        "T": 9000.0,
        "kappa": 600.0,
        "cs": 10.814989597775858,
        "taustar": 0.0014744099513795763,
        "Rstar": 0.029081748912423926,
        "Qp": 2.0,
        "a": 0.02,
        "rho_d": 2.2,
        "kappa_d": 340909.0909090908,
        "drag_constant": 0.0006566793662285724,
        "phi_norm": 1.5,
        "Rstarstar": 0.04872547727272727,
        "Upstarstar": 761.4065946240853,
        "R0": 0.01011296251202076
    },
    "R sonic drift": 0.026670428643266485,
    "w sonic drift": 9.672835454459698,
    "R critical": 0.0632455532033676,
    "w critical": 48.41952977064848,
    "R equilib drift": 0.022440369086039285,
    "w equilib drift": 500.0,
    "t min": [
        510.2969981335331,
        713.0805967377008,
        911.6916933129763,
        1111.5545404969193,
        1311.4173876808625,
        1511.2802348648056,
        1711.1430820487485,
        1911.4231794355808
    ],
    "R min": [
        0.014110880566015173,
        0.019904797525134483,
        0.021486811233424195,
        0.021886610917359783,
        0.021981975158862615,
        0.022004356963651325,
        0.022009588250844342,
        0.02201080940945211
    ],
    "t max": [
        600.8402921604969,
        809.8826438080032,
        1010.9972416006138,
        1211.2773389874462,
        1411.1401861713894,
        1611.4202835582219,
        1811.2831307421648,
        2011.5632281289968
    ],
    "R max": [
        0.02839979269057731,
        0.02318145187003454,
        0.022273424317230055,
        0.022071864432615808,
        0.02202531949600953,
        0.022014480499222406,
        0.022011951795196657,
        0.022011360716386704
    ],
    "R end": 0.02201112661686271,
    "v end": -0.002407470544655854,
    "t end": 2086.2510144461703,
    "v max": 257.3586911617045
}