{
    "star": "MS40",
    "grain": "gra",
    "stream": {
        "L4": 22.2,
        "eta": 0.4468,
        "vinf": 250.0,
        "n": 2511.886431509613,
        "T": 10000.0,
        "kappa": 600.0,
        "cs": 11.4,
        "taustar": 0.08406718111724938,
        "Rstar": 0.008310530586550718,
        "Qp": 2.0,
        "a": 0.02,
        "rho_d": 2.2,
        "kappa_d": 340909.0909090908,
        "drag_constant": 9.488276143516662,
        "phi_norm": 1.5,
        "Rstarstar": 0.7939123636363633,
        "Upstarstar": 0.05269661131665628,
        "R0": 0.006249925800259578
    },
    "R sonic drift": 0.0037672981789796047,
    "w sonic drift": 8.6559494714014,
    "R critical": 0.008433930068571646,
    "w critical": 48.41952977064848,
    "R equilib drift": 0.00433946318170957,
    "w equilib drift": 250.0,
    "t min": [
        134.26112325939465,
        357.4009883428311,
        469.6192406193401
    ],
    "R min": [
        0.0035101829672249366,
        0.004266097164960081,
        0.0042660971671389025
    ],
    "t max": [
        318.97330951705175,
        380.03324090279926
    ],
    "R max": [
        0.0042660971655903305,
        0.004266097164264248
    ],
    "R end": 0.0042660971681587005,
    "v end": 1.3364148404723444e-08,
    "t end": 589.381577082505,
    "v max": 95.93785552323457
}