{
    "star": "MS10",
    "grain": "gra",
    "stream": {
        "L4": 0.64,
        "eta": 0.0066,
        "vinf": 30.0,
        "n": 39.810717055350096,
        "T": 8000.0,
        "kappa": 600.0,
        "cs": 10.19646997739904,
        "taustar": 0.014974720975663325,
        "Rstar": 0.09340303880904118,
        "Qp": 2.0,
        "a": 0.02,
        "rho_d": 2.2,
        "kappa_d": 340909.0909090908,
        "drag_constant": 16.725508028084413,
        "phi_norm": 1.0,
        "Rstarstar": 1.589414141414141,
        "Upstarstar": 0.029894458162970705,
        "R0": 0.009112202337881181
    },
    "R sonic drift": 0.009463025179229607,
    "w sonic drift": 7.745966692414831,
    "R critical": 0.021185074503545776,
    "w critical": 43.32928075712418,
    "R equilib drift": 0.017200756343247157,
    "w equilib drift": 30.0,
    "t min": [
        2909.1030873845866,
        3780.1068107490983,
        4651.11053411361,
        5522.1142574781215,
        6393.117980842633,
        7264.121704207144,
        8135.125427571656,
        9003.661718292075,
        9874.665441656587,
        10745.669165021098,
        11616.67288838561
    ],
    "R min": [
        0.008651163309709402,
        0.00865103270894006,
        0.008650923155598988,
        0.008650833914726697,
        0.00865076634481496,
        0.00865071945868293,
        0.008650694342033355,
        0.008666865167753252,
        0.00866617082606914,
        0.008665487775183538,
        0.008664816319489599
    ],
    "t max": [
        3173.118380302442,
        4044.122103666953,
        4915.125827031465,
        5786.129550395976,
        6657.133273760488,
        7528.136997125,
        8399.140720489511,
        9270.144443854022,
        10141.148167218535,
        11012.151890583045,
        11880.688181303465
    ],
    "R max": [
        0.024949650604810417,
        0.024949681205540773,
        0.024949708390293233,
        0.024949732203663817,
        0.02494975256087349,
        0.02494976970126782,
        0.02494978340643948,
        0.024949793637184362,
        0.024949800458991478,
        0.024949803830955575,
        0.024946991928728714
    ],
    "R end": 0.012297482088595695,
    "v end": -25.924176111687235,
    "t end": 12337.163220460505,
    "v max": 127.18366981905311
}