{
    "star": "MS40",
    "grain": "gra",
    "stream": {
        "L4": 22.2,
        "eta": 0.4468,
        "vinf": 100.0,
        "n": 100.00000000000102,
        "T": 10000.0,
        "kappa": 600.0,
        "cs": 11.4,
        "taustar": 0.041934019602227715,
        "Rstar": 0.10412829586620483,
        "Qp": 2.0,
        "a": 0.02,
        "rho_d": 2.2,
        "kappa_d": 340909.0909090908,
        "drag_constant": 14.755276441115852,
        "phi_norm": 1.5,
        "Rstarstar": 4.961952272727272,
        "Upstarstar": 0.03388618315592792,
        "R0": 0.07397053316632238
    },
    "R sonic drift": 0.018881217525718474,
    "w sonic drift": 8.6559494714014,
    "R critical": 0.04226978079673296,
    "w critical": 48.41952977064848,
    "R equilib drift": 0.037551670906584594,
    "w equilib drift": 100.0,
    "t min": [
        1692.587692027565,
        5003.9154455404805,
        5240.227863275569,
        5578.450011158912,
        6024.48969963389,
        7158.789304762311
    ],
    "R min": [
        0.017566768314565655,
        0.0362906537179544,
        0.03629065370160058,
        0.03629065374721932,
        0.036290653749903444,
        0.03629065366439555
    ],
    "t max": [
        4882.805331451248,
        5114.686891353803,
        5392.3539821925315,
        5766.022992736139,
        6266.709927812355
    ],
    "R max": [
        0.03629065370595695,
        0.03629065373047885,
        0.03629065374327529,
        0.03629065372522036,
        0.036290653748329633
    ],
    "R end": 0.03629065370483777,
    "v end": 3.656487436978214e-07,
    "t end": 7384.763054221488,
    "v max": 201.44017969538487
}