{
    "star": "MS10",
    "grain": "gra",
    "stream": {
        "L4": 0.64,
        "eta": 0.0066,
        "vinf": 80.0,
        "n": 2.5118864315095975,
        "T": 8000.0,
        "kappa": 600.0,
        "cs": 10.19646997739904,
        "taustar": 0.001410554941290396,
        "Rstar": 0.13944157313012223,
        "Qp": 2.0,
        "a": 0.2,
        "rho_d": 2.2,
        "kappa_d": 34090.90909090909,
        "drag_constant": 0.0002086913214279941,
        "phi_norm": 1.0,
        "Rstarstar": 0.022351136363636365,
        "Upstarstar": 2395.883051478582,
        "R0": 0.011526661031740664
    },
    "R sonic drift": 0.03767298178979601,
    "w sonic drift": 7.745966692414831,
    "R critical": 0.08433930068571646,
    "w critical": 43.32928075712418,
    "R equilib drift": 0.07499884995473349,
    "w equilib drift": 80.0,
    "t min": [
        4619.278110384129
    ],
    "R min": [
        0.011899490030613535
    ],
    "t max": [
        13308.972737494305
    ],
    "R max": [
        0.3251885697375641
    ],
    "R end": 0.2555336555214101,
    "v end": -25.724467153351917,
    "t end": 18418.174283828266,
    "v max": 80.39372464179587
}