{
    "star": "MS10",
    "grain": "sil",
    "stream": {
        "L4": 0.64,
        "eta": 0.0066,
        "vinf": 30.0,
        "n": 25118.86431509618,
        "T": 8000.0,
        "kappa": 600.0,
        "cs": 10.19646997739904,
        "taustar": 0.3761479843441071,
        "Rstar": 0.0037184419501365773,
        "Qp": 2.0,
        "a": 0.002,
        "rho_d": 3.5,
        "kappa_d": 2142857.1428571427,
        "drag_constant": 416954.42866558855,
        "phi_norm": 0.7,
        "Rstarstar": 9.990603174603175,
        "Upstarstar": 1.1991718174098507e-06,
        "R0": 0.0022807774311344882
    },
    "R sonic drift": 0.0005970765237835921,
    "w sonic drift": 7.745966692414831,
    "R critical": 0.0012619146889603862,
    "w critical": 38.7741595142002,
    "R equilib drift": 0.0010852943545386065,
    "w equilib drift": 30.0,
    "t min": [
        182.92925798401112,
        220.60490090497342,
        258.43622830081574,
        296.267555696658,
        334.09888309250033,
        371.77452601346266,
        409.6058534093049,
        447.43718080514725,
        485.1128237261095,
        522.9441511219518,
        560.7754785177941,
        598.6068059136364,
        636.2824488345987,
        674.113776230441,
        711.9451036262834,
        749.6207465472455
    ],
    "R min": [
        0.0005671389775785502,
        0.0005694378833009032,
        0.0005685076489006134,
        0.0005675876449279468,
        0.0005666865365594179,
        0.0005689658835765945,
        0.0005680403962951011,
        0.0005671276902458674,
        0.0005694261990834582,
        0.0005684960862111769,
        0.0005675762383799943,
        0.0005666755368840935,
        0.0005689542106391818,
        0.000568028853826568,
        0.0005671163786906326,
        0.0005694144749698471
    ],
    "t max": [
        194.91696254977185,
        232.74828994561415,
        270.57961734145647,
        308.25526026241874,
        346.08658765826107,
        383.9179150541034,
        421.5935579750656,
        459.424885370908,
        497.25621276675025,
        535.0875401625925,
        572.7631830835548,
        610.5945104793972,
        648.4258378752395,
        686.1014807962017,
        723.9328081920439,
        761.7641355878864
    ],
    "R max": [
        0.0012528769892729806,
        0.0012534723004902406,
        0.0012538612421871757,
        0.001252549828348732,
        0.00125319222997677,
        0.0012537148399952853,
        0.0012522076004819864,
        0.0012528850466948394,
        0.0012534789323284691,
        0.0012538626262086862,
        0.0012525583259612788,
        0.001253199725863741,
        0.0012537200039398622,
        0.0012522164585198686,
        0.00125289310113872,
        0.0012534855585836278
    ],
    "R end": 0.0007919149101880088,
    "v end": -25.955618279718237,
    "t end": 778.4223744000474,
    "v max": 147.75132659677038
}