{
    "star": "MS10",
    "grain": "sil",
    "stream": {
        "L4": 0.64,
        "eta": 0.0066,
        "vinf": 300.0,
        "n": 0.10000000000000041,
        "T": 8000.0,
        "kappa": 600.0,
        "cs": 10.19646997739904,
        "taustar": 7.505138980132969e-05,
        "Rstar": 0.1863635634392561,
        "Qp": 2.0,
        "a": 0.02,
        "rho_d": 3.5,
        "kappa_d": 214285.71428571426,
        "drag_constant": 1.6599254784580564e-06,
        "phi_norm": 0.7,
        "Rstarstar": 0.009990603174603175,
        "Upstarstar": 301218.3417200522,
        "R0": 0.01515424068567529
    },
    "R sonic drift": 0.2992471312188869,
    "w sonic drift": 7.745966692414831,
    "R critical": 0.632455532033676,
    "w critical": 38.7741595142002,
    "R equilib drift": 0.19063721364057434,
    "w equilib drift": 300.0,
    "t min": [
        9808.002860376997
    ],
    "R min": [
        0.009514990321309836
    ],
    "t max": [
        28362.840411670946
    ],
    "R max": [
        2.221315360970433
    ],
    "R end": 1.8093878651516278,
    "v end": -70.3032339107511,
    "t end": 39013.53564191327,
    "v max": 281.8569504974076
}