{
    "Y0": 0.1,
    "star": "MS10",
    "grain": "gra",
    "stream": {
        "L4": 0.64,
        "eta": 0.0066,
        "vinf": 40.0,
        "n": 100.0,
        "T": 8000.0,
        "kappa": 600.0,
        "cs": 10.19646997739904,
        "taustar": 0.0178,
        "Rstar": 0.0442,
        "Qp": 2.0,
        "a": 0.02,
        "rho_d": 2.2,
        "kappa_d": 340909.0909090908,
        "drag_constant": 13.293041838842969,
        "phi_norm": 1.0,
        "Rstarstar": 0.8940454545454543,
        "Upstarstar": 0.03761366330308041,
        "R0": 0.0044610517049968705
    },
    "R sonic drift": 0.005970765237835921,
    "w sonic drift": 7.745966692414831,
    "R critical": 0.0133668783513723,
    "w critical": 43.32928075712418,
    "R equilib drift": 0.012619146889603867,
    "w equilib drift": 40.0,
    "t minima": [
        1363.795999948883,
        1792.3175170561087,
        2098.2375101953276
    ],
    "R minima": [
        0.0054577857701889705,
        0.005505975703802194,
        0.013643636587393506
    ],
    "X minima": [
        0.00605623634335658,
        0.004676194075865094,
        0.0006521851414709849
    ],
    "Y minima": [
        0.0007668678924622312,
        0.0040075287576553965,
        0.015246620087098758
    ],
    "t maxima": [
        1524.9294314496929,
        1932.4335444481176
    ],
    "R maxima": [
        0.014228240157552847,
        0.015204651378335134
    ],
    "X maxima": [
        0.015539853674591238,
        0.0081406019905102
    ],
    "Y maxima": [
        0.0034325809864496413,
        0.014931651079489012
    ],
    "X end": -0.17154829437765087,
    "Y end": 0.016057049146979144,
    "t end": 5838.167808000355,
    "v max": 115.46597537510908
}