{
    "Y0": 0.001,
    "star": "MS10",
    "grain": "gra",
    "stream": {
        "L4": 0.64,
        "eta": 0.0066,
        "vinf": 100.0,
        "n": 1000.0,
        "T": 8000.0,
        "kappa": 600.0,
        "cs": 10.19646997739904,
        "taustar": 0.022515416940398863,
        "Rstar": 0.0055909069031776955,
        "Qp": 2.0,
        "a": 0.02,
        "rho_d": 2.2,
        "kappa_d": 340909.0909090908,
        "drag_constant": 3.403018710743801,
        "phi_norm": 1.0,
        "Rstarstar": 0.14304727272727272,
        "Upstarstar": 0.1469283722776578,
        "R0": 0.0005968274453603077
    },
    "R sonic drift": 0.0018881217525718475,
    "w sonic drift": 7.745966692414831,
    "R critical": 0.004226978079673296,
    "w critical": 43.32928075712418,
    "R equilib drift": 0.003346796192398321,
    "w equilib drift": 100.0,
    "t minima": [
        174.8711891239648,
        321.9756691640568
    ],
    "R minima": [
        0.0011190899512843748,
        0.0027324205655739043
    ],
    "X minima": [
        0.007823205320946335,
        0.0003305903881399046
    ],
    "Y minima": [
        1.3898886228915377e-05,
        0.019098660589063766
    ],
    "t maxima": [
        318.57867815911493
    ],
    "R maxima": [
        0.0027515764618192876
    ],
    "X maxima": [
        0.0027526438424435467
    ],
    "Y maxima": [
        0.019037460356294573
    ],
    "X end": -0.2979788427051685,
    "Y end": 0.019482932287543393,
    "t end": 738.4763054221487,
    "v max": 64.00777662235768
}