{
    "Y0": 0.1,
    "star": "MS10",
    "grain": "sil",
    "stream": {
        "L4": 0.64,
        "eta": 0.0066,
        "vinf": 40.0,
        "n": 1.0,
        "T": 8000.0,
        "kappa": 600.0,
        "cs": 10.19646997739904,
        "taustar": 0.0017800000000000001,
        "Rstar": 0.442,
        "Qp": 2.0,
        "a": 0.02,
        "rho_d": 3.5,
        "kappa_d": 214285.71428571426,
        "drag_constant": 0.05252107959183673,
        "phi_norm": 0.7,
        "Rstarstar": 0.5619714285714286,
        "Upstarstar": 9.51998709633749,
        "R0": 0.036703508955548546
    },
    "R sonic drift": 0.09463025179229617,
    "w sonic drift": 7.745966692414831,
    "R critical": 0.20000000000000004,
    "w critical": 38.7741595142002,
    "R equilib drift": 0.20000000000000004,
    "w equilib drift": 40.0,
    "t minima": [
        22447.468479627918,
        44894.936959255836
    ],
    "R minima": [
        0.06683663608755223,
        0.2548204134453349
    ],
    "X minima": [
        0.11671175586062531,
        0.016051777814460197
    ],
    "Y minima": [
        0.022875588432652316,
        0.45315595267972186
    ],
    "t maxima": [
        34235.62793677794
    ],
    "R maxima": [
        0.435207339051735
    ],
    "X maxima": [
        0.6650674576054517
    ],
    "Y maxima": [
        0.39677016774033536
    ],
    "X end": -3.479445597381098,
    "Y end": 0.47517157579442576,
    "t end": 92528.72415345389,
    "v max": 23.166798412486635
}