{
    "Y0": 0.1,
    "star": "MS10",
    "grain": "gra",
    "stream": {
        "L4": 0.64,
        "eta": 0.0066,
        "vinf": 60.0,
        "n": 10.0,
        "T": 8000.0,
        "kappa": 600.0,
        "cs": 10.19646997739904,
        "taustar": 0.003752569490066477,
        "Rstar": 0.09318178171962822,
        "Qp": 2.0,
        "a": 0.02,
        "rho_d": 2.2,
        "kappa_d": 340909.0909090908,
        "drag_constant": 0.2625786042240586,
        "phi_norm": 1.0,
        "Rstarstar": 0.3973535353535352,
        "Upstarstar": 1.9041917047184445,
        "R0": 0.007927749597022945
    },
    "R sonic drift": 0.018881217525718474,
    "w sonic drift": 7.745966692414831,
    "R critical": 0.04226978079673296,
    "w critical": 43.32928075712418,
    "R equilib drift": 0.04226978079673296,
    "w equilib drift": 60.0,
    "t minima": [
        2948.982046319114,
        3817.922499032509
    ],
    "R minima": [
        0.0105206573220792,
        0.016645927674766983
    ],
    "X minima": [
        0.02592390010283853,
        0.002616485781496209
    ],
    "Y minima": [
        0.005382685776919543,
        0.04181019335703564
    ],
    "t maxima": [
        3328.0665497691502
    ],
    "R maxima": [
        0.028975574210740606
    ],
    "X maxima": [
        0.06482592389571842
    ],
    "Y maxima": [
        0.0333935544408908
    ],
    "X end": -1.312872185106577,
    "Y end": 0.044920925948058125,
    "t end": 12307.93842370248,
    "v max": 39.745629592931785
}