{
    "Y0": 0.1,
    "star": "MS10",
    "grain": "gra",
    "stream": {
        "L4": 0.64,
        "eta": 0.0066,
        "vinf": 60.0,
        "n": 1.0,
        "T": 8000.0,
        "kappa": 600.0,
        "cs": 10.19646997739904,
        "taustar": 0.0011866666666666666,
        "Rstar": 0.29466666666666663,
        "Qp": 2.0,
        "a": 0.02,
        "rho_d": 2.2,
        "kappa_d": 340909.0909090908,
        "drag_constant": 0.026257860422405858,
        "phi_norm": 1.0,
        "Rstarstar": 0.3973535353535351,
        "Upstarstar": 19.041917047184455,
        "R0": 0.024291023235136704
    },
    "R sonic drift": 0.05970765237835921,
    "w sonic drift": 7.745966692414831,
    "R critical": 0.133668783513723,
    "w critical": 43.32928075712418,
    "R equilib drift": 0.133668783513723,
    "w equilib drift": 60.0,
    "t minima": [
        9302.147374080567,
        17187.566026753047
    ],
    "R minima": [
        0.04321420872015427,
        0.1272515428829908
    ],
    "X minima": [
        0.10711011475177454,
        0.01034721770908637
    ],
    "Y minima": [
        0.01884375276733371,
        0.32008046433054227
    ],
    "t maxima": [
        13295.45415475281
    ],
    "R maxima": [
        0.21146660457437788
    ],
    "X maxima": [
        0.4659848755118104
    ],
    "Y maxima": [
        0.2570635805902585
    ],
    "X end": -3.361937914712412,
    "Y end": 0.33269659228096504,
    "t end": 38921.11872000237,
    "v max": 29.970398068437493
}